source_folder,filename,extension,size_bytes,relative_path
imgs_part_1,PAT_100_393_595.png,.png,207712,imgs_part_1\PAT_100_393_595.png
imgs_part_1,PAT_100_393_898.png,.png,77203,imgs_part_1\PAT_100_393_898.png
imgs_part_1,PAT_101_1041_651.png,.png,1807909,imgs_part_1\PAT_101_1041_651.png
imgs_part_1,PAT_101_1041_658.png,.png,842310,imgs_part_1\PAT_101_1041_658.png
imgs_part_1,PAT_101_1041_898.png,.png,4999894,imgs_part_1\PAT_101_1041_898.png
imgs_part_1,PAT_104_1754_276.png,.png,1289442,imgs_part_1\PAT_104_1754_276.png
imgs_part_1,PAT_104_1755_320.png,.png,1353151,imgs_part_1\PAT_104_1755_320.png
imgs_part_1,PAT_104_1756_151.png,.png,401560,imgs_part_1\PAT_104_1756_151.png
imgs_part_1,PAT_106_158_249.png,.png,2036713,imgs_part_1\PAT_106_158_249.png
imgs_part_1,PAT_106_158_270.png,.png,2584669,imgs_part_1\PAT_106_158_270.png
imgs_part_1,PAT_106_159_325.png,.png,433614,imgs_part_1\PAT_106_159_325.png
imgs_part_1,PAT_107_160_609.png,.png,1152171,imgs_part_1\PAT_107_160_609.png
imgs_part_1,PAT_108_161_423.png,.png,1431733,imgs_part_1\PAT_108_161_423.png
imgs_part_1,PAT_108_161_575.png,.png,1738674,imgs_part_1\PAT_108_161_575.png
imgs_part_1,PAT_108_161_878.png,.png,1336853,imgs_part_1\PAT_108_161_878.png
imgs_part_1,PAT_108_162_526.png,.png,557721,imgs_part_1\PAT_108_162_526.png
imgs_part_1,PAT_108_162_660.png,.png,1308919,imgs_part_1\PAT_108_162_660.png
imgs_part_1,PAT_108_424_944.png,.png,7430311,imgs_part_1\PAT_108_424_944.png
imgs_part_1,PAT_109_868_113.png,.png,382953,imgs_part_1\PAT_109_868_113.png
imgs_part_1,PAT_109_868_723.png,.png,444942,imgs_part_1\PAT_109_868_723.png
imgs_part_1,PAT_10_18_830.png,.png,2278504,imgs_part_1\PAT_10_18_830.png
imgs_part_1,PAT_110_165_583.png,.png,1086414,imgs_part_1\PAT_110_165_583.png
imgs_part_1,PAT_110_397_52.png,.png,4314239,imgs_part_1\PAT_110_397_52.png
imgs_part_1,PAT_112_168_360.png,.png,854299,imgs_part_1\PAT_112_168_360.png
imgs_part_1,PAT_112_171_863.png,.png,2278453,imgs_part_1\PAT_112_171_863.png
imgs_part_1,PAT_113_172_610.png,.png,1528034,imgs_part_1\PAT_113_172_610.png
imgs_part_1,PAT_114_173_213.png,.png,216431,imgs_part_1\PAT_114_173_213.png
imgs_part_1,PAT_115_1138_870.png,.png,145340,imgs_part_1\PAT_115_1138_870.png
imgs_part_1,PAT_115_1138_970.png,.png,1083153,imgs_part_1\PAT_115_1138_970.png
imgs_part_1,PAT_115_175_206.png,.png,470234,imgs_part_1\PAT_115_175_206.png
imgs_part_1,PAT_115_175_283.png,.png,696811,imgs_part_1\PAT_115_175_283.png
imgs_part_1,PAT_115_176_455.png,.png,947391,imgs_part_1\PAT_115_176_455.png
imgs_part_1,PAT_115_177_575.png,.png,928701,imgs_part_1\PAT_115_177_575.png
imgs_part_1,PAT_115_177_622.png,.png,744107,imgs_part_1\PAT_115_177_622.png
imgs_part_1,PAT_117_179_983.png,.png,3277462,imgs_part_1\PAT_117_179_983.png
imgs_part_1,PAT_118_180_386.png,.png,778766,imgs_part_1\PAT_118_180_386.png
imgs_part_1,PAT_118_180_500.png,.png,493263,imgs_part_1\PAT_118_180_500.png
imgs_part_1,PAT_119_181_684.png,.png,1050015,imgs_part_1\PAT_119_181_684.png
imgs_part_1,PAT_120_183_623.png,.png,664820,imgs_part_1\PAT_120_183_623.png
imgs_part_1,PAT_121_184_502.png,.png,197759,imgs_part_1\PAT_121_184_502.png
imgs_part_1,PAT_122_185_957.png,.png,368165,imgs_part_1\PAT_122_185_957.png
imgs_part_1,PAT_122_869_60.png,.png,553844,imgs_part_1\PAT_122_869_60.png
imgs_part_1,PAT_123_186_718.png,.png,1755626,imgs_part_1\PAT_123_186_718.png
imgs_part_1,PAT_123_187_164.png,.png,779139,imgs_part_1\PAT_123_187_164.png
imgs_part_1,PAT_126_190_376.png,.png,279812,imgs_part_1\PAT_126_190_376.png
imgs_part_1,PAT_126_191_304.png,.png,1765176,imgs_part_1\PAT_126_191_304.png
imgs_part_1,PAT_126_192_208.png,.png,344469,imgs_part_1\PAT_126_192_208.png
imgs_part_1,PAT_128_194_144.png,.png,155669,imgs_part_1\PAT_128_194_144.png
imgs_part_1,PAT_128_194_28.png,.png,398268,imgs_part_1\PAT_128_194_28.png
imgs_part_1,PAT_131_197_260.png,.png,3828075,imgs_part_1\PAT_131_197_260.png
imgs_part_1,PAT_131_197_974.png,.png,2008855,imgs_part_1\PAT_131_197_974.png
imgs_part_1,PAT_132_198_114.png,.png,532683,imgs_part_1\PAT_132_198_114.png
imgs_part_1,PAT_134_201_587.png,.png,747909,imgs_part_1\PAT_134_201_587.png
imgs_part_1,PAT_135_202_105.png,.png,1104750,imgs_part_1\PAT_135_202_105.png
imgs_part_1,PAT_135_202_593.png,.png,194811,imgs_part_1\PAT_135_202_593.png
imgs_part_1,PAT_135_202_695.png,.png,123969,imgs_part_1\PAT_135_202_695.png
imgs_part_1,PAT_136_203_436.png,.png,294315,imgs_part_1\PAT_136_203_436.png
imgs_part_1,PAT_138_205_296.png,.png,7167309,imgs_part_1\PAT_138_205_296.png
imgs_part_1,PAT_138_206_507.png,.png,4139995,imgs_part_1\PAT_138_206_507.png
imgs_part_1,PAT_139_207_342.png,.png,2763725,imgs_part_1\PAT_139_207_342.png
imgs_part_1,PAT_13_21_350.png,.png,1044643,imgs_part_1\PAT_13_21_350.png
imgs_part_1,PAT_141_209_438.png,.png,295439,imgs_part_1\PAT_141_209_438.png
imgs_part_1,PAT_142_210_904.png,.png,211546,imgs_part_1\PAT_142_210_904.png
imgs_part_1,PAT_143_213_489.png,.png,5329298,imgs_part_1\PAT_143_213_489.png
imgs_part_1,PAT_145_216_110.png,.png,740481,imgs_part_1\PAT_145_216_110.png
imgs_part_1,PAT_145_216_158.png,.png,1653761,imgs_part_1\PAT_145_216_158.png
imgs_part_1,PAT_145_216_924.png,.png,1518271,imgs_part_1\PAT_145_216_924.png
imgs_part_1,PAT_146_217_187.png,.png,197869,imgs_part_1\PAT_146_217_187.png
imgs_part_1,PAT_147_219_206.png,.png,722494,imgs_part_1\PAT_147_219_206.png
imgs_part_1,PAT_147_219_544.png,.png,1615140,imgs_part_1\PAT_147_219_544.png
imgs_part_1,PAT_148_220_174.png,.png,1107419,imgs_part_1\PAT_148_220_174.png
imgs_part_1,PAT_149_221_679.png,.png,1783447,imgs_part_1\PAT_149_221_679.png
imgs_part_1,PAT_14_22_850.png,.png,838879,imgs_part_1\PAT_14_22_850.png
imgs_part_1,PAT_150_1799_644.png,.png,1523005,imgs_part_1\PAT_150_1799_644.png
imgs_part_1,PAT_151_227_63.png,.png,46888,imgs_part_1\PAT_151_227_63.png
imgs_part_1,PAT_152_230_707.png,.png,2293644,imgs_part_1\PAT_152_230_707.png
imgs_part_1,PAT_152_230_934.png,.png,4215691,imgs_part_1\PAT_152_230_934.png
imgs_part_1,PAT_153_1200_541.png,.png,1862143,imgs_part_1\PAT_153_1200_541.png
imgs_part_1,PAT_153_233_45.png,.png,525169,imgs_part_1\PAT_153_233_45.png
imgs_part_1,PAT_154_235_162.png,.png,1475958,imgs_part_1\PAT_154_235_162.png
imgs_part_1,PAT_154_235_30.png,.png,643251,imgs_part_1\PAT_154_235_30.png
imgs_part_1,PAT_154_236_800.png,.png,976175,imgs_part_1\PAT_154_236_800.png
imgs_part_1,PAT_154_237_2.png,.png,1397035,imgs_part_1\PAT_154_237_2.png
imgs_part_1,PAT_154_237_625.png,.png,651259,imgs_part_1\PAT_154_237_625.png
imgs_part_1,PAT_155_238_413.png,.png,148912,imgs_part_1\PAT_155_238_413.png
imgs_part_1,PAT_155_240_211.png,.png,135973,imgs_part_1\PAT_155_240_211.png
imgs_part_1,PAT_156_241_538.png,.png,497408,imgs_part_1\PAT_156_241_538.png
imgs_part_1,PAT_158_243_947.png,.png,6430445,imgs_part_1\PAT_158_243_947.png
imgs_part_1,PAT_158_621_68.png,.png,3158236,imgs_part_1\PAT_158_621_68.png
imgs_part_1,PAT_159_244_102.png,.png,813802,imgs_part_1\PAT_159_244_102.png
imgs_part_1,PAT_159_245_181.png,.png,560718,imgs_part_1\PAT_159_245_181.png
imgs_part_1,PAT_159_246_630.png,.png,577815,imgs_part_1\PAT_159_246_630.png
imgs_part_1,PAT_15_1001_749.png,.png,250386,imgs_part_1\PAT_15_1001_749.png
imgs_part_1,PAT_15_23_240.png,.png,1224892,imgs_part_1\PAT_15_23_240.png
imgs_part_1,PAT_15_3138_959.png,.png,3922018,imgs_part_1\PAT_15_3138_959.png
imgs_part_1,PAT_160_248_254.png,.png,461122,imgs_part_1\PAT_160_248_254.png
imgs_part_1,PAT_160_249_76.png,.png,413154,imgs_part_1\PAT_160_249_76.png
imgs_part_1,PAT_161_250_197.png,.png,1269365,imgs_part_1\PAT_161_250_197.png
imgs_part_1,PAT_161_250_338.png,.png,409115,imgs_part_1\PAT_161_250_338.png
imgs_part_1,PAT_162_252_773.png,.png,1688837,imgs_part_1\PAT_162_252_773.png
imgs_part_1,PAT_163_254_719.png,.png,367110,imgs_part_1\PAT_163_254_719.png
imgs_part_1,PAT_164_255_119.png,.png,472538,imgs_part_1\PAT_164_255_119.png
imgs_part_1,PAT_164_255_130.png,.png,896794,imgs_part_1\PAT_164_255_130.png
imgs_part_1,PAT_165_256_460.png,.png,857920,imgs_part_1\PAT_165_256_460.png
imgs_part_1,PAT_166_257_586.png,.png,532970,imgs_part_1\PAT_166_257_586.png
imgs_part_1,PAT_166_3672_759.png,.png,2052946,imgs_part_1\PAT_166_3672_759.png
imgs_part_1,PAT_167_258_479.png,.png,405260,imgs_part_1\PAT_167_258_479.png
imgs_part_1,PAT_167_258_711.png,.png,1821593,imgs_part_1\PAT_167_258_711.png
imgs_part_1,PAT_167_684_365.png,.png,680316,imgs_part_1\PAT_167_684_365.png
imgs_part_1,PAT_168_1486_97.png,.png,954613,imgs_part_1\PAT_168_1486_97.png
imgs_part_1,PAT_168_260_654.png,.png,2724764,imgs_part_1\PAT_168_260_654.png
imgs_part_1,PAT_168_261_38.png,.png,2653763,imgs_part_1\PAT_168_261_38.png
imgs_part_1,PAT_168_262_292.png,.png,5992951,imgs_part_1\PAT_168_262_292.png
imgs_part_1,PAT_168_262_74.png,.png,1077018,imgs_part_1\PAT_168_262_74.png
imgs_part_1,PAT_169_694_411.png,.png,629584,imgs_part_1\PAT_169_694_411.png
imgs_part_1,PAT_16_24_691.png,.png,547945,imgs_part_1\PAT_16_24_691.png
imgs_part_1,PAT_170_264_785.png,.png,603301,imgs_part_1\PAT_170_264_785.png
imgs_part_1,PAT_171_265_757.png,.png,1620545,imgs_part_1\PAT_171_265_757.png
imgs_part_1,PAT_172_266_950.png,.png,132916,imgs_part_1\PAT_172_266_950.png
imgs_part_1,PAT_172_267_557.png,.png,205589,imgs_part_1\PAT_172_267_557.png
imgs_part_1,PAT_173_268_1000.png,.png,260831,imgs_part_1\PAT_173_268_1000.png
imgs_part_1,PAT_176_273_423.png,.png,371312,imgs_part_1\PAT_176_273_423.png
imgs_part_1,PAT_177_274_371.png,.png,329520,imgs_part_1\PAT_177_274_371.png
imgs_part_1,PAT_177_274_865.png,.png,767604,imgs_part_1\PAT_177_274_865.png
imgs_part_1,PAT_177_275_905.png,.png,727182,imgs_part_1\PAT_177_275_905.png
imgs_part_1,PAT_177_775_786.png,.png,130823,imgs_part_1\PAT_177_775_786.png
imgs_part_1,PAT_178_276_465.png,.png,860747,imgs_part_1\PAT_178_276_465.png
imgs_part_1,PAT_179_277_436.png,.png,1268985,imgs_part_1\PAT_179_277_436.png
imgs_part_1,PAT_179_278_331.png,.png,2021106,imgs_part_1\PAT_179_278_331.png
imgs_part_1,PAT_180_279_377.png,.png,1201556,imgs_part_1\PAT_180_279_377.png
imgs_part_1,PAT_180_279_746.png,.png,3556470,imgs_part_1\PAT_180_279_746.png
imgs_part_1,PAT_180_756_831.png,.png,1192368,imgs_part_1\PAT_180_756_831.png
imgs_part_1,PAT_181_280_417.png,.png,752204,imgs_part_1\PAT_181_280_417.png
imgs_part_1,PAT_181_281_54.png,.png,383753,imgs_part_1\PAT_181_281_54.png
imgs_part_1,PAT_181_832_158.png,.png,537070,imgs_part_1\PAT_181_832_158.png
imgs_part_1,PAT_181_833_109.png,.png,1613817,imgs_part_1\PAT_181_833_109.png
imgs_part_1,PAT_183_283_495.png,.png,179600,imgs_part_1\PAT_183_283_495.png
imgs_part_1,PAT_183_283_602.png,.png,254974,imgs_part_1\PAT_183_283_602.png
imgs_part_1,PAT_184_284_721.png,.png,1102412,imgs_part_1\PAT_184_284_721.png
imgs_part_1,PAT_185_285_862.png,.png,2415493,imgs_part_1\PAT_185_285_862.png
imgs_part_1,PAT_185_285_97.png,.png,3725242,imgs_part_1\PAT_185_285_97.png
imgs_part_1,PAT_186_286_109.png,.png,420958,imgs_part_1\PAT_186_286_109.png
imgs_part_1,PAT_187_287_482.png,.png,114615,imgs_part_1\PAT_187_287_482.png
imgs_part_1,PAT_188_289_859.png,.png,1229064,imgs_part_1\PAT_188_289_859.png
imgs_part_1,PAT_188_289_908.png,.png,2563756,imgs_part_1\PAT_188_289_908.png
imgs_part_1,PAT_190_291_366.png,.png,990180,imgs_part_1\PAT_190_291_366.png
imgs_part_1,PAT_191_293_314.png,.png,1836504,imgs_part_1\PAT_191_293_314.png
imgs_part_1,PAT_191_293_391.png,.png,2739416,imgs_part_1\PAT_191_293_391.png
imgs_part_1,PAT_191_293_699.png,.png,1410253,imgs_part_1\PAT_191_293_699.png
imgs_part_1,PAT_191_294_419.png,.png,1037418,imgs_part_1\PAT_191_294_419.png
imgs_part_1,PAT_191_294_629.png,.png,815688,imgs_part_1\PAT_191_294_629.png
imgs_part_1,PAT_192_295_164.png,.png,2068193,imgs_part_1\PAT_192_295_164.png
imgs_part_1,PAT_192_296_824.png,.png,1513208,imgs_part_1\PAT_192_296_824.png
imgs_part_1,PAT_192_884_310.png,.png,2275575,imgs_part_1\PAT_192_884_310.png
imgs_part_1,PAT_193_297_295.png,.png,505043,imgs_part_1\PAT_193_297_295.png
imgs_part_1,PAT_194_298_367.png,.png,797828,imgs_part_1\PAT_194_298_367.png
imgs_part_1,PAT_194_298_945.png,.png,98959,imgs_part_1\PAT_194_298_945.png
imgs_part_1,PAT_196_300_749.png,.png,375721,imgs_part_1\PAT_196_300_749.png
imgs_part_1,PAT_197_301_198.png,.png,173596,imgs_part_1\PAT_197_301_198.png
imgs_part_1,PAT_197_301_449.png,.png,456293,imgs_part_1\PAT_197_301_449.png
imgs_part_1,PAT_198_302_44.png,.png,418663,imgs_part_1\PAT_198_302_44.png
imgs_part_1,PAT_198_853_778.png,.png,258029,imgs_part_1\PAT_198_853_778.png
imgs_part_1,PAT_200_304_139.png,.png,1829873,imgs_part_1\PAT_200_304_139.png
imgs_part_1,PAT_201_306_781.png,.png,721231,imgs_part_1\PAT_201_306_781.png
imgs_part_1,PAT_201_946_262.png,.png,1811722,imgs_part_1\PAT_201_946_262.png
imgs_part_1,PAT_202_307_424.png,.png,867015,imgs_part_1\PAT_202_307_424.png
imgs_part_1,PAT_202_307_927.png,.png,479264,imgs_part_1\PAT_202_307_927.png
imgs_part_1,PAT_202_308_692.png,.png,1215589,imgs_part_1\PAT_202_308_692.png
imgs_part_1,PAT_202_308_721.png,.png,867015,imgs_part_1\PAT_202_308_721.png
imgs_part_1,PAT_202_916_612.png,.png,304347,imgs_part_1\PAT_202_916_612.png
imgs_part_1,PAT_202_917_942.png,.png,283564,imgs_part_1\PAT_202_917_942.png
imgs_part_1,PAT_204_310_975.png,.png,471549,imgs_part_1\PAT_204_310_975.png
imgs_part_1,PAT_205_311_255.png,.png,48909,imgs_part_1\PAT_205_311_255.png
imgs_part_1,PAT_206_312_595.png,.png,955393,imgs_part_1\PAT_206_312_595.png
imgs_part_1,PAT_206_312_760.png,.png,1720128,imgs_part_1\PAT_206_312_760.png
imgs_part_1,PAT_207_1280_15.png,.png,2384954,imgs_part_1\PAT_207_1280_15.png
imgs_part_1,PAT_207_313_1.png,.png,880835,imgs_part_1\PAT_207_313_1.png
imgs_part_1,PAT_207_313_709.png,.png,530121,imgs_part_1\PAT_207_313_709.png
imgs_part_1,PAT_207_3951_140.png,.png,1918025,imgs_part_1\PAT_207_3951_140.png
imgs_part_1,PAT_208_314_741.png,.png,1308879,imgs_part_1\PAT_208_314_741.png
imgs_part_1,PAT_20_29_850.png,.png,1184047,imgs_part_1\PAT_20_29_850.png
imgs_part_1,PAT_20_30_44.png,.png,2167400,imgs_part_1\PAT_20_30_44.png
imgs_part_1,PAT_210_316_401.png,.png,320172,imgs_part_1\PAT_210_316_401.png
imgs_part_1,PAT_211_317_649.png,.png,1529400,imgs_part_1\PAT_211_317_649.png
imgs_part_1,PAT_211_318_942.png,.png,321734,imgs_part_1\PAT_211_318_942.png
imgs_part_1,PAT_211_319_777.png,.png,334680,imgs_part_1\PAT_211_319_777.png
imgs_part_1,PAT_211_319_810.png,.png,3277701,imgs_part_1\PAT_211_319_810.png
imgs_part_1,PAT_212_326_597.png,.png,1178094,imgs_part_1\PAT_212_326_597.png
imgs_part_1,PAT_212_327_532.png,.png,1306196,imgs_part_1\PAT_212_327_532.png
imgs_part_1,PAT_213_328_117.png,.png,2425733,imgs_part_1\PAT_213_328_117.png
imgs_part_1,PAT_214_329_300.png,.png,318405,imgs_part_1\PAT_214_329_300.png
imgs_part_1,PAT_214_329_70.png,.png,2023265,imgs_part_1\PAT_214_329_70.png
imgs_part_1,PAT_215_330_224.png,.png,1818873,imgs_part_1\PAT_215_330_224.png
imgs_part_1,PAT_215_330_341.png,.png,1346501,imgs_part_1\PAT_215_330_341.png
imgs_part_1,PAT_216_331_678.png,.png,1199260,imgs_part_1\PAT_216_331_678.png
imgs_part_1,PAT_217_1290_283.png,.png,2734893,imgs_part_1\PAT_217_1290_283.png
imgs_part_1,PAT_217_1291_419.png,.png,619877,imgs_part_1\PAT_217_1291_419.png
imgs_part_1,PAT_217_332_906.png,.png,2509759,imgs_part_1\PAT_217_332_906.png
imgs_part_1,PAT_217_333_61.png,.png,1348186,imgs_part_1\PAT_217_333_61.png
imgs_part_1,PAT_217_963_806.png,.png,6172841,imgs_part_1\PAT_217_963_806.png
imgs_part_1,PAT_219_336_376.png,.png,1664147,imgs_part_1\PAT_219_336_376.png
imgs_part_1,PAT_219_337_358.png,.png,770695,imgs_part_1\PAT_219_337_358.png
imgs_part_1,PAT_21_31_965.png,.png,1475229,imgs_part_1\PAT_21_31_965.png
imgs_part_1,PAT_21_982_266.png,.png,3101141,imgs_part_1\PAT_21_982_266.png
imgs_part_1,PAT_220_1343_489.png,.png,381416,imgs_part_1\PAT_220_1343_489.png
imgs_part_1,PAT_220_338_339.png,.png,1789319,imgs_part_1\PAT_220_338_339.png
imgs_part_1,PAT_221_339_566.png,.png,421660,imgs_part_1\PAT_221_339_566.png
imgs_part_1,PAT_221_339_951.png,.png,199188,imgs_part_1\PAT_221_339_951.png
imgs_part_1,PAT_223_1067_569.png,.png,82412,imgs_part_1\PAT_223_1067_569.png
imgs_part_1,PAT_223_1068_246.png,.png,74561,imgs_part_1\PAT_223_1068_246.png
imgs_part_1,PAT_223_341_187.png,.png,145625,imgs_part_1\PAT_223_341_187.png
imgs_part_1,PAT_224_1340_142.png,.png,805992,imgs_part_1\PAT_224_1340_142.png
imgs_part_1,PAT_224_1340_551.png,.png,4151575,imgs_part_1\PAT_224_1340_551.png
imgs_part_1,PAT_224_343_782.png,.png,932083,imgs_part_1\PAT_224_343_782.png
imgs_part_1,PAT_225_345_903.png,.png,166311,imgs_part_1\PAT_225_345_903.png
imgs_part_1,PAT_227_347_19.png,.png,1680021,imgs_part_1\PAT_227_347_19.png
imgs_part_1,PAT_228_348_2.png,.png,1023590,imgs_part_1\PAT_228_348_2.png
imgs_part_1,PAT_228_348_535.png,.png,703626,imgs_part_1\PAT_228_348_535.png
imgs_part_1,PAT_229_349_141.png,.png,1937096,imgs_part_1\PAT_229_349_141.png
imgs_part_1,PAT_229_349_256.png,.png,1097640,imgs_part_1\PAT_229_349_256.png
imgs_part_1,PAT_230_1007_645.png,.png,204704,imgs_part_1\PAT_230_1007_645.png
imgs_part_1,PAT_230_1008_673.png,.png,206746,imgs_part_1\PAT_230_1008_673.png
imgs_part_1,PAT_230_1009_92.png,.png,222597,imgs_part_1\PAT_230_1009_92.png
imgs_part_1,PAT_230_350_872.png,.png,3053505,imgs_part_1\PAT_230_350_872.png
imgs_part_1,PAT_230_351_720.png,.png,1241998,imgs_part_1\PAT_230_351_720.png
imgs_part_1,PAT_233_354_828.png,.png,2560689,imgs_part_1\PAT_233_354_828.png
imgs_part_1,PAT_233_354_935.png,.png,588622,imgs_part_1\PAT_233_354_935.png
imgs_part_1,PAT_233_986_663.png,.png,3749932,imgs_part_1\PAT_233_986_663.png
imgs_part_1,PAT_235_360_50.png,.png,498373,imgs_part_1\PAT_235_360_50.png
imgs_part_1,PAT_236_1071_810.png,.png,146231,imgs_part_1\PAT_236_1071_810.png
imgs_part_1,PAT_236_361_180.png,.png,741697,imgs_part_1\PAT_236_361_180.png
imgs_part_1,PAT_237_362_52.png,.png,1826885,imgs_part_1\PAT_237_362_52.png
imgs_part_1,PAT_237_362_909.png,.png,128126,imgs_part_1\PAT_237_362_909.png
imgs_part_1,PAT_237_363_344.png,.png,392528,imgs_part_1\PAT_237_363_344.png
imgs_part_1,PAT_237_363_858.png,.png,3094777,imgs_part_1\PAT_237_363_858.png
imgs_part_1,PAT_238_364_387.png,.png,1635555,imgs_part_1\PAT_238_364_387.png
imgs_part_1,PAT_240_366_768.png,.png,1100970,imgs_part_1\PAT_240_366_768.png
imgs_part_1,PAT_241_367_374.png,.png,847780,imgs_part_1\PAT_241_367_374.png
imgs_part_1,PAT_241_367_89.png,.png,6408196,imgs_part_1\PAT_241_367_89.png
imgs_part_1,PAT_242_368_261.png,.png,265814,imgs_part_1\PAT_242_368_261.png
imgs_part_1,PAT_242_369_337.png,.png,568069,imgs_part_1\PAT_242_369_337.png
imgs_part_1,PAT_242_369_930.png,.png,168783,imgs_part_1\PAT_242_369_930.png
imgs_part_1,PAT_243_372_119.png,.png,246252,imgs_part_1\PAT_243_372_119.png
imgs_part_1,PAT_243_372_640.png,.png,2035250,imgs_part_1\PAT_243_372_640.png
imgs_part_1,PAT_244_374_726.png,.png,3473058,imgs_part_1\PAT_244_374_726.png
imgs_part_1,PAT_245_376_197.png,.png,2805772,imgs_part_1\PAT_245_376_197.png
imgs_part_1,PAT_245_376_24.png,.png,1964304,imgs_part_1\PAT_245_376_24.png
imgs_part_1,PAT_246_377_159.png,.png,694634,imgs_part_1\PAT_246_377_159.png
imgs_part_1,PAT_247_1293_449.png,.png,2794610,imgs_part_1\PAT_247_1293_449.png
imgs_part_1,PAT_247_1294_292.png,.png,3213306,imgs_part_1\PAT_247_1294_292.png
imgs_part_1,PAT_247_378_484.png,.png,131628,imgs_part_1\PAT_247_378_484.png
imgs_part_1,PAT_248_379_695.png,.png,177133,imgs_part_1\PAT_248_379_695.png
imgs_part_1,PAT_249_380_366.png,.png,182894,imgs_part_1\PAT_249_380_366.png
imgs_part_1,PAT_251_382_164.png,.png,491562,imgs_part_1\PAT_251_382_164.png
imgs_part_1,PAT_251_382_240.png,.png,1979324,imgs_part_1\PAT_251_382_240.png
imgs_part_1,PAT_251_382_576.png,.png,849242,imgs_part_1\PAT_251_382_576.png
imgs_part_1,PAT_252_383_31.png,.png,475170,imgs_part_1\PAT_252_383_31.png
imgs_part_1,PAT_252_383_389.png,.png,818083,imgs_part_1\PAT_252_383_389.png
imgs_part_1,PAT_253_384_607.png,.png,3856808,imgs_part_1\PAT_253_384_607.png
imgs_part_1,PAT_255_388_231.png,.png,821877,imgs_part_1\PAT_255_388_231.png
imgs_part_1,PAT_255_388_77.png,.png,397527,imgs_part_1\PAT_255_388_77.png
imgs_part_1,PAT_256_295_583.png,.png,794455,imgs_part_1\PAT_256_295_583.png
imgs_part_1,PAT_256_394_449.png,.png,848826,imgs_part_1\PAT_256_394_449.png
imgs_part_1,PAT_257_395_866.png,.png,863815,imgs_part_1\PAT_257_395_866.png
imgs_part_1,PAT_257_396_494.png,.png,1153979,imgs_part_1\PAT_257_396_494.png
imgs_part_1,PAT_258_397_198.png,.png,2597579,imgs_part_1\PAT_258_397_198.png
imgs_part_1,PAT_259_399_801.png,.png,2666246,imgs_part_1\PAT_259_399_801.png
imgs_part_1,PAT_260_1289_396.png,.png,2337681,imgs_part_1\PAT_260_1289_396.png
imgs_part_1,PAT_260_400_566.png,.png,115610,imgs_part_1\PAT_260_400_566.png
imgs_part_1,PAT_260_400_842.png,.png,221662,imgs_part_1\PAT_260_400_842.png
imgs_part_1,PAT_261_401_911.png,.png,438483,imgs_part_1\PAT_261_401_911.png
imgs_part_1,PAT_262_402_14.png,.png,4551209,imgs_part_1\PAT_262_402_14.png
imgs_part_1,PAT_262_402_265.png,.png,8553139,imgs_part_1\PAT_262_402_265.png
imgs_part_1,PAT_263_1480_753.png,.png,687497,imgs_part_1\PAT_263_1480_753.png
imgs_part_1,PAT_263_403_382.png,.png,1201543,imgs_part_1\PAT_263_403_382.png
imgs_part_1,PAT_263_403_966.png,.png,2365463,imgs_part_1\PAT_263_403_966.png
imgs_part_1,PAT_263_404_410.png,.png,1569311,imgs_part_1\PAT_263_404_410.png
imgs_part_1,PAT_264_1368_868.png,.png,406553,imgs_part_1\PAT_264_1368_868.png
imgs_part_1,PAT_264_405_118.png,.png,932160,imgs_part_1\PAT_264_405_118.png
imgs_part_1,PAT_265_1371_303.png,.png,145768,imgs_part_1\PAT_265_1371_303.png
imgs_part_1,PAT_265_406_276.png,.png,256106,imgs_part_1\PAT_265_406_276.png
imgs_part_1,PAT_265_407_137.png,.png,134435,imgs_part_1\PAT_265_407_137.png
imgs_part_1,PAT_265_407_421.png,.png,2349442,imgs_part_1\PAT_265_407_421.png
imgs_part_1,PAT_267_1061_152.png,.png,885033,imgs_part_1\PAT_267_1061_152.png
imgs_part_1,PAT_267_1061_324.png,.png,211559,imgs_part_1\PAT_267_1061_324.png
imgs_part_1,PAT_267_1062_418.png,.png,847453,imgs_part_1\PAT_267_1062_418.png
imgs_part_1,PAT_267_1258_693.png,.png,615366,imgs_part_1\PAT_267_1258_693.png
imgs_part_1,PAT_267_411_513.png,.png,1881374,imgs_part_1\PAT_267_411_513.png
imgs_part_1,PAT_267_412_275.png,.png,1579278,imgs_part_1\PAT_267_412_275.png
imgs_part_1,PAT_268_413_643.png,.png,2762549,imgs_part_1\PAT_268_413_643.png
imgs_part_1,PAT_269_415_103.png,.png,892369,imgs_part_1\PAT_269_415_103.png
imgs_part_1,PAT_269_415_906.png,.png,138289,imgs_part_1\PAT_269_415_906.png
imgs_part_1,PAT_26_37_865.png,.png,1670225,imgs_part_1\PAT_26_37_865.png
imgs_part_1,PAT_270_1382_561.png,.png,651778,imgs_part_1\PAT_270_1382_561.png
imgs_part_1,PAT_270_1384_995.png,.png,3029753,imgs_part_1\PAT_270_1384_995.png
imgs_part_1,PAT_270_1386_755.png,.png,1165567,imgs_part_1\PAT_270_1386_755.png
imgs_part_1,PAT_270_1387_430.png,.png,2613895,imgs_part_1\PAT_270_1387_430.png
imgs_part_1,PAT_270_416_398.png,.png,1240237,imgs_part_1\PAT_270_416_398.png
imgs_part_1,PAT_270_417_257.png,.png,574981,imgs_part_1\PAT_270_417_257.png
imgs_part_1,PAT_270_417_728.png,.png,853364,imgs_part_1\PAT_270_417_728.png
imgs_part_1,PAT_271_418_14.png,.png,1364551,imgs_part_1\PAT_271_418_14.png
imgs_part_1,PAT_271_418_92.png,.png,2795800,imgs_part_1\PAT_271_418_92.png
imgs_part_1,PAT_272_419_906.png,.png,1203913,imgs_part_1\PAT_272_419_906.png
imgs_part_1,PAT_272_420_10.png,.png,3211016,imgs_part_1\PAT_272_420_10.png
imgs_part_1,PAT_272_420_25.png,.png,2935197,imgs_part_1\PAT_272_420_25.png
imgs_part_1,PAT_273_421_905.png,.png,229018,imgs_part_1\PAT_273_421_905.png
imgs_part_1,PAT_274_423_374.png,.png,332825,imgs_part_1\PAT_274_423_374.png
imgs_part_1,PAT_275_424_966.png,.png,4167901,imgs_part_1\PAT_275_424_966.png
imgs_part_1,PAT_276_425_539.png,.png,674695,imgs_part_1\PAT_276_425_539.png
imgs_part_1,PAT_277_1309_814.png,.png,2360917,imgs_part_1\PAT_277_1309_814.png
imgs_part_1,PAT_277_426_825.png,.png,1263402,imgs_part_1\PAT_277_426_825.png
imgs_part_1,PAT_277_427_658.png,.png,183120,imgs_part_1\PAT_277_427_658.png
imgs_part_1,PAT_279_1393_118.png,.png,1634665,imgs_part_1\PAT_279_1393_118.png
imgs_part_1,PAT_279_429_142.png,.png,2345933,imgs_part_1\PAT_279_429_142.png
imgs_part_1,PAT_279_430_356.png,.png,3843846,imgs_part_1\PAT_279_430_356.png
imgs_part_1,PAT_27_38_240.png,.png,1879358,imgs_part_1\PAT_27_38_240.png
imgs_part_1,PAT_280_431_466.png,.png,1472791,imgs_part_1\PAT_280_431_466.png
imgs_part_1,PAT_281_1516_753.png,.png,4690266,imgs_part_1\PAT_281_1516_753.png
imgs_part_1,PAT_281_1517_293.png,.png,4239578,imgs_part_1\PAT_281_1517_293.png
imgs_part_1,PAT_281_1518_571.png,.png,4203027,imgs_part_1\PAT_281_1518_571.png
imgs_part_1,PAT_281_432_813.png,.png,5351015,imgs_part_1\PAT_281_432_813.png
imgs_part_1,PAT_282_433_934.png,.png,2185521,imgs_part_1\PAT_282_433_934.png
imgs_part_1,PAT_286_1458_381.png,.png,487766,imgs_part_1\PAT_286_1458_381.png
imgs_part_1,PAT_286_1459_666.png,.png,59975,imgs_part_1\PAT_286_1459_666.png
imgs_part_1,PAT_286_1459_926.png,.png,64217,imgs_part_1\PAT_286_1459_926.png
imgs_part_1,PAT_287_440_729.png,.png,1329024,imgs_part_1\PAT_287_440_729.png
imgs_part_1,PAT_288_441_312.png,.png,1540399,imgs_part_1\PAT_288_441_312.png
imgs_part_1,PAT_289_1399_481.png,.png,1336230,imgs_part_1\PAT_289_1399_481.png
imgs_part_1,PAT_289_442_43.png,.png,1569211,imgs_part_1\PAT_289_442_43.png
imgs_part_1,PAT_290_445_686.png,.png,232841,imgs_part_1\PAT_290_445_686.png
imgs_part_1,PAT_290_445_988.png,.png,1879724,imgs_part_1\PAT_290_445_988.png
imgs_part_1,PAT_291_446_704.png,.png,3034671,imgs_part_1\PAT_291_446_704.png
imgs_part_1,PAT_294_638_564.png,.png,349033,imgs_part_1\PAT_294_638_564.png
imgs_part_1,PAT_295_639_240.png,.png,236989,imgs_part_1\PAT_295_639_240.png
imgs_part_1,PAT_296_640_206.png,.png,2265312,imgs_part_1\PAT_296_640_206.png
imgs_part_1,PAT_297_4307_924.png,.png,259853,imgs_part_1\PAT_297_4307_924.png
imgs_part_1,PAT_299_1452_1.png,.png,3182710,imgs_part_1\PAT_299_1452_1.png
imgs_part_1,PAT_299_1455_759.png,.png,1508785,imgs_part_1\PAT_299_1455_759.png
imgs_part_1,PAT_29_40_561.png,.png,798209,imgs_part_1\PAT_29_40_561.png
imgs_part_1,PAT_300_1478_445.png,.png,1319415,imgs_part_1\PAT_300_1478_445.png
imgs_part_1,PAT_300_1689_862.png,.png,116939,imgs_part_1\PAT_300_1689_862.png
imgs_part_1,PAT_300_647_501.png,.png,1199513,imgs_part_1\PAT_300_647_501.png
imgs_part_1,PAT_300_648_84.png,.png,363090,imgs_part_1\PAT_300_648_84.png
imgs_part_1,PAT_301_649_533.png,.png,1804660,imgs_part_1\PAT_301_649_533.png
imgs_part_1,PAT_302_1633_845.png,.png,2516131,imgs_part_1\PAT_302_1633_845.png
imgs_part_1,PAT_302_650_477.png,.png,989635,imgs_part_1\PAT_302_650_477.png
imgs_part_1,PAT_302_651_529.png,.png,989635,imgs_part_1\PAT_302_651_529.png
imgs_part_1,PAT_303_652_342.png,.png,3544445,imgs_part_1\PAT_303_652_342.png
imgs_part_1,PAT_303_652_943.png,.png,165164,imgs_part_1\PAT_303_652_943.png
imgs_part_1,PAT_304_4186_458.png,.png,4564429,imgs_part_1\PAT_304_4186_458.png
imgs_part_1,PAT_304_653_446.png,.png,1742247,imgs_part_1\PAT_304_653_446.png
imgs_part_1,PAT_305_655_30.png,.png,428407,imgs_part_1\PAT_305_655_30.png
imgs_part_1,PAT_306_1646_903.png,.png,260251,imgs_part_1\PAT_306_1646_903.png
imgs_part_1,PAT_306_1646_971.png,.png,159405,imgs_part_1\PAT_306_1646_971.png
imgs_part_1,PAT_306_658_825.png,.png,152028,imgs_part_1\PAT_306_658_825.png
imgs_part_1,PAT_307_1458_363.png,.png,3572235,imgs_part_1\PAT_307_1458_363.png
imgs_part_1,PAT_307_1685_651.png,.png,123406,imgs_part_1\PAT_307_1685_651.png
imgs_part_1,PAT_307_659_85.png,.png,339733,imgs_part_1\PAT_307_659_85.png
imgs_part_1,PAT_308_661_184.png,.png,6412318,imgs_part_1\PAT_308_661_184.png
imgs_part_1,PAT_309_662_737.png,.png,1152377,imgs_part_1\PAT_309_662_737.png
imgs_part_1,PAT_309_662_76.png,.png,1428553,imgs_part_1\PAT_309_662_76.png
imgs_part_1,PAT_309_663_812.png,.png,655739,imgs_part_1\PAT_309_663_812.png
imgs_part_1,PAT_30_41_815.png,.png,660512,imgs_part_1\PAT_30_41_815.png
imgs_part_1,PAT_311_666_191.png,.png,527115,imgs_part_1\PAT_311_666_191.png
imgs_part_1,PAT_311_667_416.png,.png,527115,imgs_part_1\PAT_311_667_416.png
imgs_part_1,PAT_312_668_480.png,.png,162709,imgs_part_1\PAT_312_668_480.png
imgs_part_1,PAT_313_669_908.png,.png,1186114,imgs_part_1\PAT_313_669_908.png
imgs_part_1,PAT_313_669_935.png,.png,282273,imgs_part_1\PAT_313_669_935.png
imgs_part_1,PAT_314_672_909.png,.png,979980,imgs_part_1\PAT_314_672_909.png
imgs_part_1,PAT_315_673_227.png,.png,1560555,imgs_part_1\PAT_315_673_227.png
imgs_part_1,PAT_316_1457_353.png,.png,888760,imgs_part_1\PAT_316_1457_353.png
imgs_part_1,PAT_316_674_318.png,.png,1919695,imgs_part_1\PAT_316_674_318.png
imgs_part_1,PAT_316_674_924.png,.png,1117618,imgs_part_1\PAT_316_674_924.png
imgs_part_1,PAT_317_675_144.png,.png,297061,imgs_part_1\PAT_317_675_144.png
imgs_part_1,PAT_318_677_278.png,.png,212390,imgs_part_1\PAT_318_677_278.png
imgs_part_1,PAT_319_678_357.png,.png,920997,imgs_part_1\PAT_319_678_357.png
imgs_part_1,PAT_319_679_533.png,.png,1128068,imgs_part_1\PAT_319_679_533.png
imgs_part_1,PAT_319_680_166.png,.png,994074,imgs_part_1\PAT_319_680_166.png
imgs_part_1,PAT_319_680_832.png,.png,2564831,imgs_part_1\PAT_319_680_832.png
imgs_part_1,PAT_31_42_680.png,.png,1217759,imgs_part_1\PAT_31_42_680.png
imgs_part_1,PAT_31_43_129.png,.png,1176208,imgs_part_1\PAT_31_43_129.png
imgs_part_1,PAT_320_681_410.png,.png,320906,imgs_part_1\PAT_320_681_410.png
imgs_part_1,PAT_320_681_724.png,.png,2057889,imgs_part_1\PAT_320_681_724.png
imgs_part_1,PAT_321_682_236.png,.png,702046,imgs_part_1\PAT_321_682_236.png
imgs_part_1,PAT_323_686_356.png,.png,798418,imgs_part_1\PAT_323_686_356.png
imgs_part_1,PAT_323_687_169.png,.png,1040757,imgs_part_1\PAT_323_687_169.png
imgs_part_1,PAT_324_1464_266.png,.png,1648301,imgs_part_1\PAT_324_1464_266.png
imgs_part_1,PAT_324_1465_43.png,.png,2019087,imgs_part_1\PAT_324_1465_43.png
imgs_part_1,PAT_325_1506_440.png,.png,2582941,imgs_part_1\PAT_325_1506_440.png
imgs_part_1,PAT_325_1506_999.png,.png,2560332,imgs_part_1\PAT_325_1506_999.png
imgs_part_1,PAT_325_689_528.png,.png,874738,imgs_part_1\PAT_325_689_528.png
imgs_part_1,PAT_326_690_797.png,.png,1360803,imgs_part_1\PAT_326_690_797.png
imgs_part_1,PAT_326_690_823.png,.png,371344,imgs_part_1\PAT_326_690_823.png
imgs_part_1,PAT_328_1738_890.png,.png,1088608,imgs_part_1\PAT_328_1738_890.png
imgs_part_1,PAT_328_692_681.png,.png,307441,imgs_part_1\PAT_328_692_681.png
imgs_part_1,PAT_32_44_211.png,.png,359338,imgs_part_1\PAT_32_44_211.png
imgs_part_1,PAT_330_1437_458.png,.png,2222094,imgs_part_1\PAT_330_1437_458.png
imgs_part_1,PAT_330_1437_506.png,.png,686201,imgs_part_1\PAT_330_1437_506.png
imgs_part_1,PAT_330_1438_323.png,.png,1242322,imgs_part_1\PAT_330_1438_323.png
imgs_part_1,PAT_330_1440_532.png,.png,1858674,imgs_part_1\PAT_330_1440_532.png
imgs_part_1,PAT_330_695_296.png,.png,5110758,imgs_part_1\PAT_330_695_296.png
imgs_part_1,PAT_330_695_90.png,.png,2388374,imgs_part_1\PAT_330_695_90.png
imgs_part_1,PAT_330_696_894.png,.png,403068,imgs_part_1\PAT_330_696_894.png
imgs_part_1,PAT_330_697_575.png,.png,854727,imgs_part_1\PAT_330_697_575.png
imgs_part_1,PAT_330_698_211.png,.png,1743326,imgs_part_1\PAT_330_698_211.png
imgs_part_1,PAT_330_698_302.png,.png,1770276,imgs_part_1\PAT_330_698_302.png
imgs_part_1,PAT_333_1468_620.png,.png,337018,imgs_part_1\PAT_333_1468_620.png
imgs_part_1,PAT_333_1469_499.png,.png,1539585,imgs_part_1\PAT_333_1469_499.png
imgs_part_1,PAT_333_702_840.png,.png,236329,imgs_part_1\PAT_333_702_840.png
imgs_part_1,PAT_334_703_907.png,.png,533773,imgs_part_1\PAT_334_703_907.png
imgs_part_1,PAT_336_705_711.png,.png,399324,imgs_part_1\PAT_336_705_711.png
imgs_part_1,PAT_337_1697_721.png,.png,184334,imgs_part_1\PAT_337_1697_721.png
imgs_part_1,PAT_337_706_254.png,.png,1369043,imgs_part_1\PAT_337_706_254.png
imgs_part_1,PAT_337_706_598.png,.png,1214796,imgs_part_1\PAT_337_706_598.png
imgs_part_1,PAT_337_706_944.png,.png,250760,imgs_part_1\PAT_337_706_944.png
imgs_part_1,PAT_338_707_774.png,.png,132501,imgs_part_1\PAT_338_707_774.png
imgs_part_1,PAT_338_709_306.png,.png,74121,imgs_part_1\PAT_338_709_306.png
imgs_part_1,PAT_338_710_319.png,.png,380053,imgs_part_1\PAT_338_710_319.png
imgs_part_1,PAT_338_710_93.png,.png,228175,imgs_part_1\PAT_338_710_93.png
imgs_part_1,PAT_340_714_314.png,.png,1842925,imgs_part_1\PAT_340_714_314.png
imgs_part_1,PAT_340_714_68.png,.png,6026709,imgs_part_1\PAT_340_714_68.png
imgs_part_1,PAT_341_715_180.png,.png,1217938,imgs_part_1\PAT_341_715_180.png
imgs_part_1,PAT_342_716_316.png,.png,1209956,imgs_part_1\PAT_342_716_316.png
imgs_part_1,PAT_342_716_845.png,.png,979689,imgs_part_1\PAT_342_716_845.png
imgs_part_1,PAT_343_717_927.png,.png,1600676,imgs_part_1\PAT_343_717_927.png
imgs_part_1,PAT_344_718_206.png,.png,147725,imgs_part_1\PAT_344_718_206.png
imgs_part_1,PAT_345_719_815.png,.png,209623,imgs_part_1\PAT_345_719_815.png
imgs_part_1,PAT_346_720_265.png,.png,1321039,imgs_part_1\PAT_346_720_265.png
imgs_part_1,PAT_349_724_133.png,.png,1921632,imgs_part_1\PAT_349_724_133.png
imgs_part_1,PAT_349_724_750.png,.png,843571,imgs_part_1\PAT_349_724_750.png
imgs_part_1,PAT_34_47_108.png,.png,913053,imgs_part_1\PAT_34_47_108.png
imgs_part_1,PAT_351_728_683.png,.png,559416,imgs_part_1\PAT_351_728_683.png
imgs_part_1,PAT_352_729_947.png,.png,454092,imgs_part_1\PAT_352_729_947.png
imgs_part_1,PAT_354_1814_153.png,.png,713030,imgs_part_1\PAT_354_1814_153.png
imgs_part_1,PAT_354_1814_619.png,.png,362294,imgs_part_1\PAT_354_1814_619.png
imgs_part_1,PAT_354_1814_726.png,.png,745102,imgs_part_1\PAT_354_1814_726.png
imgs_part_1,PAT_354_1817_500.png,.png,751134,imgs_part_1\PAT_354_1817_500.png
imgs_part_1,PAT_354_731_155.png,.png,957008,imgs_part_1\PAT_354_731_155.png
imgs_part_1,PAT_355_732_102.png,.png,846590,imgs_part_1\PAT_355_732_102.png
imgs_part_1,PAT_355_732_625.png,.png,867837,imgs_part_1\PAT_355_732_625.png
imgs_part_1,PAT_356_4511_960.png,.png,5960261,imgs_part_1\PAT_356_4511_960.png
imgs_part_1,PAT_356_735_568.png,.png,1259247,imgs_part_1\PAT_356_735_568.png
imgs_part_1,PAT_356_736_188.png,.png,365713,imgs_part_1\PAT_356_736_188.png
imgs_part_1,PAT_357_737_77.png,.png,575754,imgs_part_1\PAT_357_737_77.png
imgs_part_1,PAT_358_738_837.png,.png,1327310,imgs_part_1\PAT_358_738_837.png
imgs_part_1,PAT_359_1596_68.png,.png,1960708,imgs_part_1\PAT_359_1596_68.png
imgs_part_1,PAT_359_4450_86.png,.png,2453653,imgs_part_1\PAT_359_4450_86.png
imgs_part_1,PAT_359_740_46.png,.png,271723,imgs_part_1\PAT_359_740_46.png
imgs_part_1,PAT_359_741_966.png,.png,307157,imgs_part_1\PAT_359_741_966.png
imgs_part_1,PAT_359_741_973.png,.png,1827241,imgs_part_1\PAT_359_741_973.png
imgs_part_1,PAT_35_48_43.png,.png,403269,imgs_part_1\PAT_35_48_43.png
imgs_part_1,PAT_360_742_768.png,.png,199442,imgs_part_1\PAT_360_742_768.png
imgs_part_1,PAT_360_742_782.png,.png,1699246,imgs_part_1\PAT_360_742_782.png
imgs_part_1,PAT_361_1567_487.png,.png,940530,imgs_part_1\PAT_361_1567_487.png
imgs_part_1,PAT_361_1568_456.png,.png,1116922,imgs_part_1\PAT_361_1568_456.png
imgs_part_1,PAT_361_743_82.png,.png,4655148,imgs_part_1\PAT_361_743_82.png
imgs_part_1,PAT_362_744_283.png,.png,361597,imgs_part_1\PAT_362_744_283.png
imgs_part_1,PAT_363_745_516.png,.png,251000,imgs_part_1\PAT_363_745_516.png
imgs_part_1,PAT_363_746_18.png,.png,469397,imgs_part_1\PAT_363_746_18.png
imgs_part_1,PAT_364_748_278.png,.png,126617,imgs_part_1\PAT_364_748_278.png
imgs_part_1,PAT_364_749_377.png,.png,255230,imgs_part_1\PAT_364_749_377.png
imgs_part_1,PAT_365_750_854.png,.png,2723192,imgs_part_1\PAT_365_750_854.png
imgs_part_1,PAT_365_751_709.png,.png,1018030,imgs_part_1\PAT_365_751_709.png
imgs_part_1,PAT_366_2448_563.png,.png,2417389,imgs_part_1\PAT_366_2448_563.png
imgs_part_1,PAT_366_752_782.png,.png,3687389,imgs_part_1\PAT_366_752_782.png
imgs_part_1,PAT_367_753_130.png,.png,139594,imgs_part_1\PAT_367_753_130.png
imgs_part_1,PAT_368_1652_525.png,.png,887174,imgs_part_1\PAT_368_1652_525.png
imgs_part_1,PAT_368_1652_733.png,.png,1894565,imgs_part_1\PAT_368_1652_733.png
imgs_part_1,PAT_368_2427_803.png,.png,797305,imgs_part_1\PAT_368_2427_803.png
imgs_part_1,PAT_369_755_391.png,.png,1894453,imgs_part_1\PAT_369_755_391.png
imgs_part_1,PAT_369_755_733.png,.png,183077,imgs_part_1\PAT_369_755_733.png
imgs_part_1,PAT_369_756_130.png,.png,698149,imgs_part_1\PAT_369_756_130.png
imgs_part_1,PAT_36_49_935.png,.png,239546,imgs_part_1\PAT_36_49_935.png
imgs_part_1,PAT_36_50_14.png,.png,1131590,imgs_part_1\PAT_36_50_14.png
imgs_part_1,PAT_370_2558_175.png,.png,2367940,imgs_part_1\PAT_370_2558_175.png
imgs_part_1,PAT_370_2558_573.png,.png,3088782,imgs_part_1\PAT_370_2558_573.png
imgs_part_1,PAT_370_758_322.png,.png,150698,imgs_part_1\PAT_370_758_322.png
imgs_part_1,PAT_372_760_267.png,.png,850033,imgs_part_1\PAT_372_760_267.png
imgs_part_1,PAT_372_760_355.png,.png,943643,imgs_part_1\PAT_372_760_355.png
imgs_part_1,PAT_373_2598_235.png,.png,1100830,imgs_part_1\PAT_373_2598_235.png
imgs_part_1,PAT_373_2598_514.png,.png,834945,imgs_part_1\PAT_373_2598_514.png
imgs_part_1,PAT_373_761_708.png,.png,1032579,imgs_part_1\PAT_373_761_708.png
imgs_part_1,PAT_374_762_794.png,.png,538277,imgs_part_1\PAT_374_762_794.png
imgs_part_1,PAT_375_763_732.png,.png,92078,imgs_part_1\PAT_375_763_732.png
imgs_part_1,PAT_375_763_980.png,.png,327567,imgs_part_1\PAT_375_763_980.png
imgs_part_1,PAT_375_764_705.png,.png,185264,imgs_part_1\PAT_375_764_705.png
imgs_part_1,PAT_377_1580_429.png,.png,376180,imgs_part_1\PAT_377_1580_429.png
imgs_part_1,PAT_377_1580_534.png,.png,683508,imgs_part_1\PAT_377_1580_534.png
imgs_part_1,PAT_377_768_643.png,.png,2248321,imgs_part_1\PAT_377_768_643.png
imgs_part_1,PAT_378_769_36.png,.png,737893,imgs_part_1\PAT_378_769_36.png
imgs_part_1,PAT_378_770_302.png,.png,1806736,imgs_part_1\PAT_378_770_302.png
imgs_part_1,PAT_379_1531_17.png,.png,5459247,imgs_part_1\PAT_379_1531_17.png
imgs_part_1,PAT_379_4405_969.png,.png,3572855,imgs_part_1\PAT_379_4405_969.png
imgs_part_1,PAT_380_1540_432.png,.png,4009366,imgs_part_1\PAT_380_1540_432.png
imgs_part_1,PAT_380_1540_525.png,.png,633087,imgs_part_1\PAT_380_1540_525.png
imgs_part_1,PAT_380_1540_959.png,.png,9318589,imgs_part_1\PAT_380_1540_959.png
imgs_part_1,PAT_380_773_362.png,.png,5966687,imgs_part_1\PAT_380_773_362.png
imgs_part_1,PAT_380_773_542.png,.png,4724362,imgs_part_1\PAT_380_773_542.png
imgs_part_1,PAT_380_774_185.png,.png,575953,imgs_part_1\PAT_380_774_185.png
imgs_part_1,PAT_381_775_253.png,.png,449190,imgs_part_1\PAT_381_775_253.png
imgs_part_1,PAT_381_775_566.png,.png,1228227,imgs_part_1\PAT_381_775_566.png
imgs_part_1,PAT_382_776_986.png,.png,263701,imgs_part_1\PAT_382_776_986.png
imgs_part_1,PAT_383_777_129.png,.png,840269,imgs_part_1\PAT_383_777_129.png
imgs_part_1,PAT_383_779_429.png,.png,833532,imgs_part_1\PAT_383_779_429.png
imgs_part_1,PAT_384_782_292.png,.png,1643058,imgs_part_1\PAT_384_782_292.png
imgs_part_1,PAT_385_783_22.png,.png,994485,imgs_part_1\PAT_385_783_22.png
imgs_part_1,PAT_385_783_574.png,.png,3852655,imgs_part_1\PAT_385_783_574.png
imgs_part_1,PAT_386_1554_280.png,.png,2614735,imgs_part_1\PAT_386_1554_280.png
imgs_part_1,PAT_386_1554_362.png,.png,5020885,imgs_part_1\PAT_386_1554_362.png
imgs_part_1,PAT_386_1554_455.png,.png,2628022,imgs_part_1\PAT_386_1554_455.png
imgs_part_1,PAT_386_784_470.png,.png,169954,imgs_part_1\PAT_386_784_470.png
imgs_part_1,PAT_386_785_536.png,.png,428543,imgs_part_1\PAT_386_785_536.png
imgs_part_1,PAT_387_1614_866.png,.png,5286444,imgs_part_1\PAT_387_1614_866.png
imgs_part_1,PAT_387_786_213.png,.png,758181,imgs_part_1\PAT_387_786_213.png
imgs_part_1,PAT_387_786_782.png,.png,1848748,imgs_part_1\PAT_387_786_782.png
imgs_part_1,PAT_388_1589_976.png,.png,1820656,imgs_part_1\PAT_388_1589_976.png
imgs_part_1,PAT_388_1590_169.png,.png,739534,imgs_part_1\PAT_388_1590_169.png
imgs_part_1,PAT_388_1590_328.png,.png,798043,imgs_part_1\PAT_388_1590_328.png
imgs_part_1,PAT_388_1590_518.png,.png,1574497,imgs_part_1\PAT_388_1590_518.png
imgs_part_1,PAT_388_1592_576.png,.png,926546,imgs_part_1\PAT_388_1592_576.png
imgs_part_1,PAT_388_1592_850.png,.png,1127577,imgs_part_1\PAT_388_1592_850.png
imgs_part_1,PAT_388_2452_548.png,.png,5805200,imgs_part_1\PAT_388_2452_548.png
imgs_part_1,PAT_388_4500_103.png,.png,1766743,imgs_part_1\PAT_388_4500_103.png
imgs_part_1,PAT_388_4500_67.png,.png,2411184,imgs_part_1\PAT_388_4500_67.png
imgs_part_1,PAT_388_787_818.png,.png,1430757,imgs_part_1\PAT_388_787_818.png
imgs_part_1,PAT_389_2600_833.png,.png,2302444,imgs_part_1\PAT_389_2600_833.png
imgs_part_1,PAT_38_1002_34.png,.png,382461,imgs_part_1\PAT_38_1002_34.png
imgs_part_1,PAT_38_1002_668.png,.png,2894499,imgs_part_1\PAT_38_1002_668.png
imgs_part_1,PAT_38_1003_226.png,.png,2894499,imgs_part_1\PAT_38_1003_226.png
imgs_part_1,PAT_38_1003_68.png,.png,382461,imgs_part_1\PAT_38_1003_68.png
imgs_part_1,PAT_38_53_198.png,.png,775778,imgs_part_1\PAT_38_53_198.png
imgs_part_1,PAT_38_54_234.png,.png,4385873,imgs_part_1\PAT_38_54_234.png
imgs_part_1,PAT_390_790_505.png,.png,297959,imgs_part_1\PAT_390_790_505.png
imgs_part_1,PAT_392_792_22.png,.png,328861,imgs_part_1\PAT_392_792_22.png
imgs_part_1,PAT_392_792_712.png,.png,518935,imgs_part_1\PAT_392_792_712.png
imgs_part_1,PAT_393_793_852.png,.png,295618,imgs_part_1\PAT_393_793_852.png
imgs_part_1,PAT_394_1562_579.png,.png,681899,imgs_part_1\PAT_394_1562_579.png
imgs_part_1,PAT_394_794_235.png,.png,954616,imgs_part_1\PAT_394_794_235.png
imgs_part_1,PAT_395_795_43.png,.png,960655,imgs_part_1\PAT_395_795_43.png
imgs_part_1,PAT_396_796_394.png,.png,232926,imgs_part_1\PAT_396_796_394.png
imgs_part_1,PAT_397_797_638.png,.png,516343,imgs_part_1\PAT_397_797_638.png
imgs_part_1,PAT_397_797_742.png,.png,4916369,imgs_part_1\PAT_397_797_742.png
imgs_part_1,PAT_397_798_482.png,.png,3713345,imgs_part_1\PAT_397_798_482.png
imgs_part_1,PAT_398_799_163.png,.png,547255,imgs_part_1\PAT_398_799_163.png
imgs_part_1,PAT_39_55_233.png,.png,1236108,imgs_part_1\PAT_39_55_233.png
imgs_part_1,PAT_400_801_376.png,.png,1722006,imgs_part_1\PAT_400_801_376.png
imgs_part_1,PAT_401_4594_970.png,.png,793988,imgs_part_1\PAT_401_4594_970.png
imgs_part_1,PAT_402_803_739.png,.png,985665,imgs_part_1\PAT_402_803_739.png
imgs_part_1,PAT_403_804_994.png,.png,1144233,imgs_part_1\PAT_403_804_994.png
imgs_part_1,PAT_404_805_575.png,.png,698516,imgs_part_1\PAT_404_805_575.png
imgs_part_1,PAT_406_1542_301.png,.png,2329350,imgs_part_1\PAT_406_1542_301.png
imgs_part_1,PAT_406_1542_754.png,.png,2890835,imgs_part_1\PAT_406_1542_754.png
imgs_part_1,PAT_406_808_560.png,.png,818121,imgs_part_1\PAT_406_808_560.png
imgs_part_1,PAT_406_808_975.png,.png,673718,imgs_part_1\PAT_406_808_975.png
imgs_part_1,PAT_406_809_581.png,.png,301296,imgs_part_1\PAT_406_809_581.png
imgs_part_1,PAT_407_810_390.png,.png,4474850,imgs_part_1\PAT_407_810_390.png
imgs_part_1,PAT_408_811_808.png,.png,149792,imgs_part_1\PAT_408_811_808.png
imgs_part_1,PAT_409_2614_24.png,.png,2808388,imgs_part_1\PAT_409_2614_24.png
imgs_part_1,PAT_409_2614_805.png,.png,7616418,imgs_part_1\PAT_409_2614_805.png
imgs_part_1,PAT_409_812_974.png,.png,471909,imgs_part_1\PAT_409_812_974.png
imgs_part_1,PAT_40_1026_312.png,.png,352244,imgs_part_1\PAT_40_1026_312.png
imgs_part_1,PAT_40_56_160.png,.png,890428,imgs_part_1\PAT_40_56_160.png
imgs_part_1,PAT_40_56_499.png,.png,492209,imgs_part_1\PAT_40_56_499.png
imgs_part_1,PAT_411_815_692.png,.png,206145,imgs_part_1\PAT_411_815_692.png
imgs_part_1,PAT_412_817_232.png,.png,618147,imgs_part_1\PAT_412_817_232.png
imgs_part_1,PAT_412_818_61.png,.png,695288,imgs_part_1\PAT_412_818_61.png
imgs_part_1,PAT_413_819_268.png,.png,2556732,imgs_part_1\PAT_413_819_268.png
imgs_part_1,PAT_413_819_550.png,.png,390743,imgs_part_1\PAT_413_819_550.png
imgs_part_1,PAT_414_822_420.png,.png,367451,imgs_part_1\PAT_414_822_420.png
imgs_part_1,PAT_416_824_540.png,.png,1271506,imgs_part_1\PAT_416_824_540.png
imgs_part_1,PAT_416_826_123.png,.png,1894168,imgs_part_1\PAT_416_826_123.png
imgs_part_1,PAT_417_3537_45.png,.png,1157896,imgs_part_1\PAT_417_3537_45.png
imgs_part_1,PAT_417_828_723.png,.png,797842,imgs_part_1\PAT_417_828_723.png
imgs_part_1,PAT_419_2767_323.png,.png,800581,imgs_part_1\PAT_419_2767_323.png
imgs_part_1,PAT_419_2768_910.png,.png,223317,imgs_part_1\PAT_419_2768_910.png
imgs_part_1,PAT_419_832_706.png,.png,1240193,imgs_part_1\PAT_419_832_706.png
imgs_part_1,PAT_419_833_148.png,.png,800581,imgs_part_1\PAT_419_833_148.png
imgs_part_1,PAT_41_57_2.png,.png,441086,imgs_part_1\PAT_41_57_2.png
imgs_part_1,PAT_420_834_450.png,.png,377181,imgs_part_1\PAT_420_834_450.png
imgs_part_1,PAT_420_834_948.png,.png,505017,imgs_part_1\PAT_420_834_948.png
imgs_part_1,PAT_422_837_617.png,.png,4302705,imgs_part_1\PAT_422_837_617.png
imgs_part_1,PAT_422_837_683.png,.png,152913,imgs_part_1\PAT_422_837_683.png
imgs_part_1,PAT_423_839_596.png,.png,105305,imgs_part_1\PAT_423_839_596.png
imgs_part_1,PAT_423_839_717.png,.png,1311336,imgs_part_1\PAT_423_839_717.png
imgs_part_1,PAT_425_841_644.png,.png,357839,imgs_part_1\PAT_425_841_644.png
imgs_part_1,PAT_426_842_458.png,.png,1047217,imgs_part_1\PAT_426_842_458.png
imgs_part_1,PAT_428_845_189.png,.png,2505290,imgs_part_1\PAT_428_845_189.png
imgs_part_1,PAT_42_58_13.png,.png,406806,imgs_part_1\PAT_42_58_13.png
imgs_part_1,PAT_430_847_315.png,.png,1390524,imgs_part_1\PAT_430_847_315.png
imgs_part_1,PAT_430_848_476.png,.png,974583,imgs_part_1\PAT_430_848_476.png
imgs_part_1,PAT_430_848_550.png,.png,955079,imgs_part_1\PAT_430_848_550.png
imgs_part_1,PAT_431_850_472.png,.png,353808,imgs_part_1\PAT_431_850_472.png
imgs_part_1,PAT_432_851_386.png,.png,652581,imgs_part_1\PAT_432_851_386.png
imgs_part_1,PAT_432_851_560.png,.png,382555,imgs_part_1\PAT_432_851_560.png
imgs_part_1,PAT_433_2650_417.png,.png,271559,imgs_part_1\PAT_433_2650_417.png
imgs_part_1,PAT_433_852_20.png,.png,98713,imgs_part_1\PAT_433_852_20.png
imgs_part_1,PAT_435_854_68.png,.png,514761,imgs_part_1\PAT_435_854_68.png
imgs_part_1,PAT_437_857_425.png,.png,1232966,imgs_part_1\PAT_437_857_425.png
imgs_part_1,PAT_439_2887_834.png,.png,188297,imgs_part_1\PAT_439_2887_834.png
imgs_part_1,PAT_439_859_283.png,.png,659784,imgs_part_1\PAT_439_859_283.png
imgs_part_1,PAT_439_859_84.png,.png,584159,imgs_part_1\PAT_439_859_84.png
imgs_part_1,PAT_43_1017_483.png,.png,198589,imgs_part_1\PAT_43_1017_483.png
imgs_part_1,PAT_43_61_210.png,.png,1515536,imgs_part_1\PAT_43_61_210.png
imgs_part_1,PAT_441_2868_663.png,.png,4057133,imgs_part_1\PAT_441_2868_663.png
imgs_part_1,PAT_441_861_415.png,.png,173464,imgs_part_1\PAT_441_861_415.png
imgs_part_1,PAT_441_861_542.png,.png,700736,imgs_part_1\PAT_441_861_542.png
imgs_part_1,PAT_442_863_795.png,.png,494721,imgs_part_1\PAT_442_863_795.png
imgs_part_1,PAT_443_864_894.png,.png,339333,imgs_part_1\PAT_443_864_894.png
imgs_part_1,PAT_445_871_524.png,.png,1435235,imgs_part_1\PAT_445_871_524.png
imgs_part_1,PAT_447_873_329.png,.png,632479,imgs_part_1\PAT_447_873_329.png
imgs_part_1,PAT_448_875_81.png,.png,221797,imgs_part_1\PAT_448_875_81.png
imgs_part_1,PAT_44_63_151.png,.png,434920,imgs_part_1\PAT_44_63_151.png
imgs_part_1,PAT_451_878_634.png,.png,495217,imgs_part_1\PAT_451_878_634.png
imgs_part_1,PAT_451_878_890.png,.png,499241,imgs_part_1\PAT_451_878_890.png
imgs_part_1,PAT_452_882_896.png,.png,483205,imgs_part_1\PAT_452_882_896.png
imgs_part_1,PAT_453_883_719.png,.png,960758,imgs_part_1\PAT_453_883_719.png
imgs_part_1,PAT_454_884_28.png,.png,69402,imgs_part_1\PAT_454_884_28.png
imgs_part_1,PAT_455_885_115.png,.png,2031853,imgs_part_1\PAT_455_885_115.png
imgs_part_1,PAT_456_887_499.png,.png,749871,imgs_part_1\PAT_456_887_499.png
imgs_part_1,PAT_456_888_961.png,.png,1158928,imgs_part_1\PAT_456_888_961.png
imgs_part_1,PAT_457_889_346.png,.png,1319869,imgs_part_1\PAT_457_889_346.png
imgs_part_1,PAT_457_890_255.png,.png,1897825,imgs_part_1\PAT_457_890_255.png
imgs_part_1,PAT_458_891_709.png,.png,894392,imgs_part_1\PAT_458_891_709.png
imgs_part_1,PAT_459_892_804.png,.png,1205103,imgs_part_1\PAT_459_892_804.png
imgs_part_1,PAT_45_65_551.png,.png,592757,imgs_part_1\PAT_45_65_551.png
imgs_part_1,PAT_45_66_822.png,.png,960606,imgs_part_1\PAT_45_66_822.png
imgs_part_1,PAT_460_893_307.png,.png,1411576,imgs_part_1\PAT_460_893_307.png
imgs_part_1,PAT_460_893_883.png,.png,617619,imgs_part_1\PAT_460_893_883.png
imgs_part_1,PAT_460_894_242.png,.png,540793,imgs_part_1\PAT_460_894_242.png
imgs_part_1,PAT_460_894_401.png,.png,936757,imgs_part_1\PAT_460_894_401.png
imgs_part_1,PAT_460_894_429.png,.png,926938,imgs_part_1\PAT_460_894_429.png
imgs_part_1,PAT_461_895_72.png,.png,3455617,imgs_part_1\PAT_461_895_72.png
imgs_part_1,PAT_462_896_893.png,.png,903105,imgs_part_1\PAT_462_896_893.png
imgs_part_1,PAT_463_897_440.png,.png,199863,imgs_part_1\PAT_463_897_440.png
imgs_part_1,PAT_464_1794_271.png,.png,743893,imgs_part_1\PAT_464_1794_271.png
imgs_part_1,PAT_464_1794_78.png,.png,1084876,imgs_part_1\PAT_464_1794_78.png
imgs_part_1,PAT_464_899_646.png,.png,286747,imgs_part_1\PAT_464_899_646.png
imgs_part_1,PAT_464_900_548.png,.png,1084645,imgs_part_1\PAT_464_900_548.png
imgs_part_1,PAT_465_901_106.png,.png,422481,imgs_part_1\PAT_465_901_106.png
imgs_part_1,PAT_465_901_627.png,.png,37761,imgs_part_1\PAT_465_901_627.png
imgs_part_1,PAT_466_903_893.png,.png,957655,imgs_part_1\PAT_466_903_893.png
imgs_part_1,PAT_467_904_235.png,.png,688080,imgs_part_1\PAT_467_904_235.png
imgs_part_1,PAT_467_904_535.png,.png,983286,imgs_part_1\PAT_467_904_535.png
imgs_part_1,PAT_467_904_776.png,.png,233046,imgs_part_1\PAT_467_904_776.png
imgs_part_1,PAT_468_4775_268.png,.png,1198864,imgs_part_1\PAT_468_4775_268.png
imgs_part_1,PAT_468_905_765.png,.png,996260,imgs_part_1\PAT_468_905_765.png
imgs_part_1,PAT_46_879_225.png,.png,3135242,imgs_part_1\PAT_46_879_225.png
imgs_part_1,PAT_46_879_386.png,.png,2057214,imgs_part_1\PAT_46_879_386.png
imgs_part_1,PAT_46_880_140.png,.png,5047759,imgs_part_1\PAT_46_880_140.png
imgs_part_1,PAT_46_880_308.png,.png,200963,imgs_part_1\PAT_46_880_308.png
imgs_part_1,PAT_46_881_14.png,.png,5944976,imgs_part_1\PAT_46_881_14.png
imgs_part_1,PAT_46_881_939.png,.png,2864737,imgs_part_1\PAT_46_881_939.png
imgs_part_1,PAT_470_908_103.png,.png,2019602,imgs_part_1\PAT_470_908_103.png
imgs_part_1,PAT_471_909_344.png,.png,7911878,imgs_part_1\PAT_471_909_344.png
imgs_part_1,PAT_471_909_353.png,.png,5362736,imgs_part_1\PAT_471_909_353.png
imgs_part_1,PAT_471_909_394.png,.png,7343895,imgs_part_1\PAT_471_909_394.png
imgs_part_1,PAT_472_910_453.png,.png,6517285,imgs_part_1\PAT_472_910_453.png
imgs_part_1,PAT_473_911_610.png,.png,1329206,imgs_part_1\PAT_473_911_610.png
imgs_part_1,PAT_473_911_630.png,.png,951689,imgs_part_1\PAT_473_911_630.png
imgs_part_1,PAT_474_912_879.png,.png,1071134,imgs_part_1\PAT_474_912_879.png
imgs_part_1,PAT_475_913_874.png,.png,172568,imgs_part_1\PAT_475_913_874.png
imgs_part_1,PAT_477_915_389.png,.png,663327,imgs_part_1\PAT_477_915_389.png
imgs_part_1,PAT_478_1829_141.png,.png,455700,imgs_part_1\PAT_478_1829_141.png
imgs_part_1,PAT_478_1829_281.png,.png,1136182,imgs_part_1\PAT_478_1829_281.png
imgs_part_1,PAT_478_916_806.png,.png,1801429,imgs_part_1\PAT_478_916_806.png
imgs_part_1,PAT_478_916_979.png,.png,4599003,imgs_part_1\PAT_478_916_979.png
imgs_part_1,PAT_479_917_41.png,.png,2030201,imgs_part_1\PAT_479_917_41.png
imgs_part_1,PAT_479_917_598.png,.png,1188402,imgs_part_1\PAT_479_917_598.png
imgs_part_1,PAT_479_919_97.png,.png,999830,imgs_part_1\PAT_479_919_97.png
imgs_part_1,PAT_480_921_1.png,.png,298350,imgs_part_1\PAT_480_921_1.png
imgs_part_1,PAT_481_923_186.png,.png,475464,imgs_part_1\PAT_481_923_186.png
imgs_part_1,PAT_482_2928_201.png,.png,940858,imgs_part_1\PAT_482_2928_201.png
imgs_part_1,PAT_482_924_134.png,.png,819671,imgs_part_1\PAT_482_924_134.png
imgs_part_1,PAT_483_925_716.png,.png,1188683,imgs_part_1\PAT_483_925_716.png
imgs_part_1,PAT_484_926_624.png,.png,1607647,imgs_part_1\PAT_484_926_624.png
imgs_part_1,PAT_485_928_796.png,.png,687650,imgs_part_1\PAT_485_928_796.png
imgs_part_1,PAT_486_929_274.png,.png,2369554,imgs_part_1\PAT_486_929_274.png
imgs_part_1,PAT_486_929_317.png,.png,2821633,imgs_part_1\PAT_486_929_317.png
imgs_part_1,PAT_487_930_973.png,.png,2471729,imgs_part_1\PAT_487_930_973.png
imgs_part_1,PAT_488_931_321.png,.png,1016196,imgs_part_1\PAT_488_931_321.png
imgs_part_1,PAT_489_932_138.png,.png,890158,imgs_part_1\PAT_489_932_138.png
imgs_part_1,PAT_48_74_309.png,.png,150194,imgs_part_1\PAT_48_74_309.png
imgs_part_1,PAT_48_74_402.png,.png,482535,imgs_part_1\PAT_48_74_402.png
imgs_part_1,PAT_490_933_17.png,.png,255149,imgs_part_1\PAT_490_933_17.png
imgs_part_1,PAT_490_933_352.png,.png,234305,imgs_part_1\PAT_490_933_352.png
imgs_part_1,PAT_491_934_46.png,.png,533475,imgs_part_1\PAT_491_934_46.png
imgs_part_1,PAT_492_1782_752.png,.png,579267,imgs_part_1\PAT_492_1782_752.png
imgs_part_1,PAT_492_1784_50.png,.png,522653,imgs_part_1\PAT_492_1784_50.png
imgs_part_1,PAT_492_4723_890.png,.png,6321174,imgs_part_1\PAT_492_4723_890.png
imgs_part_1,PAT_492_937_126.png,.png,4059876,imgs_part_1\PAT_492_937_126.png
imgs_part_1,PAT_492_937_43.png,.png,194543,imgs_part_1\PAT_492_937_43.png
imgs_part_1,PAT_492_937_958.png,.png,1686355,imgs_part_1\PAT_492_937_958.png
imgs_part_1,PAT_493_1862_360.png,.png,1244058,imgs_part_1\PAT_493_1862_360.png
imgs_part_1,PAT_493_3016_512.png,.png,365007,imgs_part_1\PAT_493_3016_512.png
imgs_part_1,PAT_494_939_518.png,.png,489584,imgs_part_1\PAT_494_939_518.png
imgs_part_1,PAT_495_941_26.png,.png,1374245,imgs_part_1\PAT_495_941_26.png
imgs_part_1,PAT_497_943_580.png,.png,588476,imgs_part_1\PAT_497_943_580.png
imgs_part_1,PAT_498_944_488.png,.png,638018,imgs_part_1\PAT_498_944_488.png
imgs_part_1,PAT_499_945_878.png,.png,1782729,imgs_part_1\PAT_499_945_878.png
imgs_part_1,PAT_49_75_326.png,.png,524420,imgs_part_1\PAT_49_75_326.png
imgs_part_1,PAT_500_947_77.png,.png,713542,imgs_part_1\PAT_500_947_77.png
imgs_part_1,PAT_503_949_409.png,.png,1589184,imgs_part_1\PAT_503_949_409.png
imgs_part_1,PAT_503_950_368.png,.png,1392110,imgs_part_1\PAT_503_950_368.png
imgs_part_1,PAT_503_950_552.png,.png,2093076,imgs_part_1\PAT_503_950_552.png
imgs_part_1,PAT_504_953_569.png,.png,698246,imgs_part_1\PAT_504_953_569.png
imgs_part_1,PAT_505_3200_856.png,.png,840188,imgs_part_1\PAT_505_3200_856.png
imgs_part_1,PAT_505_951_710.png,.png,732604,imgs_part_1\PAT_505_951_710.png
imgs_part_1,PAT_506_957_377.png,.png,3367913,imgs_part_1\PAT_506_957_377.png
imgs_part_1,PAT_507_954_812.png,.png,656055,imgs_part_1\PAT_507_954_812.png
imgs_part_1,PAT_50_76_296.png,.png,1765972,imgs_part_1\PAT_50_76_296.png
imgs_part_1,PAT_50_76_728.png,.png,447267,imgs_part_1\PAT_50_76_728.png
imgs_part_1,PAT_510_959_174.png,.png,358668,imgs_part_1\PAT_510_959_174.png
imgs_part_1,PAT_510_959_985.png,.png,657915,imgs_part_1\PAT_510_959_985.png
imgs_part_1,PAT_512_962_998.png,.png,417920,imgs_part_1\PAT_512_962_998.png
imgs_part_1,PAT_513_964_343.png,.png,1011317,imgs_part_1\PAT_513_964_343.png
imgs_part_1,PAT_513_964_447.png,.png,415243,imgs_part_1\PAT_513_964_447.png
imgs_part_1,PAT_513_965_496.png,.png,742512,imgs_part_1\PAT_513_965_496.png
imgs_part_1,PAT_514_967_300.png,.png,420743,imgs_part_1\PAT_514_967_300.png
imgs_part_1,PAT_514_967_908.png,.png,1769521,imgs_part_1\PAT_514_967_908.png
imgs_part_1,PAT_514_968_269.png,.png,5439748,imgs_part_1\PAT_514_968_269.png
imgs_part_1,PAT_514_969_187.png,.png,1008226,imgs_part_1\PAT_514_969_187.png
imgs_part_1,PAT_514_969_995.png,.png,713107,imgs_part_1\PAT_514_969_995.png
imgs_part_1,PAT_516_966_57.png,.png,695550,imgs_part_1\PAT_516_966_57.png
imgs_part_1,PAT_517_971_88.png,.png,960411,imgs_part_1\PAT_517_971_88.png
imgs_part_1,PAT_517_972_845.png,.png,374345,imgs_part_1\PAT_517_972_845.png
imgs_part_1,PAT_519_979_104.png,.png,620004,imgs_part_1\PAT_519_979_104.png
imgs_part_1,PAT_51_78_959.png,.png,6019930,imgs_part_1\PAT_51_78_959.png
imgs_part_1,PAT_520_983_221.png,.png,1245855,imgs_part_1\PAT_520_983_221.png
imgs_part_1,PAT_520_983_932.png,.png,2429806,imgs_part_1\PAT_520_983_932.png
imgs_part_1,PAT_521_984_412.png,.png,600366,imgs_part_1\PAT_521_984_412.png
imgs_part_1,PAT_522_3168_747.png,.png,927372,imgs_part_1\PAT_522_3168_747.png
imgs_part_1,PAT_522_3174_761.png,.png,11298661,imgs_part_1\PAT_522_3174_761.png
imgs_part_1,PAT_522_985_991.png,.png,1596938,imgs_part_1\PAT_522_985_991.png
imgs_part_1,PAT_522_986_305.png,.png,293003,imgs_part_1\PAT_522_986_305.png
imgs_part_1,PAT_522_986_800.png,.png,2252757,imgs_part_1\PAT_522_986_800.png
imgs_part_1,PAT_523_988_851.png,.png,264924,imgs_part_1\PAT_523_988_851.png
imgs_part_1,PAT_523_988_900.png,.png,232781,imgs_part_1\PAT_523_988_900.png
imgs_part_1,PAT_524_987_738.png,.png,1570727,imgs_part_1\PAT_524_987_738.png
imgs_part_1,PAT_526_3205_611.png,.png,2239497,imgs_part_1\PAT_526_3205_611.png
imgs_part_1,PAT_526_991_109.png,.png,761943,imgs_part_1\PAT_526_991_109.png
imgs_part_1,PAT_527_1359_165.png,.png,2035249,imgs_part_1\PAT_527_1359_165.png
imgs_part_1,PAT_527_1360_225.png,.png,1617533,imgs_part_1\PAT_527_1360_225.png
imgs_part_1,PAT_528_3072_615.png,.png,2920830,imgs_part_1\PAT_528_3072_615.png
imgs_part_1,PAT_528_992_124.png,.png,840829,imgs_part_1\PAT_528_992_124.png
imgs_part_1,PAT_528_993_589.png,.png,2920830,imgs_part_1\PAT_528_993_589.png
imgs_part_1,PAT_529_994_419.png,.png,842272,imgs_part_1\PAT_529_994_419.png
imgs_part_1,PAT_530_999_696.png,.png,1008529,imgs_part_1\PAT_530_999_696.png
imgs_part_1,PAT_531_1004_189.png,.png,197320,imgs_part_1\PAT_531_1004_189.png
imgs_part_1,PAT_531_1004_792.png,.png,1408602,imgs_part_1\PAT_531_1004_792.png
imgs_part_1,PAT_531_3079_652.png,.png,3028368,imgs_part_1\PAT_531_3079_652.png
imgs_part_1,PAT_532_1007_854.png,.png,1193427,imgs_part_1\PAT_532_1007_854.png
imgs_part_1,PAT_532_3216_633.png,.png,5409853,imgs_part_1\PAT_532_3216_633.png
imgs_part_1,PAT_534_1009_924.png,.png,1611251,imgs_part_1\PAT_534_1009_924.png
imgs_part_1,PAT_535_1010_303.png,.png,610895,imgs_part_1\PAT_535_1010_303.png
imgs_part_1,PAT_535_1011_567.png,.png,659766,imgs_part_1\PAT_535_1011_567.png
imgs_part_1,PAT_535_1012_145.png,.png,1292840,imgs_part_1\PAT_535_1012_145.png
imgs_part_1,PAT_536_3227_442.png,.png,4402786,imgs_part_1\PAT_536_3227_442.png
imgs_part_1,PAT_537_1014_452.png,.png,2134515,imgs_part_1\PAT_537_1014_452.png
imgs_part_1,PAT_537_1014_961.png,.png,408719,imgs_part_1\PAT_537_1014_961.png
imgs_part_1,PAT_539_1023_878.png,.png,79598,imgs_part_1\PAT_539_1023_878.png
imgs_part_1,PAT_539_1023_928.png,.png,245738,imgs_part_1\PAT_539_1023_928.png
imgs_part_1,PAT_53_1144_892.png,.png,1007788,imgs_part_1\PAT_53_1144_892.png
imgs_part_1,PAT_53_1370_245.png,.png,8323373,imgs_part_1\PAT_53_1370_245.png
imgs_part_1,PAT_53_1370_288.png,.png,2488342,imgs_part_1\PAT_53_1370_288.png
imgs_part_1,PAT_53_81_194.png,.png,5257486,imgs_part_1\PAT_53_81_194.png
imgs_part_1,PAT_53_81_522.png,.png,940298,imgs_part_1\PAT_53_81_522.png
imgs_part_1,PAT_53_82_657.png,.png,138868,imgs_part_1\PAT_53_82_657.png
imgs_part_1,PAT_53_82_940.png,.png,168837,imgs_part_1\PAT_53_82_940.png
imgs_part_1,PAT_540_1016_644.png,.png,769412,imgs_part_1\PAT_540_1016_644.png
imgs_part_1,PAT_541_3303_228.png,.png,1605751,imgs_part_1\PAT_541_3303_228.png
imgs_part_1,PAT_544_1028_226.png,.png,369295,imgs_part_1\PAT_544_1028_226.png
imgs_part_1,PAT_544_3299_671.png,.png,2059935,imgs_part_1\PAT_544_3299_671.png
imgs_part_1,PAT_545_1029_650.png,.png,1756165,imgs_part_1\PAT_545_1029_650.png
imgs_part_1,PAT_545_1030_854.png,.png,885471,imgs_part_1\PAT_545_1030_854.png
imgs_part_1,PAT_545_1031_428.png,.png,2683950,imgs_part_1\PAT_545_1031_428.png
imgs_part_1,PAT_547_1033_445.png,.png,394683,imgs_part_1\PAT_547_1033_445.png
imgs_part_1,PAT_547_1033_911.png,.png,567313,imgs_part_1\PAT_547_1033_911.png
imgs_part_1,PAT_549_1043_36.png,.png,318754,imgs_part_1\PAT_549_1043_36.png
imgs_part_1,PAT_549_1043_676.png,.png,686994,imgs_part_1\PAT_549_1043_676.png
imgs_part_1,PAT_54_83_405.png,.png,3658978,imgs_part_1\PAT_54_83_405.png
imgs_part_1,PAT_550_1045_81.png,.png,2642177,imgs_part_1\PAT_550_1045_81.png
imgs_part_1,PAT_551_1047_567.png,.png,540892,imgs_part_1\PAT_551_1047_567.png
imgs_part_1,PAT_553_1049_461.png,.png,236499,imgs_part_1\PAT_553_1049_461.png
imgs_part_1,PAT_554_1051_301.png,.png,684795,imgs_part_1\PAT_554_1051_301.png
imgs_part_1,PAT_557_1058_309.png,.png,1405425,imgs_part_1\PAT_557_1058_309.png
imgs_part_1,PAT_558_1072_486.png,.png,746956,imgs_part_1\PAT_558_1072_486.png
imgs_part_1,PAT_559_1093_774.png,.png,4946304,imgs_part_1\PAT_559_1093_774.png
imgs_part_1,PAT_55_84_506.png,.png,1828819,imgs_part_1\PAT_55_84_506.png
imgs_part_1,PAT_55_85_884.png,.png,1349389,imgs_part_1\PAT_55_85_884.png
imgs_part_1,PAT_561_1068_557.png,.png,4704729,imgs_part_1\PAT_561_1068_557.png
imgs_part_1,PAT_561_1068_909.png,.png,445688,imgs_part_1\PAT_561_1068_909.png
imgs_part_1,PAT_561_1069_418.png,.png,1831512,imgs_part_1\PAT_561_1069_418.png
imgs_part_1,PAT_562_1110_360.png,.png,1333909,imgs_part_1\PAT_562_1110_360.png
imgs_part_1,PAT_563_1070_63.png,.png,2224227,imgs_part_1\PAT_563_1070_63.png
imgs_part_1,PAT_564_1079_31.png,.png,1467504,imgs_part_1\PAT_564_1079_31.png
imgs_part_1,PAT_564_1079_430.png,.png,2705904,imgs_part_1\PAT_564_1079_430.png
imgs_part_1,PAT_565_1073_749.png,.png,1187077,imgs_part_1\PAT_565_1073_749.png
imgs_part_1,PAT_566_178_625.png,.png,233018,imgs_part_1\PAT_566_178_625.png
imgs_part_1,PAT_566_179_23.png,.png,158184,imgs_part_1\PAT_566_179_23.png
imgs_part_1,PAT_567_1076_545.png,.png,4902238,imgs_part_1\PAT_567_1076_545.png
imgs_part_1,PAT_567_1077_64.png,.png,1429122,imgs_part_1\PAT_567_1077_64.png
imgs_part_1,PAT_567_1078_978.png,.png,3053554,imgs_part_1\PAT_567_1078_978.png
imgs_part_1,PAT_568_1066_235.png,.png,302045,imgs_part_1\PAT_568_1066_235.png
imgs_part_1,PAT_56_86_479.png,.png,717802,imgs_part_1\PAT_56_86_479.png
imgs_part_1,PAT_56_86_802.png,.png,2278030,imgs_part_1\PAT_56_86_802.png
imgs_part_1,PAT_56_88_274.png,.png,717802,imgs_part_1\PAT_56_88_274.png
imgs_part_1,PAT_570_1084_637.png,.png,1793541,imgs_part_1\PAT_570_1084_637.png
imgs_part_1,PAT_570_1084_939.png,.png,1874469,imgs_part_1\PAT_570_1084_939.png
imgs_part_1,PAT_570_1085_344.png,.png,1793541,imgs_part_1\PAT_570_1085_344.png
imgs_part_1,PAT_570_1085_429.png,.png,1874469,imgs_part_1\PAT_570_1085_429.png
imgs_part_1,PAT_571_1096_10.png,.png,512336,imgs_part_1\PAT_571_1096_10.png
imgs_part_1,PAT_571_1097_652.png,.png,389595,imgs_part_1\PAT_571_1097_652.png
imgs_part_1,PAT_572_1086_130.png,.png,1060848,imgs_part_1\PAT_572_1086_130.png
imgs_part_1,PAT_573_1090_164.png,.png,2007527,imgs_part_1\PAT_573_1090_164.png
imgs_part_1,PAT_573_1090_660.png,.png,1138095,imgs_part_1\PAT_573_1090_660.png
imgs_part_1,PAT_574_1081_628.png,.png,398798,imgs_part_1\PAT_574_1081_628.png
imgs_part_1,PAT_575_1087_29.png,.png,1424278,imgs_part_1\PAT_575_1087_29.png
imgs_part_1,PAT_575_1088_134.png,.png,361798,imgs_part_1\PAT_575_1088_134.png
imgs_part_1,PAT_576_1089_435.png,.png,1221687,imgs_part_1\PAT_576_1089_435.png
imgs_part_1,PAT_577_1107_61.png,.png,120191,imgs_part_1\PAT_577_1107_61.png
imgs_part_1,PAT_579_1099_551.png,.png,2657046,imgs_part_1\PAT_579_1099_551.png
imgs_part_1,PAT_579_1099_837.png,.png,2390295,imgs_part_1\PAT_579_1099_837.png
imgs_part_1,PAT_579_1100_988.png,.png,1043549,imgs_part_1\PAT_579_1100_988.png
imgs_part_1,PAT_57_90_910.png,.png,318093,imgs_part_1\PAT_57_90_910.png
imgs_part_1,PAT_580_1104_684.png,.png,511174,imgs_part_1\PAT_580_1104_684.png
imgs_part_1,PAT_581_1114_116.png,.png,1578861,imgs_part_1\PAT_581_1114_116.png
imgs_part_1,PAT_582_1363_358.png,.png,556588,imgs_part_1\PAT_582_1363_358.png
imgs_part_1,PAT_583_1112_886.png,.png,1558034,imgs_part_1\PAT_583_1112_886.png
imgs_part_1,PAT_585_1130_474.png,.png,1152075,imgs_part_1\PAT_585_1130_474.png
imgs_part_1,PAT_585_1130_552.png,.png,935750,imgs_part_1\PAT_585_1130_552.png
imgs_part_1,PAT_58_91_143.png,.png,633271,imgs_part_1\PAT_58_91_143.png
imgs_part_1,PAT_58_91_845.png,.png,225021,imgs_part_1\PAT_58_91_845.png
imgs_part_1,PAT_59_46_537.png,.png,87542,imgs_part_1\PAT_59_46_537.png
imgs_part_1,PAT_59_93_342.png,.png,1892292,imgs_part_1\PAT_59_93_342.png
imgs_part_1,PAT_59_93_573.png,.png,3316992,imgs_part_1\PAT_59_93_573.png
imgs_part_1,PAT_59_94_849.png,.png,1419475,imgs_part_1\PAT_59_94_849.png
imgs_part_1,PAT_61_299_74.png,.png,117468,imgs_part_1\PAT_61_299_74.png
imgs_part_1,PAT_62_97_868.png,.png,99005,imgs_part_1\PAT_62_97_868.png
imgs_part_1,PAT_63_1075_331.png,.png,1418478,imgs_part_1\PAT_63_1075_331.png
imgs_part_1,PAT_63_1075_498.png,.png,2919591,imgs_part_1\PAT_63_1075_498.png
imgs_part_1,PAT_63_98_127.png,.png,585297,imgs_part_1\PAT_63_98_127.png
imgs_part_1,PAT_63_98_187.png,.png,1630683,imgs_part_1\PAT_63_98_187.png
imgs_part_1,PAT_63_99_189.png,.png,1209757,imgs_part_1\PAT_63_99_189.png
imgs_part_1,PAT_63_99_736.png,.png,303759,imgs_part_1\PAT_63_99_736.png
imgs_part_1,PAT_65_101_847.png,.png,1558939,imgs_part_1\PAT_65_101_847.png
imgs_part_1,PAT_67_104_695.png,.png,117008,imgs_part_1\PAT_67_104_695.png
imgs_part_1,PAT_67_104_730.png,.png,1561788,imgs_part_1\PAT_67_104_730.png
imgs_part_1,PAT_68_105_871.png,.png,917020,imgs_part_1\PAT_68_105_871.png
imgs_part_1,PAT_69_1053_332.png,.png,1359793,imgs_part_1\PAT_69_1053_332.png
imgs_part_1,PAT_69_1053_540.png,.png,442437,imgs_part_1\PAT_69_1053_540.png
imgs_part_1,PAT_70_107_155.png,.png,1386230,imgs_part_1\PAT_70_107_155.png
imgs_part_1,PAT_70_107_591.png,.png,118738,imgs_part_1\PAT_70_107_591.png
imgs_part_1,PAT_71_108_56.png,.png,1214281,imgs_part_1\PAT_71_108_56.png
imgs_part_1,PAT_71_108_617.png,.png,907131,imgs_part_1\PAT_71_108_617.png
imgs_part_1,PAT_71_145_971.png,.png,265953,imgs_part_1\PAT_71_145_971.png
imgs_part_1,PAT_72_110_647.png,.png,81104,imgs_part_1\PAT_72_110_647.png
imgs_part_1,PAT_72_110_944.png,.png,301246,imgs_part_1\PAT_72_110_944.png
imgs_part_1,PAT_73_111_435.png,.png,462713,imgs_part_1\PAT_73_111_435.png
imgs_part_1,PAT_73_111_609.png,.png,585961,imgs_part_1\PAT_73_111_609.png
imgs_part_1,PAT_74_112_729.png,.png,2606405,imgs_part_1\PAT_74_112_729.png
imgs_part_1,PAT_75_113_165.png,.png,1770916,imgs_part_1\PAT_75_113_165.png
imgs_part_1,PAT_75_113_647.png,.png,2221258,imgs_part_1\PAT_75_113_647.png
imgs_part_1,PAT_75_114_73.png,.png,1177309,imgs_part_1\PAT_75_114_73.png
imgs_part_1,PAT_76_1039_269.png,.png,630825,imgs_part_1\PAT_76_1039_269.png
imgs_part_1,PAT_78_118_164.png,.png,221036,imgs_part_1\PAT_78_118_164.png
imgs_part_1,PAT_78_118_685.png,.png,1017557,imgs_part_1\PAT_78_118_685.png
imgs_part_1,PAT_79_120_532.png,.png,150540,imgs_part_1\PAT_79_120_532.png
imgs_part_1,PAT_79_120_739.png,.png,534515,imgs_part_1\PAT_79_120_739.png
imgs_part_1,PAT_81_123_52.png,.png,602925,imgs_part_1\PAT_81_123_52.png
imgs_part_1,PAT_82_125_365.png,.png,146650,imgs_part_1\PAT_82_125_365.png
imgs_part_1,PAT_82_125_525.png,.png,68258,imgs_part_1\PAT_82_125_525.png
imgs_part_1,PAT_82_125_907.png,.png,144245,imgs_part_1\PAT_82_125_907.png
imgs_part_1,PAT_83_126_513.png,.png,1840284,imgs_part_1\PAT_83_126_513.png
imgs_part_1,PAT_83_126_820.png,.png,582496,imgs_part_1\PAT_83_126_820.png
imgs_part_1,PAT_84_128_233.png,.png,70070,imgs_part_1\PAT_84_128_233.png
imgs_part_1,PAT_85_129_225.png,.png,221539,imgs_part_1\PAT_85_129_225.png
imgs_part_1,PAT_85_129_896.png,.png,522929,imgs_part_1\PAT_85_129_896.png
imgs_part_1,PAT_85_129_980.png,.png,119759,imgs_part_1\PAT_85_129_980.png
imgs_part_1,PAT_86_1082_220.png,.png,265270,imgs_part_1\PAT_86_1082_220.png
imgs_part_1,PAT_86_1082_41.png,.png,4927894,imgs_part_1\PAT_86_1082_41.png
imgs_part_1,PAT_86_1109_164.png,.png,1124544,imgs_part_1\PAT_86_1109_164.png
imgs_part_1,PAT_86_1109_306.png,.png,414380,imgs_part_1\PAT_86_1109_306.png
imgs_part_1,PAT_86_131_107.png,.png,1489672,imgs_part_1\PAT_86_131_107.png
imgs_part_1,PAT_87_133_159.png,.png,85272,imgs_part_1\PAT_87_133_159.png
imgs_part_1,PAT_87_133_391.png,.png,86838,imgs_part_1\PAT_87_133_391.png
imgs_part_1,PAT_87_133_810.png,.png,88497,imgs_part_1\PAT_87_133_810.png
imgs_part_1,PAT_88_133_64.png,.png,1780022,imgs_part_1\PAT_88_133_64.png
imgs_part_1,PAT_89_135_11.png,.png,102037,imgs_part_1\PAT_89_135_11.png
imgs_part_1,PAT_8_15_820.png,.png,2168486,imgs_part_1\PAT_8_15_820.png
imgs_part_1,PAT_90_138_369.png,.png,448701,imgs_part_1\PAT_90_138_369.png
imgs_part_1,PAT_90_138_605.png,.png,290204,imgs_part_1\PAT_90_138_605.png
imgs_part_1,PAT_90_139_57.png,.png,318625,imgs_part_1\PAT_90_139_57.png
imgs_part_1,PAT_90_219_648.png,.png,1574413,imgs_part_1\PAT_90_219_648.png
imgs_part_1,PAT_91_140_664.png,.png,2559899,imgs_part_1\PAT_91_140_664.png
imgs_part_1,PAT_91_354_332.png,.png,197999,imgs_part_1\PAT_91_354_332.png
imgs_part_1,PAT_91_356_273.png,.png,433445,imgs_part_1\PAT_91_356_273.png
imgs_part_1,PAT_91_356_456.png,.png,348020,imgs_part_1\PAT_91_356_456.png
imgs_part_1,PAT_91_356_74.png,.png,483962,imgs_part_1\PAT_91_356_74.png
imgs_part_1,PAT_92_141_551.png,.png,1381260,imgs_part_1\PAT_92_141_551.png
imgs_part_1,PAT_93_142_269.png,.png,2310165,imgs_part_1\PAT_93_142_269.png
imgs_part_1,PAT_93_361_203.png,.png,150693,imgs_part_1\PAT_93_361_203.png
imgs_part_1,PAT_93_361_231.png,.png,185613,imgs_part_1\PAT_93_361_231.png
imgs_part_1,PAT_93_361_467.png,.png,173785,imgs_part_1\PAT_93_361_467.png
imgs_part_1,PAT_93_361_51.png,.png,109361,imgs_part_1\PAT_93_361_51.png
imgs_part_1,PAT_93_361_53.png,.png,61991,imgs_part_1\PAT_93_361_53.png
imgs_part_1,PAT_96_150_743.png,.png,1735977,imgs_part_1\PAT_96_150_743.png
imgs_part_1,PAT_97_151_503.png,.png,1782345,imgs_part_1\PAT_97_151_503.png
imgs_part_1,PAT_97_151_587.png,.png,174521,imgs_part_1\PAT_97_151_587.png
imgs_part_1,PAT_98_152_562.png,.png,1322986,imgs_part_1\PAT_98_152_562.png
imgs_part_1,PAT_99_153_636.png,.png,1913880,imgs_part_1\PAT_99_153_636.png
imgs_part_1,PAT_9_17_80.png,.png,2451347,imgs_part_1\PAT_9_17_80.png
imgs_part_2,PAT_1000_31_620.png,.png,430741,imgs_part_2\PAT_1000_31_620.png
imgs_part_2,PAT_1006_53_385.png,.png,107082,imgs_part_2\PAT_1006_53_385.png
imgs_part_2,PAT_1006_53_716.png,.png,71585,imgs_part_2\PAT_1006_53_716.png
imgs_part_2,PAT_1008_59_297.png,.png,1052287,imgs_part_2\PAT_1008_59_297.png
imgs_part_2,PAT_1013_82_876.png,.png,3991793,imgs_part_2\PAT_1013_82_876.png
imgs_part_2,PAT_1014_85_22.png,.png,1734631,imgs_part_2\PAT_1014_85_22.png
imgs_part_2,PAT_1014_86_861.png,.png,3039182,imgs_part_2\PAT_1014_86_861.png
imgs_part_2,PAT_1017_97_577.png,.png,300509,imgs_part_2\PAT_1017_97_577.png
imgs_part_2,PAT_1018_107_68.png,.png,255906,imgs_part_2\PAT_1018_107_68.png
imgs_part_2,PAT_1019_110_194.png,.png,105160,imgs_part_2\PAT_1019_110_194.png
imgs_part_2,PAT_1020_111_593.png,.png,445720,imgs_part_2\PAT_1020_111_593.png
imgs_part_2,PAT_1021_112_40.png,.png,235655,imgs_part_2\PAT_1021_112_40.png
imgs_part_2,PAT_1022_114_756.png,.png,652720,imgs_part_2\PAT_1022_114_756.png
imgs_part_2,PAT_1022_115_132.png,.png,275237,imgs_part_2\PAT_1022_115_132.png
imgs_part_2,PAT_1026_124_206.png,.png,432560,imgs_part_2\PAT_1026_124_206.png
imgs_part_2,PAT_1026_124_346.png,.png,335914,imgs_part_2\PAT_1026_124_346.png
imgs_part_2,PAT_1027_128_854.png,.png,257990,imgs_part_2\PAT_1027_128_854.png
imgs_part_2,PAT_1029_135_239.png,.png,315797,imgs_part_2\PAT_1029_135_239.png
imgs_part_2,PAT_1029_135_983.png,.png,266223,imgs_part_2\PAT_1029_135_983.png
imgs_part_2,PAT_1031_148_29.png,.png,220119,imgs_part_2\PAT_1031_148_29.png
imgs_part_2,PAT_1031_148_292.png,.png,207487,imgs_part_2\PAT_1031_148_292.png
imgs_part_2,PAT_1031_148_66.png,.png,158594,imgs_part_2\PAT_1031_148_66.png
imgs_part_2,PAT_1033_153_301.png,.png,522522,imgs_part_2\PAT_1033_153_301.png
imgs_part_2,PAT_1034_160_819.png,.png,121392,imgs_part_2\PAT_1034_160_819.png
imgs_part_2,PAT_1034_161_203.png,.png,163284,imgs_part_2\PAT_1034_161_203.png
imgs_part_2,PAT_1035_165_800.png,.png,1077101,imgs_part_2\PAT_1035_165_800.png
imgs_part_2,PAT_1036_169_687.png,.png,389030,imgs_part_2\PAT_1036_169_687.png
imgs_part_2,PAT_1042_187_746.png,.png,460192,imgs_part_2\PAT_1042_187_746.png
imgs_part_2,PAT_1046_203_511.png,.png,176236,imgs_part_2\PAT_1046_203_511.png
imgs_part_2,PAT_1051_220_356.png,.png,769007,imgs_part_2\PAT_1051_220_356.png
imgs_part_2,PAT_1057_242_297.png,.png,724116,imgs_part_2\PAT_1057_242_297.png
imgs_part_2,PAT_1061_254_813.png,.png,1511523,imgs_part_2\PAT_1061_254_813.png
imgs_part_2,PAT_1062_264_741.png,.png,279483,imgs_part_2\PAT_1062_264_741.png
imgs_part_2,PAT_1063_268_704.png,.png,128261,imgs_part_2\PAT_1063_268_704.png
imgs_part_2,PAT_1063_268_919.png,.png,187282,imgs_part_2\PAT_1063_268_919.png
imgs_part_2,PAT_1063_269_755.png,.png,146564,imgs_part_2\PAT_1063_269_755.png
imgs_part_2,PAT_1063_270_593.png,.png,257003,imgs_part_2\PAT_1063_270_593.png
imgs_part_2,PAT_1063_271_448.png,.png,153575,imgs_part_2\PAT_1063_271_448.png
imgs_part_2,PAT_1064_272_668.png,.png,92431,imgs_part_2\PAT_1064_272_668.png
imgs_part_2,PAT_1064_273_980.png,.png,236063,imgs_part_2\PAT_1064_273_980.png
imgs_part_2,PAT_1065_275_136.png,.png,287383,imgs_part_2\PAT_1065_275_136.png
imgs_part_2,PAT_1065_276_231.png,.png,248865,imgs_part_2\PAT_1065_276_231.png
imgs_part_2,PAT_1065_277_768.png,.png,359275,imgs_part_2\PAT_1065_277_768.png
imgs_part_2,PAT_1065_278_954.png,.png,370532,imgs_part_2\PAT_1065_278_954.png
imgs_part_2,PAT_1066_281_698.png,.png,354066,imgs_part_2\PAT_1066_281_698.png
imgs_part_2,PAT_1066_281_99.png,.png,436140,imgs_part_2\PAT_1066_281_99.png
imgs_part_2,PAT_1067_284_533.png,.png,240855,imgs_part_2\PAT_1067_284_533.png
imgs_part_2,PAT_1068_285_845.png,.png,57896,imgs_part_2\PAT_1068_285_845.png
imgs_part_2,PAT_1070_304_845.png,.png,244589,imgs_part_2\PAT_1070_304_845.png
imgs_part_2,PAT_1070_305_907.png,.png,1031309,imgs_part_2\PAT_1070_305_907.png
imgs_part_2,PAT_1070_308_751.png,.png,310238,imgs_part_2\PAT_1070_308_751.png
imgs_part_2,PAT_1071_312_841.png,.png,168264,imgs_part_2\PAT_1071_312_841.png
imgs_part_2,PAT_1071_313_789.png,.png,270121,imgs_part_2\PAT_1071_313_789.png
imgs_part_2,PAT_1071_314_500.png,.png,645103,imgs_part_2\PAT_1071_314_500.png
imgs_part_2,PAT_1072_318_856.png,.png,342108,imgs_part_2\PAT_1072_318_856.png
imgs_part_2,PAT_1074_322_174.png,.png,281188,imgs_part_2\PAT_1074_322_174.png
imgs_part_2,PAT_1074_322_242.png,.png,289854,imgs_part_2\PAT_1074_322_242.png
imgs_part_2,PAT_1074_322_662.png,.png,540387,imgs_part_2\PAT_1074_322_662.png
imgs_part_2,PAT_1074_322_864.png,.png,304252,imgs_part_2\PAT_1074_322_864.png
imgs_part_2,PAT_1075_324_177.png,.png,175839,imgs_part_2\PAT_1075_324_177.png
imgs_part_2,PAT_1082_342_705.png,.png,172059,imgs_part_2\PAT_1082_342_705.png
imgs_part_2,PAT_1088_373_781.png,.png,157346,imgs_part_2\PAT_1088_373_781.png
imgs_part_2,PAT_1089_375_60.png,.png,100750,imgs_part_2\PAT_1089_375_60.png
imgs_part_2,PAT_1089_375_677.png,.png,49830,imgs_part_2\PAT_1089_375_677.png
imgs_part_2,PAT_1090_376_384.png,.png,129787,imgs_part_2\PAT_1090_376_384.png
imgs_part_2,PAT_1092_378_922.png,.png,240762,imgs_part_2\PAT_1092_378_922.png
imgs_part_2,PAT_1093_379_273.png,.png,415846,imgs_part_2\PAT_1093_379_273.png
imgs_part_2,PAT_587_1117_880.png,.png,1166051,imgs_part_2\PAT_587_1117_880.png
imgs_part_2,PAT_587_3431_6.png,.png,5061422,imgs_part_2\PAT_587_3431_6.png
imgs_part_2,PAT_590_1121_504.png,.png,457522,imgs_part_2\PAT_590_1121_504.png
imgs_part_2,PAT_591_1126_21.png,.png,1745002,imgs_part_2\PAT_591_1126_21.png
imgs_part_2,PAT_593_1127_823.png,.png,3495997,imgs_part_2\PAT_593_1127_823.png
imgs_part_2,PAT_595_1142_142.png,.png,699064,imgs_part_2\PAT_595_1142_142.png
imgs_part_2,PAT_596_1146_294.png,.png,140637,imgs_part_2\PAT_596_1146_294.png
imgs_part_2,PAT_596_1146_316.png,.png,2075453,imgs_part_2\PAT_596_1146_316.png
imgs_part_2,PAT_597_1139_181.png,.png,1825514,imgs_part_2\PAT_597_1139_181.png
imgs_part_2,PAT_598_1137_888.png,.png,1621026,imgs_part_2\PAT_598_1137_888.png
imgs_part_2,PAT_599_1140_399.png,.png,2984273,imgs_part_2\PAT_599_1140_399.png
imgs_part_2,PAT_600_1141_542.png,.png,233949,imgs_part_2\PAT_600_1141_542.png
imgs_part_2,PAT_600_1141_988.png,.png,2643736,imgs_part_2\PAT_600_1141_988.png
imgs_part_2,PAT_601_1147_889.png,.png,388417,imgs_part_2\PAT_601_1147_889.png
imgs_part_2,PAT_601_1147_943.png,.png,4013765,imgs_part_2\PAT_601_1147_943.png
imgs_part_2,PAT_604_1150_336.png,.png,4302026,imgs_part_2\PAT_604_1150_336.png
imgs_part_2,PAT_605_1152_536.png,.png,442580,imgs_part_2\PAT_605_1152_536.png
imgs_part_2,PAT_609_1159_932.png,.png,7521023,imgs_part_2\PAT_609_1159_932.png
imgs_part_2,PAT_609_1159_942.png,.png,1601212,imgs_part_2\PAT_609_1159_942.png
imgs_part_2,PAT_610_1156_461.png,.png,3310045,imgs_part_2\PAT_610_1156_461.png
imgs_part_2,PAT_611_1158_156.png,.png,366016,imgs_part_2\PAT_611_1158_156.png
imgs_part_2,PAT_612_1163_833.png,.png,408051,imgs_part_2\PAT_612_1163_833.png
imgs_part_2,PAT_613_1164_827.png,.png,1379191,imgs_part_2\PAT_613_1164_827.png
imgs_part_2,PAT_614_1166_885.png,.png,755300,imgs_part_2\PAT_614_1166_885.png
imgs_part_2,PAT_615_1167_722.png,.png,1853633,imgs_part_2\PAT_615_1167_722.png
imgs_part_2,PAT_615_1168_968.png,.png,1014479,imgs_part_2\PAT_615_1168_968.png
imgs_part_2,PAT_616_1169_3.png,.png,1233146,imgs_part_2\PAT_616_1169_3.png
imgs_part_2,PAT_618_1174_596.png,.png,1436094,imgs_part_2\PAT_618_1174_596.png
imgs_part_2,PAT_619_1175_767.png,.png,4421333,imgs_part_2\PAT_619_1175_767.png
imgs_part_2,PAT_620_1176_980.png,.png,653213,imgs_part_2\PAT_620_1176_980.png
imgs_part_2,PAT_621_1182_456.png,.png,1391887,imgs_part_2\PAT_621_1182_456.png
imgs_part_2,PAT_621_1183_56.png,.png,832561,imgs_part_2\PAT_621_1183_56.png
imgs_part_2,PAT_621_3591_171.png,.png,1045762,imgs_part_2\PAT_621_3591_171.png
imgs_part_2,PAT_621_3592_955.png,.png,1458574,imgs_part_2\PAT_621_3592_955.png
imgs_part_2,PAT_622_1185_922.png,.png,195008,imgs_part_2\PAT_622_1185_922.png
imgs_part_2,PAT_624_1179_323.png,.png,1166571,imgs_part_2\PAT_624_1179_323.png
imgs_part_2,PAT_624_1180_803.png,.png,397012,imgs_part_2\PAT_624_1180_803.png
imgs_part_2,PAT_625_1184_412.png,.png,185126,imgs_part_2\PAT_625_1184_412.png
imgs_part_2,PAT_625_1184_994.png,.png,435938,imgs_part_2\PAT_625_1184_994.png
imgs_part_2,PAT_626_1186_898.png,.png,1445127,imgs_part_2\PAT_626_1186_898.png
imgs_part_2,PAT_626_1187_34.png,.png,2204732,imgs_part_2\PAT_626_1187_34.png
imgs_part_2,PAT_627_1188_503.png,.png,911114,imgs_part_2\PAT_627_1188_503.png
imgs_part_2,PAT_627_1188_755.png,.png,429367,imgs_part_2\PAT_627_1188_755.png
imgs_part_2,PAT_628_1191_564.png,.png,308525,imgs_part_2\PAT_628_1191_564.png
imgs_part_2,PAT_629_1192_362.png,.png,2445254,imgs_part_2\PAT_629_1192_362.png
imgs_part_2,PAT_630_1196_710.png,.png,643001,imgs_part_2\PAT_630_1196_710.png
imgs_part_2,PAT_631_1207_982.png,.png,499766,imgs_part_2\PAT_631_1207_982.png
imgs_part_2,PAT_631_1227_585.png,.png,5724175,imgs_part_2\PAT_631_1227_585.png
imgs_part_2,PAT_632_1206_634.png,.png,1612543,imgs_part_2\PAT_632_1206_634.png
imgs_part_2,PAT_632_1206_637.png,.png,717054,imgs_part_2\PAT_632_1206_637.png
imgs_part_2,PAT_632_3700_890.png,.png,514516,imgs_part_2\PAT_632_3700_890.png
imgs_part_2,PAT_633_1199_218.png,.png,216881,imgs_part_2\PAT_633_1199_218.png
imgs_part_2,PAT_633_1199_745.png,.png,3993572,imgs_part_2\PAT_633_1199_745.png
imgs_part_2,PAT_636_1204_521.png,.png,398912,imgs_part_2\PAT_636_1204_521.png
imgs_part_2,PAT_636_1204_666.png,.png,3055769,imgs_part_2\PAT_636_1204_666.png
imgs_part_2,PAT_637_1217_274.png,.png,596835,imgs_part_2\PAT_637_1217_274.png
imgs_part_2,PAT_637_1434_570.png,.png,812015,imgs_part_2\PAT_637_1434_570.png
imgs_part_2,PAT_637_1434_684.png,.png,733601,imgs_part_2\PAT_637_1434_684.png
imgs_part_2,PAT_638_3680_891.png,.png,1441233,imgs_part_2\PAT_638_3680_891.png
imgs_part_2,PAT_639_1208_986.png,.png,466902,imgs_part_2\PAT_639_1208_986.png
imgs_part_2,PAT_639_3674_452.png,.png,338335,imgs_part_2\PAT_639_3674_452.png
imgs_part_2,PAT_639_3676_760.png,.png,2081371,imgs_part_2\PAT_639_3676_760.png
imgs_part_2,PAT_640_1210_293.png,.png,910845,imgs_part_2\PAT_640_1210_293.png
imgs_part_2,PAT_641_1211_321.png,.png,680213,imgs_part_2\PAT_641_1211_321.png
imgs_part_2,PAT_641_3704_317.png,.png,754871,imgs_part_2\PAT_641_3704_317.png
imgs_part_2,PAT_645_1222_140.png,.png,2541052,imgs_part_2\PAT_645_1222_140.png
imgs_part_2,PAT_645_1222_860.png,.png,1019420,imgs_part_2\PAT_645_1222_860.png
imgs_part_2,PAT_645_1223_124.png,.png,1230474,imgs_part_2\PAT_645_1223_124.png
imgs_part_2,PAT_645_1223_443.png,.png,416556,imgs_part_2\PAT_645_1223_443.png
imgs_part_2,PAT_645_1224_768.png,.png,1097614,imgs_part_2\PAT_645_1224_768.png
imgs_part_2,PAT_645_1300_463.png,.png,1717894,imgs_part_2\PAT_645_1300_463.png
imgs_part_2,PAT_645_1461_111.png,.png,2238295,imgs_part_2\PAT_645_1461_111.png
imgs_part_2,PAT_645_1500_364.png,.png,789241,imgs_part_2\PAT_645_1500_364.png
imgs_part_2,PAT_645_4042_489.png,.png,6376852,imgs_part_2\PAT_645_4042_489.png
imgs_part_2,PAT_645_4043_374.png,.png,4890347,imgs_part_2\PAT_645_4043_374.png
imgs_part_2,PAT_646_1225_590.png,.png,1499028,imgs_part_2\PAT_646_1225_590.png
imgs_part_2,PAT_649_1233_229.png,.png,729047,imgs_part_2\PAT_649_1233_229.png
imgs_part_2,PAT_650_1230_636.png,.png,546296,imgs_part_2\PAT_650_1230_636.png
imgs_part_2,PAT_650_1241_329.png,.png,438406,imgs_part_2\PAT_650_1241_329.png
imgs_part_2,PAT_650_3858_329.png,.png,416382,imgs_part_2\PAT_650_3858_329.png
imgs_part_2,PAT_651_1232_950.png,.png,769525,imgs_part_2\PAT_651_1232_950.png
imgs_part_2,PAT_652_1231_516.png,.png,694842,imgs_part_2\PAT_652_1231_516.png
imgs_part_2,PAT_653_1234_311.png,.png,583199,imgs_part_2\PAT_653_1234_311.png
imgs_part_2,PAT_654_1244_16.png,.png,748936,imgs_part_2\PAT_654_1244_16.png
imgs_part_2,PAT_655_1245_807.png,.png,196354,imgs_part_2\PAT_655_1245_807.png
imgs_part_2,PAT_655_926_447.png,.png,1542385,imgs_part_2\PAT_655_926_447.png
imgs_part_2,PAT_656_1246_483.png,.png,208473,imgs_part_2\PAT_656_1246_483.png
imgs_part_2,PAT_656_1246_489.png,.png,1910910,imgs_part_2\PAT_656_1246_489.png
imgs_part_2,PAT_657_1247_455.png,.png,1509597,imgs_part_2\PAT_657_1247_455.png
imgs_part_2,PAT_658_1266_149.png,.png,3727640,imgs_part_2\PAT_658_1266_149.png
imgs_part_2,PAT_660_1249_373.png,.png,491724,imgs_part_2\PAT_660_1249_373.png
imgs_part_2,PAT_660_1249_469.png,.png,1061759,imgs_part_2\PAT_660_1249_469.png
imgs_part_2,PAT_662_1251_380.png,.png,877601,imgs_part_2\PAT_662_1251_380.png
imgs_part_2,PAT_662_1251_43.png,.png,2145047,imgs_part_2\PAT_662_1251_43.png
imgs_part_2,PAT_663_1254_732.png,.png,1708777,imgs_part_2\PAT_663_1254_732.png
imgs_part_2,PAT_664_1263_781.png,.png,571626,imgs_part_2\PAT_664_1263_781.png
imgs_part_2,PAT_665_1260_16.png,.png,1267898,imgs_part_2\PAT_665_1260_16.png
imgs_part_2,PAT_665_1261_17.png,.png,1785481,imgs_part_2\PAT_665_1261_17.png
imgs_part_2,PAT_665_1262_774.png,.png,2161398,imgs_part_2\PAT_665_1262_774.png
imgs_part_2,PAT_666_1268_870.png,.png,808534,imgs_part_2\PAT_666_1268_870.png
imgs_part_2,PAT_666_1269_65.png,.png,4845244,imgs_part_2\PAT_666_1269_65.png
imgs_part_2,PAT_666_1271_645.png,.png,897861,imgs_part_2\PAT_666_1271_645.png
imgs_part_2,PAT_667_1264_8.png,.png,195772,imgs_part_2\PAT_667_1264_8.png
imgs_part_2,PAT_668_1259_681.png,.png,299718,imgs_part_2\PAT_668_1259_681.png
imgs_part_2,PAT_669_1265_76.png,.png,868492,imgs_part_2\PAT_669_1265_76.png
imgs_part_2,PAT_672_1272_705.png,.png,1496034,imgs_part_2\PAT_672_1272_705.png
imgs_part_2,PAT_673_1276_752.png,.png,191181,imgs_part_2\PAT_673_1276_752.png
imgs_part_2,PAT_673_3928_888.png,.png,1011309,imgs_part_2\PAT_673_3928_888.png
imgs_part_2,PAT_674_1277_9.png,.png,700274,imgs_part_2\PAT_674_1277_9.png
imgs_part_2,PAT_677_1348_51.png,.png,2627191,imgs_part_2\PAT_677_1348_51.png
imgs_part_2,PAT_677_1348_657.png,.png,1347534,imgs_part_2\PAT_677_1348_657.png
imgs_part_2,PAT_677_1349_541.png,.png,5047732,imgs_part_2\PAT_677_1349_541.png
imgs_part_2,PAT_677_1349_851.png,.png,2570034,imgs_part_2\PAT_677_1349_851.png
imgs_part_2,PAT_677_1350_358.png,.png,5058774,imgs_part_2\PAT_677_1350_358.png
imgs_part_2,PAT_677_1350_67.png,.png,3598244,imgs_part_2\PAT_677_1350_67.png
imgs_part_2,PAT_678_1287_652.png,.png,316635,imgs_part_2\PAT_678_1287_652.png
imgs_part_2,PAT_678_1298_396.png,.png,2168367,imgs_part_2\PAT_678_1298_396.png
imgs_part_2,PAT_679_1286_677.png,.png,378443,imgs_part_2\PAT_679_1286_677.png
imgs_part_2,PAT_679_1286_933.png,.png,269664,imgs_part_2\PAT_679_1286_933.png
imgs_part_2,PAT_680_1289_182.png,.png,1574989,imgs_part_2\PAT_680_1289_182.png
imgs_part_2,PAT_680_1289_585.png,.png,206436,imgs_part_2\PAT_680_1289_585.png
imgs_part_2,PAT_681_1299_458.png,.png,309024,imgs_part_2\PAT_681_1299_458.png
imgs_part_2,PAT_682_1292_642.png,.png,2106300,imgs_part_2\PAT_682_1292_642.png
imgs_part_2,PAT_682_1292_978.png,.png,2101279,imgs_part_2\PAT_682_1292_978.png
imgs_part_2,PAT_682_1292_986.png,.png,2817090,imgs_part_2\PAT_682_1292_986.png
imgs_part_2,PAT_683_1296_237.png,.png,504045,imgs_part_2\PAT_683_1296_237.png
imgs_part_2,PAT_683_1297_195.png,.png,355397,imgs_part_2\PAT_683_1297_195.png
imgs_part_2,PAT_683_1297_839.png,.png,449339,imgs_part_2\PAT_683_1297_839.png
imgs_part_2,PAT_684_1302_588.png,.png,1048730,imgs_part_2\PAT_684_1302_588.png
imgs_part_2,PAT_684_1302_934.png,.png,357327,imgs_part_2\PAT_684_1302_934.png
imgs_part_2,PAT_684_1303_178.png,.png,3519038,imgs_part_2\PAT_684_1303_178.png
imgs_part_2,PAT_684_1303_368.png,.png,4737548,imgs_part_2\PAT_684_1303_368.png
imgs_part_2,PAT_686_1355_168.png,.png,1623647,imgs_part_2\PAT_686_1355_168.png
imgs_part_2,PAT_687_1304_898.png,.png,1171563,imgs_part_2\PAT_687_1304_898.png
imgs_part_2,PAT_688_1305_242.png,.png,1244112,imgs_part_2\PAT_688_1305_242.png
imgs_part_2,PAT_689_1306_772.png,.png,354186,imgs_part_2\PAT_689_1306_772.png
imgs_part_2,PAT_689_1307_354.png,.png,406090,imgs_part_2\PAT_689_1307_354.png
imgs_part_2,PAT_690_1309_154.png,.png,2077261,imgs_part_2\PAT_690_1309_154.png
imgs_part_2,PAT_690_1309_217.png,.png,3597152,imgs_part_2\PAT_690_1309_217.png
imgs_part_2,PAT_690_1309_981.png,.png,3171531,imgs_part_2\PAT_690_1309_981.png
imgs_part_2,PAT_691_1310_780.png,.png,486439,imgs_part_2\PAT_691_1310_780.png
imgs_part_2,PAT_691_1311_2.png,.png,12726318,imgs_part_2\PAT_691_1311_2.png
imgs_part_2,PAT_691_1311_686.png,.png,525988,imgs_part_2\PAT_691_1311_686.png
imgs_part_2,PAT_691_1311_890.png,.png,1792191,imgs_part_2\PAT_691_1311_890.png
imgs_part_2,PAT_691_1312_389.png,.png,4717960,imgs_part_2\PAT_691_1312_389.png
imgs_part_2,PAT_691_3994_671.png,.png,12726318,imgs_part_2\PAT_691_3994_671.png
imgs_part_2,PAT_691_3994_791.png,.png,1792191,imgs_part_2\PAT_691_3994_791.png
imgs_part_2,PAT_692_1308_364.png,.png,2204985,imgs_part_2\PAT_692_1308_364.png
imgs_part_2,PAT_693_1313_304.png,.png,1928959,imgs_part_2\PAT_693_1313_304.png
imgs_part_2,PAT_695_1314_822.png,.png,1967059,imgs_part_2\PAT_695_1314_822.png
imgs_part_2,PAT_697_1317_892.png,.png,1538706,imgs_part_2\PAT_697_1317_892.png
imgs_part_2,PAT_698_1150_510.png,.png,408919,imgs_part_2\PAT_698_1150_510.png
imgs_part_2,PAT_698_1150_881.png,.png,237947,imgs_part_2\PAT_698_1150_881.png
imgs_part_2,PAT_698_1319_166.png,.png,3364515,imgs_part_2\PAT_698_1319_166.png
imgs_part_2,PAT_699_1320_901.png,.png,844960,imgs_part_2\PAT_699_1320_901.png
imgs_part_2,PAT_701_1321_156.png,.png,2174394,imgs_part_2\PAT_701_1321_156.png
imgs_part_2,PAT_701_4056_457.png,.png,2174394,imgs_part_2\PAT_701_4056_457.png
imgs_part_2,PAT_703_1329_112.png,.png,2207895,imgs_part_2\PAT_703_1329_112.png
imgs_part_2,PAT_704_1323_974.png,.png,1601725,imgs_part_2\PAT_704_1323_974.png
imgs_part_2,PAT_704_1324_359.png,.png,2026501,imgs_part_2\PAT_704_1324_359.png
imgs_part_2,PAT_705_1326_82.png,.png,224540,imgs_part_2\PAT_705_1326_82.png
imgs_part_2,PAT_705_4015_413.png,.png,3206896,imgs_part_2\PAT_705_4015_413.png
imgs_part_2,PAT_707_1327_245.png,.png,306941,imgs_part_2\PAT_707_1327_245.png
imgs_part_2,PAT_708_1333_222.png,.png,4429900,imgs_part_2\PAT_708_1333_222.png
imgs_part_2,PAT_709_1331_253.png,.png,2997205,imgs_part_2\PAT_709_1331_253.png
imgs_part_2,PAT_710_1330_243.png,.png,425154,imgs_part_2\PAT_710_1330_243.png
imgs_part_2,PAT_711_1334_344.png,.png,2678808,imgs_part_2\PAT_711_1334_344.png
imgs_part_2,PAT_711_1334_480.png,.png,684765,imgs_part_2\PAT_711_1334_480.png
imgs_part_2,PAT_711_4067_260.png,.png,7408325,imgs_part_2\PAT_711_4067_260.png
imgs_part_2,PAT_712_1335_359.png,.png,1765254,imgs_part_2\PAT_712_1335_359.png
imgs_part_2,PAT_713_1336_159.png,.png,798905,imgs_part_2\PAT_713_1336_159.png
imgs_part_2,PAT_714_1337_709.png,.png,669888,imgs_part_2\PAT_714_1337_709.png
imgs_part_2,PAT_714_1337_914.png,.png,2116760,imgs_part_2\PAT_714_1337_914.png
imgs_part_2,PAT_715_1338_761.png,.png,1101343,imgs_part_2\PAT_715_1338_761.png
imgs_part_2,PAT_715_1339_508.png,.png,1017878,imgs_part_2\PAT_715_1339_508.png
imgs_part_2,PAT_715_4072_827.png,.png,4675173,imgs_part_2\PAT_715_4072_827.png
imgs_part_2,PAT_715_4073_115.png,.png,5764333,imgs_part_2\PAT_715_4073_115.png
imgs_part_2,PAT_716_1345_460.png,.png,785803,imgs_part_2\PAT_716_1345_460.png
imgs_part_2,PAT_717_1347_899.png,.png,705647,imgs_part_2\PAT_717_1347_899.png
imgs_part_2,PAT_718_1358_919.png,.png,1224437,imgs_part_2\PAT_718_1358_919.png
imgs_part_2,PAT_719_1361_160.png,.png,802488,imgs_part_2\PAT_719_1361_160.png
imgs_part_2,PAT_719_1361_234.png,.png,2283569,imgs_part_2\PAT_719_1361_234.png
imgs_part_2,PAT_720_1362_700.png,.png,2148524,imgs_part_2\PAT_720_1362_700.png
imgs_part_2,PAT_721_1365_142.png,.png,2276355,imgs_part_2\PAT_721_1365_142.png
imgs_part_2,PAT_721_1365_819.png,.png,786072,imgs_part_2\PAT_721_1365_819.png
imgs_part_2,PAT_722_1376_280.png,.png,1676070,imgs_part_2\PAT_722_1376_280.png
imgs_part_2,PAT_722_1377_120.png,.png,2453230,imgs_part_2\PAT_722_1377_120.png
imgs_part_2,PAT_723_1396_338.png,.png,1057983,imgs_part_2\PAT_723_1396_338.png
imgs_part_2,PAT_724_1369_896.png,.png,1209193,imgs_part_2\PAT_724_1369_896.png
imgs_part_2,PAT_726_1371_397.png,.png,795259,imgs_part_2\PAT_726_1371_397.png
imgs_part_2,PAT_726_1371_543.png,.png,727251,imgs_part_2\PAT_726_1371_543.png
imgs_part_2,PAT_727_1373_718.png,.png,437427,imgs_part_2\PAT_727_1373_718.png
imgs_part_2,PAT_727_1373_776.png,.png,3855444,imgs_part_2\PAT_727_1373_776.png
imgs_part_2,PAT_728_1381_63.png,.png,568229,imgs_part_2\PAT_728_1381_63.png
imgs_part_2,PAT_728_1533_952.png,.png,1409021,imgs_part_2\PAT_728_1533_952.png
imgs_part_2,PAT_729_1382_390.png,.png,373898,imgs_part_2\PAT_729_1382_390.png
imgs_part_2,PAT_730_1383_535.png,.png,938042,imgs_part_2\PAT_730_1383_535.png
imgs_part_2,PAT_730_1385_585.png,.png,1716823,imgs_part_2\PAT_730_1385_585.png
imgs_part_2,PAT_731_1387_634.png,.png,669742,imgs_part_2\PAT_731_1387_634.png
imgs_part_2,PAT_734_1390_631.png,.png,464113,imgs_part_2\PAT_734_1390_631.png
imgs_part_2,PAT_735_1391_261.png,.png,4933496,imgs_part_2\PAT_735_1391_261.png
imgs_part_2,PAT_735_1391_683.png,.png,922949,imgs_part_2\PAT_735_1391_683.png
imgs_part_2,PAT_736_1392_562.png,.png,472793,imgs_part_2\PAT_736_1392_562.png
imgs_part_2,PAT_737_1394_308.png,.png,799733,imgs_part_2\PAT_737_1394_308.png
imgs_part_2,PAT_737_1394_936.png,.png,573736,imgs_part_2\PAT_737_1394_936.png
imgs_part_2,PAT_738_1397_195.png,.png,849277,imgs_part_2\PAT_738_1397_195.png
imgs_part_2,PAT_738_1397_966.png,.png,972751,imgs_part_2\PAT_738_1397_966.png
imgs_part_2,PAT_738_1552_502.png,.png,973687,imgs_part_2\PAT_738_1552_502.png
imgs_part_2,PAT_738_1552_843.png,.png,1803404,imgs_part_2\PAT_738_1552_843.png
imgs_part_2,PAT_739_1398_331.png,.png,3182665,imgs_part_2\PAT_739_1398_331.png
imgs_part_2,PAT_741_1400_780.png,.png,825174,imgs_part_2\PAT_741_1400_780.png
imgs_part_2,PAT_741_1401_619.png,.png,3720856,imgs_part_2\PAT_741_1401_619.png
imgs_part_2,PAT_742_1402_818.png,.png,2041667,imgs_part_2\PAT_742_1402_818.png
imgs_part_2,PAT_742_1470_425.png,.png,827784,imgs_part_2\PAT_742_1470_425.png
imgs_part_2,PAT_742_1470_834.png,.png,614095,imgs_part_2\PAT_742_1470_834.png
imgs_part_2,PAT_744_1404_951.png,.png,678448,imgs_part_2\PAT_744_1404_951.png
imgs_part_2,PAT_744_1405_742.png,.png,2242820,imgs_part_2\PAT_744_1405_742.png
imgs_part_2,PAT_745_1406_409.png,.png,780026,imgs_part_2\PAT_745_1406_409.png
imgs_part_2,PAT_746_1407_708.png,.png,946450,imgs_part_2\PAT_746_1407_708.png
imgs_part_2,PAT_747_1408_427.png,.png,3056554,imgs_part_2\PAT_747_1408_427.png
imgs_part_2,PAT_747_1408_742.png,.png,661347,imgs_part_2\PAT_747_1408_742.png
imgs_part_2,PAT_747_1408_965.png,.png,684109,imgs_part_2\PAT_747_1408_965.png
imgs_part_2,PAT_747_1409_116.png,.png,1036539,imgs_part_2\PAT_747_1409_116.png
imgs_part_2,PAT_747_1409_466.png,.png,476438,imgs_part_2\PAT_747_1409_466.png
imgs_part_2,PAT_747_1410_179.png,.png,437798,imgs_part_2\PAT_747_1410_179.png
imgs_part_2,PAT_747_1410_622.png,.png,461459,imgs_part_2\PAT_747_1410_622.png
imgs_part_2,PAT_749_1414_770.png,.png,2763119,imgs_part_2\PAT_749_1414_770.png
imgs_part_2,PAT_749_1415_164.png,.png,4161813,imgs_part_2\PAT_749_1415_164.png
imgs_part_2,PAT_751_1497_215.png,.png,2423335,imgs_part_2\PAT_751_1497_215.png
imgs_part_2,PAT_752_1426_714.png,.png,2853366,imgs_part_2\PAT_752_1426_714.png
imgs_part_2,PAT_753_1427_496.png,.png,2765462,imgs_part_2\PAT_753_1427_496.png
imgs_part_2,PAT_753_1427_658.png,.png,819511,imgs_part_2\PAT_753_1427_658.png
imgs_part_2,PAT_753_1428_451.png,.png,281388,imgs_part_2\PAT_753_1428_451.png
imgs_part_2,PAT_753_1833_710.png,.png,1245090,imgs_part_2\PAT_753_1833_710.png
imgs_part_2,PAT_753_1834_712.png,.png,659646,imgs_part_2\PAT_753_1834_712.png
imgs_part_2,PAT_754_1429_380.png,.png,3988599,imgs_part_2\PAT_754_1429_380.png
imgs_part_2,PAT_755_1430_681.png,.png,1934009,imgs_part_2\PAT_755_1430_681.png
imgs_part_2,PAT_756_1495_858.png,.png,142003,imgs_part_2\PAT_756_1495_858.png
imgs_part_2,PAT_756_1496_480.png,.png,194386,imgs_part_2\PAT_756_1496_480.png
imgs_part_2,PAT_756_1496_599.png,.png,111787,imgs_part_2\PAT_756_1496_599.png
imgs_part_2,PAT_757_1431_696.png,.png,600369,imgs_part_2\PAT_757_1431_696.png
imgs_part_2,PAT_757_1431_907.png,.png,515480,imgs_part_2\PAT_757_1431_907.png
imgs_part_2,PAT_757_4220_942.png,.png,333302,imgs_part_2\PAT_757_4220_942.png
imgs_part_2,PAT_758_1441_891.png,.png,4401539,imgs_part_2\PAT_758_1441_891.png
imgs_part_2,PAT_759_1433_914.png,.png,247030,imgs_part_2\PAT_759_1433_914.png
imgs_part_2,PAT_759_1433_973.png,.png,411270,imgs_part_2\PAT_759_1433_973.png
imgs_part_2,PAT_759_1538_566.png,.png,247030,imgs_part_2\PAT_759_1538_566.png
imgs_part_2,PAT_760_1456_878.png,.png,490820,imgs_part_2\PAT_760_1456_878.png
imgs_part_2,PAT_761_1435_561.png,.png,2346487,imgs_part_2\PAT_761_1435_561.png
imgs_part_2,PAT_762_1436_414.png,.png,697886,imgs_part_2\PAT_762_1436_414.png
imgs_part_2,PAT_763_1439_668.png,.png,1080073,imgs_part_2\PAT_763_1439_668.png
imgs_part_2,PAT_764_1448_499.png,.png,275094,imgs_part_2\PAT_764_1448_499.png
imgs_part_2,PAT_766_1444_52.png,.png,917570,imgs_part_2\PAT_766_1444_52.png
imgs_part_2,PAT_766_1670_458.png,.png,1596097,imgs_part_2\PAT_766_1670_458.png
imgs_part_2,PAT_767_1501_691.png,.png,1260843,imgs_part_2\PAT_767_1501_691.png
imgs_part_2,PAT_768_1449_842.png,.png,396999,imgs_part_2\PAT_768_1449_842.png
imgs_part_2,PAT_768_1450_402.png,.png,344541,imgs_part_2\PAT_768_1450_402.png
imgs_part_2,PAT_770_1451_136.png,.png,4815608,imgs_part_2\PAT_770_1451_136.png
imgs_part_2,PAT_771_1488_562.png,.png,4923934,imgs_part_2\PAT_771_1488_562.png
imgs_part_2,PAT_771_1488_922.png,.png,5173097,imgs_part_2\PAT_771_1488_922.png
imgs_part_2,PAT_771_1489_345.png,.png,4761885,imgs_part_2\PAT_771_1489_345.png
imgs_part_2,PAT_771_1489_70.png,.png,7548285,imgs_part_2\PAT_771_1489_70.png
imgs_part_2,PAT_771_1490_334.png,.png,2280919,imgs_part_2\PAT_771_1490_334.png
imgs_part_2,PAT_771_1491_390.png,.png,2314250,imgs_part_2\PAT_771_1491_390.png
imgs_part_2,PAT_773_1459_554.png,.png,596587,imgs_part_2\PAT_773_1459_554.png
imgs_part_2,PAT_774_1462_821.png,.png,1722589,imgs_part_2\PAT_774_1462_821.png
imgs_part_2,PAT_775_1463_616.png,.png,1088589,imgs_part_2\PAT_775_1463_616.png
imgs_part_2,PAT_776_1466_241.png,.png,825958,imgs_part_2\PAT_776_1466_241.png
imgs_part_2,PAT_778_1471_835.png,.png,642193,imgs_part_2\PAT_778_1471_835.png
imgs_part_2,PAT_778_1471_911.png,.png,662573,imgs_part_2\PAT_778_1471_911.png
imgs_part_2,PAT_779_1472_741.png,.png,998937,imgs_part_2\PAT_779_1472_741.png
imgs_part_2,PAT_780_1473_791.png,.png,1046012,imgs_part_2\PAT_780_1473_791.png
imgs_part_2,PAT_781_1474_517.png,.png,433996,imgs_part_2\PAT_781_1474_517.png
imgs_part_2,PAT_782_1492_890.png,.png,6041857,imgs_part_2\PAT_782_1492_890.png
imgs_part_2,PAT_782_1493_140.png,.png,11720681,imgs_part_2\PAT_782_1493_140.png
imgs_part_2,PAT_782_1494_418.png,.png,2157012,imgs_part_2\PAT_782_1494_418.png
imgs_part_2,PAT_785_1479_108.png,.png,476819,imgs_part_2\PAT_785_1479_108.png
imgs_part_2,PAT_786_1480_914.png,.png,1051036,imgs_part_2\PAT_786_1480_914.png
imgs_part_2,PAT_787_1482_328.png,.png,1795886,imgs_part_2\PAT_787_1482_328.png
imgs_part_2,PAT_788_1503_168.png,.png,1760403,imgs_part_2\PAT_788_1503_168.png
imgs_part_2,PAT_788_1503_541.png,.png,2076789,imgs_part_2\PAT_788_1503_541.png
imgs_part_2,PAT_789_1483_793.png,.png,445282,imgs_part_2\PAT_789_1483_793.png
imgs_part_2,PAT_791_1487_906.png,.png,1500023,imgs_part_2\PAT_791_1487_906.png
imgs_part_2,PAT_792_1498_936.png,.png,1613641,imgs_part_2\PAT_792_1498_936.png
imgs_part_2,PAT_792_4351_858.png,.png,1309974,imgs_part_2\PAT_792_4351_858.png
imgs_part_2,PAT_793_1512_327.png,.png,4736801,imgs_part_2\PAT_793_1512_327.png
imgs_part_2,PAT_793_1512_382.png,.png,266517,imgs_part_2\PAT_793_1512_382.png
imgs_part_2,PAT_793_1512_513.png,.png,278678,imgs_part_2\PAT_793_1512_513.png
imgs_part_2,PAT_794_1507_723.png,.png,689038,imgs_part_2\PAT_794_1507_723.png
imgs_part_2,PAT_795_1508_925.png,.png,583730,imgs_part_2\PAT_795_1508_925.png
imgs_part_2,PAT_796_1509_400.png,.png,2389878,imgs_part_2\PAT_796_1509_400.png
imgs_part_2,PAT_796_1509_459.png,.png,3942121,imgs_part_2\PAT_796_1509_459.png
imgs_part_2,PAT_796_1510_130.png,.png,2365631,imgs_part_2\PAT_796_1510_130.png
imgs_part_2,PAT_796_1510_361.png,.png,3348053,imgs_part_2\PAT_796_1510_361.png
imgs_part_2,PAT_797_1511_805.png,.png,1867877,imgs_part_2\PAT_797_1511_805.png
imgs_part_2,PAT_798_1529_282.png,.png,1926987,imgs_part_2\PAT_798_1529_282.png
imgs_part_2,PAT_798_1770_256.png,.png,606858,imgs_part_2\PAT_798_1770_256.png
imgs_part_2,PAT_798_1771_240.png,.png,1668531,imgs_part_2\PAT_798_1771_240.png
imgs_part_2,PAT_798_1772_469.png,.png,392933,imgs_part_2\PAT_798_1772_469.png
imgs_part_2,PAT_799_1515_723.png,.png,123338,imgs_part_2\PAT_799_1515_723.png
imgs_part_2,PAT_800_1513_509.png,.png,2422804,imgs_part_2\PAT_800_1513_509.png
imgs_part_2,PAT_800_1514_512.png,.png,1743695,imgs_part_2\PAT_800_1514_512.png
imgs_part_2,PAT_801_1518_574.png,.png,1414653,imgs_part_2\PAT_801_1518_574.png
imgs_part_2,PAT_801_1518_78.png,.png,668408,imgs_part_2\PAT_801_1518_78.png
imgs_part_2,PAT_802_1516_510.png,.png,2260189,imgs_part_2\PAT_802_1516_510.png
imgs_part_2,PAT_802_1516_910.png,.png,2103543,imgs_part_2\PAT_802_1516_910.png
imgs_part_2,PAT_803_1522_907.png,.png,2391501,imgs_part_2\PAT_803_1522_907.png
imgs_part_2,PAT_805_1517_154.png,.png,188361,imgs_part_2\PAT_805_1517_154.png
imgs_part_2,PAT_805_1517_647.png,.png,3757930,imgs_part_2\PAT_805_1517_647.png
imgs_part_2,PAT_806_1519_527.png,.png,957060,imgs_part_2\PAT_806_1519_527.png
imgs_part_2,PAT_806_1520_60.png,.png,2143154,imgs_part_2\PAT_806_1520_60.png
imgs_part_2,PAT_806_1520_708.png,.png,1598957,imgs_part_2\PAT_806_1520_708.png
imgs_part_2,PAT_809_1527_202.png,.png,268825,imgs_part_2\PAT_809_1527_202.png
imgs_part_2,PAT_809_1527_902.png,.png,401344,imgs_part_2\PAT_809_1527_902.png
imgs_part_2,PAT_809_1528_118.png,.png,338122,imgs_part_2\PAT_809_1528_118.png
imgs_part_2,PAT_810_1526_639.png,.png,7371561,imgs_part_2\PAT_810_1526_639.png
imgs_part_2,PAT_810_1526_67.png,.png,5413505,imgs_part_2\PAT_810_1526_67.png
imgs_part_2,PAT_812_1625_430.png,.png,4050152,imgs_part_2\PAT_812_1625_430.png
imgs_part_2,PAT_813_1619_543.png,.png,1449466,imgs_part_2\PAT_813_1619_543.png
imgs_part_2,PAT_814_1532_265.png,.png,10865169,imgs_part_2\PAT_814_1532_265.png
imgs_part_2,PAT_814_1532_545.png,.png,5765300,imgs_part_2\PAT_814_1532_545.png
imgs_part_2,PAT_815_1533_460.png,.png,794567,imgs_part_2\PAT_815_1533_460.png
imgs_part_2,PAT_815_1534_411.png,.png,1659490,imgs_part_2\PAT_815_1534_411.png
imgs_part_2,PAT_815_1535_536.png,.png,603956,imgs_part_2\PAT_815_1535_536.png
imgs_part_2,PAT_815_1536_963.png,.png,501514,imgs_part_2\PAT_815_1536_963.png
imgs_part_2,PAT_816_1544_933.png,.png,5550686,imgs_part_2\PAT_816_1544_933.png
imgs_part_2,PAT_817_1537_643.png,.png,3049157,imgs_part_2\PAT_817_1537_643.png
imgs_part_2,PAT_817_1537_943.png,.png,1741049,imgs_part_2\PAT_817_1537_943.png
imgs_part_2,PAT_817_4471_179.png,.png,4154073,imgs_part_2\PAT_817_4471_179.png
imgs_part_2,PAT_818_1539_859.png,.png,625998,imgs_part_2\PAT_818_1539_859.png
imgs_part_2,PAT_819_1541_727.png,.png,2108804,imgs_part_2\PAT_819_1541_727.png
imgs_part_2,PAT_821_1547_77.png,.png,2553081,imgs_part_2\PAT_821_1547_77.png
imgs_part_2,PAT_822_1550_132.png,.png,5881930,imgs_part_2\PAT_822_1550_132.png
imgs_part_2,PAT_822_1550_826.png,.png,1621165,imgs_part_2\PAT_822_1550_826.png
imgs_part_2,PAT_822_1551_573.png,.png,2870734,imgs_part_2\PAT_822_1551_573.png
imgs_part_2,PAT_822_1551_642.png,.png,2508333,imgs_part_2\PAT_822_1551_642.png
imgs_part_2,PAT_823_1556_787.png,.png,5575150,imgs_part_2\PAT_823_1556_787.png
imgs_part_2,PAT_823_1558_67.png,.png,6356776,imgs_part_2\PAT_823_1558_67.png
imgs_part_2,PAT_823_1558_870.png,.png,5012516,imgs_part_2\PAT_823_1558_870.png
imgs_part_2,PAT_824_1560_801.png,.png,3206235,imgs_part_2\PAT_824_1560_801.png
imgs_part_2,PAT_824_1561_796.png,.png,4588813,imgs_part_2\PAT_824_1561_796.png
imgs_part_2,PAT_826_1615_908.png,.png,2260480,imgs_part_2\PAT_826_1615_908.png
imgs_part_2,PAT_827_1598_85.png,.png,4841234,imgs_part_2\PAT_827_1598_85.png
imgs_part_2,PAT_827_1599_248.png,.png,2751128,imgs_part_2\PAT_827_1599_248.png
imgs_part_2,PAT_827_1600_1000.png,.png,2455384,imgs_part_2\PAT_827_1600_1000.png
imgs_part_2,PAT_827_1601_859.png,.png,2418346,imgs_part_2\PAT_827_1601_859.png
imgs_part_2,PAT_829_1566_135.png,.png,2094252,imgs_part_2\PAT_829_1566_135.png
imgs_part_2,PAT_830_1564_54.png,.png,181948,imgs_part_2\PAT_830_1564_54.png
imgs_part_2,PAT_830_1564_740.png,.png,230463,imgs_part_2\PAT_830_1564_740.png
imgs_part_2,PAT_830_1565_911.png,.png,294138,imgs_part_2\PAT_830_1565_911.png
imgs_part_2,PAT_831_1570_637.png,.png,5120444,imgs_part_2\PAT_831_1570_637.png
imgs_part_2,PAT_831_1570_991.png,.png,2393904,imgs_part_2\PAT_831_1570_991.png
imgs_part_2,PAT_832_1569_413.png,.png,9163733,imgs_part_2\PAT_832_1569_413.png
imgs_part_2,PAT_833_1571_134.png,.png,1130062,imgs_part_2\PAT_833_1571_134.png
imgs_part_2,PAT_834_1572_430.png,.png,4230198,imgs_part_2\PAT_834_1572_430.png
imgs_part_2,PAT_834_1572_973.png,.png,2093093,imgs_part_2\PAT_834_1572_973.png
imgs_part_2,PAT_834_1574_276.png,.png,4230198,imgs_part_2\PAT_834_1574_276.png
imgs_part_2,PAT_834_1574_397.png,.png,4005689,imgs_part_2\PAT_834_1574_397.png
imgs_part_2,PAT_834_4490_317.png,.png,1627107,imgs_part_2\PAT_834_4490_317.png
imgs_part_2,PAT_835_1577_938.png,.png,1325666,imgs_part_2\PAT_835_1577_938.png
imgs_part_2,PAT_835_1578_52.png,.png,2993662,imgs_part_2\PAT_835_1578_52.png
imgs_part_2,PAT_835_1578_592.png,.png,4325558,imgs_part_2\PAT_835_1578_592.png
imgs_part_2,PAT_837_1582_714.png,.png,2157402,imgs_part_2\PAT_837_1582_714.png
imgs_part_2,PAT_837_1583_124.png,.png,2865689,imgs_part_2\PAT_837_1583_124.png
imgs_part_2,PAT_837_1584_745.png,.png,1551827,imgs_part_2\PAT_837_1584_745.png
imgs_part_2,PAT_838_1585_282.png,.png,760196,imgs_part_2\PAT_838_1585_282.png
imgs_part_2,PAT_838_1585_979.png,.png,3461365,imgs_part_2\PAT_838_1585_979.png
imgs_part_2,PAT_838_1586_622.png,.png,689736,imgs_part_2\PAT_838_1586_622.png
imgs_part_2,PAT_838_1587_73.png,.png,553691,imgs_part_2\PAT_838_1587_73.png
imgs_part_2,PAT_839_1591_204.png,.png,631679,imgs_part_2\PAT_839_1591_204.png
imgs_part_2,PAT_840_1595_981.png,.png,3478498,imgs_part_2\PAT_840_1595_981.png
imgs_part_2,PAT_841_1603_667.png,.png,554196,imgs_part_2\PAT_841_1603_667.png
imgs_part_2,PAT_842_1606_720.png,.png,2124175,imgs_part_2\PAT_842_1606_720.png
imgs_part_2,PAT_842_1606_971.png,.png,6059351,imgs_part_2\PAT_842_1606_971.png
imgs_part_2,PAT_844_1605_308.png,.png,242652,imgs_part_2\PAT_844_1605_308.png
imgs_part_2,PAT_845_1604_313.png,.png,1893455,imgs_part_2\PAT_845_1604_313.png
imgs_part_2,PAT_846_1607_895.png,.png,1895495,imgs_part_2\PAT_846_1607_895.png
imgs_part_2,PAT_846_4421_153.png,.png,2807920,imgs_part_2\PAT_846_4421_153.png
imgs_part_2,PAT_847_1610_165.png,.png,3051301,imgs_part_2\PAT_847_1610_165.png
imgs_part_2,PAT_849_1612_143.png,.png,4245478,imgs_part_2\PAT_849_1612_143.png
imgs_part_2,PAT_849_1613_824.png,.png,2075652,imgs_part_2\PAT_849_1613_824.png
imgs_part_2,PAT_850_1611_332.png,.png,1281715,imgs_part_2\PAT_850_1611_332.png
imgs_part_2,PAT_851_1623_506.png,.png,2905516,imgs_part_2\PAT_851_1623_506.png
imgs_part_2,PAT_851_1623_815.png,.png,1342659,imgs_part_2\PAT_851_1623_815.png
imgs_part_2,PAT_851_4519_488.png,.png,3425141,imgs_part_2\PAT_851_4519_488.png
imgs_part_2,PAT_851_4520_743.png,.png,1912232,imgs_part_2\PAT_851_4520_743.png
imgs_part_2,PAT_852_1629_265.png,.png,1039693,imgs_part_2\PAT_852_1629_265.png
imgs_part_2,PAT_853_1642_497.png,.png,1184620,imgs_part_2\PAT_853_1642_497.png
imgs_part_2,PAT_854_1635_103.png,.png,9100633,imgs_part_2\PAT_854_1635_103.png
imgs_part_2,PAT_856_1626_523.png,.png,445477,imgs_part_2\PAT_856_1626_523.png
imgs_part_2,PAT_856_1626_630.png,.png,3276125,imgs_part_2\PAT_856_1626_630.png
imgs_part_2,PAT_857_1627_310.png,.png,2502046,imgs_part_2\PAT_857_1627_310.png
imgs_part_2,PAT_857_1628_916.png,.png,3588983,imgs_part_2\PAT_857_1628_916.png
imgs_part_2,PAT_858_1631_427.png,.png,7290381,imgs_part_2\PAT_858_1631_427.png
imgs_part_2,PAT_858_1632_977.png,.png,8960927,imgs_part_2\PAT_858_1632_977.png
imgs_part_2,PAT_858_1633_926.png,.png,1571030,imgs_part_2\PAT_858_1633_926.png
imgs_part_2,PAT_859_1638_598.png,.png,1932192,imgs_part_2\PAT_859_1638_598.png
imgs_part_2,PAT_860_1641_440.png,.png,547405,imgs_part_2\PAT_860_1641_440.png
imgs_part_2,PAT_860_1641_998.png,.png,1889982,imgs_part_2\PAT_860_1641_998.png
imgs_part_2,PAT_861_1639_823.png,.png,851323,imgs_part_2\PAT_861_1639_823.png
imgs_part_2,PAT_862_1643_386.png,.png,1762069,imgs_part_2\PAT_862_1643_386.png
imgs_part_2,PAT_864_1645_626.png,.png,4493673,imgs_part_2\PAT_864_1645_626.png
imgs_part_2,PAT_864_1645_639.png,.png,3652371,imgs_part_2\PAT_864_1645_639.png
imgs_part_2,PAT_864_1646_822.png,.png,1754271,imgs_part_2\PAT_864_1646_822.png
imgs_part_2,PAT_866_1649_674.png,.png,2380271,imgs_part_2\PAT_866_1649_674.png
imgs_part_2,PAT_867_1650_825.png,.png,2030871,imgs_part_2\PAT_867_1650_825.png
imgs_part_2,PAT_867_1650_901.png,.png,2766888,imgs_part_2\PAT_867_1650_901.png
imgs_part_2,PAT_868_1657_698.png,.png,647037,imgs_part_2\PAT_868_1657_698.png
imgs_part_2,PAT_872_1707_638.png,.png,461713,imgs_part_2\PAT_872_1707_638.png
imgs_part_2,PAT_872_1708_841.png,.png,288043,imgs_part_2\PAT_872_1708_841.png
imgs_part_2,PAT_872_1709_526.png,.png,220481,imgs_part_2\PAT_872_1709_526.png
imgs_part_2,PAT_873_1661_178.png,.png,271326,imgs_part_2\PAT_873_1661_178.png
imgs_part_2,PAT_874_1671_176.png,.png,828823,imgs_part_2\PAT_874_1671_176.png
imgs_part_2,PAT_874_1671_938.png,.png,842284,imgs_part_2\PAT_874_1671_938.png
imgs_part_2,PAT_874_1672_287.png,.png,1046325,imgs_part_2\PAT_874_1672_287.png
imgs_part_2,PAT_874_1672_743.png,.png,623694,imgs_part_2\PAT_874_1672_743.png
imgs_part_2,PAT_875_1668_588.png,.png,1281124,imgs_part_2\PAT_875_1668_588.png
imgs_part_2,PAT_875_1669_946.png,.png,2399921,imgs_part_2\PAT_875_1669_946.png
imgs_part_2,PAT_875_1670_121.png,.png,1170712,imgs_part_2\PAT_875_1670_121.png
imgs_part_2,PAT_876_1664_579.png,.png,1906307,imgs_part_2\PAT_876_1664_579.png
imgs_part_2,PAT_876_1665_386.png,.png,3162253,imgs_part_2\PAT_876_1665_386.png
imgs_part_2,PAT_876_1665_569.png,.png,1214220,imgs_part_2\PAT_876_1665_569.png
imgs_part_2,PAT_876_1666_961.png,.png,3359266,imgs_part_2\PAT_876_1666_961.png
imgs_part_2,PAT_877_1667_118.png,.png,2470554,imgs_part_2\PAT_877_1667_118.png
imgs_part_2,PAT_877_1667_667.png,.png,783592,imgs_part_2\PAT_877_1667_667.png
imgs_part_2,PAT_877_4672_612.png,.png,584801,imgs_part_2\PAT_877_4672_612.png
imgs_part_2,PAT_878_1663_7.png,.png,2301788,imgs_part_2\PAT_878_1663_7.png
imgs_part_2,PAT_879_1676_668.png,.png,684963,imgs_part_2\PAT_879_1676_668.png
imgs_part_2,PAT_880_1673_410.png,.png,182971,imgs_part_2\PAT_880_1673_410.png
imgs_part_2,PAT_880_1674_223.png,.png,750471,imgs_part_2\PAT_880_1674_223.png
imgs_part_2,PAT_880_1675_704.png,.png,808783,imgs_part_2\PAT_880_1675_704.png
imgs_part_2,PAT_881_1681_462.png,.png,1292491,imgs_part_2\PAT_881_1681_462.png
imgs_part_2,PAT_882_1677_789.png,.png,2331473,imgs_part_2\PAT_882_1677_789.png
imgs_part_2,PAT_882_1678_192.png,.png,4507335,imgs_part_2\PAT_882_1678_192.png
imgs_part_2,PAT_883_1682_256.png,.png,1393582,imgs_part_2\PAT_883_1682_256.png
imgs_part_2,PAT_884_1683_538.png,.png,902881,imgs_part_2\PAT_884_1683_538.png
imgs_part_2,PAT_885_1687_204.png,.png,933925,imgs_part_2\PAT_885_1687_204.png
imgs_part_2,PAT_885_1687_823.png,.png,958900,imgs_part_2\PAT_885_1687_823.png
imgs_part_2,PAT_886_1684_103.png,.png,324011,imgs_part_2\PAT_886_1684_103.png
imgs_part_2,PAT_886_1684_297.png,.png,1445497,imgs_part_2\PAT_886_1684_297.png
imgs_part_2,PAT_886_4635_304.png,.png,3003521,imgs_part_2\PAT_886_4635_304.png
imgs_part_2,PAT_887_1688_436.png,.png,2593033,imgs_part_2\PAT_887_1688_436.png
imgs_part_2,PAT_888_1685_268.png,.png,1435732,imgs_part_2\PAT_888_1685_268.png
imgs_part_2,PAT_889_1689_986.png,.png,1573169,imgs_part_2\PAT_889_1689_986.png
imgs_part_2,PAT_890_1693_454.png,.png,1573418,imgs_part_2\PAT_890_1693_454.png
imgs_part_2,PAT_890_1693_904.png,.png,1453377,imgs_part_2\PAT_890_1693_904.png
imgs_part_2,PAT_890_1694_29.png,.png,1742847,imgs_part_2\PAT_890_1694_29.png
imgs_part_2,PAT_891_1700_180.png,.png,495187,imgs_part_2\PAT_891_1700_180.png
imgs_part_2,PAT_891_1701_36.png,.png,939221,imgs_part_2\PAT_891_1701_36.png
imgs_part_2,PAT_892_1691_881.png,.png,874762,imgs_part_2\PAT_892_1691_881.png
imgs_part_2,PAT_893_1697_613.png,.png,847849,imgs_part_2\PAT_893_1697_613.png
imgs_part_2,PAT_894_1679_640.png,.png,4835478,imgs_part_2\PAT_894_1679_640.png
imgs_part_2,PAT_894_1680_410.png,.png,2319306,imgs_part_2\PAT_894_1680_410.png
imgs_part_2,PAT_895_1699_872.png,.png,3888348,imgs_part_2\PAT_895_1699_872.png
imgs_part_2,PAT_896_1705_582.png,.png,1761405,imgs_part_2\PAT_896_1705_582.png
imgs_part_2,PAT_897_1704_988.png,.png,3024833,imgs_part_2\PAT_897_1704_988.png
imgs_part_2,PAT_897_1710_793.png,.png,2628092,imgs_part_2\PAT_897_1710_793.png
imgs_part_2,PAT_898_1706_496.png,.png,407542,imgs_part_2\PAT_898_1706_496.png
imgs_part_2,PAT_899_1702_32.png,.png,1124575,imgs_part_2\PAT_899_1702_32.png
imgs_part_2,PAT_900_1711_622.png,.png,220359,imgs_part_2\PAT_900_1711_622.png
imgs_part_2,PAT_901_1716_497.png,.png,1439264,imgs_part_2\PAT_901_1716_497.png
imgs_part_2,PAT_902_1718_852.png,.png,797963,imgs_part_2\PAT_902_1718_852.png
imgs_part_2,PAT_903_1719_943.png,.png,666644,imgs_part_2\PAT_903_1719_943.png
imgs_part_2,PAT_903_1720_647.png,.png,783877,imgs_part_2\PAT_903_1720_647.png
imgs_part_2,PAT_904_1736_851.png,.png,4052534,imgs_part_2\PAT_904_1736_851.png
imgs_part_2,PAT_904_1737_511.png,.png,7149669,imgs_part_2\PAT_904_1737_511.png
imgs_part_2,PAT_904_1739_546.png,.png,2654456,imgs_part_2\PAT_904_1739_546.png
imgs_part_2,PAT_905_1721_327.png,.png,792099,imgs_part_2\PAT_905_1721_327.png
imgs_part_2,PAT_906_1722_328.png,.png,2645829,imgs_part_2\PAT_906_1722_328.png
imgs_part_2,PAT_906_1723_560.png,.png,3680995,imgs_part_2\PAT_906_1723_560.png
imgs_part_2,PAT_908_1726_939.png,.png,804776,imgs_part_2\PAT_908_1726_939.png
imgs_part_2,PAT_911_1728_101.png,.png,609342,imgs_part_2\PAT_911_1728_101.png
imgs_part_2,PAT_912_1729_244.png,.png,722624,imgs_part_2\PAT_912_1729_244.png
imgs_part_2,PAT_913_1730_815.png,.png,2277007,imgs_part_2\PAT_913_1730_815.png
imgs_part_2,PAT_914_1732_136.png,.png,1410270,imgs_part_2\PAT_914_1732_136.png
imgs_part_2,PAT_914_1740_932.png,.png,813075,imgs_part_2\PAT_914_1740_932.png
imgs_part_2,PAT_915_1738_667.png,.png,1247432,imgs_part_2\PAT_915_1738_667.png
imgs_part_2,PAT_917_1735_936.png,.png,529905,imgs_part_2\PAT_917_1735_936.png
imgs_part_2,PAT_918_1742_456.png,.png,3005276,imgs_part_2\PAT_918_1742_456.png
imgs_part_2,PAT_918_1742_629.png,.png,1276492,imgs_part_2\PAT_918_1742_629.png
imgs_part_2,PAT_919_1744_318.png,.png,1565637,imgs_part_2\PAT_919_1744_318.png
imgs_part_2,PAT_919_1744_451.png,.png,2241346,imgs_part_2\PAT_919_1744_451.png
imgs_part_2,PAT_920_1747_19.png,.png,718581,imgs_part_2\PAT_920_1747_19.png
imgs_part_2,PAT_920_1748_942.png,.png,555356,imgs_part_2\PAT_920_1748_942.png
imgs_part_2,PAT_921_1750_313.png,.png,1382860,imgs_part_2\PAT_921_1750_313.png
imgs_part_2,PAT_923_1753_496.png,.png,254820,imgs_part_2\PAT_923_1753_496.png
imgs_part_2,PAT_923_1753_706.png,.png,318415,imgs_part_2\PAT_923_1753_706.png
imgs_part_2,PAT_924_1757_704.png,.png,1778862,imgs_part_2\PAT_924_1757_704.png
imgs_part_2,PAT_924_1757_784.png,.png,1795476,imgs_part_2\PAT_924_1757_784.png
imgs_part_2,PAT_926_1758_714.png,.png,5451290,imgs_part_2\PAT_926_1758_714.png
imgs_part_2,PAT_927_1759_749.png,.png,1168077,imgs_part_2\PAT_927_1759_749.png
imgs_part_2,PAT_927_1759_849.png,.png,798122,imgs_part_2\PAT_927_1759_849.png
imgs_part_2,PAT_928_1764_426.png,.png,2085926,imgs_part_2\PAT_928_1764_426.png
imgs_part_2,PAT_930_1760_560.png,.png,3420905,imgs_part_2\PAT_930_1760_560.png
imgs_part_2,PAT_931_1761_380.png,.png,798659,imgs_part_2\PAT_931_1761_380.png
imgs_part_2,PAT_931_1762_69.png,.png,936601,imgs_part_2\PAT_931_1762_69.png
imgs_part_2,PAT_931_1763_617.png,.png,960815,imgs_part_2\PAT_931_1763_617.png
imgs_part_2,PAT_933_1766_191.png,.png,684381,imgs_part_2\PAT_933_1766_191.png
imgs_part_2,PAT_934_1777_423.png,.png,975742,imgs_part_2\PAT_934_1777_423.png
imgs_part_2,PAT_934_1778_140.png,.png,2570728,imgs_part_2\PAT_934_1778_140.png
imgs_part_2,PAT_935_1781_341.png,.png,1291118,imgs_part_2\PAT_935_1781_341.png
imgs_part_2,PAT_935_1781_920.png,.png,248279,imgs_part_2\PAT_935_1781_920.png
imgs_part_2,PAT_935_1783_687.png,.png,1283847,imgs_part_2\PAT_935_1783_687.png
imgs_part_2,PAT_935_1785_530.png,.png,1296266,imgs_part_2\PAT_935_1785_530.png
imgs_part_2,PAT_935_1786_482.png,.png,646010,imgs_part_2\PAT_935_1786_482.png
imgs_part_2,PAT_936_1772_886.png,.png,9226662,imgs_part_2\PAT_936_1772_886.png
imgs_part_2,PAT_937_1768_126.png,.png,4119602,imgs_part_2\PAT_937_1768_126.png
imgs_part_2,PAT_938_1789_693.png,.png,144538,imgs_part_2\PAT_938_1789_693.png
imgs_part_2,PAT_938_1790_977.png,.png,193955,imgs_part_2\PAT_938_1790_977.png
imgs_part_2,PAT_939_1791_329.png,.png,2481029,imgs_part_2\PAT_939_1791_329.png
imgs_part_2,PAT_940_1774_962.png,.png,766474,imgs_part_2\PAT_940_1774_962.png
imgs_part_2,PAT_940_1775_513.png,.png,927465,imgs_part_2\PAT_940_1775_513.png
imgs_part_2,PAT_942_1792_411.png,.png,3654463,imgs_part_2\PAT_942_1792_411.png
imgs_part_2,PAT_943_1793_256.png,.png,5178147,imgs_part_2\PAT_943_1793_256.png
imgs_part_2,PAT_943_1793_787.png,.png,4173552,imgs_part_2\PAT_943_1793_787.png
imgs_part_2,PAT_944_1795_371.png,.png,1845622,imgs_part_2\PAT_944_1795_371.png
imgs_part_2,PAT_944_1795_666.png,.png,1381520,imgs_part_2\PAT_944_1795_666.png
imgs_part_2,PAT_945_1796_583.png,.png,3247572,imgs_part_2\PAT_945_1796_583.png
imgs_part_2,PAT_946_1809_687.png,.png,609611,imgs_part_2\PAT_946_1809_687.png
imgs_part_2,PAT_947_1798_946.png,.png,2497739,imgs_part_2\PAT_947_1798_946.png
imgs_part_2,PAT_948_1800_310.png,.png,1073856,imgs_part_2\PAT_948_1800_310.png
imgs_part_2,PAT_948_1801_721.png,.png,2392958,imgs_part_2\PAT_948_1801_721.png
imgs_part_2,PAT_948_1801_993.png,.png,1342069,imgs_part_2\PAT_948_1801_993.png
imgs_part_2,PAT_949_1802_582.png,.png,1897044,imgs_part_2\PAT_949_1802_582.png
imgs_part_2,PAT_950_1804_334.png,.png,1369930,imgs_part_2\PAT_950_1804_334.png
imgs_part_2,PAT_950_1804_64.png,.png,2500321,imgs_part_2\PAT_950_1804_64.png
imgs_part_2,PAT_951_1836_991.png,.png,770584,imgs_part_2\PAT_951_1836_991.png
imgs_part_2,PAT_952_1807_58.png,.png,2953671,imgs_part_2\PAT_952_1807_58.png
imgs_part_2,PAT_953_1806_326.png,.png,959409,imgs_part_2\PAT_953_1806_326.png
imgs_part_2,PAT_953_1806_845.png,.png,466780,imgs_part_2\PAT_953_1806_845.png
imgs_part_2,PAT_954_1808_415.png,.png,694177,imgs_part_2\PAT_954_1808_415.png
imgs_part_2,PAT_955_1810_892.png,.png,442008,imgs_part_2\PAT_955_1810_892.png
imgs_part_2,PAT_957_1814_77.png,.png,258888,imgs_part_2\PAT_957_1814_77.png
imgs_part_2,PAT_958_1812_62.png,.png,3999157,imgs_part_2\PAT_958_1812_62.png
imgs_part_2,PAT_959_1813_1000.png,.png,1489980,imgs_part_2\PAT_959_1813_1000.png
imgs_part_2,PAT_960_1816_662.png,.png,732904,imgs_part_2\PAT_960_1816_662.png
imgs_part_2,PAT_961_1818_992.png,.png,1225669,imgs_part_2\PAT_961_1818_992.png
imgs_part_2,PAT_962_1823_857.png,.png,2649297,imgs_part_2\PAT_962_1823_857.png
imgs_part_2,PAT_962_1823_942.png,.png,1432900,imgs_part_2\PAT_962_1823_942.png
imgs_part_2,PAT_963_1817_593.png,.png,3072120,imgs_part_2\PAT_963_1817_593.png
imgs_part_2,PAT_963_1819_298.png,.png,2173662,imgs_part_2\PAT_963_1819_298.png
imgs_part_2,PAT_963_1820_823.png,.png,452160,imgs_part_2\PAT_963_1820_823.png
imgs_part_2,PAT_964_1821_83.png,.png,350027,imgs_part_2\PAT_964_1821_83.png
imgs_part_2,PAT_966_1825_546.png,.png,2405168,imgs_part_2\PAT_966_1825_546.png
imgs_part_2,PAT_966_1825_584.png,.png,430529,imgs_part_2\PAT_966_1825_584.png
imgs_part_2,PAT_966_1826_587.png,.png,2651216,imgs_part_2\PAT_966_1826_587.png
imgs_part_2,PAT_967_1827_247.png,.png,1102499,imgs_part_2\PAT_967_1827_247.png
imgs_part_2,PAT_968_1835_721.png,.png,391559,imgs_part_2\PAT_968_1835_721.png
imgs_part_2,PAT_970_1833_270.png,.png,1273115,imgs_part_2\PAT_970_1833_270.png
imgs_part_2,PAT_971_1847_99.png,.png,3416937,imgs_part_2\PAT_971_1847_99.png
imgs_part_2,PAT_972_1843_756.png,.png,2370986,imgs_part_2\PAT_972_1843_756.png
imgs_part_2,PAT_973_1839_34.png,.png,1224027,imgs_part_2\PAT_973_1839_34.png
imgs_part_2,PAT_974_1841_693.png,.png,1675937,imgs_part_2\PAT_974_1841_693.png
imgs_part_2,PAT_974_1842_574.png,.png,4944360,imgs_part_2\PAT_974_1842_574.png
imgs_part_2,PAT_975_1834_152.png,.png,1770646,imgs_part_2\PAT_975_1834_152.png
imgs_part_2,PAT_975_4734_783.png,.png,604682,imgs_part_2\PAT_975_4734_783.png
imgs_part_2,PAT_976_1837_503.png,.png,2266387,imgs_part_2\PAT_976_1837_503.png
imgs_part_2,PAT_976_1837_861.png,.png,1117972,imgs_part_2\PAT_976_1837_861.png
imgs_part_2,PAT_978_1844_599.png,.png,326650,imgs_part_2\PAT_978_1844_599.png
imgs_part_2,PAT_978_1844_715.png,.png,311487,imgs_part_2\PAT_978_1844_715.png
imgs_part_2,PAT_980_1849_295.png,.png,655993,imgs_part_2\PAT_980_1849_295.png
imgs_part_2,PAT_980_1851_351.png,.png,731723,imgs_part_2\PAT_980_1851_351.png
imgs_part_2,PAT_981_1848_486.png,.png,774911,imgs_part_2\PAT_981_1848_486.png
imgs_part_2,PAT_981_1848_906.png,.png,1317401,imgs_part_2\PAT_981_1848_906.png
imgs_part_2,PAT_982_1852_526.png,.png,3663174,imgs_part_2\PAT_982_1852_526.png
imgs_part_2,PAT_983_1853_985.png,.png,1167682,imgs_part_2\PAT_983_1853_985.png
imgs_part_2,PAT_983_1854_274.png,.png,1228024,imgs_part_2\PAT_983_1854_274.png
imgs_part_2,PAT_985_1856_397.png,.png,2139657,imgs_part_2\PAT_985_1856_397.png
imgs_part_2,PAT_985_1856_91.png,.png,561398,imgs_part_2\PAT_985_1856_91.png
imgs_part_2,PAT_986_1855_702.png,.png,4209408,imgs_part_2\PAT_986_1855_702.png
imgs_part_2,PAT_987_1859_724.png,.png,435047,imgs_part_2\PAT_987_1859_724.png
imgs_part_2,PAT_987_1859_859.png,.png,1963406,imgs_part_2\PAT_987_1859_859.png
imgs_part_2,PAT_988_1858_453.png,.png,567101,imgs_part_2\PAT_988_1858_453.png
imgs_part_2,PAT_988_1858_944.png,.png,1632626,imgs_part_2\PAT_988_1858_944.png
imgs_part_2,PAT_989_1861_156.png,.png,1280017,imgs_part_2\PAT_989_1861_156.png
imgs_part_2,PAT_990_1860_478.png,.png,318975,imgs_part_2\PAT_990_1860_478.png
imgs_part_2,PAT_990_1860_636.png,.png,413074,imgs_part_2\PAT_990_1860_636.png
imgs_part_2,PAT_992_1864_653.png,.png,536096,imgs_part_2\PAT_992_1864_653.png
imgs_part_2,PAT_993_1865_559.png,.png,728729,imgs_part_2\PAT_993_1865_559.png
imgs_part_2,PAT_994_1866_730.png,.png,2050216,imgs_part_2\PAT_994_1866_730.png
imgs_part_2,PAT_994_1866_913.png,.png,367418,imgs_part_2\PAT_994_1866_913.png
imgs_part_2,PAT_995_1867_165.png,.png,640158,imgs_part_2\PAT_995_1867_165.png
imgs_part_2,PAT_995_1867_5.png,.png,693620,imgs_part_2\PAT_995_1867_5.png
imgs_part_2,PAT_996_6_367.png,.png,647478,imgs_part_2\PAT_996_6_367.png
imgs_part_2,PAT_996_6_622.png,.png,739340,imgs_part_2\PAT_996_6_622.png
imgs_part_2,PAT_996_6_886.png,.png,770507,imgs_part_2\PAT_996_6_886.png
imgs_part_2,PAT_997_14_40.png,.png,954524,imgs_part_2\PAT_997_14_40.png
imgs_part_2,PAT_998_17_641.png,.png,332334,imgs_part_2\PAT_998_17_641.png
imgs_part_2,PAT_999_20_223.png,.png,789986,imgs_part_2\PAT_999_20_223.png
imgs_part_2,PAT_999_20_401.png,.png,1048115,imgs_part_2\PAT_999_20_401.png
imgs_part_2,PAT_999_20_540.png,.png,1117475,imgs_part_2\PAT_999_20_540.png
imgs_part_2,PAT_999_20_583.png,.png,869232,imgs_part_2\PAT_999_20_583.png
imgs_part_3,PAT_1094_381_355.png,.png,96095,imgs_part_3\PAT_1094_381_355.png
imgs_part_3,PAT_1094_381_446.png,.png,194183,imgs_part_3\PAT_1094_381_446.png
imgs_part_3,PAT_1094_381_85.png,.png,223248,imgs_part_3\PAT_1094_381_85.png
imgs_part_3,PAT_1100_402_375.png,.png,2371419,imgs_part_3\PAT_1100_402_375.png
imgs_part_3,PAT_1102_408_613.png,.png,267161,imgs_part_3\PAT_1102_408_613.png
imgs_part_3,PAT_1105_420_520.png,.png,1269787,imgs_part_3\PAT_1105_420_520.png
imgs_part_3,PAT_1107_427_352.png,.png,1532802,imgs_part_3\PAT_1107_427_352.png
imgs_part_3,PAT_1109_436_141.png,.png,926847,imgs_part_3\PAT_1109_436_141.png
imgs_part_3,PAT_1109_437_254.png,.png,938768,imgs_part_3\PAT_1109_437_254.png
imgs_part_3,PAT_1112_455_845.png,.png,932611,imgs_part_3\PAT_1112_455_845.png
imgs_part_3,PAT_1113_458_387.png,.png,905502,imgs_part_3\PAT_1113_458_387.png
imgs_part_3,PAT_1118_470_710.png,.png,741433,imgs_part_3\PAT_1118_470_710.png
imgs_part_3,PAT_1119_472_513.png,.png,384869,imgs_part_3\PAT_1119_472_513.png
imgs_part_3,PAT_1122_479_664.png,.png,208567,imgs_part_3\PAT_1122_479_664.png
imgs_part_3,PAT_1124_489_151.png,.png,561645,imgs_part_3\PAT_1124_489_151.png
imgs_part_3,PAT_1125_492_523.png,.png,535878,imgs_part_3\PAT_1125_492_523.png
imgs_part_3,PAT_1127_496_945.png,.png,3590570,imgs_part_3\PAT_1127_496_945.png
imgs_part_3,PAT_1128_497_29.png,.png,755752,imgs_part_3\PAT_1128_497_29.png
imgs_part_3,PAT_1128_497_322.png,.png,3799571,imgs_part_3\PAT_1128_497_322.png
imgs_part_3,PAT_1129_498_930.png,.png,629428,imgs_part_3\PAT_1129_498_930.png
imgs_part_3,PAT_1130_501_181.png,.png,1244222,imgs_part_3\PAT_1130_501_181.png
imgs_part_3,PAT_1132_508_325.png,.png,1239194,imgs_part_3\PAT_1132_508_325.png
imgs_part_3,PAT_1133_510_956.png,.png,3678225,imgs_part_3\PAT_1133_510_956.png
imgs_part_3,PAT_1136_517_92.png,.png,482405,imgs_part_3\PAT_1136_517_92.png
imgs_part_3,PAT_1138_520_154.png,.png,184043,imgs_part_3\PAT_1138_520_154.png
imgs_part_3,PAT_1139_523_682.png,.png,3388172,imgs_part_3\PAT_1139_523_682.png
imgs_part_3,PAT_1141_526_416.png,.png,474724,imgs_part_3\PAT_1141_526_416.png
imgs_part_3,PAT_1145_534_524.png,.png,828375,imgs_part_3\PAT_1145_534_524.png
imgs_part_3,PAT_1145_534_529.png,.png,389305,imgs_part_3\PAT_1145_534_529.png
imgs_part_3,PAT_1148_542_708.png,.png,151442,imgs_part_3\PAT_1148_542_708.png
imgs_part_3,PAT_1151_551_241.png,.png,2415395,imgs_part_3\PAT_1151_551_241.png
imgs_part_3,PAT_1153_555_98.png,.png,186099,imgs_part_3\PAT_1153_555_98.png
imgs_part_3,PAT_1158_570_376.png,.png,280519,imgs_part_3\PAT_1158_570_376.png
imgs_part_3,PAT_1161_578_233.png,.png,1409263,imgs_part_3\PAT_1161_578_233.png
imgs_part_3,PAT_1170_608_367.png,.png,1597971,imgs_part_3\PAT_1170_608_367.png
imgs_part_3,PAT_1170_609_378.png,.png,1167769,imgs_part_3\PAT_1170_609_378.png
imgs_part_3,PAT_1171_615_468.png,.png,1203851,imgs_part_3\PAT_1171_615_468.png
imgs_part_3,PAT_1172_622_420.png,.png,3347165,imgs_part_3\PAT_1172_622_420.png
imgs_part_3,PAT_1174_628_915.png,.png,1340101,imgs_part_3\PAT_1174_628_915.png
imgs_part_3,PAT_1176_631_36.png,.png,530636,imgs_part_3\PAT_1176_631_36.png
imgs_part_3,PAT_1177_633_705.png,.png,230091,imgs_part_3\PAT_1177_633_705.png
imgs_part_3,PAT_1179_641_735.png,.png,1071918,imgs_part_3\PAT_1179_641_735.png
imgs_part_3,PAT_1180_650_843.png,.png,987090,imgs_part_3\PAT_1180_650_843.png
imgs_part_3,PAT_1180_651_559.png,.png,925537,imgs_part_3\PAT_1180_651_559.png
imgs_part_3,PAT_1181_659_231.png,.png,201147,imgs_part_3\PAT_1181_659_231.png
imgs_part_3,PAT_1184_676_303.png,.png,1708411,imgs_part_3\PAT_1184_676_303.png
imgs_part_3,PAT_1184_676_904.png,.png,2761003,imgs_part_3\PAT_1184_676_904.png
imgs_part_3,PAT_1184_678_86.png,.png,892475,imgs_part_3\PAT_1184_678_86.png
imgs_part_3,PAT_1185_679_115.png,.png,431623,imgs_part_3\PAT_1185_679_115.png
imgs_part_3,PAT_1186_680_578.png,.png,155804,imgs_part_3\PAT_1186_680_578.png
imgs_part_3,PAT_1186_681_457.png,.png,263789,imgs_part_3\PAT_1186_681_457.png
imgs_part_3,PAT_1190_700_663.png,.png,4237581,imgs_part_3\PAT_1190_700_663.png
imgs_part_3,PAT_1197_713_520.png,.png,887286,imgs_part_3\PAT_1197_713_520.png
imgs_part_3,PAT_1198_715_648.png,.png,1056063,imgs_part_3\PAT_1198_715_648.png
imgs_part_3,PAT_1202_722_827.png,.png,1257087,imgs_part_3\PAT_1202_722_827.png
imgs_part_3,PAT_1203_724_762.png,.png,2904678,imgs_part_3\PAT_1203_724_762.png
imgs_part_3,PAT_1208_736_599.png,.png,622180,imgs_part_3\PAT_1208_736_599.png
imgs_part_3,PAT_1209_737_590.png,.png,5333753,imgs_part_3\PAT_1209_737_590.png
imgs_part_3,PAT_1210_738_915.png,.png,2842186,imgs_part_3\PAT_1210_738_915.png
imgs_part_3,PAT_1215_752_707.png,.png,2725809,imgs_part_3\PAT_1215_752_707.png
imgs_part_3,PAT_1216_759_365.png,.png,1609366,imgs_part_3\PAT_1216_759_365.png
imgs_part_3,PAT_1216_759_542.png,.png,1439622,imgs_part_3\PAT_1216_759_542.png
imgs_part_3,PAT_1216_760_593.png,.png,1272351,imgs_part_3\PAT_1216_760_593.png
imgs_part_3,PAT_1217_762_198.png,.png,986944,imgs_part_3\PAT_1217_762_198.png
imgs_part_3,PAT_1219_764_111.png,.png,446396,imgs_part_3\PAT_1219_764_111.png
imgs_part_3,PAT_1220_765_464.png,.png,387155,imgs_part_3\PAT_1220_765_464.png
imgs_part_3,PAT_1221_766_430.png,.png,1288972,imgs_part_3\PAT_1221_766_430.png
imgs_part_3,PAT_1222_767_519.png,.png,1985118,imgs_part_3\PAT_1222_767_519.png
imgs_part_3,PAT_1223_770_120.png,.png,934068,imgs_part_3\PAT_1223_770_120.png
imgs_part_3,PAT_1229_794_274.png,.png,1265003,imgs_part_3\PAT_1229_794_274.png
imgs_part_3,PAT_1241_824_82.png,.png,277443,imgs_part_3\PAT_1241_824_82.png
imgs_part_3,PAT_1242_826_903.png,.png,1581295,imgs_part_3\PAT_1242_826_903.png
imgs_part_3,PAT_1243_836_47.png,.png,1782303,imgs_part_3\PAT_1243_836_47.png
imgs_part_3,PAT_1243_837_806.png,.png,1761080,imgs_part_3\PAT_1243_837_806.png
imgs_part_3,PAT_1244_840_975.png,.png,1953048,imgs_part_3\PAT_1244_840_975.png
imgs_part_3,PAT_1245_844_471.png,.png,50070,imgs_part_3\PAT_1245_844_471.png
imgs_part_3,PAT_1245_845_32.png,.png,1412922,imgs_part_3\PAT_1245_845_32.png
imgs_part_3,PAT_1246_846_111.png,.png,943881,imgs_part_3\PAT_1246_846_111.png
imgs_part_3,PAT_1246_846_899.png,.png,12534035,imgs_part_3\PAT_1246_846_899.png
imgs_part_3,PAT_1247_852_178.png,.png,2272755,imgs_part_3\PAT_1247_852_178.png
imgs_part_3,PAT_1249_861_810.png,.png,785997,imgs_part_3\PAT_1249_861_810.png
imgs_part_3,PAT_1249_862_658.png,.png,372301,imgs_part_3\PAT_1249_862_658.png
imgs_part_3,PAT_1252_866_852.png,.png,766795,imgs_part_3\PAT_1252_866_852.png
imgs_part_3,PAT_1255_876_939.png,.png,3409844,imgs_part_3\PAT_1255_876_939.png
imgs_part_3,PAT_1256_879_199.png,.png,3409470,imgs_part_3\PAT_1256_879_199.png
imgs_part_3,PAT_1257_887_828.png,.png,2596865,imgs_part_3\PAT_1257_887_828.png
imgs_part_3,PAT_1259_892_793.png,.png,666206,imgs_part_3\PAT_1259_892_793.png
imgs_part_3,PAT_1260_894_63.png,.png,734959,imgs_part_3\PAT_1260_894_63.png
imgs_part_3,PAT_1261_896_349.png,.png,144917,imgs_part_3\PAT_1261_896_349.png
imgs_part_3,PAT_1264_907_674.png,.png,2162071,imgs_part_3\PAT_1264_907_674.png
imgs_part_3,PAT_1265_908_754.png,.png,795863,imgs_part_3\PAT_1265_908_754.png
imgs_part_3,PAT_1267_912_371.png,.png,3825987,imgs_part_3\PAT_1267_912_371.png
imgs_part_3,PAT_1269_936_965.png,.png,1250896,imgs_part_3\PAT_1269_936_965.png
imgs_part_3,PAT_1273_952_89.png,.png,2176454,imgs_part_3\PAT_1273_952_89.png
imgs_part_3,PAT_1273_953_510.png,.png,979535,imgs_part_3\PAT_1273_953_510.png
imgs_part_3,PAT_1274_954_677.png,.png,2173483,imgs_part_3\PAT_1274_954_677.png
imgs_part_3,PAT_1275_955_131.png,.png,2972138,imgs_part_3\PAT_1275_955_131.png
imgs_part_3,PAT_1276_957_406.png,.png,3168987,imgs_part_3\PAT_1276_957_406.png
imgs_part_3,PAT_1277_964_152.png,.png,6809486,imgs_part_3\PAT_1277_964_152.png
imgs_part_3,PAT_1277_964_77.png,.png,6267784,imgs_part_3\PAT_1277_964_77.png
imgs_part_3,PAT_1278_965_701.png,.png,3117296,imgs_part_3\PAT_1278_965_701.png
imgs_part_3,PAT_1278_966_295.png,.png,5854386,imgs_part_3\PAT_1278_966_295.png
imgs_part_3,PAT_1278_967_599.png,.png,2680786,imgs_part_3\PAT_1278_967_599.png
imgs_part_3,PAT_1280_972_605.png,.png,3692792,imgs_part_3\PAT_1280_972_605.png
imgs_part_3,PAT_1280_972_727.png,.png,2248417,imgs_part_3\PAT_1280_972_727.png
imgs_part_3,PAT_1282_978_328.png,.png,639446,imgs_part_3\PAT_1282_978_328.png
imgs_part_3,PAT_1284_995_150.png,.png,4746546,imgs_part_3\PAT_1284_995_150.png
imgs_part_3,PAT_1286_1000_276.png,.png,3554052,imgs_part_3\PAT_1286_1000_276.png
imgs_part_3,PAT_1286_1000_517.png,.png,1094057,imgs_part_3\PAT_1286_1000_517.png
imgs_part_3,PAT_1286_999_824.png,.png,890017,imgs_part_3\PAT_1286_999_824.png
imgs_part_3,PAT_1286_999_846.png,.png,2019196,imgs_part_3\PAT_1286_999_846.png
imgs_part_3,PAT_1288_1003_553.png,.png,2758779,imgs_part_3\PAT_1288_1003_553.png
imgs_part_3,PAT_1288_1003_969.png,.png,2399626,imgs_part_3\PAT_1288_1003_969.png
imgs_part_3,PAT_1294_1031_466.png,.png,1238219,imgs_part_3\PAT_1294_1031_466.png
imgs_part_3,PAT_1296_1038_1.png,.png,1185819,imgs_part_3\PAT_1296_1038_1.png
imgs_part_3,PAT_1297_1048_353.png,.png,219069,imgs_part_3\PAT_1297_1048_353.png
imgs_part_3,PAT_1298_1050_519.png,.png,305567,imgs_part_3\PAT_1298_1050_519.png
imgs_part_3,PAT_1298_1051_831.png,.png,323547,imgs_part_3\PAT_1298_1051_831.png
imgs_part_3,PAT_1299_1055_591.png,.png,5247220,imgs_part_3\PAT_1299_1055_591.png
imgs_part_3,PAT_1300_1056_532.png,.png,2152489,imgs_part_3\PAT_1300_1056_532.png
imgs_part_3,PAT_1301_1063_739.png,.png,1350252,imgs_part_3\PAT_1301_1063_739.png
imgs_part_3,PAT_1303_1077_501.png,.png,104236,imgs_part_3\PAT_1303_1077_501.png
imgs_part_3,PAT_1304_1079_859.png,.png,73522,imgs_part_3\PAT_1304_1079_859.png
imgs_part_3,PAT_1304_1081_84.png,.png,103908,imgs_part_3\PAT_1304_1081_84.png
imgs_part_3,PAT_1304_3507_308.png,.png,148764,imgs_part_3\PAT_1304_3507_308.png
imgs_part_3,PAT_1305_1082_88.png,.png,592716,imgs_part_3\PAT_1305_1082_88.png
imgs_part_3,PAT_1305_4097_251.png,.png,763103,imgs_part_3\PAT_1305_4097_251.png
imgs_part_3,PAT_1306_1086_124.png,.png,37459,imgs_part_3\PAT_1306_1086_124.png
imgs_part_3,PAT_1306_1086_762.png,.png,168897,imgs_part_3\PAT_1306_1086_762.png
imgs_part_3,PAT_1307_1088_252.png,.png,83500,imgs_part_3\PAT_1307_1088_252.png
imgs_part_3,PAT_1307_1092_878.png,.png,241221,imgs_part_3\PAT_1307_1092_878.png
imgs_part_3,PAT_1308_1095_117.png,.png,355061,imgs_part_3\PAT_1308_1095_117.png
imgs_part_3,PAT_1309_1096_393.png,.png,4286854,imgs_part_3\PAT_1309_1096_393.png
imgs_part_3,PAT_1310_1097_774.png,.png,1691422,imgs_part_3\PAT_1310_1097_774.png
imgs_part_3,PAT_1312_1102_578.png,.png,1130773,imgs_part_3\PAT_1312_1102_578.png
imgs_part_3,PAT_1313_1105_284.png,.png,703967,imgs_part_3\PAT_1313_1105_284.png
imgs_part_3,PAT_1314_1108_442.png,.png,156944,imgs_part_3\PAT_1314_1108_442.png
imgs_part_3,PAT_1315_1110_317.png,.png,180630,imgs_part_3\PAT_1315_1110_317.png
imgs_part_3,PAT_1316_1114_517.png,.png,81076,imgs_part_3\PAT_1316_1114_517.png
imgs_part_3,PAT_1317_1130_656.png,.png,95920,imgs_part_3\PAT_1317_1130_656.png
imgs_part_3,PAT_1320_1135_471.png,.png,90893,imgs_part_3\PAT_1320_1135_471.png
imgs_part_3,PAT_1322_1137_201.png,.png,95330,imgs_part_3\PAT_1322_1137_201.png
imgs_part_3,PAT_1324_1145_309.png,.png,272103,imgs_part_3\PAT_1324_1145_309.png
imgs_part_3,PAT_1324_1146_143.png,.png,309344,imgs_part_3\PAT_1324_1146_143.png
imgs_part_3,PAT_1326_1156_139.png,.png,139896,imgs_part_3\PAT_1326_1156_139.png
imgs_part_3,PAT_1326_1156_163.png,.png,145083,imgs_part_3\PAT_1326_1156_163.png
imgs_part_3,PAT_1326_1156_783.png,.png,107049,imgs_part_3\PAT_1326_1156_783.png
imgs_part_3,PAT_1329_1167_230.png,.png,344431,imgs_part_3\PAT_1329_1167_230.png
imgs_part_3,PAT_1329_1168_620.png,.png,264101,imgs_part_3\PAT_1329_1168_620.png
imgs_part_3,PAT_1330_1172_722.png,.png,359946,imgs_part_3\PAT_1330_1172_722.png
imgs_part_3,PAT_1331_1173_380.png,.png,2228618,imgs_part_3\PAT_1331_1173_380.png
imgs_part_3,PAT_1332_1174_839.png,.png,576763,imgs_part_3\PAT_1332_1174_839.png
imgs_part_3,PAT_1333_1177_261.png,.png,1279968,imgs_part_3\PAT_1333_1177_261.png
imgs_part_3,PAT_1333_1177_434.png,.png,2647885,imgs_part_3\PAT_1333_1177_434.png
imgs_part_3,PAT_1334_1178_413.png,.png,4551947,imgs_part_3\PAT_1334_1178_413.png
imgs_part_3,PAT_1335_1181_21.png,.png,794270,imgs_part_3\PAT_1335_1181_21.png
imgs_part_3,PAT_1340_1207_304.png,.png,474959,imgs_part_3\PAT_1340_1207_304.png
imgs_part_3,PAT_1340_1208_931.png,.png,261909,imgs_part_3\PAT_1340_1208_931.png
imgs_part_3,PAT_1341_1212_539.png,.png,581116,imgs_part_3\PAT_1341_1212_539.png
imgs_part_3,PAT_1343_1217_404.png,.png,629284,imgs_part_3\PAT_1343_1217_404.png
imgs_part_3,PAT_1344_1222_456.png,.png,174939,imgs_part_3\PAT_1344_1222_456.png
imgs_part_3,PAT_1345_1223_175.png,.png,63165,imgs_part_3\PAT_1345_1223_175.png
imgs_part_3,PAT_1347_1226_928.png,.png,1379978,imgs_part_3\PAT_1347_1226_928.png
imgs_part_3,PAT_1349_1229_828.png,.png,435244,imgs_part_3\PAT_1349_1229_828.png
imgs_part_3,PAT_1350_1230_878.png,.png,193201,imgs_part_3\PAT_1350_1230_878.png
imgs_part_3,PAT_1350_1230_925.png,.png,216345,imgs_part_3\PAT_1350_1230_925.png
imgs_part_3,PAT_1351_1231_203.png,.png,230607,imgs_part_3\PAT_1351_1231_203.png
imgs_part_3,PAT_1364_1246_143.png,.png,95404,imgs_part_3\PAT_1364_1246_143.png
imgs_part_3,PAT_1364_1246_238.png,.png,166658,imgs_part_3\PAT_1364_1246_238.png
imgs_part_3,PAT_1364_1246_420.png,.png,217390,imgs_part_3\PAT_1364_1246_420.png
imgs_part_3,PAT_1364_1246_447.png,.png,307380,imgs_part_3\PAT_1364_1246_447.png
imgs_part_3,PAT_1364_1246_583.png,.png,180543,imgs_part_3\PAT_1364_1246_583.png
imgs_part_3,PAT_1364_1246_927.png,.png,375809,imgs_part_3\PAT_1364_1246_927.png
imgs_part_3,PAT_1365_1253_912.png,.png,2852178,imgs_part_3\PAT_1365_1253_912.png
imgs_part_3,PAT_1367_1264_801.png,.png,2195459,imgs_part_3\PAT_1367_1264_801.png
imgs_part_3,PAT_1369_1269_370.png,.png,9544517,imgs_part_3\PAT_1369_1269_370.png
imgs_part_3,PAT_1369_1270_496.png,.png,4360306,imgs_part_3\PAT_1369_1270_496.png
imgs_part_3,PAT_1370_1273_41.png,.png,9843818,imgs_part_3\PAT_1370_1273_41.png
imgs_part_3,PAT_1370_1274_515.png,.png,9979759,imgs_part_3\PAT_1370_1274_515.png
imgs_part_3,PAT_1371_1276_145.png,.png,9672546,imgs_part_3\PAT_1371_1276_145.png
imgs_part_3,PAT_1371_1278_533.png,.png,2492416,imgs_part_3\PAT_1371_1278_533.png
imgs_part_3,PAT_1373_1283_85.png,.png,127316,imgs_part_3\PAT_1373_1283_85.png
imgs_part_3,PAT_1374_1284_208.png,.png,199236,imgs_part_3\PAT_1374_1284_208.png
imgs_part_3,PAT_1374_1285_735.png,.png,155482,imgs_part_3\PAT_1374_1285_735.png
imgs_part_3,PAT_1374_1286_494.png,.png,145748,imgs_part_3\PAT_1374_1286_494.png
imgs_part_3,PAT_1374_1286_775.png,.png,127410,imgs_part_3\PAT_1374_1286_775.png
imgs_part_3,PAT_1374_1286_939.png,.png,100314,imgs_part_3\PAT_1374_1286_939.png
imgs_part_3,PAT_1376_1297_686.png,.png,4314127,imgs_part_3\PAT_1376_1297_686.png
imgs_part_3,PAT_1377_3512_370.png,.png,110438,imgs_part_3\PAT_1377_3512_370.png
imgs_part_3,PAT_1379_1300_924.png,.png,770937,imgs_part_3\PAT_1379_1300_924.png
imgs_part_3,PAT_1379_4145_486.png,.png,3860812,imgs_part_3\PAT_1379_4145_486.png
imgs_part_3,PAT_1381_1314_517.png,.png,735817,imgs_part_3\PAT_1381_1314_517.png
imgs_part_3,PAT_1385_1323_100.png,.png,3920936,imgs_part_3\PAT_1385_1323_100.png
imgs_part_3,PAT_1388_3513_146.png,.png,3582174,imgs_part_3\PAT_1388_3513_146.png
imgs_part_3,PAT_1390_1346_709.png,.png,1663645,imgs_part_3\PAT_1390_1346_709.png
imgs_part_3,PAT_1391_1351_396.png,.png,1720535,imgs_part_3\PAT_1391_1351_396.png
imgs_part_3,PAT_1392_1352_778.png,.png,356524,imgs_part_3\PAT_1392_1352_778.png
imgs_part_3,PAT_1392_1352_828.png,.png,168814,imgs_part_3\PAT_1392_1352_828.png
imgs_part_3,PAT_1392_1353_161.png,.png,1847003,imgs_part_3\PAT_1392_1353_161.png
imgs_part_3,PAT_1393_1354_535.png,.png,6131283,imgs_part_3\PAT_1393_1354_535.png
imgs_part_3,PAT_1393_1355_270.png,.png,4085211,imgs_part_3\PAT_1393_1355_270.png
imgs_part_3,PAT_1393_1355_316.png,.png,5804119,imgs_part_3\PAT_1393_1355_316.png
imgs_part_3,PAT_1393_1356_371.png,.png,846557,imgs_part_3\PAT_1393_1356_371.png
imgs_part_3,PAT_1396_1360_4.png,.png,4082260,imgs_part_3\PAT_1396_1360_4.png
imgs_part_3,PAT_1397_1361_183.png,.png,4408707,imgs_part_3\PAT_1397_1361_183.png
imgs_part_3,PAT_1399_1367_121.png,.png,172793,imgs_part_3\PAT_1399_1367_121.png
imgs_part_3,PAT_1400_1372_276.png,.png,163373,imgs_part_3\PAT_1400_1372_276.png
imgs_part_3,PAT_1401_1373_881.png,.png,145833,imgs_part_3\PAT_1401_1373_881.png
imgs_part_3,PAT_1401_1374_593.png,.png,190690,imgs_part_3\PAT_1401_1374_593.png
imgs_part_3,PAT_1402_1376_160.png,.png,101752,imgs_part_3\PAT_1402_1376_160.png
imgs_part_3,PAT_1402_1376_507.png,.png,87942,imgs_part_3\PAT_1402_1376_507.png
imgs_part_3,PAT_1402_1377_799.png,.png,192438,imgs_part_3\PAT_1402_1377_799.png
imgs_part_3,PAT_1402_1377_959.png,.png,157270,imgs_part_3\PAT_1402_1377_959.png
imgs_part_3,PAT_1403_1392_407.png,.png,901974,imgs_part_3\PAT_1403_1392_407.png
imgs_part_3,PAT_1403_1392_848.png,.png,1707447,imgs_part_3\PAT_1403_1392_848.png
imgs_part_3,PAT_1404_1393_369.png,.png,492332,imgs_part_3\PAT_1404_1393_369.png
imgs_part_3,PAT_1404_1393_540.png,.png,838356,imgs_part_3\PAT_1404_1393_540.png
imgs_part_3,PAT_1405_1395_96.png,.png,263423,imgs_part_3\PAT_1405_1395_96.png
imgs_part_3,PAT_1406_1396_511.png,.png,1205759,imgs_part_3\PAT_1406_1396_511.png
imgs_part_3,PAT_1406_1397_669.png,.png,1436542,imgs_part_3\PAT_1406_1397_669.png
imgs_part_3,PAT_1407_1402_347.png,.png,747462,imgs_part_3\PAT_1407_1402_347.png
imgs_part_3,PAT_1407_1402_500.png,.png,2117556,imgs_part_3\PAT_1407_1402_500.png
imgs_part_3,PAT_1407_1402_562.png,.png,926036,imgs_part_3\PAT_1407_1402_562.png
imgs_part_3,PAT_1407_1402_734.png,.png,597854,imgs_part_3\PAT_1407_1402_734.png
imgs_part_3,PAT_1408_1404_929.png,.png,74722,imgs_part_3\PAT_1408_1404_929.png
imgs_part_3,PAT_1408_1406_950.png,.png,792335,imgs_part_3\PAT_1408_1406_950.png
imgs_part_3,PAT_1410_1410_46.png,.png,2437385,imgs_part_3\PAT_1410_1410_46.png
imgs_part_3,PAT_1411_1414_355.png,.png,2658357,imgs_part_3\PAT_1411_1414_355.png
imgs_part_3,PAT_1411_1415_723.png,.png,1367691,imgs_part_3\PAT_1411_1415_723.png
imgs_part_3,PAT_1412_1421_512.png,.png,3286913,imgs_part_3\PAT_1412_1421_512.png
imgs_part_3,PAT_1414_1426_124.png,.png,147064,imgs_part_3\PAT_1414_1426_124.png
imgs_part_3,PAT_1414_1429_53.png,.png,265904,imgs_part_3\PAT_1414_1429_53.png
imgs_part_3,PAT_1414_1429_59.png,.png,632479,imgs_part_3\PAT_1414_1429_59.png
imgs_part_3,PAT_1414_1431_754.png,.png,597938,imgs_part_3\PAT_1414_1431_754.png
imgs_part_3,PAT_1414_1432_969.png,.png,518000,imgs_part_3\PAT_1414_1432_969.png
imgs_part_3,PAT_1414_1433_570.png,.png,540909,imgs_part_3\PAT_1414_1433_570.png
imgs_part_3,PAT_1414_1433_806.png,.png,622769,imgs_part_3\PAT_1414_1433_806.png
imgs_part_3,PAT_1415_1437_527.png,.png,503498,imgs_part_3\PAT_1415_1437_527.png
imgs_part_3,PAT_1415_1437_743.png,.png,88167,imgs_part_3\PAT_1415_1437_743.png
imgs_part_3,PAT_1415_1439_295.png,.png,560925,imgs_part_3\PAT_1415_1439_295.png
imgs_part_3,PAT_1415_1440_629.png,.png,580098,imgs_part_3\PAT_1415_1440_629.png
imgs_part_3,PAT_1418_1447_334.png,.png,102650,imgs_part_3\PAT_1418_1447_334.png
imgs_part_3,PAT_1418_1447_360.png,.png,121935,imgs_part_3\PAT_1418_1447_360.png
imgs_part_3,PAT_1418_1448_307.png,.png,136532,imgs_part_3\PAT_1418_1448_307.png
imgs_part_3,PAT_1418_1449_580.png,.png,269291,imgs_part_3\PAT_1418_1449_580.png
imgs_part_3,PAT_1418_1452_948.png,.png,296698,imgs_part_3\PAT_1418_1452_948.png
imgs_part_3,PAT_1420_1460_733.png,.png,138010,imgs_part_3\PAT_1420_1460_733.png
imgs_part_3,PAT_1420_1460_951.png,.png,210631,imgs_part_3\PAT_1420_1460_951.png
imgs_part_3,PAT_1420_1461_93.png,.png,191579,imgs_part_3\PAT_1420_1461_93.png
imgs_part_3,PAT_1421_1464_297.png,.png,906194,imgs_part_3\PAT_1421_1464_297.png
imgs_part_3,PAT_1423_1472_18.png,.png,415179,imgs_part_3\PAT_1423_1472_18.png
imgs_part_3,PAT_1427_1485_119.png,.png,3845225,imgs_part_3\PAT_1427_1485_119.png
imgs_part_3,PAT_1427_1485_15.png,.png,1261475,imgs_part_3\PAT_1427_1485_15.png
imgs_part_3,PAT_1428_1489_38.png,.png,3717419,imgs_part_3\PAT_1428_1489_38.png
imgs_part_3,PAT_1428_1489_454.png,.png,2460601,imgs_part_3\PAT_1428_1489_454.png
imgs_part_3,PAT_1429_1491_451.png,.png,1890561,imgs_part_3\PAT_1429_1491_451.png
imgs_part_3,PAT_1431_1495_511.png,.png,3732542,imgs_part_3\PAT_1431_1495_511.png
imgs_part_3,PAT_1431_1495_931.png,.png,4029643,imgs_part_3\PAT_1431_1495_931.png
imgs_part_3,PAT_1432_1497_328.png,.png,2735261,imgs_part_3\PAT_1432_1497_328.png
imgs_part_3,PAT_1433_1499_29.png,.png,711514,imgs_part_3\PAT_1433_1499_29.png
imgs_part_3,PAT_1439_1521_868.png,.png,2034487,imgs_part_3\PAT_1439_1521_868.png
imgs_part_3,PAT_1439_1522_211.png,.png,4398181,imgs_part_3\PAT_1439_1522_211.png
imgs_part_3,PAT_1439_1522_320.png,.png,4527504,imgs_part_3\PAT_1439_1522_320.png
imgs_part_3,PAT_1441_1531_670.png,.png,2714800,imgs_part_3\PAT_1441_1531_670.png
imgs_part_3,PAT_1443_1536_166.png,.png,185596,imgs_part_3\PAT_1443_1536_166.png
imgs_part_3,PAT_1448_1551_366.png,.png,2341335,imgs_part_3\PAT_1448_1551_366.png
imgs_part_3,PAT_1449_1554_932.png,.png,2123321,imgs_part_3\PAT_1449_1554_932.png
imgs_part_3,PAT_1450_1556_114.png,.png,4792423,imgs_part_3\PAT_1450_1556_114.png
imgs_part_3,PAT_1451_1560_616.png,.png,1361167,imgs_part_3\PAT_1451_1560_616.png
imgs_part_3,PAT_1451_1561_100.png,.png,840470,imgs_part_3\PAT_1451_1561_100.png
imgs_part_3,PAT_1451_1562_545.png,.png,419691,imgs_part_3\PAT_1451_1562_545.png
imgs_part_3,PAT_1452_1564_377.png,.png,342368,imgs_part_3\PAT_1452_1564_377.png
imgs_part_3,PAT_1452_1564_509.png,.png,611881,imgs_part_3\PAT_1452_1564_509.png
imgs_part_3,PAT_1453_1565_529.png,.png,577155,imgs_part_3\PAT_1453_1565_529.png
imgs_part_3,PAT_1453_1566_310.png,.png,680833,imgs_part_3\PAT_1453_1566_310.png
imgs_part_3,PAT_1453_1567_250.png,.png,97905,imgs_part_3\PAT_1453_1567_250.png
imgs_part_3,PAT_1455_1585_690.png,.png,1748730,imgs_part_3\PAT_1455_1585_690.png
imgs_part_3,PAT_1460_1598_708.png,.png,647978,imgs_part_3\PAT_1460_1598_708.png
imgs_part_3,PAT_1460_1598_746.png,.png,1275403,imgs_part_3\PAT_1460_1598_746.png
imgs_part_3,PAT_1460_1598_959.png,.png,678877,imgs_part_3\PAT_1460_1598_959.png
imgs_part_3,PAT_1461_1600_867.png,.png,629621,imgs_part_3\PAT_1461_1600_867.png
imgs_part_3,PAT_1464_1612_284.png,.png,8103132,imgs_part_3\PAT_1464_1612_284.png
imgs_part_3,PAT_1466_1618_147.png,.png,2869700,imgs_part_3\PAT_1466_1618_147.png
imgs_part_3,PAT_1468_1622_219.png,.png,11300563,imgs_part_3\PAT_1468_1622_219.png
imgs_part_3,PAT_1468_3656_337.png,.png,727235,imgs_part_3\PAT_1468_3656_337.png
imgs_part_3,PAT_1469_1627_109.png,.png,2845587,imgs_part_3\PAT_1469_1627_109.png
imgs_part_3,PAT_1472_1639_87.png,.png,4595396,imgs_part_3\PAT_1472_1639_87.png
imgs_part_3,PAT_1475_1651_727.png,.png,512491,imgs_part_3\PAT_1475_1651_727.png
imgs_part_3,PAT_1476_1657_788.png,.png,612213,imgs_part_3\PAT_1476_1657_788.png
imgs_part_3,PAT_1477_1660_226.png,.png,467329,imgs_part_3\PAT_1477_1660_226.png
imgs_part_3,PAT_1479_1669_376.png,.png,1851175,imgs_part_3\PAT_1479_1669_376.png
imgs_part_3,PAT_1480_1673_701.png,.png,1536420,imgs_part_3\PAT_1480_1673_701.png
imgs_part_3,PAT_1481_1674_735.png,.png,355150,imgs_part_3\PAT_1481_1674_735.png
imgs_part_3,PAT_1481_1675_371.png,.png,321567,imgs_part_3\PAT_1481_1675_371.png
imgs_part_3,PAT_1482_1677_382.png,.png,1781010,imgs_part_3\PAT_1482_1677_382.png
imgs_part_3,PAT_1483_1678_538.png,.png,405855,imgs_part_3\PAT_1483_1678_538.png
imgs_part_3,PAT_1483_1678_850.png,.png,372168,imgs_part_3\PAT_1483_1678_850.png
imgs_part_3,PAT_1484_1682_240.png,.png,229548,imgs_part_3\PAT_1484_1682_240.png
imgs_part_3,PAT_1486_1684_182.png,.png,197480,imgs_part_3\PAT_1486_1684_182.png
imgs_part_3,PAT_1491_1703_637.png,.png,4268991,imgs_part_3\PAT_1491_1703_637.png
imgs_part_3,PAT_1492_1705_578.png,.png,576198,imgs_part_3\PAT_1492_1705_578.png
imgs_part_3,PAT_1492_1705_728.png,.png,587593,imgs_part_3\PAT_1492_1705_728.png
imgs_part_3,PAT_1494_1707_125.png,.png,281856,imgs_part_3\PAT_1494_1707_125.png
imgs_part_3,PAT_1495_1708_278.png,.png,1726772,imgs_part_3\PAT_1495_1708_278.png
imgs_part_3,PAT_1497_1712_633.png,.png,1586628,imgs_part_3\PAT_1497_1712_633.png
imgs_part_3,PAT_1498_1715_345.png,.png,399272,imgs_part_3\PAT_1498_1715_345.png
imgs_part_3,PAT_1498_1716_626.png,.png,794220,imgs_part_3\PAT_1498_1716_626.png
imgs_part_3,PAT_1498_1719_816.png,.png,735579,imgs_part_3\PAT_1498_1719_816.png
imgs_part_3,PAT_1503_1728_65.png,.png,110794,imgs_part_3\PAT_1503_1728_65.png
imgs_part_3,PAT_1505_1733_128.png,.png,789130,imgs_part_3\PAT_1505_1733_128.png
imgs_part_3,PAT_1506_1735_733.png,.png,578043,imgs_part_3\PAT_1506_1735_733.png
imgs_part_3,PAT_1509_1741_810.png,.png,661420,imgs_part_3\PAT_1509_1741_810.png
imgs_part_3,PAT_1509_1742_422.png,.png,744663,imgs_part_3\PAT_1509_1742_422.png
imgs_part_3,PAT_1513_1747_851.png,.png,884565,imgs_part_3\PAT_1513_1747_851.png
imgs_part_3,PAT_1514_1760_35.png,.png,573453,imgs_part_3\PAT_1514_1760_35.png
imgs_part_3,PAT_1516_1765_530.png,.png,578219,imgs_part_3\PAT_1516_1765_530.png
imgs_part_3,PAT_1520_1777_935.png,.png,469908,imgs_part_3\PAT_1520_1777_935.png
imgs_part_3,PAT_1521_1778_763.png,.png,506530,imgs_part_3\PAT_1521_1778_763.png
imgs_part_3,PAT_1526_1792_482.png,.png,1851489,imgs_part_3\PAT_1526_1792_482.png
imgs_part_3,PAT_1527_1794_662.png,.png,955964,imgs_part_3\PAT_1527_1794_662.png
imgs_part_3,PAT_1528_1795_12.png,.png,2837461,imgs_part_3\PAT_1528_1795_12.png
imgs_part_3,PAT_1529_1798_206.png,.png,4377066,imgs_part_3\PAT_1529_1798_206.png
imgs_part_3,PAT_1531_1800_683.png,.png,2319408,imgs_part_3\PAT_1531_1800_683.png
imgs_part_3,PAT_1534_1809_366.png,.png,164596,imgs_part_3\PAT_1534_1809_366.png
imgs_part_3,PAT_1534_1810_719.png,.png,820667,imgs_part_3\PAT_1534_1810_719.png
imgs_part_3,PAT_1535_1812_660.png,.png,561972,imgs_part_3\PAT_1535_1812_660.png
imgs_part_3,PAT_1536_1819_562.png,.png,140646,imgs_part_3\PAT_1536_1819_562.png
imgs_part_3,PAT_1536_1819_91.png,.png,136893,imgs_part_3\PAT_1536_1819_91.png
imgs_part_3,PAT_1538_1830_693.png,.png,244283,imgs_part_3\PAT_1538_1830_693.png
imgs_part_3,PAT_1540_1847_249.png,.png,853676,imgs_part_3\PAT_1540_1847_249.png
imgs_part_3,PAT_1543_4346_860.png,.png,3081037,imgs_part_3\PAT_1543_4346_860.png
imgs_part_3,PAT_1545_1865_519.png,.png,204858,imgs_part_3\PAT_1545_1865_519.png
imgs_part_3,PAT_1545_1867_547.png,.png,579461,imgs_part_3\PAT_1545_1867_547.png
imgs_part_3,PAT_1546_1871_376.png,.png,583734,imgs_part_3\PAT_1546_1871_376.png
imgs_part_3,PAT_1546_1872_824.png,.png,540812,imgs_part_3\PAT_1546_1872_824.png
imgs_part_3,PAT_1547_1874_432.png,.png,551689,imgs_part_3\PAT_1547_1874_432.png
imgs_part_3,PAT_1547_1875_436.png,.png,407882,imgs_part_3\PAT_1547_1875_436.png
imgs_part_3,PAT_1547_1876_839.png,.png,562621,imgs_part_3\PAT_1547_1876_839.png
imgs_part_3,PAT_1547_4231_928.png,.png,811280,imgs_part_3\PAT_1547_4231_928.png
imgs_part_3,PAT_1547_4232_115.png,.png,796865,imgs_part_3\PAT_1547_4232_115.png
imgs_part_3,PAT_1549_1882_230.png,.png,593084,imgs_part_3\PAT_1549_1882_230.png
imgs_part_3,PAT_1550_1886_849.png,.png,670855,imgs_part_3\PAT_1550_1886_849.png
imgs_part_3,PAT_1550_1888_216.png,.png,400431,imgs_part_3\PAT_1550_1888_216.png
imgs_part_3,PAT_1551_1889_948.png,.png,567255,imgs_part_3\PAT_1551_1889_948.png
imgs_part_3,PAT_1552_1895_190.png,.png,531540,imgs_part_3\PAT_1552_1895_190.png
imgs_part_3,PAT_1554_2392_767.png,.png,1716134,imgs_part_3\PAT_1554_2392_767.png
imgs_part_3,PAT_1554_2393_541.png,.png,950212,imgs_part_3\PAT_1554_2393_541.png
imgs_part_3,PAT_1554_2393_96.png,.png,736036,imgs_part_3\PAT_1554_2393_96.png
imgs_part_3,PAT_1554_4170_992.png,.png,1411440,imgs_part_3\PAT_1554_4170_992.png
imgs_part_3,PAT_1555_2396_71.png,.png,484821,imgs_part_3\PAT_1555_2396_71.png
imgs_part_3,PAT_1557_2399_681.png,.png,3949450,imgs_part_3\PAT_1557_2399_681.png
imgs_part_3,PAT_1563_2425_443.png,.png,113177,imgs_part_3\PAT_1563_2425_443.png
imgs_part_3,PAT_1563_2426_436.png,.png,469740,imgs_part_3\PAT_1563_2426_436.png
imgs_part_3,PAT_1565_2432_808.png,.png,757655,imgs_part_3\PAT_1565_2432_808.png
imgs_part_3,PAT_1566_2435_150.png,.png,385403,imgs_part_3\PAT_1566_2435_150.png
imgs_part_3,PAT_1568_2454_468.png,.png,164006,imgs_part_3\PAT_1568_2454_468.png
imgs_part_3,PAT_1569_2456_393.png,.png,1113206,imgs_part_3\PAT_1569_2456_393.png
imgs_part_3,PAT_1570_2472_418.png,.png,309304,imgs_part_3\PAT_1570_2472_418.png
imgs_part_3,PAT_1571_2484_488.png,.png,820852,imgs_part_3\PAT_1571_2484_488.png
imgs_part_3,PAT_1572_2494_224.png,.png,136104,imgs_part_3\PAT_1572_2494_224.png
imgs_part_3,PAT_1572_2495_335.png,.png,412409,imgs_part_3\PAT_1572_2495_335.png
imgs_part_3,PAT_1572_2496_418.png,.png,242939,imgs_part_3\PAT_1572_2496_418.png
imgs_part_3,PAT_1573_2497_736.png,.png,278285,imgs_part_3\PAT_1573_2497_736.png
imgs_part_3,PAT_1573_2499_849.png,.png,408960,imgs_part_3\PAT_1573_2499_849.png
imgs_part_3,PAT_1575_2516_23.png,.png,620069,imgs_part_3\PAT_1575_2516_23.png
imgs_part_3,PAT_1575_2516_618.png,.png,454256,imgs_part_3\PAT_1575_2516_618.png
imgs_part_3,PAT_1577_2543_510.png,.png,830745,imgs_part_3\PAT_1577_2543_510.png
imgs_part_3,PAT_1577_3527_831.png,.png,921975,imgs_part_3\PAT_1577_3527_831.png
imgs_part_3,PAT_1581_2570_738.png,.png,3606015,imgs_part_3\PAT_1581_2570_738.png
imgs_part_3,PAT_1582_2574_34.png,.png,76247,imgs_part_3\PAT_1582_2574_34.png
imgs_part_3,PAT_1582_2574_890.png,.png,196326,imgs_part_3\PAT_1582_2574_890.png
imgs_part_3,PAT_1582_2574_905.png,.png,133681,imgs_part_3\PAT_1582_2574_905.png
imgs_part_3,PAT_1582_2574_989.png,.png,126955,imgs_part_3\PAT_1582_2574_989.png
imgs_part_3,PAT_1583_2607_628.png,.png,782550,imgs_part_3\PAT_1583_2607_628.png
imgs_part_3,PAT_1584_2610_223.png,.png,1589458,imgs_part_3\PAT_1584_2610_223.png
imgs_part_3,PAT_1585_2619_396.png,.png,644210,imgs_part_3\PAT_1585_2619_396.png
imgs_part_3,PAT_1586_2623_989.png,.png,175926,imgs_part_3\PAT_1586_2623_989.png
imgs_part_3,PAT_1586_2624_615.png,.png,47490,imgs_part_3\PAT_1586_2624_615.png
imgs_part_3,PAT_1587_2625_226.png,.png,63601,imgs_part_3\PAT_1587_2625_226.png
imgs_part_3,PAT_1588_2629_296.png,.png,45217,imgs_part_3\PAT_1588_2629_296.png
imgs_part_3,PAT_1591_2648_723.png,.png,605893,imgs_part_3\PAT_1591_2648_723.png
imgs_part_3,PAT_1591_2648_855.png,.png,246837,imgs_part_3\PAT_1591_2648_855.png
imgs_part_3,PAT_1593_2651_122.png,.png,1067026,imgs_part_3\PAT_1593_2651_122.png
imgs_part_3,PAT_1593_2652_422.png,.png,731058,imgs_part_3\PAT_1593_2652_422.png
imgs_part_3,PAT_1594_2656_679.png,.png,84350,imgs_part_3\PAT_1594_2656_679.png
imgs_part_3,PAT_1596_2664_323.png,.png,835264,imgs_part_3\PAT_1596_2664_323.png
imgs_part_3,PAT_1597_2666_130.png,.png,46530,imgs_part_3\PAT_1597_2666_130.png
imgs_part_3,PAT_1600_2685_164.png,.png,252173,imgs_part_3\PAT_1600_2685_164.png
imgs_part_3,PAT_1600_2685_445.png,.png,855075,imgs_part_3\PAT_1600_2685_445.png
imgs_part_3,PAT_1603_2704_969.png,.png,919482,imgs_part_3\PAT_1603_2704_969.png
imgs_part_3,PAT_1605_2715_845.png,.png,278221,imgs_part_3\PAT_1605_2715_845.png
imgs_part_3,PAT_1608_2720_196.png,.png,434138,imgs_part_3\PAT_1608_2720_196.png
imgs_part_3,PAT_1611_2725_680.png,.png,66221,imgs_part_3\PAT_1611_2725_680.png
imgs_part_3,PAT_1613_2744_603.png,.png,823304,imgs_part_3\PAT_1613_2744_603.png
imgs_part_3,PAT_1614_2747_533.png,.png,680466,imgs_part_3\PAT_1614_2747_533.png
imgs_part_3,PAT_1615_2749_350.png,.png,1178921,imgs_part_3\PAT_1615_2749_350.png
imgs_part_3,PAT_1618_2771_628.png,.png,142326,imgs_part_3\PAT_1618_2771_628.png
imgs_part_3,PAT_1619_2774_616.png,.png,51972,imgs_part_3\PAT_1619_2774_616.png
imgs_part_3,PAT_1620_2779_319.png,.png,730843,imgs_part_3\PAT_1620_2779_319.png
imgs_part_3,PAT_1624_2807_679.png,.png,213024,imgs_part_3\PAT_1624_2807_679.png
imgs_part_3,PAT_1626_2811_850.png,.png,92167,imgs_part_3\PAT_1626_2811_850.png
imgs_part_3,PAT_1631_2837_667.png,.png,245988,imgs_part_3\PAT_1631_2837_667.png
imgs_part_3,PAT_1633_2855_460.png,.png,7658471,imgs_part_3\PAT_1633_2855_460.png
imgs_part_3,PAT_1633_2855_594.png,.png,7670610,imgs_part_3\PAT_1633_2855_594.png
imgs_part_3,PAT_1636_2869_595.png,.png,606222,imgs_part_3\PAT_1636_2869_595.png
imgs_part_3,PAT_1636_2869_739.png,.png,1535054,imgs_part_3\PAT_1636_2869_739.png
imgs_part_3,PAT_1638_2878_536.png,.png,3124077,imgs_part_3\PAT_1638_2878_536.png
imgs_part_3,PAT_1639_2879_744.png,.png,287671,imgs_part_3\PAT_1639_2879_744.png
imgs_part_3,PAT_1641_2886_284.png,.png,240416,imgs_part_3\PAT_1641_2886_284.png
imgs_part_3,PAT_1648_2902_292.png,.png,128748,imgs_part_3\PAT_1648_2902_292.png
imgs_part_3,PAT_1648_2904_523.png,.png,239855,imgs_part_3\PAT_1648_2904_523.png
imgs_part_3,PAT_1650_2913_374.png,.png,2013447,imgs_part_3\PAT_1650_2913_374.png
imgs_part_3,PAT_1651_2914_833.png,.png,1144743,imgs_part_3\PAT_1651_2914_833.png
imgs_part_3,PAT_1652_2915_65.png,.png,248309,imgs_part_3\PAT_1652_2915_65.png
imgs_part_3,PAT_1653_2916_346.png,.png,203025,imgs_part_3\PAT_1653_2916_346.png
imgs_part_3,PAT_1653_2916_994.png,.png,355570,imgs_part_3\PAT_1653_2916_994.png
imgs_part_3,PAT_1655_2923_425.png,.png,1986512,imgs_part_3\PAT_1655_2923_425.png
imgs_part_3,PAT_1657_2932_680.png,.png,423671,imgs_part_3\PAT_1657_2932_680.png
imgs_part_3,PAT_1658_2933_322.png,.png,221818,imgs_part_3\PAT_1658_2933_322.png
imgs_part_3,PAT_1661_2956_357.png,.png,112035,imgs_part_3\PAT_1661_2956_357.png
imgs_part_3,PAT_1665_2978_578.png,.png,2072592,imgs_part_3\PAT_1665_2978_578.png
imgs_part_3,PAT_1666_2985_968.png,.png,150991,imgs_part_3\PAT_1666_2985_968.png
imgs_part_3,PAT_1670_3007_105.png,.png,1749245,imgs_part_3\PAT_1670_3007_105.png
imgs_part_3,PAT_1671_3008_622.png,.png,1445200,imgs_part_3\PAT_1671_3008_622.png
imgs_part_3,PAT_1673_3011_440.png,.png,2092875,imgs_part_3\PAT_1673_3011_440.png
imgs_part_3,PAT_1680_3038_587.png,.png,58462,imgs_part_3\PAT_1680_3038_587.png
imgs_part_3,PAT_1682_3050_600.png,.png,536501,imgs_part_3\PAT_1682_3050_600.png
imgs_part_3,PAT_1682_3052_873.png,.png,99755,imgs_part_3\PAT_1682_3052_873.png
imgs_part_3,PAT_1688_3066_491.png,.png,821745,imgs_part_3\PAT_1688_3066_491.png
imgs_part_3,PAT_1689_3075_38.png,.png,1132653,imgs_part_3\PAT_1689_3075_38.png
imgs_part_3,PAT_1689_3077_411.png,.png,1318736,imgs_part_3\PAT_1689_3077_411.png
imgs_part_3,PAT_1690_3082_117.png,.png,883807,imgs_part_3\PAT_1690_3082_117.png
imgs_part_3,PAT_1693_3103_879.png,.png,823493,imgs_part_3\PAT_1693_3103_879.png
imgs_part_3,PAT_1694_3110_213.png,.png,113211,imgs_part_3\PAT_1694_3110_213.png
imgs_part_3,PAT_1696_3115_917.png,.png,491861,imgs_part_3\PAT_1696_3115_917.png
imgs_part_3,PAT_1698_3122_83.png,.png,1222442,imgs_part_3\PAT_1698_3122_83.png
imgs_part_3,PAT_1699_3126_673.png,.png,508497,imgs_part_3\PAT_1699_3126_673.png
imgs_part_3,PAT_1701_3135_5.png,.png,2073567,imgs_part_3\PAT_1701_3135_5.png
imgs_part_3,PAT_1701_3136_33.png,.png,2017451,imgs_part_3\PAT_1701_3136_33.png
imgs_part_3,PAT_1702_3548_386.png,.png,1525502,imgs_part_3\PAT_1702_3548_386.png
imgs_part_3,PAT_1704_3142_702.png,.png,2794690,imgs_part_3\PAT_1704_3142_702.png
imgs_part_3,PAT_1705_3143_139.png,.png,704147,imgs_part_3\PAT_1705_3143_139.png
imgs_part_3,PAT_1706_3144_891.png,.png,499313,imgs_part_3\PAT_1706_3144_891.png
imgs_part_3,PAT_1707_3146_743.png,.png,7223679,imgs_part_3\PAT_1707_3146_743.png
imgs_part_3,PAT_1707_3148_237.png,.png,1898077,imgs_part_3\PAT_1707_3148_237.png
imgs_part_3,PAT_1707_3148_835.png,.png,1901746,imgs_part_3\PAT_1707_3148_835.png
imgs_part_3,PAT_1708_3153_799.png,.png,7027065,imgs_part_3\PAT_1708_3153_799.png
imgs_part_3,PAT_1708_3155_581.png,.png,3556780,imgs_part_3\PAT_1708_3155_581.png
imgs_part_3,PAT_1708_3156_175.png,.png,5534564,imgs_part_3\PAT_1708_3156_175.png
imgs_part_3,PAT_1708_3157_518.png,.png,4174734,imgs_part_3\PAT_1708_3157_518.png
imgs_part_3,PAT_1709_3159_144.png,.png,844710,imgs_part_3\PAT_1709_3159_144.png
imgs_part_3,PAT_1709_3159_935.png,.png,1451834,imgs_part_3\PAT_1709_3159_935.png
imgs_part_3,PAT_1710_3160_488.png,.png,2362601,imgs_part_3\PAT_1710_3160_488.png
imgs_part_3,PAT_1712_3173_684.png,.png,3304867,imgs_part_3\PAT_1712_3173_684.png
imgs_part_3,PAT_1712_3175_600.png,.png,4201760,imgs_part_3\PAT_1712_3175_600.png
imgs_part_3,PAT_1713_3179_888.png,.png,2758308,imgs_part_3\PAT_1713_3179_888.png
imgs_part_3,PAT_1714_3189_989.png,.png,3780192,imgs_part_3\PAT_1714_3189_989.png
imgs_part_3,PAT_1715_3184_989.png,.png,5056418,imgs_part_3\PAT_1715_3184_989.png
imgs_part_3,PAT_1715_3186_948.png,.png,5013743,imgs_part_3\PAT_1715_3186_948.png
imgs_part_3,PAT_1718_3202_152.png,.png,1579848,imgs_part_3\PAT_1718_3202_152.png
imgs_part_3,PAT_1719_3203_18.png,.png,600912,imgs_part_3\PAT_1719_3203_18.png
imgs_part_3,PAT_1720_3208_130.png,.png,2095300,imgs_part_3\PAT_1720_3208_130.png
imgs_part_3,PAT_1721_3219_130.png,.png,2488266,imgs_part_3\PAT_1721_3219_130.png
imgs_part_3,PAT_1721_3219_737.png,.png,3131497,imgs_part_3\PAT_1721_3219_737.png
imgs_part_3,PAT_1722_3214_672.png,.png,7783051,imgs_part_3\PAT_1722_3214_672.png
imgs_part_3,PAT_1723_3218_111.png,.png,1797762,imgs_part_3\PAT_1723_3218_111.png
imgs_part_3,PAT_1725_3222_943.png,.png,4882755,imgs_part_3\PAT_1725_3222_943.png
imgs_part_3,PAT_1726_3228_674.png,.png,3743918,imgs_part_3\PAT_1726_3228_674.png
imgs_part_3,PAT_1727_3233_399.png,.png,818451,imgs_part_3\PAT_1727_3233_399.png
imgs_part_3,PAT_1728_3234_299.png,.png,1261246,imgs_part_3\PAT_1728_3234_299.png
imgs_part_3,PAT_1728_3234_404.png,.png,1218405,imgs_part_3\PAT_1728_3234_404.png
imgs_part_3,PAT_1729_3235_712.png,.png,917723,imgs_part_3\PAT_1729_3235_712.png
imgs_part_3,PAT_1729_3235_909.png,.png,984130,imgs_part_3\PAT_1729_3235_909.png
imgs_part_3,PAT_1730_3236_201.png,.png,1272661,imgs_part_3\PAT_1730_3236_201.png
imgs_part_3,PAT_1730_3236_7.png,.png,1469873,imgs_part_3\PAT_1730_3236_7.png
imgs_part_3,PAT_1731_3237_197.png,.png,501034,imgs_part_3\PAT_1731_3237_197.png
imgs_part_3,PAT_1731_3237_919.png,.png,529521,imgs_part_3\PAT_1731_3237_919.png
imgs_part_3,PAT_1733_3239_389.png,.png,313012,imgs_part_3\PAT_1733_3239_389.png
imgs_part_3,PAT_1733_3239_934.png,.png,217241,imgs_part_3\PAT_1733_3239_934.png
imgs_part_3,PAT_1734_3240_299.png,.png,377636,imgs_part_3\PAT_1734_3240_299.png
imgs_part_3,PAT_1735_3241_207.png,.png,442560,imgs_part_3\PAT_1735_3241_207.png
imgs_part_3,PAT_1735_3242_27.png,.png,659843,imgs_part_3\PAT_1735_3242_27.png
imgs_part_3,PAT_1736_3246_166.png,.png,3562578,imgs_part_3\PAT_1736_3246_166.png
imgs_part_3,PAT_1738_3260_304.png,.png,3867655,imgs_part_3\PAT_1738_3260_304.png
imgs_part_3,PAT_1739_3261_325.png,.png,3299011,imgs_part_3\PAT_1739_3261_325.png
imgs_part_3,PAT_1740_3272_228.png,.png,9310004,imgs_part_3\PAT_1740_3272_228.png
imgs_part_3,PAT_1741_3273_34.png,.png,8687021,imgs_part_3\PAT_1741_3273_34.png
imgs_part_3,PAT_1746_3284_798.png,.png,1337513,imgs_part_3\PAT_1746_3284_798.png
imgs_part_3,PAT_1749_3288_409.png,.png,6797292,imgs_part_3\PAT_1749_3288_409.png
imgs_part_3,PAT_1753_3305_385.png,.png,861827,imgs_part_3\PAT_1753_3305_385.png
imgs_part_3,PAT_1754_3306_816.png,.png,1443693,imgs_part_3\PAT_1754_3306_816.png
imgs_part_3,PAT_1754_3308_390.png,.png,1528463,imgs_part_3\PAT_1754_3308_390.png
imgs_part_3,PAT_1754_3308_783.png,.png,4454019,imgs_part_3\PAT_1754_3308_783.png
imgs_part_3,PAT_1755_3309_828.png,.png,863015,imgs_part_3\PAT_1755_3309_828.png
imgs_part_3,PAT_1755_3310_986.png,.png,310560,imgs_part_3\PAT_1755_3310_986.png
imgs_part_3,PAT_1757_3316_304.png,.png,4490887,imgs_part_3\PAT_1757_3316_304.png
imgs_part_3,PAT_1760_3326_525.png,.png,1088331,imgs_part_3\PAT_1760_3326_525.png
imgs_part_3,PAT_1761_3329_837.png,.png,2297848,imgs_part_3\PAT_1761_3329_837.png
imgs_part_3,PAT_1762_3332_245.png,.png,3833140,imgs_part_3\PAT_1762_3332_245.png
imgs_part_3,PAT_1764_3335_366.png,.png,286084,imgs_part_3\PAT_1764_3335_366.png
imgs_part_3,PAT_1764_3335_803.png,.png,225330,imgs_part_3\PAT_1764_3335_803.png
imgs_part_3,PAT_1764_3336_981.png,.png,1373285,imgs_part_3\PAT_1764_3336_981.png
imgs_part_3,PAT_1765_3337_365.png,.png,567654,imgs_part_3\PAT_1765_3337_365.png
imgs_part_3,PAT_1767_3340_959.png,.png,2148547,imgs_part_3\PAT_1767_3340_959.png
imgs_part_3,PAT_1769_3342_63.png,.png,2042052,imgs_part_3\PAT_1769_3342_63.png
imgs_part_3,PAT_1770_3344_274.png,.png,1269195,imgs_part_3\PAT_1770_3344_274.png
imgs_part_3,PAT_1772_3346_66.png,.png,948681,imgs_part_3\PAT_1772_3346_66.png
imgs_part_3,PAT_1774_3352_474.png,.png,2011026,imgs_part_3\PAT_1774_3352_474.png
imgs_part_3,PAT_1777_3370_697.png,.png,3734229,imgs_part_3\PAT_1777_3370_697.png
imgs_part_3,PAT_1780_3380_542.png,.png,590338,imgs_part_3\PAT_1780_3380_542.png
imgs_part_3,PAT_1780_3381_999.png,.png,465690,imgs_part_3\PAT_1780_3381_999.png
imgs_part_3,PAT_1783_3413_850.png,.png,2645120,imgs_part_3\PAT_1783_3413_850.png
imgs_part_3,PAT_1783_3414_120.png,.png,3284463,imgs_part_3\PAT_1783_3414_120.png
imgs_part_3,PAT_1783_3415_640.png,.png,2157149,imgs_part_3\PAT_1783_3415_640.png
imgs_part_3,PAT_1784_3416_507.png,.png,1077967,imgs_part_3\PAT_1784_3416_507.png
imgs_part_3,PAT_1786_3419_768.png,.png,2711299,imgs_part_3\PAT_1786_3419_768.png
imgs_part_3,PAT_1786_3420_346.png,.png,3583306,imgs_part_3\PAT_1786_3420_346.png
imgs_part_3,PAT_1787_3421_516.png,.png,645806,imgs_part_3\PAT_1787_3421_516.png
imgs_part_3,PAT_1790_3425_942.png,.png,674200,imgs_part_3\PAT_1790_3425_942.png
imgs_part_3,PAT_1790_3427_355.png,.png,2061159,imgs_part_3\PAT_1790_3427_355.png
imgs_part_3,PAT_1790_3427_723.png,.png,2500637,imgs_part_3\PAT_1790_3427_723.png
imgs_part_3,PAT_1794_3435_711.png,.png,5097183,imgs_part_3\PAT_1794_3435_711.png
imgs_part_3,PAT_1798_3455_379.png,.png,4766440,imgs_part_3\PAT_1798_3455_379.png
imgs_part_3,PAT_1799_3457_209.png,.png,8971493,imgs_part_3\PAT_1799_3457_209.png
imgs_part_3,PAT_1800_3460_206.png,.png,3172744,imgs_part_3\PAT_1800_3460_206.png
imgs_part_3,PAT_1801_3459_857.png,.png,2211056,imgs_part_3\PAT_1801_3459_857.png
imgs_part_3,PAT_1801_3461_351.png,.png,613833,imgs_part_3\PAT_1801_3461_351.png
imgs_part_3,PAT_1803_3463_639.png,.png,1825057,imgs_part_3\PAT_1803_3463_639.png
imgs_part_3,PAT_1804_3469_628.png,.png,3960723,imgs_part_3\PAT_1804_3469_628.png
imgs_part_3,PAT_1805_3477_772.png,.png,937489,imgs_part_3\PAT_1805_3477_772.png
imgs_part_3,PAT_1807_3481_801.png,.png,1073284,imgs_part_3\PAT_1807_3481_801.png
imgs_part_3,PAT_1810_3484_347.png,.png,991982,imgs_part_3\PAT_1810_3484_347.png
imgs_part_3,PAT_1811_3487_560.png,.png,4033767,imgs_part_3\PAT_1811_3487_560.png
imgs_part_3,PAT_1812_3492_670.png,.png,2718319,imgs_part_3\PAT_1812_3492_670.png
imgs_part_3,PAT_1813_3562_195.png,.png,1633017,imgs_part_3\PAT_1813_3562_195.png
imgs_part_3,PAT_1814_3564_609.png,.png,222125,imgs_part_3\PAT_1814_3564_609.png
imgs_part_3,PAT_1818_3568_132.png,.png,3864778,imgs_part_3\PAT_1818_3568_132.png
imgs_part_3,PAT_1818_3570_577.png,.png,12407528,imgs_part_3\PAT_1818_3570_577.png
imgs_part_3,PAT_1819_3569_217.png,.png,1044489,imgs_part_3\PAT_1819_3569_217.png
imgs_part_3,PAT_1821_3575_920.png,.png,6559428,imgs_part_3\PAT_1821_3575_920.png
imgs_part_3,PAT_1822_3576_145.png,.png,2784363,imgs_part_3\PAT_1822_3576_145.png
imgs_part_3,PAT_1826_3580_871.png,.png,3307263,imgs_part_3\PAT_1826_3580_871.png
imgs_part_3,PAT_1832_3597_594.png,.png,3022608,imgs_part_3\PAT_1832_3597_594.png
imgs_part_3,PAT_1833_3599_827.png,.png,645464,imgs_part_3\PAT_1833_3599_827.png
imgs_part_3,PAT_1837_3608_851.png,.png,3746206,imgs_part_3\PAT_1837_3608_851.png
imgs_part_3,PAT_1838_3609_254.png,.png,1172675,imgs_part_3\PAT_1838_3609_254.png
imgs_part_3,PAT_1840_3612_959.png,.png,2820316,imgs_part_3\PAT_1840_3612_959.png
imgs_part_3,PAT_1842_3615_850.png,.png,271238,imgs_part_3\PAT_1842_3615_850.png
imgs_part_3,PAT_1844_3618_373.png,.png,444317,imgs_part_3\PAT_1844_3618_373.png
imgs_part_3,PAT_1846_3622_35.png,.png,967722,imgs_part_3\PAT_1846_3622_35.png
imgs_part_3,PAT_1849_3629_214.png,.png,681980,imgs_part_3\PAT_1849_3629_214.png
imgs_part_3,PAT_1850_3631_519.png,.png,1312383,imgs_part_3\PAT_1850_3631_519.png
imgs_part_3,PAT_1854_3637_323.png,.png,2504769,imgs_part_3\PAT_1854_3637_323.png
imgs_part_3,PAT_1855_3641_327.png,.png,4384644,imgs_part_3\PAT_1855_3641_327.png
imgs_part_3,PAT_1861_3648_959.png,.png,10706586,imgs_part_3\PAT_1861_3648_959.png
imgs_part_3,PAT_1866_3659_398.png,.png,588792,imgs_part_3\PAT_1866_3659_398.png
imgs_part_3,PAT_1866_3660_115.png,.png,561206,imgs_part_3\PAT_1866_3660_115.png
imgs_part_3,PAT_1869_3663_335.png,.png,671177,imgs_part_3\PAT_1869_3663_335.png
imgs_part_3,PAT_1871_3666_675.png,.png,426626,imgs_part_3\PAT_1871_3666_675.png
imgs_part_3,PAT_1874_3687_799.png,.png,1377129,imgs_part_3\PAT_1874_3687_799.png
imgs_part_3,PAT_1875_3689_646.png,.png,471041,imgs_part_3\PAT_1875_3689_646.png
imgs_part_3,PAT_1881_3711_217.png,.png,503318,imgs_part_3\PAT_1881_3711_217.png
imgs_part_3,PAT_1881_3713_718.png,.png,640134,imgs_part_3\PAT_1881_3713_718.png
imgs_part_3,PAT_1881_3717_785.png,.png,140109,imgs_part_3\PAT_1881_3717_785.png
imgs_part_3,PAT_1882_3718_982.png,.png,538247,imgs_part_3\PAT_1882_3718_982.png
imgs_part_3,PAT_1884_3730_813.png,.png,613003,imgs_part_3\PAT_1884_3730_813.png
imgs_part_3,PAT_1892_3760_713.png,.png,1815489,imgs_part_3\PAT_1892_3760_713.png
imgs_part_3,PAT_1893_3761_666.png,.png,573178,imgs_part_3\PAT_1893_3761_666.png
imgs_part_3,PAT_1899_3779_475.png,.png,391487,imgs_part_3\PAT_1899_3779_475.png
imgs_part_3,PAT_1902_3790_168.png,.png,558886,imgs_part_3\PAT_1902_3790_168.png
imgs_part_3,PAT_1903_3791_14.png,.png,301876,imgs_part_3\PAT_1903_3791_14.png
imgs_part_3,PAT_1904_3794_215.png,.png,1601597,imgs_part_3\PAT_1904_3794_215.png
imgs_part_3,PAT_1906_3798_588.png,.png,307081,imgs_part_3\PAT_1906_3798_588.png
imgs_part_3,PAT_1907_3801_88.png,.png,359511,imgs_part_3\PAT_1907_3801_88.png
imgs_part_3,PAT_1913_3815_367.png,.png,513131,imgs_part_3\PAT_1913_3815_367.png
imgs_part_3,PAT_1913_3816_335.png,.png,460532,imgs_part_3\PAT_1913_3816_335.png
imgs_part_3,PAT_1913_3818_991.png,.png,497011,imgs_part_3\PAT_1913_3818_991.png
imgs_part_3,PAT_1914_3821_427.png,.png,138284,imgs_part_3\PAT_1914_3821_427.png
imgs_part_3,PAT_1914_3822_863.png,.png,148356,imgs_part_3\PAT_1914_3822_863.png
imgs_part_3,PAT_1914_3823_180.png,.png,154925,imgs_part_3\PAT_1914_3823_180.png
imgs_part_3,PAT_1918_3836_82.png,.png,1798777,imgs_part_3\PAT_1918_3836_82.png
imgs_part_3,PAT_1918_3837_15.png,.png,2449824,imgs_part_3\PAT_1918_3837_15.png
imgs_part_3,PAT_1922_3848_451.png,.png,299420,imgs_part_3\PAT_1922_3848_451.png
imgs_part_3,PAT_1926_3871_371.png,.png,915868,imgs_part_3\PAT_1926_3871_371.png
imgs_part_3,PAT_1928_3876_437.png,.png,4251502,imgs_part_3\PAT_1928_3876_437.png
imgs_part_3,PAT_1931_3879_727.png,.png,1677239,imgs_part_3\PAT_1931_3879_727.png
imgs_part_3,PAT_1933_3883_413.png,.png,938565,imgs_part_3\PAT_1933_3883_413.png
imgs_part_3,PAT_1934_3890_306.png,.png,460662,imgs_part_3\PAT_1934_3890_306.png
imgs_part_3,PAT_1937_3897_131.png,.png,413830,imgs_part_3\PAT_1937_3897_131.png
imgs_part_3,PAT_1940_3901_900.png,.png,815201,imgs_part_3\PAT_1940_3901_900.png
imgs_part_3,PAT_1940_3902_876.png,.png,430301,imgs_part_3\PAT_1940_3902_876.png
imgs_part_3,PAT_1942_3915_388.png,.png,967393,imgs_part_3\PAT_1942_3915_388.png
imgs_part_3,PAT_1942_3917_379.png,.png,844291,imgs_part_3\PAT_1942_3917_379.png
imgs_part_3,PAT_1942_3918_497.png,.png,1489413,imgs_part_3\PAT_1942_3918_497.png
imgs_part_3,PAT_1944_3921_281.png,.png,2679780,imgs_part_3\PAT_1944_3921_281.png
imgs_part_3,PAT_1945_3923_428.png,.png,2148613,imgs_part_3\PAT_1945_3923_428.png
imgs_part_3,PAT_1946_3924_24.png,.png,1910544,imgs_part_3\PAT_1946_3924_24.png
imgs_part_3,PAT_1946_3924_627.png,.png,593491,imgs_part_3\PAT_1946_3924_627.png
imgs_part_3,PAT_1946_3924_929.png,.png,1948754,imgs_part_3\PAT_1946_3924_929.png
imgs_part_3,PAT_1947_3926_165.png,.png,870740,imgs_part_3\PAT_1947_3926_165.png
imgs_part_3,PAT_1950_3932_655.png,.png,412400,imgs_part_3\PAT_1950_3932_655.png
imgs_part_3,PAT_1951_3934_98.png,.png,422039,imgs_part_3\PAT_1951_3934_98.png
imgs_part_3,PAT_1955_3946_319.png,.png,927005,imgs_part_3\PAT_1955_3946_319.png
imgs_part_3,PAT_1955_3947_778.png,.png,873154,imgs_part_3\PAT_1955_3947_778.png
imgs_part_3,PAT_1956_3949_217.png,.png,3302722,imgs_part_3\PAT_1956_3949_217.png
imgs_part_3,PAT_1960_3957_864.png,.png,429983,imgs_part_3\PAT_1960_3957_864.png
imgs_part_3,PAT_1967_3976_736.png,.png,985381,imgs_part_3\PAT_1967_3976_736.png
imgs_part_3,PAT_1969_3980_995.png,.png,1517512,imgs_part_3\PAT_1969_3980_995.png
imgs_part_3,PAT_1971_3984_534.png,.png,2267440,imgs_part_3\PAT_1971_3984_534.png
imgs_part_3,PAT_1975_3999_453.png,.png,1135747,imgs_part_3\PAT_1975_3999_453.png
imgs_part_3,PAT_1976_4000_701.png,.png,2027491,imgs_part_3\PAT_1976_4000_701.png
imgs_part_3,PAT_1978_4004_304.png,.png,1370174,imgs_part_3\PAT_1978_4004_304.png
imgs_part_3,PAT_1978_4004_82.png,.png,1404256,imgs_part_3\PAT_1978_4004_82.png
imgs_part_3,PAT_1980_4018_929.png,.png,704863,imgs_part_3\PAT_1980_4018_929.png
imgs_part_3,PAT_1981_4023_673.png,.png,10274372,imgs_part_3\PAT_1981_4023_673.png
imgs_part_3,PAT_1983_4032_502.png,.png,4890802,imgs_part_3\PAT_1983_4032_502.png
imgs_part_3,PAT_1984_4038_265.png,.png,2024872,imgs_part_3\PAT_1984_4038_265.png
imgs_part_3,PAT_1988_4052_897.png,.png,948096,imgs_part_3\PAT_1988_4052_897.png
imgs_part_3,PAT_1989_4061_934.png,.png,6827462,imgs_part_3\PAT_1989_4061_934.png
imgs_part_3,PAT_1993_4076_174.png,.png,2101627,imgs_part_3\PAT_1993_4076_174.png
imgs_part_3,PAT_1993_4077_139.png,.png,1187315,imgs_part_3\PAT_1993_4077_139.png
imgs_part_3,PAT_1995_4080_695.png,.png,5762750,imgs_part_3\PAT_1995_4080_695.png
imgs_part_3,PAT_1998_4095_438.png,.png,772424,imgs_part_3\PAT_1998_4095_438.png
imgs_part_3,PAT_2003_4107_766.png,.png,800882,imgs_part_3\PAT_2003_4107_766.png
imgs_part_3,PAT_2006_4123_719.png,.png,2172904,imgs_part_3\PAT_2006_4123_719.png
imgs_part_3,PAT_2008_4126_489.png,.png,859106,imgs_part_3\PAT_2008_4126_489.png
imgs_part_3,PAT_2009_4134_828.png,.png,5716733,imgs_part_3\PAT_2009_4134_828.png
imgs_part_3,PAT_2010_4136_318.png,.png,3445416,imgs_part_3\PAT_2010_4136_318.png
imgs_part_3,PAT_2011_4140_787.png,.png,621207,imgs_part_3\PAT_2011_4140_787.png
imgs_part_3,PAT_2011_4140_988.png,.png,524155,imgs_part_3\PAT_2011_4140_988.png
imgs_part_3,PAT_2011_4141_862.png,.png,1066717,imgs_part_3\PAT_2011_4141_862.png
imgs_part_3,PAT_2013_4148_303.png,.png,635499,imgs_part_3\PAT_2013_4148_303.png
imgs_part_3,PAT_2016_4155_600.png,.png,2146528,imgs_part_3\PAT_2016_4155_600.png
imgs_part_3,PAT_2016_4156_941.png,.png,1235029,imgs_part_3\PAT_2016_4156_941.png
imgs_part_3,PAT_2016_4160_868.png,.png,2127631,imgs_part_3\PAT_2016_4160_868.png
imgs_part_3,PAT_2017_4164_500.png,.png,1214943,imgs_part_3\PAT_2017_4164_500.png
imgs_part_3,PAT_2018_4167_11.png,.png,4073951,imgs_part_3\PAT_2018_4167_11.png
imgs_part_3,PAT_2020_4174_799.png,.png,9283439,imgs_part_3\PAT_2020_4174_799.png
imgs_part_3,PAT_2020_4176_865.png,.png,7984604,imgs_part_3\PAT_2020_4176_865.png
imgs_part_3,PAT_2021_4180_381.png,.png,6475516,imgs_part_3\PAT_2021_4180_381.png
imgs_part_3,PAT_2022_4184_111.png,.png,658794,imgs_part_3\PAT_2022_4184_111.png
imgs_part_3,PAT_2024_4221_632.png,.png,459481,imgs_part_3\PAT_2024_4221_632.png
imgs_part_3,PAT_2024_4224_141.png,.png,415204,imgs_part_3\PAT_2024_4224_141.png
imgs_part_3,PAT_2024_4225_170.png,.png,261103,imgs_part_3\PAT_2024_4225_170.png
imgs_part_3,PAT_2025_4229_541.png,.png,512035,imgs_part_3\PAT_2025_4229_541.png
imgs_part_3,PAT_2026_4230_141.png,.png,620500,imgs_part_3\PAT_2026_4230_141.png
imgs_part_3,PAT_2030_4246_973.png,.png,5342517,imgs_part_3\PAT_2030_4246_973.png
imgs_part_3,PAT_2034_4266_880.png,.png,1356568,imgs_part_3\PAT_2034_4266_880.png
imgs_part_3,PAT_2034_4268_141.png,.png,1132865,imgs_part_3\PAT_2034_4268_141.png
imgs_part_3,PAT_2034_4269_670.png,.png,1882923,imgs_part_3\PAT_2034_4269_670.png
imgs_part_3,PAT_2036_4280_90.png,.png,1707199,imgs_part_3\PAT_2036_4280_90.png
imgs_part_3,PAT_2036_4281_271.png,.png,2090261,imgs_part_3\PAT_2036_4281_271.png
imgs_part_3,PAT_2039_4290_273.png,.png,2015968,imgs_part_3\PAT_2039_4290_273.png
imgs_part_3,PAT_2041_4298_408.png,.png,4248439,imgs_part_3\PAT_2041_4298_408.png
imgs_part_3,PAT_2042_4301_636.png,.png,376270,imgs_part_3\PAT_2042_4301_636.png
imgs_part_3,PAT_2043_4308_681.png,.png,438550,imgs_part_3\PAT_2043_4308_681.png
imgs_part_3,PAT_2046_4323_394.png,.png,421911,imgs_part_3\PAT_2046_4323_394.png
imgs_part_3,PAT_2046_4323_762.png,.png,718912,imgs_part_3\PAT_2046_4323_762.png
imgs_part_3,PAT_2048_4333_63.png,.png,1208083,imgs_part_3\PAT_2048_4333_63.png
imgs_part_3,PAT_2049_4348_485.png,.png,1098190,imgs_part_3\PAT_2049_4348_485.png
imgs_part_3,PAT_2050_4350_36.png,.png,1619798,imgs_part_3\PAT_2050_4350_36.png
imgs_part_3,PAT_2051_4356_460.png,.png,665078,imgs_part_3\PAT_2051_4356_460.png
imgs_part_3,PAT_2053_4360_281.png,.png,389933,imgs_part_3\PAT_2053_4360_281.png
imgs_part_3,PAT_2056_4364_112.png,.png,3079010,imgs_part_3\PAT_2056_4364_112.png
imgs_part_3,PAT_2061_4395_587.png,.png,3048172,imgs_part_3\PAT_2061_4395_587.png
imgs_part_3,PAT_2062_4397_39.png,.png,2547676,imgs_part_3\PAT_2062_4397_39.png
imgs_part_3,PAT_2065_4412_407.png,.png,1763936,imgs_part_3\PAT_2065_4412_407.png
imgs_part_3,PAT_2065_4413_298.png,.png,578408,imgs_part_3\PAT_2065_4413_298.png
imgs_part_3,PAT_2066_4417_201.png,.png,1902436,imgs_part_3\PAT_2066_4417_201.png
imgs_part_3,PAT_2068_4424_995.png,.png,1419047,imgs_part_3\PAT_2068_4424_995.png
imgs_part_3,PAT_2070_4430_290.png,.png,2251540,imgs_part_3\PAT_2070_4430_290.png
imgs_part_3,PAT_2071_4433_848.png,.png,1754695,imgs_part_3\PAT_2071_4433_848.png
imgs_part_3,PAT_2076_4459_450.png,.png,1375661,imgs_part_3\PAT_2076_4459_450.png
imgs_part_3,PAT_2077_4463_77.png,.png,4234084,imgs_part_3\PAT_2077_4463_77.png
imgs_part_3,PAT_2079_4480_586.png,.png,5114017,imgs_part_3\PAT_2079_4480_586.png
imgs_part_3,PAT_2080_4484_997.png,.png,713687,imgs_part_3\PAT_2080_4484_997.png
imgs_part_3,PAT_2081_4488_57.png,.png,4283793,imgs_part_3\PAT_2081_4488_57.png
imgs_part_3,PAT_2082_4491_519.png,.png,3754474,imgs_part_3\PAT_2082_4491_519.png
imgs_part_3,PAT_2085_4506_726.png,.png,4275364,imgs_part_3\PAT_2085_4506_726.png
imgs_part_3,PAT_2088_4523_400.png,.png,902441,imgs_part_3\PAT_2088_4523_400.png
imgs_part_3,PAT_2088_4524_465.png,.png,938500,imgs_part_3\PAT_2088_4524_465.png
imgs_part_3,PAT_2088_4525_507.png,.png,1423167,imgs_part_3\PAT_2088_4525_507.png
imgs_part_3,PAT_2089_4529_762.png,.png,2912710,imgs_part_3\PAT_2089_4529_762.png
imgs_part_3,PAT_2090_4532_178.png,.png,1682906,imgs_part_3\PAT_2090_4532_178.png
imgs_part_3,PAT_2092_4537_438.png,.png,1056923,imgs_part_3\PAT_2092_4537_438.png
imgs_part_3,PAT_2093_4542_192.png,.png,2115439,imgs_part_3\PAT_2093_4542_192.png
imgs_part_3,PAT_2097_4557_241.png,.png,631004,imgs_part_3\PAT_2097_4557_241.png
imgs_part_3,PAT_2098_4559_436.png,.png,2157926,imgs_part_3\PAT_2098_4559_436.png
imgs_part_3,PAT_2099_4562_100.png,.png,767512,imgs_part_3\PAT_2099_4562_100.png
imgs_part_3,PAT_2102_4575_616.png,.png,1702954,imgs_part_3\PAT_2102_4575_616.png
imgs_part_3,PAT_2103_4581_72.png,.png,4761314,imgs_part_3\PAT_2103_4581_72.png
imgs_part_3,PAT_2105_4587_204.png,.png,5358474,imgs_part_3\PAT_2105_4587_204.png
imgs_part_3,PAT_2106_4590_227.png,.png,3577621,imgs_part_3\PAT_2106_4590_227.png
imgs_part_3,PAT_2107_4595_381.png,.png,1691467,imgs_part_3\PAT_2107_4595_381.png
imgs_part_3,PAT_2108_4596_837.png,.png,1952945,imgs_part_3\PAT_2108_4596_837.png
imgs_part_3,PAT_2109_4598_112.png,.png,1940543,imgs_part_3\PAT_2109_4598_112.png
imgs_part_3,PAT_2113_4607_329.png,.png,3259879,imgs_part_3\PAT_2113_4607_329.png
imgs_part_3,PAT_2114_4609_615.png,.png,2519578,imgs_part_3\PAT_2114_4609_615.png
imgs_part_3,PAT_2115_4613_260.png,.png,1176402,imgs_part_3\PAT_2115_4613_260.png
imgs_part_3,PAT_2116_4614_671.png,.png,3742353,imgs_part_3\PAT_2116_4614_671.png
imgs_part_3,PAT_2119_4625_733.png,.png,1010663,imgs_part_3\PAT_2119_4625_733.png
imgs_part_3,PAT_2122_4642_204.png,.png,1232180,imgs_part_3\PAT_2122_4642_204.png
imgs_part_3,PAT_2122_4642_680.png,.png,964751,imgs_part_3\PAT_2122_4642_680.png
imgs_part_3,PAT_2123_4647_95.png,.png,1536771,imgs_part_3\PAT_2123_4647_95.png
imgs_part_3,PAT_2124_4650_575.png,.png,1551214,imgs_part_3\PAT_2124_4650_575.png
imgs_part_3,PAT_2125_4653_497.png,.png,2494492,imgs_part_3\PAT_2125_4653_497.png
imgs_part_3,PAT_2126_4654_644.png,.png,1217336,imgs_part_3\PAT_2126_4654_644.png
imgs_part_3,PAT_2127_4662_596.png,.png,2834987,imgs_part_3\PAT_2127_4662_596.png
imgs_part_3,PAT_2128_4676_965.png,.png,1711759,imgs_part_3\PAT_2128_4676_965.png
imgs_part_3,PAT_2129_4680_110.png,.png,848999,imgs_part_3\PAT_2129_4680_110.png
imgs_part_3,PAT_2131_4683_112.png,.png,3472887,imgs_part_3\PAT_2131_4683_112.png
imgs_part_3,PAT_2140_4726_141.png,.png,5039127,imgs_part_3\PAT_2140_4726_141.png
imgs_part_3,PAT_2140_4726_85.png,.png,23618119,imgs_part_3\PAT_2140_4726_85.png
imgs_part_3,PAT_2142_4733_13.png,.png,2672450,imgs_part_3\PAT_2142_4733_13.png
imgs_part_3,PAT_2143_4736_227.png,.png,1753054,imgs_part_3\PAT_2143_4736_227.png
imgs_part_3,PAT_2144_4738_120.png,.png,360513,imgs_part_3\PAT_2144_4738_120.png
imgs_part_3,PAT_2150_4766_754.png,.png,3813293,imgs_part_3\PAT_2150_4766_754.png
imgs_part_3,PAT_2151_4779_515.png,.png,488674,imgs_part_3\PAT_2151_4779_515.png
imgs_part_3,PAT_2152_4781_332.png,.png,603888,imgs_part_3\PAT_2152_4781_332.png
imgs_part_3,PAT_2153_4782_321.png,.png,1080865,imgs_part_3\PAT_2153_4782_321.png
imgs_part_3,PAT_2154_4783_625.png,.png,389202,imgs_part_3\PAT_2154_4783_625.png
imgs_part_3,PAT_2155_4784_483.png,.png,457283,imgs_part_3\PAT_2155_4784_483.png
imgs_part_3,PAT_2157_4789_969.png,.png,751695,imgs_part_3\PAT_2157_4789_969.png
imgs_part_3,PAT_2159_4792_718.png,.png,790724,imgs_part_3\PAT_2159_4792_718.png
imgs_part_3,PAT_2160_4814_243.png,.png,1955609,imgs_part_3\PAT_2160_4814_243.png
imgs_part_3,PAT_2161_4818_501.png,.png,504976,imgs_part_3\PAT_2161_4818_501.png
imgs_part_3,PAT_2161_4819_719.png,.png,425093,imgs_part_3\PAT_2161_4819_719.png
imgs_part_3,PAT_2162_4820_913.png,.png,130922,imgs_part_3\PAT_2162_4820_913.png
