image_path,true_label_idx,true_label_name,pred_label_idx,pred_label_name
data/raw/HAM10000/HAM10000_images_part_1/ISIC_0027190.jpg,2,Melanoma,2,Melanoma
data/raw/HAM10000/HAM10000_images_part_2/ISIC_0032248.jpg,2,Melanoma,2,Melanoma
data/raw/HAM10000/HAM10000_images_part_1/ISIC_0025303.jpg,2,Melanoma,3,Nevus
data/raw/HAM10000/HAM10000_images_part_2/ISIC_0030129.jpg,2,Melanoma,3,Nevus
data/raw/HAM10000/HAM10000_images_part_2/ISIC_0030281.jpg,2,Melanoma,3,Nevus
data/raw/HAM10000/HAM10000_images_part_1/ISIC_0024481.jpg,2,Melanoma,4,Seborrheic Keratosis
data/raw/HAM10000/HAM10000_images_part_1/ISIC_0027277.jpg,2,Melanoma,2,Melanoma
data/raw/HAM10000/HAM10000_images_part_1/ISIC_0028642.jpg,2,Melanoma,2,Melanoma
data/raw/HAM10000/HAM10000_images_part_2/ISIC_0032079.jpg,2,Melanoma,4,Seborrheic Keratosis
data/raw/HAM10000/HAM10000_images_part_1/ISIC_0025234.jpg,2,Melanoma,1,Basal Cell Carcinoma
data/raw/HAM10000/HAM10000_images_part_1/ISIC_0029163.jpg,2,Melanoma,0,Actinic Keratosis
data/raw/HAM10000/HAM10000_images_part_2/ISIC_0029630.jpg,2,Melanoma,0,Actinic Keratosis
data/raw/HAM10000/HAM10000_images_part_1/ISIC_0026369.jpg,2,Melanoma,3,Nevus
data/raw/HAM10000/HAM10000_images_part_2/ISIC_0030521.jpg,2,Melanoma,3,Nevus
data/raw/HAM10000/HAM10000_images_part_1/ISIC_0025363.jpg,2,Melanoma,2,Melanoma
data/raw/HAM10000/HAM10000_images_part_2/ISIC_0029473.jpg,2,Melanoma,0,Actinic Keratosis
data/raw/HAM10000/HAM10000_images_part_1/ISIC_0025927.jpg,2,Melanoma,0,Actinic Keratosis
data/raw/HAM10000/HAM10000_images_part_1/ISIC_0024400.jpg,2,Melanoma,0,Actinic Keratosis
data/raw/HAM10000/HAM10000_images_part_1/ISIC_0027721.jpg,2,Melanoma,0,Actinic Keratosis
data/raw/HAM10000/HAM10000_images_part_1/ISIC_0026697.jpg,2,Melanoma,5,Squamous Cell Carcinoma
data/raw/HAM10000/HAM10000_images_part_1/ISIC_0027260.jpg,2,Melanoma,2,Melanoma
data/raw/HAM10000/HAM10000_images_part_1/ISIC_0027604.jpg,2,Melanoma,2,Melanoma
data/raw/HAM10000/HAM10000_images_part_2/ISIC_0029434.jpg,2,Melanoma,2,Melanoma
data/raw/HAM10000/HAM10000_images_part_1/ISIC_0027300.jpg,2,Melanoma,2,Melanoma
data/raw/HAM10000/HAM10000_images_part_1/ISIC_0028512.jpg,2,Melanoma,2,Melanoma
data/raw/HAM10000/HAM10000_images_part_1/ISIC_0024310.jpg,2,Melanoma,2,Melanoma
data/raw/HAM10000/HAM10000_images_part_2/ISIC_0033496.jpg,2,Melanoma,3,Nevus
data/raw/HAM10000/HAM10000_images_part_2/ISIC_0032927.jpg,2,Melanoma,3,Nevus
data/raw/HAM10000/HAM10000_images_part_1/ISIC_0024865.jpg,2,Melanoma,3,Nevus
data/raw/HAM10000/HAM10000_images_part_2/ISIC_0029562.jpg,2,Melanoma,3,Nevus
data/raw/HAM10000/HAM10000_images_part_2/ISIC_0029453.jpg,2,Melanoma,3,Nevus
data/raw/HAM10000/HAM10000_images_part_1/ISIC_0026086.jpg,2,Melanoma,2,Melanoma
data/raw/HAM10000/HAM10000_images_part_2/ISIC_0033931.jpg,2,Melanoma,0,Actinic Keratosis
data/raw/HAM10000/HAM10000_images_part_1/ISIC_0026188.jpg,2,Melanoma,0,Actinic Keratosis
data/raw/HAM10000/HAM10000_images_part_2/ISIC_0034141.jpg,2,Melanoma,4,Seborrheic Keratosis
data/raw/HAM10000/HAM10000_images_part_2/ISIC_0033643.jpg,2,Melanoma,2,Melanoma
data/raw/HAM10000/HAM10000_images_part_2/ISIC_0032629.jpg,2,Melanoma,4,Seborrheic Keratosis
data/raw/HAM10000/HAM10000_images_part_2/ISIC_0034118.jpg,2,Melanoma,3,Nevus
data/raw/HAM10000/HAM10000_images_part_2/ISIC_0033476.jpg,2,Melanoma,3,Nevus
data/raw/HAM10000/HAM10000_images_part_2/ISIC_0033047.jpg,2,Melanoma,3,Nevus
data/raw/HAM10000/HAM10000_images_part_1/ISIC_0025987.jpg,2,Melanoma,3,Nevus
data/raw/HAM10000/HAM10000_images_part_2/ISIC_0032976.jpg,2,Melanoma,2,Melanoma
data/raw/HAM10000/HAM10000_images_part_2/ISIC_0033274.jpg,2,Melanoma,2,Melanoma
data/raw/HAM10000/HAM10000_images_part_1/ISIC_0026745.jpg,2,Melanoma,2,Melanoma
data/raw/HAM10000/HAM10000_images_part_2/ISIC_0032685.jpg,2,Melanoma,4,Seborrheic Keratosis
data/raw/HAM10000/HAM10000_images_part_2/ISIC_0032903.jpg,2,Melanoma,4,Seborrheic Keratosis
data/raw/HAM10000/HAM10000_images_part_2/ISIC_0033323.jpg,2,Melanoma,4,Seborrheic Keratosis
data/raw/HAM10000/HAM10000_images_part_2/ISIC_0032637.jpg,2,Melanoma,3,Nevus
data/raw/HAM10000/HAM10000_images_part_2/ISIC_0032993.jpg,2,Melanoma,2,Melanoma
data/raw/HAM10000/HAM10000_images_part_1/ISIC_0027100.jpg,2,Melanoma,4,Seborrheic Keratosis
data/raw/HAM10000/HAM10000_images_part_2/ISIC_0032602.jpg,2,Melanoma,1,Basal Cell Carcinoma
data/raw/HAM10000/HAM10000_images_part_2/ISIC_0032724.jpg,2,Melanoma,1,Basal Cell Carcinoma
data/raw/HAM10000/HAM10000_images_part_2/ISIC_0033129.jpg,2,Melanoma,1,Basal Cell Carcinoma
data/raw/HAM10000/HAM10000_images_part_2/ISIC_0033180.jpg,2,Melanoma,3,Nevus
data/raw/HAM10000/HAM10000_images_part_2/ISIC_0033962.jpg,2,Melanoma,3,Nevus
data/raw/HAM10000/HAM10000_images_part_2/ISIC_0033603.jpg,2,Melanoma,1,Basal Cell Carcinoma
data/raw/HAM10000/HAM10000_images_part_2/ISIC_0033068.jpg,2,Melanoma,2,Melanoma
data/raw/HAM10000/HAM10000_images_part_2/ISIC_0034218.jpg,2,Melanoma,2,Melanoma
data/raw/HAM10000/HAM10000_images_part_2/ISIC_0034263.jpg,2,Melanoma,2,Melanoma
data/raw/HAM10000/HAM10000_images_part_2/ISIC_0029632.jpg,2,Melanoma,0,Actinic Keratosis
data/raw/HAM10000/HAM10000_images_part_2/ISIC_0033241.jpg,2,Melanoma,2,Melanoma
data/raw/HAM10000/HAM10000_images_part_2/ISIC_0032598.jpg,2,Melanoma,3,Nevus
data/raw/HAM10000/HAM10000_images_part_2/ISIC_0034289.jpg,2,Melanoma,3,Nevus
data/raw/HAM10000/HAM10000_images_part_2/ISIC_0033630.jpg,2,Melanoma,4,Seborrheic Keratosis
data/raw/HAM10000/HAM10000_images_part_2/ISIC_0032879.jpg,2,Melanoma,4,Seborrheic Keratosis
data/raw/HAM10000/HAM10000_images_part_2/ISIC_0033470.jpg,2,Melanoma,1,Basal Cell Carcinoma
data/raw/HAM10000/HAM10000_images_part_2/ISIC_0034094.jpg,2,Melanoma,1,Basal Cell Carcinoma
data/raw/HAM10000/HAM10000_images_part_2/ISIC_0033560.jpg,2,Melanoma,3,Nevus
data/raw/HAM10000/HAM10000_images_part_2/ISIC_0033806.jpg,2,Melanoma,4,Seborrheic Keratosis
data/raw/HAM10000/HAM10000_images_part_2/ISIC_0032913.jpg,2,Melanoma,4,Seborrheic Keratosis
data/raw/HAM10000/HAM10000_images_part_2/ISIC_0032610.jpg,2,Melanoma,3,Nevus
data/raw/HAM10000/HAM10000_images_part_2/ISIC_0034101.jpg,2,Melanoma,2,Melanoma
data/raw/HAM10000/HAM10000_images_part_2/ISIC_0030333.jpg,2,Melanoma,2,Melanoma
data/raw/HAM10000/HAM10000_images_part_2/ISIC_0032695.jpg,2,Melanoma,2,Melanoma
data/raw/HAM10000/HAM10000_images_part_2/ISIC_0033310.jpg,2,Melanoma,1,Basal Cell Carcinoma
data/raw/HAM10000/HAM10000_images_part_2/ISIC_0034036.jpg,2,Melanoma,2,Melanoma
data/raw/HAM10000/HAM10000_images_part_2/ISIC_0032624.jpg,2,Melanoma,3,Nevus
data/raw/HAM10000/HAM10000_images_part_2/ISIC_0033977.jpg,2,Melanoma,2,Melanoma
data/raw/HAM10000/HAM10000_images_part_2/ISIC_0034002.jpg,2,Melanoma,4,Seborrheic Keratosis
data/raw/HAM10000/HAM10000_images_part_2/ISIC_0033279.jpg,2,Melanoma,3,Nevus
data/raw/HAM10000/HAM10000_images_part_2/ISIC_0032887.jpg,2,Melanoma,3,Nevus
data/raw/HAM10000/HAM10000_images_part_2/ISIC_0032723.jpg,2,Melanoma,3,Nevus
data/raw/HAM10000/HAM10000_images_part_2/ISIC_0032751.jpg,2,Melanoma,3,Nevus
data/raw/HAM10000/HAM10000_images_part_2/ISIC_0032597.jpg,2,Melanoma,4,Seborrheic Keratosis
data/raw/HAM10000/HAM10000_images_part_2/ISIC_0032982.jpg,2,Melanoma,3,Nevus
data/raw/HAM10000/HAM10000_images_part_2/ISIC_0033196.jpg,2,Melanoma,3,Nevus
data/raw/HAM10000/HAM10000_images_part_2/ISIC_0032653.jpg,2,Melanoma,3,Nevus
data/raw/HAM10000/HAM10000_images_part_2/ISIC_0033611.jpg,2,Melanoma,4,Seborrheic Keratosis
data/raw/HAM10000/HAM10000_images_part_2/ISIC_0033586.jpg,2,Melanoma,4,Seborrheic Keratosis
data/raw/HAM10000/HAM10000_images_part_2/ISIC_0033226.jpg,2,Melanoma,4,Seborrheic Keratosis
data/raw/HAM10000/HAM10000_images_part_2/ISIC_0032509.jpg,2,Melanoma,3,Nevus
data/raw/HAM10000/HAM10000_images_part_2/ISIC_0034068.jpg,2,Melanoma,4,Seborrheic Keratosis
data/raw/HAM10000/HAM10000_images_part_2/ISIC_0032656.jpg,2,Melanoma,1,Basal Cell Carcinoma
data/raw/HAM10000/HAM10000_images_part_2/ISIC_0032592.jpg,2,Melanoma,1,Basal Cell Carcinoma
data/raw/HAM10000/HAM10000_images_part_2/ISIC_0033487.jpg,2,Melanoma,4,Seborrheic Keratosis
data/raw/HAM10000/HAM10000_images_part_2/ISIC_0033995.jpg,2,Melanoma,3,Nevus
data/raw/HAM10000/HAM10000_images_part_2/ISIC_0033752.jpg,2,Melanoma,0,Actinic Keratosis
data/raw/HAM10000/HAM10000_images_part_2/ISIC_0033424.jpg,2,Melanoma,4,Seborrheic Keratosis
data/raw/HAM10000/HAM10000_images_part_2/ISIC_0034216.jpg,2,Melanoma,2,Melanoma
data/raw/HAM10000/HAM10000_images_part_2/ISIC_0032152.jpg,2,Melanoma,3,Nevus
data/raw/HAM10000/HAM10000_images_part_2/ISIC_0033730.jpg,2,Melanoma,2,Melanoma
data/raw/HAM10000/HAM10000_images_part_2/ISIC_0032975.jpg,2,Melanoma,2,Melanoma
data/raw/HAM10000/HAM10000_images_part_2/ISIC_0033089.jpg,2,Melanoma,2,Melanoma
data/raw/HAM10000/HAM10000_images_part_2/ISIC_0033562.jpg,2,Melanoma,4,Seborrheic Keratosis
data/raw/HAM10000/HAM10000_images_part_2/ISIC_0032870.jpg,2,Melanoma,4,Seborrheic Keratosis
data/raw/HAM10000/HAM10000_images_part_2/ISIC_0029502.jpg,2,Melanoma,4,Seborrheic Keratosis
data/raw/HAM10000/HAM10000_images_part_1/ISIC_0026268.jpg,2,Melanoma,2,Melanoma
data/raw/HAM10000/HAM10000_images_part_1/ISIC_0028173.jpg,2,Melanoma,0,Actinic Keratosis
data/raw/HAM10000/HAM10000_images_part_2/ISIC_0032466.jpg,2,Melanoma,2,Melanoma
data/raw/HAM10000/HAM10000_images_part_1/ISIC_0024449.jpg,2,Melanoma,2,Melanoma
data/raw/HAM10000/HAM10000_images_part_1/ISIC_0024552.jpg,2,Melanoma,4,Seborrheic Keratosis
data/raw/HAM10000/HAM10000_images_part_2/ISIC_0029819.jpg,2,Melanoma,2,Melanoma
data/raw/HAM10000/HAM10000_images_part_1/ISIC_0026167.jpg,2,Melanoma,2,Melanoma
data/raw/HAM10000/HAM10000_images_part_1/ISIC_0028984.jpg,2,Melanoma,2,Melanoma
data/raw/HAM10000/HAM10000_images_part_2/ISIC_0032197.jpg,2,Melanoma,2,Melanoma
data/raw/HAM10000/HAM10000_images_part_1/ISIC_0025524.jpg,2,Melanoma,4,Seborrheic Keratosis
data/raw/HAM10000/HAM10000_images_part_1/ISIC_0025963.jpg,2,Melanoma,4,Seborrheic Keratosis
data/raw/HAM10000/HAM10000_images_part_1/ISIC_0025121.jpg,2,Melanoma,4,Seborrheic Keratosis
data/raw/HAM10000/HAM10000_images_part_2/ISIC_0032134.jpg,2,Melanoma,2,Melanoma
data/raw/HAM10000/HAM10000_images_part_1/ISIC_0028114.jpg,2,Melanoma,2,Melanoma
data/raw/HAM10000/HAM10000_images_part_1/ISIC_0027673.jpg,2,Melanoma,2,Melanoma
data/raw/HAM10000/HAM10000_images_part_1/ISIC_0027552.jpg,2,Melanoma,2,Melanoma
data/raw/HAM10000/HAM10000_images_part_1/ISIC_0026989.jpg,2,Melanoma,3,Nevus
data/raw/HAM10000/HAM10000_images_part_1/ISIC_0027302.jpg,2,Melanoma,3,Nevus
data/raw/HAM10000/HAM10000_images_part_1/ISIC_0028548.jpg,2,Melanoma,4,Seborrheic Keratosis
data/raw/HAM10000/HAM10000_images_part_2/ISIC_0030512.jpg,2,Melanoma,3,Nevus
data/raw/HAM10000/HAM10000_images_part_2/ISIC_0031718.jpg,2,Melanoma,4,Seborrheic Keratosis
data/raw/HAM10000/HAM10000_images_part_1/ISIC_0028899.jpg,2,Melanoma,4,Seborrheic Keratosis
data/raw/HAM10000/HAM10000_images_part_1/ISIC_0028228.jpg,2,Melanoma,2,Melanoma
data/raw/HAM10000/HAM10000_images_part_1/ISIC_0025651.jpg,2,Melanoma,5,Squamous Cell Carcinoma
data/raw/HAM10000/HAM10000_images_part_1/ISIC_0025748.jpg,2,Melanoma,2,Melanoma
data/raw/HAM10000/HAM10000_images_part_1/ISIC_0026094.jpg,2,Melanoma,2,Melanoma
data/raw/HAM10000/HAM10000_images_part_2/ISIC_0030382.jpg,2,Melanoma,0,Actinic Keratosis
data/raw/HAM10000/HAM10000_images_part_1/ISIC_0027442.jpg,2,Melanoma,4,Seborrheic Keratosis
data/raw/HAM10000/HAM10000_images_part_1/ISIC_0024940.jpg,2,Melanoma,1,Basal Cell Carcinoma
data/raw/HAM10000/HAM10000_images_part_1/ISIC_0026811.jpg,2,Melanoma,4,Seborrheic Keratosis
data/raw/HAM10000/HAM10000_images_part_1/ISIC_0027071.jpg,2,Melanoma,4,Seborrheic Keratosis
data/raw/HAM10000/HAM10000_images_part_2/ISIC_0029780.jpg,2,Melanoma,4,Seborrheic Keratosis
data/raw/HAM10000/HAM10000_images_part_1/ISIC_0025391.jpg,2,Melanoma,2,Melanoma
data/raw/HAM10000/HAM10000_images_part_1/ISIC_0028929.jpg,2,Melanoma,4,Seborrheic Keratosis
data/raw/HAM10000/HAM10000_images_part_1/ISIC_0026746.jpg,2,Melanoma,4,Seborrheic Keratosis
data/raw/HAM10000/HAM10000_images_part_1/ISIC_0026774.jpg,2,Melanoma,3,Nevus
data/raw/HAM10000/HAM10000_images_part_2/ISIC_0030047.jpg,2,Melanoma,3,Nevus
data/raw/HAM10000/HAM10000_images_part_2/ISIC_0030910.jpg,2,Melanoma,0,Actinic Keratosis
data/raw/HAM10000/HAM10000_images_part_1/ISIC_0029238.jpg,2,Melanoma,1,Basal Cell Carcinoma
data/raw/HAM10000/HAM10000_images_part_1/ISIC_0029170.jpg,2,Melanoma,3,Nevus
data/raw/HAM10000/HAM10000_images_part_2/ISIC_0029995.jpg,2,Melanoma,1,Basal Cell Carcinoma
data/raw/HAM10000/HAM10000_images_part_2/ISIC_0030653.jpg,2,Melanoma,3,Nevus
data/raw/HAM10000/HAM10000_images_part_1/ISIC_0027101.jpg,2,Melanoma,0,Actinic Keratosis
data/raw/HAM10000/HAM10000_images_part_1/ISIC_0025195.jpg,2,Melanoma,4,Seborrheic Keratosis
data/raw/HAM10000/HAM10000_images_part_1/ISIC_0026652.jpg,2,Melanoma,0,Actinic Keratosis
data/raw/HAM10000/HAM10000_images_part_1/ISIC_0028709.jpg,2,Melanoma,4,Seborrheic Keratosis
data/raw/HAM10000/HAM10000_images_part_1/ISIC_0028567.jpg,2,Melanoma,3,Nevus
data/raw/HAM10000/HAM10000_images_part_1/ISIC_0028860.jpg,2,Melanoma,0,Actinic Keratosis
data/raw/HAM10000/HAM10000_images_part_1/ISIC_0025766.jpg,2,Melanoma,2,Melanoma
data/raw/HAM10000/HAM10000_images_part_2/ISIC_0031821.jpg,2,Melanoma,3,Nevus
data/raw/HAM10000/HAM10000_images_part_1/ISIC_0024932.jpg,2,Melanoma,4,Seborrheic Keratosis
data/raw/HAM10000/HAM10000_images_part_2/ISIC_0029480.jpg,2,Melanoma,4,Seborrheic Keratosis
data/raw/HAM10000/HAM10000_images_part_2/ISIC_0031005.jpg,2,Melanoma,4,Seborrheic Keratosis
data/raw/HAM10000/HAM10000_images_part_2/ISIC_0030507.jpg,2,Melanoma,0,Actinic Keratosis
data/raw/HAM10000/HAM10000_images_part_1/ISIC_0029094.jpg,2,Melanoma,4,Seborrheic Keratosis
data/raw/HAM10000/HAM10000_images_part_1/ISIC_0025128.jpg,2,Melanoma,4,Seborrheic Keratosis
data/raw/HAM10000/HAM10000_images_part_1/ISIC_0025550.jpg,2,Melanoma,4,Seborrheic Keratosis
data/raw/HAM10000/HAM10000_images_part_1/ISIC_0026258.jpg,2,Melanoma,4,Seborrheic Keratosis
data/raw/HAM10000/HAM10000_images_part_1/ISIC_0025235.jpg,2,Melanoma,4,Seborrheic Keratosis
data/raw/HAM10000/HAM10000_images_part_1/ISIC_0025317.jpg,2,Melanoma,1,Basal Cell Carcinoma
data/raw/HAM10000/HAM10000_images_part_1/ISIC_0026420.jpg,2,Melanoma,1,Basal Cell Carcinoma
data/raw/HAM10000/HAM10000_images_part_1/ISIC_0025188.jpg,2,Melanoma,0,Actinic Keratosis
data/raw/HAM10000/HAM10000_images_part_1/ISIC_0027135.jpg,1,Basal Cell Carcinoma,0,Actinic Keratosis
data/raw/HAM10000/HAM10000_images_part_2/ISIC_0030446.jpg,1,Basal Cell Carcinoma,1,Basal Cell Carcinoma
data/raw/HAM10000/HAM10000_images_part_2/ISIC_0031527.jpg,1,Basal Cell Carcinoma,1,Basal Cell Carcinoma
data/raw/HAM10000/HAM10000_images_part_2/ISIC_0029747.jpg,1,Basal Cell Carcinoma,5,Squamous Cell Carcinoma
data/raw/HAM10000/HAM10000_images_part_2/ISIC_0030778.jpg,1,Basal Cell Carcinoma,5,Squamous Cell Carcinoma
data/raw/HAM10000/HAM10000_images_part_1/ISIC_0027433.jpg,1,Basal Cell Carcinoma,5,Squamous Cell Carcinoma
data/raw/HAM10000/HAM10000_images_part_2/ISIC_0029515.jpg,1,Basal Cell Carcinoma,1,Basal Cell Carcinoma
data/raw/HAM10000/HAM10000_images_part_2/ISIC_0030271.jpg,1,Basal Cell Carcinoma,0,Actinic Keratosis
data/raw/HAM10000/HAM10000_images_part_1/ISIC_0026643.jpg,1,Basal Cell Carcinoma,5,Squamous Cell Carcinoma
data/raw/HAM10000/HAM10000_images_part_2/ISIC_0031140.jpg,1,Basal Cell Carcinoma,3,Nevus
data/raw/HAM10000/HAM10000_images_part_1/ISIC_0026275.jpg,1,Basal Cell Carcinoma,0,Actinic Keratosis
data/raw/HAM10000/HAM10000_images_part_1/ISIC_0024573.jpg,1,Basal Cell Carcinoma,0,Actinic Keratosis
data/raw/HAM10000/HAM10000_images_part_2/ISIC_0030349.jpg,1,Basal Cell Carcinoma,0,Actinic Keratosis
data/raw/HAM10000/HAM10000_images_part_1/ISIC_0026091.jpg,1,Basal Cell Carcinoma,1,Basal Cell Carcinoma
data/raw/HAM10000/HAM10000_images_part_2/ISIC_0034160.jpg,1,Basal Cell Carcinoma,5,Squamous Cell Carcinoma
data/raw/HAM10000/HAM10000_images_part_1/ISIC_0029020.jpg,1,Basal Cell Carcinoma,5,Squamous Cell Carcinoma
data/raw/HAM10000/HAM10000_images_part_2/ISIC_0033720.jpg,1,Basal Cell Carcinoma,4,Seborrheic Keratosis
data/raw/HAM10000/HAM10000_images_part_2/ISIC_0034255.jpg,1,Basal Cell Carcinoma,2,Melanoma
data/raw/HAM10000/HAM10000_images_part_2/ISIC_0032834.jpg,1,Basal Cell Carcinoma,1,Basal Cell Carcinoma
data/raw/HAM10000/HAM10000_images_part_1/ISIC_0027544.jpg,1,Basal Cell Carcinoma,4,Seborrheic Keratosis
data/raw/HAM10000/HAM10000_images_part_2/ISIC_0032652.jpg,1,Basal Cell Carcinoma,4,Seborrheic Keratosis
data/raw/HAM10000/HAM10000_images_part_2/ISIC_0033551.jpg,1,Basal Cell Carcinoma,4,Seborrheic Keratosis
data/raw/HAM10000/HAM10000_images_part_2/ISIC_0033571.jpg,1,Basal Cell Carcinoma,1,Basal Cell Carcinoma
data/raw/HAM10000/HAM10000_images_part_2/ISIC_0033012.jpg,1,Basal Cell Carcinoma,2,Melanoma
data/raw/HAM10000/HAM10000_images_part_2/ISIC_0033468.jpg,1,Basal Cell Carcinoma,2,Melanoma
data/raw/HAM10000/HAM10000_images_part_1/ISIC_0028871.jpg,1,Basal Cell Carcinoma,1,Basal Cell Carcinoma
data/raw/HAM10000/HAM10000_images_part_2/ISIC_0031026.jpg,1,Basal Cell Carcinoma,2,Melanoma
data/raw/HAM10000/HAM10000_images_part_1/ISIC_0024848.jpg,1,Basal Cell Carcinoma,1,Basal Cell Carcinoma
data/raw/HAM10000/HAM10000_images_part_2/ISIC_0032497.jpg,1,Basal Cell Carcinoma,5,Squamous Cell Carcinoma
data/raw/HAM10000/HAM10000_images_part_1/ISIC_0029278.jpg,1,Basal Cell Carcinoma,5,Squamous Cell Carcinoma
data/raw/HAM10000/HAM10000_images_part_2/ISIC_0029391.jpg,1,Basal Cell Carcinoma,1,Basal Cell Carcinoma
data/raw/HAM10000/HAM10000_images_part_1/ISIC_0024332.jpg,1,Basal Cell Carcinoma,1,Basal Cell Carcinoma
data/raw/HAM10000/HAM10000_images_part_1/ISIC_0029129.jpg,1,Basal Cell Carcinoma,0,Actinic Keratosis
data/raw/HAM10000/HAM10000_images_part_1/ISIC_0024403.jpg,1,Basal Cell Carcinoma,2,Melanoma
data/raw/HAM10000/HAM10000_images_part_2/ISIC_0031236.jpg,1,Basal Cell Carcinoma,4,Seborrheic Keratosis
data/raw/HAM10000/HAM10000_images_part_2/ISIC_0031266.jpg,1,Basal Cell Carcinoma,0,Actinic Keratosis
data/raw/HAM10000/HAM10000_images_part_1/ISIC_0027915.jpg,1,Basal Cell Carcinoma,0,Actinic Keratosis
data/raw/HAM10000/HAM10000_images_part_1/ISIC_0026337.jpg,1,Basal Cell Carcinoma,4,Seborrheic Keratosis
data/raw/HAM10000/HAM10000_images_part_1/ISIC_0026902.jpg,1,Basal Cell Carcinoma,0,Actinic Keratosis
data/raw/HAM10000/HAM10000_images_part_2/ISIC_0030197.jpg,1,Basal Cell Carcinoma,0,Actinic Keratosis
data/raw/HAM10000/HAM10000_images_part_1/ISIC_0024582.jpg,1,Basal Cell Carcinoma,4,Seborrheic Keratosis
data/raw/HAM10000/HAM10000_images_part_2/ISIC_0029655.jpg,1,Basal Cell Carcinoma,1,Basal Cell Carcinoma
data/raw/HAM10000/HAM10000_images_part_1/ISIC_0028815.jpg,1,Basal Cell Carcinoma,4,Seborrheic Keratosis
data/raw/HAM10000/HAM10000_images_part_1/ISIC_0024432.jpg,1,Basal Cell Carcinoma,4,Seborrheic Keratosis
data/raw/HAM10000/HAM10000_images_part_1/ISIC_0028329.jpg,1,Basal Cell Carcinoma,0,Actinic Keratosis
data/raw/HAM10000/HAM10000_images_part_1/ISIC_0024949.jpg,1,Basal Cell Carcinoma,0,Actinic Keratosis
data/raw/HAM10000/HAM10000_images_part_2/ISIC_0032246.jpg,1,Basal Cell Carcinoma,0,Actinic Keratosis
data/raw/HAM10000/HAM10000_images_part_1/ISIC_0026865.jpg,1,Basal Cell Carcinoma,1,Basal Cell Carcinoma
data/raw/HAM10000/HAM10000_images_part_2/ISIC_0031057.jpg,1,Basal Cell Carcinoma,4,Seborrheic Keratosis
data/raw/HAM10000/HAM10000_images_part_1/ISIC_0029263.jpg,1,Basal Cell Carcinoma,5,Squamous Cell Carcinoma
data/raw/HAM10000/HAM10000_images_part_1/ISIC_0026687.jpg,1,Basal Cell Carcinoma,0,Actinic Keratosis
data/raw/HAM10000/HAM10000_images_part_1/ISIC_0027819.jpg,1,Basal Cell Carcinoma,3,Nevus
data/raw/HAM10000/HAM10000_images_part_2/ISIC_0031056.jpg,1,Basal Cell Carcinoma,0,Actinic Keratosis
data/raw/HAM10000/HAM10000_images_part_1/ISIC_0028084.jpg,1,Basal Cell Carcinoma,0,Actinic Keratosis
data/raw/HAM10000/HAM10000_images_part_1/ISIC_0026970.jpg,1,Basal Cell Carcinoma,0,Actinic Keratosis
data/raw/HAM10000/HAM10000_images_part_2/ISIC_0030096.jpg,1,Basal Cell Carcinoma,1,Basal Cell Carcinoma
data/raw/HAM10000/HAM10000_images_part_2/ISIC_0030868.jpg,1,Basal Cell Carcinoma,5,Squamous Cell Carcinoma
data/raw/HAM10000/HAM10000_images_part_1/ISIC_0026995.jpg,1,Basal Cell Carcinoma,1,Basal Cell Carcinoma
data/raw/HAM10000/HAM10000_images_part_1/ISIC_0029123.jpg,1,Basal Cell Carcinoma,4,Seborrheic Keratosis
data/raw/HAM10000/HAM10000_images_part_2/ISIC_0029372.jpg,1,Basal Cell Carcinoma,3,Nevus
data/raw/HAM10000/HAM10000_images_part_2/ISIC_0030782.jpg,1,Basal Cell Carcinoma,3,Nevus
data/raw/HAM10000/HAM10000_images_part_2/ISIC_0030915.jpg,1,Basal Cell Carcinoma,0,Actinic Keratosis
data/raw/HAM10000/HAM10000_images_part_1/ISIC_0024436.jpg,1,Basal Cell Carcinoma,1,Basal Cell Carcinoma
data/raw/HAM10000/HAM10000_images_part_2/ISIC_0029745.jpg,1,Basal Cell Carcinoma,4,Seborrheic Keratosis
data/raw/HAM10000/HAM10000_images_part_1/ISIC_0028419.jpg,1,Basal Cell Carcinoma,4,Seborrheic Keratosis
data/raw/HAM10000/HAM10000_images_part_1/ISIC_0025509.jpg,1,Basal Cell Carcinoma,0,Actinic Keratosis
data/raw/HAM10000/HAM10000_images_part_1/ISIC_0024443.jpg,1,Basal Cell Carcinoma,5,Squamous Cell Carcinoma
data/raw/HAM10000/HAM10000_images_part_1/ISIC_0026829.jpg,1,Basal Cell Carcinoma,5,Squamous Cell Carcinoma
data/raw/HAM10000/HAM10000_images_part_2/ISIC_0030249.jpg,1,Basal Cell Carcinoma,0,Actinic Keratosis
data/raw/HAM10000/HAM10000_images_part_2/ISIC_0032302.jpg,1,Basal Cell Carcinoma,0,Actinic Keratosis
data/raw/HAM10000/HAM10000_images_part_2/ISIC_0029352.jpg,1,Basal Cell Carcinoma,2,Melanoma
data/raw/HAM10000/HAM10000_images_part_1/ISIC_0027595.jpg,1,Basal Cell Carcinoma,4,Seborrheic Keratosis
data/raw/HAM10000/HAM10000_images_part_1/ISIC_0028687.jpg,1,Basal Cell Carcinoma,0,Actinic Keratosis
data/raw/HAM10000/HAM10000_images_part_1/ISIC_0027120.jpg,1,Basal Cell Carcinoma,0,Actinic Keratosis
data/raw/HAM10000/HAM10000_images_part_1/ISIC_0027759.jpg,1,Basal Cell Carcinoma,1,Basal Cell Carcinoma
data/raw/HAM10000/HAM10000_images_part_1/ISIC_0027920.jpg,1,Basal Cell Carcinoma,4,Seborrheic Keratosis
data/raw/HAM10000/HAM10000_images_part_2/ISIC_0031263.jpg,1,Basal Cell Carcinoma,0,Actinic Keratosis
data/raw/HAM10000/HAM10000_images_part_1/ISIC_0024411.jpg,1,Basal Cell Carcinoma,4,Seborrheic Keratosis
data/raw/HAM10000/HAM10000_images_part_1/ISIC_0025843.jpg,3,Nevus,0,Actinic Keratosis
data/raw/HAM10000/HAM10000_images_part_2/ISIC_0031282.jpg,3,Nevus,3,Nevus
data/raw/HAM10000/HAM10000_images_part_1/ISIC_0024535.jpg,3,Nevus,3,Nevus
data/raw/HAM10000/HAM10000_images_part_1/ISIC_0024968.jpg,3,Nevus,3,Nevus
data/raw/HAM10000/HAM10000_images_part_1/ISIC_0026011.jpg,3,Nevus,3,Nevus
data/raw/HAM10000/HAM10000_images_part_1/ISIC_0025338.jpg,3,Nevus,3,Nevus
data/raw/HAM10000/HAM10000_images_part_2/ISIC_0031845.jpg,3,Nevus,3,Nevus
data/raw/HAM10000/HAM10000_images_part_2/ISIC_0031371.jpg,3,Nevus,3,Nevus
data/raw/HAM10000/HAM10000_images_part_1/ISIC_0025079.jpg,3,Nevus,3,Nevus
data/raw/HAM10000/HAM10000_images_part_1/ISIC_0025415.jpg,3,Nevus,3,Nevus
data/raw/HAM10000/HAM10000_images_part_2/ISIC_0031926.jpg,3,Nevus,2,Melanoma
data/raw/HAM10000/HAM10000_images_part_2/ISIC_0031652.jpg,3,Nevus,3,Nevus
data/raw/HAM10000/HAM10000_images_part_1/ISIC_0025407.jpg,3,Nevus,3,Nevus
data/raw/HAM10000/HAM10000_images_part_1/ISIC_0027221.jpg,3,Nevus,3,Nevus
data/raw/HAM10000/HAM10000_images_part_2/ISIC_0031833.jpg,3,Nevus,3,Nevus
data/raw/HAM10000/HAM10000_images_part_2/ISIC_0029998.jpg,3,Nevus,3,Nevus
data/raw/HAM10000/HAM10000_images_part_2/ISIC_0029997.jpg,3,Nevus,3,Nevus
data/raw/HAM10000/HAM10000_images_part_1/ISIC_0025053.jpg,3,Nevus,3,Nevus
data/raw/HAM10000/HAM10000_images_part_1/ISIC_0025095.jpg,3,Nevus,3,Nevus
data/raw/HAM10000/HAM10000_images_part_1/ISIC_0025593.jpg,3,Nevus,3,Nevus
data/raw/HAM10000/HAM10000_images_part_1/ISIC_0025487.jpg,3,Nevus,0,Actinic Keratosis
data/raw/HAM10000/HAM10000_images_part_1/ISIC_0027752.jpg,3,Nevus,3,Nevus
data/raw/HAM10000/HAM10000_images_part_2/ISIC_0029496.jpg,3,Nevus,3,Nevus
data/raw/HAM10000/HAM10000_images_part_1/ISIC_0025287.jpg,3,Nevus,3,Nevus
data/raw/HAM10000/HAM10000_images_part_2/ISIC_0031997.jpg,3,Nevus,3,Nevus
data/raw/HAM10000/HAM10000_images_part_1/ISIC_0025676.jpg,3,Nevus,3,Nevus
data/raw/HAM10000/HAM10000_images_part_1/ISIC_0026621.jpg,3,Nevus,5,Squamous Cell Carcinoma
data/raw/HAM10000/HAM10000_images_part_1/ISIC_0025201.jpg,3,Nevus,3,Nevus
data/raw/HAM10000/HAM10000_images_part_1/ISIC_0029258.jpg,3,Nevus,3,Nevus
data/raw/HAM10000/HAM10000_images_part_1/ISIC_0025224.jpg,3,Nevus,4,Seborrheic Keratosis
data/raw/HAM10000/HAM10000_images_part_1/ISIC_0026098.jpg,3,Nevus,1,Basal Cell Carcinoma
data/raw/HAM10000/HAM10000_images_part_1/ISIC_0028034.jpg,3,Nevus,4,Seborrheic Keratosis
data/raw/HAM10000/HAM10000_images_part_2/ISIC_0031453.jpg,3,Nevus,3,Nevus
data/raw/HAM10000/HAM10000_images_part_2/ISIC_0031099.jpg,3,Nevus,3,Nevus
data/raw/HAM10000/HAM10000_images_part_1/ISIC_0028282.jpg,3,Nevus,3,Nevus
data/raw/HAM10000/HAM10000_images_part_2/ISIC_0031881.jpg,3,Nevus,3,Nevus
data/raw/HAM10000/HAM10000_images_part_1/ISIC_0026283.jpg,3,Nevus,0,Actinic Keratosis
data/raw/HAM10000/HAM10000_images_part_2/ISIC_0029561.jpg,3,Nevus,3,Nevus
data/raw/HAM10000/HAM10000_images_part_1/ISIC_0027416.jpg,3,Nevus,1,Basal Cell Carcinoma
data/raw/HAM10000/HAM10000_images_part_2/ISIC_0030550.jpg,3,Nevus,3,Nevus
data/raw/HAM10000/HAM10000_images_part_2/ISIC_0031701.jpg,3,Nevus,3,Nevus
data/raw/HAM10000/HAM10000_images_part_1/ISIC_0029008.jpg,3,Nevus,1,Basal Cell Carcinoma
data/raw/HAM10000/HAM10000_images_part_2/ISIC_0030292.jpg,3,Nevus,3,Nevus
data/raw/HAM10000/HAM10000_images_part_2/ISIC_0030469.jpg,3,Nevus,3,Nevus
data/raw/HAM10000/HAM10000_images_part_1/ISIC_0025056.jpg,3,Nevus,3,Nevus
data/raw/HAM10000/HAM10000_images_part_1/ISIC_0027576.jpg,3,Nevus,3,Nevus
data/raw/HAM10000/HAM10000_images_part_1/ISIC_0027389.jpg,3,Nevus,0,Actinic Keratosis
data/raw/HAM10000/HAM10000_images_part_2/ISIC_0030168.jpg,3,Nevus,3,Nevus
data/raw/HAM10000/HAM10000_images_part_1/ISIC_0025558.jpg,3,Nevus,3,Nevus
data/raw/HAM10000/HAM10000_images_part_1/ISIC_0026383.jpg,3,Nevus,3,Nevus
data/raw/HAM10000/HAM10000_images_part_1/ISIC_0028888.jpg,3,Nevus,2,Melanoma
data/raw/HAM10000/HAM10000_images_part_1/ISIC_0024473.jpg,3,Nevus,1,Basal Cell Carcinoma
data/raw/HAM10000/HAM10000_images_part_1/ISIC_0025052.jpg,3,Nevus,3,Nevus
data/raw/HAM10000/HAM10000_images_part_1/ISIC_0028812.jpg,3,Nevus,0,Actinic Keratosis
data/raw/HAM10000/HAM10000_images_part_1/ISIC_0027136.jpg,3,Nevus,0,Actinic Keratosis
data/raw/HAM10000/HAM10000_images_part_1/ISIC_0028111.jpg,3,Nevus,4,Seborrheic Keratosis
data/raw/HAM10000/HAM10000_images_part_1/ISIC_0025041.jpg,3,Nevus,0,Actinic Keratosis
data/raw/HAM10000/HAM10000_images_part_1/ISIC_0027212.jpg,3,Nevus,4,Seborrheic Keratosis
data/raw/HAM10000/HAM10000_images_part_1/ISIC_0024464.jpg,3,Nevus,3,Nevus
data/raw/HAM10000/HAM10000_images_part_2/ISIC_0031837.jpg,3,Nevus,2,Melanoma
data/raw/HAM10000/HAM10000_images_part_2/ISIC_0029317.jpg,3,Nevus,3,Nevus
data/raw/HAM10000/HAM10000_images_part_1/ISIC_0024512.jpg,3,Nevus,1,Basal Cell Carcinoma
data/raw/HAM10000/HAM10000_images_part_1/ISIC_0024637.jpg,3,Nevus,3,Nevus
data/raw/HAM10000/HAM10000_images_part_1/ISIC_0024884.jpg,3,Nevus,3,Nevus
data/raw/HAM10000/HAM10000_images_part_2/ISIC_0031938.jpg,3,Nevus,3,Nevus
data/raw/HAM10000/HAM10000_images_part_1/ISIC_0027290.jpg,3,Nevus,3,Nevus
data/raw/HAM10000/HAM10000_images_part_2/ISIC_0029751.jpg,3,Nevus,0,Actinic Keratosis
data/raw/HAM10000/HAM10000_images_part_2/ISIC_0031571.jpg,3,Nevus,0,Actinic Keratosis
data/raw/HAM10000/HAM10000_images_part_2/ISIC_0032059.jpg,3,Nevus,3,Nevus
data/raw/HAM10000/HAM10000_images_part_1/ISIC_0027919.jpg,3,Nevus,3,Nevus
data/raw/HAM10000/HAM10000_images_part_2/ISIC_0031534.jpg,3,Nevus,0,Actinic Keratosis
data/raw/HAM10000/HAM10000_images_part_2/ISIC_0029469.jpg,3,Nevus,0,Actinic Keratosis
data/raw/HAM10000/HAM10000_images_part_2/ISIC_0030289.jpg,3,Nevus,1,Basal Cell Carcinoma
data/raw/HAM10000/HAM10000_images_part_1/ISIC_0028242.jpg,3,Nevus,0,Actinic Keratosis
data/raw/HAM10000/HAM10000_images_part_2/ISIC_0030658.jpg,3,Nevus,3,Nevus
data/raw/HAM10000/HAM10000_images_part_1/ISIC_0025298.jpg,3,Nevus,3,Nevus
data/raw/HAM10000/HAM10000_images_part_2/ISIC_0029703.jpg,3,Nevus,3,Nevus
data/raw/HAM10000/HAM10000_images_part_2/ISIC_0029950.jpg,3,Nevus,3,Nevus
data/raw/HAM10000/HAM10000_images_part_2/ISIC_0030761.jpg,3,Nevus,3,Nevus
data/raw/HAM10000/HAM10000_images_part_1/ISIC_0025375.jpg,3,Nevus,3,Nevus
data/raw/HAM10000/HAM10000_images_part_2/ISIC_0031199.jpg,3,Nevus,4,Seborrheic Keratosis
data/raw/HAM10000/HAM10000_images_part_1/ISIC_0027165.jpg,3,Nevus,3,Nevus
data/raw/HAM10000/HAM10000_images_part_1/ISIC_0027373.jpg,3,Nevus,3,Nevus
data/raw/HAM10000/HAM10000_images_part_2/ISIC_0032073.jpg,3,Nevus,3,Nevus
data/raw/HAM10000/HAM10000_images_part_1/ISIC_0026202.jpg,3,Nevus,0,Actinic Keratosis
data/raw/HAM10000/HAM10000_images_part_1/ISIC_0025861.jpg,3,Nevus,3,Nevus
data/raw/HAM10000/HAM10000_images_part_2/ISIC_0032201.jpg,3,Nevus,3,Nevus
data/raw/HAM10000/HAM10000_images_part_2/ISIC_0031279.jpg,3,Nevus,3,Nevus
data/raw/HAM10000/HAM10000_images_part_1/ISIC_0024649.jpg,3,Nevus,3,Nevus
data/raw/HAM10000/HAM10000_images_part_1/ISIC_0027333.jpg,3,Nevus,4,Seborrheic Keratosis
data/raw/HAM10000/HAM10000_images_part_1/ISIC_0026620.jpg,3,Nevus,3,Nevus
data/raw/HAM10000/HAM10000_images_part_2/ISIC_0030569.jpg,3,Nevus,3,Nevus
data/raw/HAM10000/HAM10000_images_part_1/ISIC_0027482.jpg,3,Nevus,3,Nevus
data/raw/HAM10000/HAM10000_images_part_1/ISIC_0026862.jpg,3,Nevus,3,Nevus
data/raw/HAM10000/HAM10000_images_part_2/ISIC_0030736.jpg,3,Nevus,3,Nevus
data/raw/HAM10000/HAM10000_images_part_1/ISIC_0025664.jpg,3,Nevus,4,Seborrheic Keratosis
data/raw/HAM10000/HAM10000_images_part_1/ISIC_0028062.jpg,3,Nevus,3,Nevus
data/raw/HAM10000/HAM10000_images_part_1/ISIC_0028160.jpg,3,Nevus,3,Nevus
data/raw/HAM10000/HAM10000_images_part_2/ISIC_0029697.jpg,3,Nevus,3,Nevus
data/raw/HAM10000/HAM10000_images_part_2/ISIC_0031364.jpg,3,Nevus,3,Nevus
data/raw/HAM10000/HAM10000_images_part_2/ISIC_0031625.jpg,3,Nevus,3,Nevus
data/raw/HAM10000/HAM10000_images_part_1/ISIC_0027575.jpg,3,Nevus,4,Seborrheic Keratosis
data/raw/HAM10000/HAM10000_images_part_1/ISIC_0025028.jpg,3,Nevus,3,Nevus
data/raw/HAM10000/HAM10000_images_part_2/ISIC_0030285.jpg,3,Nevus,3,Nevus
data/raw/HAM10000/HAM10000_images_part_1/ISIC_0026201.jpg,3,Nevus,3,Nevus
data/raw/HAM10000/HAM10000_images_part_1/ISIC_0025359.jpg,3,Nevus,3,Nevus
data/raw/HAM10000/HAM10000_images_part_1/ISIC_0029085.jpg,3,Nevus,3,Nevus
data/raw/HAM10000/HAM10000_images_part_1/ISIC_0026128.jpg,3,Nevus,3,Nevus
data/raw/HAM10000/HAM10000_images_part_2/ISIC_0030679.jpg,3,Nevus,1,Basal Cell Carcinoma
data/raw/HAM10000/HAM10000_images_part_2/ISIC_0032336.jpg,3,Nevus,3,Nevus
data/raw/HAM10000/HAM10000_images_part_2/ISIC_0030477.jpg,3,Nevus,3,Nevus
data/raw/HAM10000/HAM10000_images_part_1/ISIC_0027384.jpg,3,Nevus,3,Nevus
data/raw/HAM10000/HAM10000_images_part_1/ISIC_0026302.jpg,3,Nevus,1,Basal Cell Carcinoma
data/raw/HAM10000/HAM10000_images_part_2/ISIC_0030878.jpg,3,Nevus,4,Seborrheic Keratosis
data/raw/HAM10000/HAM10000_images_part_1/ISIC_0027307.jpg,3,Nevus,0,Actinic Keratosis
data/raw/HAM10000/HAM10000_images_part_1/ISIC_0025390.jpg,3,Nevus,3,Nevus
data/raw/HAM10000/HAM10000_images_part_2/ISIC_0030660.jpg,3,Nevus,3,Nevus
data/raw/HAM10000/HAM10000_images_part_1/ISIC_0025981.jpg,3,Nevus,3,Nevus
data/raw/HAM10000/HAM10000_images_part_2/ISIC_0031176.jpg,3,Nevus,3,Nevus
data/raw/HAM10000/HAM10000_images_part_2/ISIC_0030174.jpg,3,Nevus,3,Nevus
data/raw/HAM10000/HAM10000_images_part_1/ISIC_0024765.jpg,3,Nevus,3,Nevus
data/raw/HAM10000/HAM10000_images_part_2/ISIC_0032263.jpg,3,Nevus,3,Nevus
data/raw/HAM10000/HAM10000_images_part_2/ISIC_0030596.jpg,3,Nevus,3,Nevus
data/raw/HAM10000/HAM10000_images_part_2/ISIC_0032223.jpg,3,Nevus,3,Nevus
data/raw/HAM10000/HAM10000_images_part_1/ISIC_0026449.jpg,3,Nevus,3,Nevus
data/raw/HAM10000/HAM10000_images_part_1/ISIC_0024641.jpg,3,Nevus,3,Nevus
data/raw/HAM10000/HAM10000_images_part_1/ISIC_0027736.jpg,3,Nevus,3,Nevus
data/raw/HAM10000/HAM10000_images_part_2/ISIC_0030748.jpg,3,Nevus,3,Nevus
data/raw/HAM10000/HAM10000_images_part_1/ISIC_0024346.jpg,3,Nevus,1,Basal Cell Carcinoma
data/raw/HAM10000/HAM10000_images_part_1/ISIC_0026920.jpg,3,Nevus,0,Actinic Keratosis
data/raw/HAM10000/HAM10000_images_part_2/ISIC_0032411.jpg,3,Nevus,1,Basal Cell Carcinoma
data/raw/HAM10000/HAM10000_images_part_2/ISIC_0031898.jpg,3,Nevus,3,Nevus
data/raw/HAM10000/HAM10000_images_part_2/ISIC_0029330.jpg,3,Nevus,3,Nevus
data/raw/HAM10000/HAM10000_images_part_1/ISIC_0027892.jpg,3,Nevus,0,Actinic Keratosis
data/raw/HAM10000/HAM10000_images_part_1/ISIC_0026696.jpg,3,Nevus,3,Nevus
data/raw/HAM10000/HAM10000_images_part_2/ISIC_0032234.jpg,3,Nevus,4,Seborrheic Keratosis
data/raw/HAM10000/HAM10000_images_part_2/ISIC_0032056.jpg,3,Nevus,3,Nevus
data/raw/HAM10000/HAM10000_images_part_2/ISIC_0029508.jpg,3,Nevus,3,Nevus
data/raw/HAM10000/HAM10000_images_part_2/ISIC_0031581.jpg,3,Nevus,3,Nevus
data/raw/HAM10000/HAM10000_images_part_2/ISIC_0030262.jpg,3,Nevus,3,Nevus
data/raw/HAM10000/HAM10000_images_part_1/ISIC_0027712.jpg,3,Nevus,3,Nevus
data/raw/HAM10000/HAM10000_images_part_2/ISIC_0032143.jpg,3,Nevus,3,Nevus
data/raw/HAM10000/HAM10000_images_part_1/ISIC_0027317.jpg,3,Nevus,3,Nevus
data/raw/HAM10000/HAM10000_images_part_2/ISIC_0030413.jpg,3,Nevus,3,Nevus
data/raw/HAM10000/HAM10000_images_part_1/ISIC_0027009.jpg,3,Nevus,3,Nevus
data/raw/HAM10000/HAM10000_images_part_1/ISIC_0028021.jpg,3,Nevus,0,Actinic Keratosis
data/raw/HAM10000/HAM10000_images_part_1/ISIC_0027730.jpg,3,Nevus,3,Nevus
data/raw/HAM10000/HAM10000_images_part_2/ISIC_0030921.jpg,3,Nevus,4,Seborrheic Keratosis
data/raw/HAM10000/HAM10000_images_part_1/ISIC_0026220.jpg,3,Nevus,3,Nevus
data/raw/HAM10000/HAM10000_images_part_1/ISIC_0024619.jpg,3,Nevus,0,Actinic Keratosis
data/raw/HAM10000/HAM10000_images_part_1/ISIC_0027723.jpg,3,Nevus,1,Basal Cell Carcinoma
data/raw/HAM10000/HAM10000_images_part_1/ISIC_0026628.jpg,3,Nevus,3,Nevus
data/raw/HAM10000/HAM10000_images_part_1/ISIC_0027951.jpg,3,Nevus,3,Nevus
data/raw/HAM10000/HAM10000_images_part_2/ISIC_0030913.jpg,3,Nevus,3,Nevus
data/raw/HAM10000/HAM10000_images_part_1/ISIC_0026478.jpg,3,Nevus,3,Nevus
data/raw/HAM10000/HAM10000_images_part_2/ISIC_0031434.jpg,3,Nevus,3,Nevus
data/raw/HAM10000/HAM10000_images_part_2/ISIC_0032505.jpg,3,Nevus,3,Nevus
data/raw/HAM10000/HAM10000_images_part_1/ISIC_0028908.jpg,3,Nevus,3,Nevus
data/raw/HAM10000/HAM10000_images_part_1/ISIC_0026791.jpg,3,Nevus,3,Nevus
data/raw/HAM10000/HAM10000_images_part_1/ISIC_0027299.jpg,3,Nevus,3,Nevus
data/raw/HAM10000/HAM10000_images_part_2/ISIC_0030775.jpg,3,Nevus,3,Nevus
data/raw/HAM10000/HAM10000_images_part_1/ISIC_0027477.jpg,3,Nevus,0,Actinic Keratosis
data/raw/HAM10000/HAM10000_images_part_1/ISIC_0025919.jpg,3,Nevus,4,Seborrheic Keratosis
data/raw/HAM10000/HAM10000_images_part_1/ISIC_0026064.jpg,3,Nevus,0,Actinic Keratosis
data/raw/HAM10000/HAM10000_images_part_2/ISIC_0029695.jpg,3,Nevus,4,Seborrheic Keratosis
data/raw/HAM10000/HAM10000_images_part_1/ISIC_0026503.jpg,3,Nevus,3,Nevus
data/raw/HAM10000/HAM10000_images_part_2/ISIC_0031785.jpg,3,Nevus,3,Nevus
data/raw/HAM10000/HAM10000_images_part_1/ISIC_0027056.jpg,3,Nevus,3,Nevus
data/raw/HAM10000/HAM10000_images_part_1/ISIC_0027636.jpg,3,Nevus,1,Basal Cell Carcinoma
data/raw/HAM10000/HAM10000_images_part_1/ISIC_0024570.jpg,3,Nevus,0,Actinic Keratosis
data/raw/HAM10000/HAM10000_images_part_2/ISIC_0032320.jpg,3,Nevus,3,Nevus
data/raw/HAM10000/HAM10000_images_part_1/ISIC_0025236.jpg,3,Nevus,3,Nevus
data/raw/HAM10000/HAM10000_images_part_1/ISIC_0024543.jpg,3,Nevus,1,Basal Cell Carcinoma
data/raw/HAM10000/HAM10000_images_part_1/ISIC_0026224.jpg,3,Nevus,3,Nevus
data/raw/HAM10000/HAM10000_images_part_2/ISIC_0032239.jpg,3,Nevus,2,Melanoma
data/raw/HAM10000/HAM10000_images_part_2/ISIC_0031969.jpg,3,Nevus,3,Nevus
data/raw/HAM10000/HAM10000_images_part_1/ISIC_0026244.jpg,3,Nevus,3,Nevus
data/raw/HAM10000/HAM10000_images_part_1/ISIC_0024307.jpg,3,Nevus,5,Squamous Cell Carcinoma
data/raw/HAM10000/HAM10000_images_part_2/ISIC_0032198.jpg,3,Nevus,3,Nevus
data/raw/HAM10000/HAM10000_images_part_2/ISIC_0030154.jpg,3,Nevus,3,Nevus
data/raw/HAM10000/HAM10000_images_part_1/ISIC_0027200.jpg,3,Nevus,1,Basal Cell Carcinoma
data/raw/HAM10000/HAM10000_images_part_1/ISIC_0026708.jpg,3,Nevus,2,Melanoma
data/raw/HAM10000/HAM10000_images_part_1/ISIC_0027304.jpg,3,Nevus,3,Nevus
data/raw/HAM10000/HAM10000_images_part_1/ISIC_0028603.jpg,3,Nevus,3,Nevus
data/raw/HAM10000/HAM10000_images_part_1/ISIC_0025701.jpg,3,Nevus,4,Seborrheic Keratosis
data/raw/HAM10000/HAM10000_images_part_1/ISIC_0025736.jpg,3,Nevus,3,Nevus
data/raw/HAM10000/HAM10000_images_part_1/ISIC_0026537.jpg,3,Nevus,0,Actinic Keratosis
data/raw/HAM10000/HAM10000_images_part_1/ISIC_0026734.jpg,3,Nevus,3,Nevus
data/raw/HAM10000/HAM10000_images_part_1/ISIC_0025167.jpg,3,Nevus,3,Nevus
data/raw/HAM10000/HAM10000_images_part_1/ISIC_0027325.jpg,3,Nevus,0,Actinic Keratosis
data/raw/HAM10000/HAM10000_images_part_1/ISIC_0026983.jpg,3,Nevus,3,Nevus
data/raw/HAM10000/HAM10000_images_part_2/ISIC_0030166.jpg,3,Nevus,3,Nevus
data/raw/HAM10000/HAM10000_images_part_1/ISIC_0025137.jpg,3,Nevus,3,Nevus
data/raw/HAM10000/HAM10000_images_part_1/ISIC_0027148.jpg,3,Nevus,3,Nevus
data/raw/HAM10000/HAM10000_images_part_1/ISIC_0028071.jpg,3,Nevus,3,Nevus
data/raw/HAM10000/HAM10000_images_part_1/ISIC_0029246.jpg,3,Nevus,3,Nevus
data/raw/HAM10000/HAM10000_images_part_2/ISIC_0031230.jpg,3,Nevus,3,Nevus
data/raw/HAM10000/HAM10000_images_part_1/ISIC_0027016.jpg,3,Nevus,3,Nevus
data/raw/HAM10000/HAM10000_images_part_2/ISIC_0030073.jpg,3,Nevus,0,Actinic Keratosis
data/raw/HAM10000/HAM10000_images_part_1/ISIC_0027474.jpg,3,Nevus,3,Nevus
data/raw/HAM10000/HAM10000_images_part_1/ISIC_0028911.jpg,3,Nevus,3,Nevus
data/raw/HAM10000/HAM10000_images_part_1/ISIC_0027981.jpg,3,Nevus,3,Nevus
data/raw/HAM10000/HAM10000_images_part_2/ISIC_0030764.jpg,3,Nevus,0,Actinic Keratosis
data/raw/HAM10000/HAM10000_images_part_2/ISIC_0030837.jpg,3,Nevus,3,Nevus
data/raw/HAM10000/HAM10000_images_part_1/ISIC_0026972.jpg,3,Nevus,0,Actinic Keratosis
data/raw/HAM10000/HAM10000_images_part_1/ISIC_0026699.jpg,3,Nevus,3,Nevus
data/raw/HAM10000/HAM10000_images_part_1/ISIC_0024568.jpg,3,Nevus,3,Nevus
data/raw/HAM10000/HAM10000_images_part_1/ISIC_0025561.jpg,3,Nevus,0,Actinic Keratosis
data/raw/HAM10000/HAM10000_images_part_2/ISIC_0030101.jpg,3,Nevus,3,Nevus
data/raw/HAM10000/HAM10000_images_part_1/ISIC_0024731.jpg,3,Nevus,1,Basal Cell Carcinoma
data/raw/HAM10000/HAM10000_images_part_1/ISIC_0026966.jpg,3,Nevus,3,Nevus
data/raw/HAM10000/HAM10000_images_part_2/ISIC_0032479.jpg,3,Nevus,3,Nevus
data/raw/HAM10000/HAM10000_images_part_2/ISIC_0030480.jpg,3,Nevus,3,Nevus
data/raw/HAM10000/HAM10000_images_part_1/ISIC_0025704.jpg,3,Nevus,3,Nevus
data/raw/HAM10000/HAM10000_images_part_1/ISIC_0026377.jpg,3,Nevus,3,Nevus
data/raw/HAM10000/HAM10000_images_part_1/ISIC_0026259.jpg,3,Nevus,3,Nevus
data/raw/HAM10000/HAM10000_images_part_2/ISIC_0029944.jpg,3,Nevus,3,Nevus
data/raw/HAM10000/HAM10000_images_part_2/ISIC_0030221.jpg,3,Nevus,3,Nevus
data/raw/HAM10000/HAM10000_images_part_2/ISIC_0029903.jpg,3,Nevus,3,Nevus
data/raw/HAM10000/HAM10000_images_part_1/ISIC_0024874.jpg,3,Nevus,3,Nevus
data/raw/HAM10000/HAM10000_images_part_1/ISIC_0025259.jpg,3,Nevus,3,Nevus
data/raw/HAM10000/HAM10000_images_part_1/ISIC_0026564.jpg,3,Nevus,3,Nevus
data/raw/HAM10000/HAM10000_images_part_2/ISIC_0031112.jpg,3,Nevus,0,Actinic Keratosis
data/raw/HAM10000/HAM10000_images_part_1/ISIC_0026412.jpg,3,Nevus,4,Seborrheic Keratosis
data/raw/HAM10000/HAM10000_images_part_1/ISIC_0025332.jpg,3,Nevus,3,Nevus
data/raw/HAM10000/HAM10000_images_part_1/ISIC_0028248.jpg,3,Nevus,3,Nevus
data/raw/HAM10000/HAM10000_images_part_2/ISIC_0031505.jpg,3,Nevus,0,Actinic Keratosis
data/raw/HAM10000/HAM10000_images_part_1/ISIC_0024342.jpg,3,Nevus,1,Basal Cell Carcinoma
data/raw/HAM10000/HAM10000_images_part_2/ISIC_0029762.jpg,3,Nevus,3,Nevus
data/raw/HAM10000/HAM10000_images_part_2/ISIC_0030884.jpg,3,Nevus,3,Nevus
data/raw/HAM10000/HAM10000_images_part_2/ISIC_0029483.jpg,3,Nevus,3,Nevus
data/raw/HAM10000/HAM10000_images_part_1/ISIC_0024601.jpg,3,Nevus,3,Nevus
data/raw/HAM10000/HAM10000_images_part_1/ISIC_0025059.jpg,3,Nevus,3,Nevus
data/raw/HAM10000/HAM10000_images_part_2/ISIC_0031655.jpg,3,Nevus,3,Nevus
data/raw/HAM10000/HAM10000_images_part_1/ISIC_0029071.jpg,3,Nevus,2,Melanoma
data/raw/HAM10000/HAM10000_images_part_1/ISIC_0027349.jpg,3,Nevus,3,Nevus
data/raw/HAM10000/HAM10000_images_part_1/ISIC_0024779.jpg,3,Nevus,3,Nevus
data/raw/HAM10000/HAM10000_images_part_1/ISIC_0028324.jpg,3,Nevus,3,Nevus
data/raw/HAM10000/HAM10000_images_part_2/ISIC_0029503.jpg,3,Nevus,1,Basal Cell Carcinoma
data/raw/HAM10000/HAM10000_images_part_1/ISIC_0025071.jpg,3,Nevus,3,Nevus
data/raw/HAM10000/HAM10000_images_part_1/ISIC_0024866.jpg,3,Nevus,3,Nevus
data/raw/HAM10000/HAM10000_images_part_2/ISIC_0032137.jpg,3,Nevus,3,Nevus
data/raw/HAM10000/HAM10000_images_part_1/ISIC_0027035.jpg,3,Nevus,3,Nevus
data/raw/HAM10000/HAM10000_images_part_1/ISIC_0027132.jpg,3,Nevus,3,Nevus
data/raw/HAM10000/HAM10000_images_part_1/ISIC_0029156.jpg,3,Nevus,3,Nevus
data/raw/HAM10000/HAM10000_images_part_2/ISIC_0029399.jpg,3,Nevus,3,Nevus
data/raw/HAM10000/HAM10000_images_part_1/ISIC_0028839.jpg,3,Nevus,3,Nevus
data/raw/HAM10000/HAM10000_images_part_2/ISIC_0031747.jpg,3,Nevus,3,Nevus
data/raw/HAM10000/HAM10000_images_part_1/ISIC_0025408.jpg,3,Nevus,3,Nevus
data/raw/HAM10000/HAM10000_images_part_2/ISIC_0031884.jpg,3,Nevus,0,Actinic Keratosis
data/raw/HAM10000/HAM10000_images_part_2/ISIC_0031634.jpg,3,Nevus,3,Nevus
data/raw/HAM10000/HAM10000_images_part_2/ISIC_0030215.jpg,3,Nevus,3,Nevus
data/raw/HAM10000/HAM10000_images_part_1/ISIC_0028340.jpg,3,Nevus,3,Nevus
data/raw/HAM10000/HAM10000_images_part_1/ISIC_0029073.jpg,3,Nevus,1,Basal Cell Carcinoma
data/raw/HAM10000/HAM10000_images_part_1/ISIC_0025949.jpg,3,Nevus,3,Nevus
data/raw/HAM10000/HAM10000_images_part_1/ISIC_0026221.jpg,3,Nevus,3,Nevus
data/raw/HAM10000/HAM10000_images_part_1/ISIC_0026155.jpg,3,Nevus,2,Melanoma
data/raw/HAM10000/HAM10000_images_part_1/ISIC_0028407.jpg,3,Nevus,3,Nevus
data/raw/HAM10000/HAM10000_images_part_1/ISIC_0027193.jpg,3,Nevus,3,Nevus
data/raw/HAM10000/HAM10000_images_part_1/ISIC_0025935.jpg,3,Nevus,5,Squamous Cell Carcinoma
data/raw/HAM10000/HAM10000_images_part_1/ISIC_0029299.jpg,3,Nevus,0,Actinic Keratosis
data/raw/HAM10000/HAM10000_images_part_2/ISIC_0029605.jpg,3,Nevus,3,Nevus
data/raw/HAM10000/HAM10000_images_part_1/ISIC_0025174.jpg,3,Nevus,3,Nevus
data/raw/HAM10000/HAM10000_images_part_2/ISIC_0029782.jpg,3,Nevus,3,Nevus
data/raw/HAM10000/HAM10000_images_part_2/ISIC_0030103.jpg,3,Nevus,3,Nevus
data/raw/HAM10000/HAM10000_images_part_1/ISIC_0027272.jpg,3,Nevus,5,Squamous Cell Carcinoma
data/raw/HAM10000/HAM10000_images_part_2/ISIC_0032252.jpg,3,Nevus,3,Nevus
data/raw/HAM10000/HAM10000_images_part_1/ISIC_0024398.jpg,3,Nevus,2,Melanoma
data/raw/HAM10000/HAM10000_images_part_2/ISIC_0032171.jpg,3,Nevus,3,Nevus
data/raw/HAM10000/HAM10000_images_part_2/ISIC_0030250.jpg,3,Nevus,0,Actinic Keratosis
data/raw/HAM10000/HAM10000_images_part_2/ISIC_0030330.jpg,3,Nevus,3,Nevus
data/raw/HAM10000/HAM10000_images_part_1/ISIC_0026750.jpg,3,Nevus,3,Nevus
data/raw/HAM10000/HAM10000_images_part_2/ISIC_0029949.jpg,3,Nevus,3,Nevus
data/raw/HAM10000/HAM10000_images_part_2/ISIC_0031235.jpg,3,Nevus,3,Nevus
data/raw/HAM10000/HAM10000_images_part_2/ISIC_0030494.jpg,3,Nevus,3,Nevus
data/raw/HAM10000/HAM10000_images_part_1/ISIC_0027182.jpg,3,Nevus,3,Nevus
data/raw/HAM10000/HAM10000_images_part_1/ISIC_0027543.jpg,3,Nevus,2,Melanoma
data/raw/HAM10000/HAM10000_images_part_1/ISIC_0024460.jpg,3,Nevus,5,Squamous Cell Carcinoma
data/raw/HAM10000/HAM10000_images_part_1/ISIC_0026535.jpg,3,Nevus,3,Nevus
data/raw/HAM10000/HAM10000_images_part_1/ISIC_0029122.jpg,3,Nevus,5,Squamous Cell Carcinoma
data/raw/HAM10000/HAM10000_images_part_1/ISIC_0026338.jpg,3,Nevus,3,Nevus
data/raw/HAM10000/HAM10000_images_part_1/ISIC_0027647.jpg,3,Nevus,3,Nevus
data/raw/HAM10000/HAM10000_images_part_1/ISIC_0028895.jpg,3,Nevus,0,Actinic Keratosis
data/raw/HAM10000/HAM10000_images_part_1/ISIC_0029175.jpg,3,Nevus,3,Nevus
data/raw/HAM10000/HAM10000_images_part_1/ISIC_0025480.jpg,3,Nevus,4,Seborrheic Keratosis
data/raw/HAM10000/HAM10000_images_part_2/ISIC_0029622.jpg,3,Nevus,0,Actinic Keratosis
data/raw/HAM10000/HAM10000_images_part_2/ISIC_0032275.jpg,3,Nevus,3,Nevus
data/raw/HAM10000/HAM10000_images_part_1/ISIC_0025503.jpg,3,Nevus,0,Actinic Keratosis
data/raw/HAM10000/HAM10000_images_part_1/ISIC_0027362.jpg,3,Nevus,3,Nevus
data/raw/HAM10000/HAM10000_images_part_1/ISIC_0028691.jpg,3,Nevus,3,Nevus
data/raw/HAM10000/HAM10000_images_part_2/ISIC_0032483.jpg,3,Nevus,3,Nevus
data/raw/HAM10000/HAM10000_images_part_2/ISIC_0029446.jpg,3,Nevus,1,Basal Cell Carcinoma
data/raw/HAM10000/HAM10000_images_part_1/ISIC_0028491.jpg,3,Nevus,3,Nevus
data/raw/HAM10000/HAM10000_images_part_2/ISIC_0032503.jpg,3,Nevus,3,Nevus
data/raw/HAM10000/HAM10000_images_part_1/ISIC_0026418.jpg,3,Nevus,3,Nevus
data/raw/HAM10000/HAM10000_images_part_1/ISIC_0029240.jpg,3,Nevus,3,Nevus
data/raw/HAM10000/HAM10000_images_part_1/ISIC_0027161.jpg,3,Nevus,3,Nevus
data/raw/HAM10000/HAM10000_images_part_1/ISIC_0026667.jpg,3,Nevus,3,Nevus
data/raw/HAM10000/HAM10000_images_part_1/ISIC_0025207.jpg,3,Nevus,3,Nevus
data/raw/HAM10000/HAM10000_images_part_2/ISIC_0029738.jpg,3,Nevus,3,Nevus
data/raw/HAM10000/HAM10000_images_part_1/ISIC_0027804.jpg,3,Nevus,3,Nevus
data/raw/HAM10000/HAM10000_images_part_2/ISIC_0029586.jpg,3,Nevus,0,Actinic Keratosis
data/raw/HAM10000/HAM10000_images_part_1/ISIC_0027059.jpg,3,Nevus,3,Nevus
data/raw/HAM10000/HAM10000_images_part_2/ISIC_0032160.jpg,3,Nevus,3,Nevus
data/raw/HAM10000/HAM10000_images_part_1/ISIC_0028788.jpg,3,Nevus,1,Basal Cell Carcinoma
data/raw/HAM10000/HAM10000_images_part_2/ISIC_0029625.jpg,3,Nevus,0,Actinic Keratosis
data/raw/HAM10000/HAM10000_images_part_1/ISIC_0025845.jpg,3,Nevus,3,Nevus
data/raw/HAM10000/HAM10000_images_part_1/ISIC_0028485.jpg,3,Nevus,3,Nevus
data/raw/HAM10000/HAM10000_images_part_1/ISIC_0028374.jpg,3,Nevus,3,Nevus
data/raw/HAM10000/HAM10000_images_part_1/ISIC_0024785.jpg,3,Nevus,3,Nevus
data/raw/HAM10000/HAM10000_images_part_2/ISIC_0029754.jpg,3,Nevus,3,Nevus
data/raw/HAM10000/HAM10000_images_part_1/ISIC_0025853.jpg,3,Nevus,0,Actinic Keratosis
data/raw/HAM10000/HAM10000_images_part_2/ISIC_0032167.jpg,3,Nevus,2,Melanoma
data/raw/HAM10000/HAM10000_images_part_1/ISIC_0024903.jpg,3,Nevus,3,Nevus
data/raw/HAM10000/HAM10000_images_part_2/ISIC_0031514.jpg,3,Nevus,3,Nevus
data/raw/HAM10000/HAM10000_images_part_2/ISIC_0031058.jpg,3,Nevus,3,Nevus
data/raw/HAM10000/HAM10000_images_part_1/ISIC_0026428.jpg,3,Nevus,3,Nevus
data/raw/HAM10000/HAM10000_images_part_1/ISIC_0025420.jpg,3,Nevus,3,Nevus
data/raw/HAM10000/HAM10000_images_part_1/ISIC_0028753.jpg,3,Nevus,3,Nevus
data/raw/HAM10000/HAM10000_images_part_1/ISIC_0025423.jpg,3,Nevus,3,Nevus
data/raw/HAM10000/HAM10000_images_part_1/ISIC_0026662.jpg,3,Nevus,1,Basal Cell Carcinoma
data/raw/HAM10000/HAM10000_images_part_2/ISIC_0030686.jpg,3,Nevus,3,Nevus
data/raw/HAM10000/HAM10000_images_part_1/ISIC_0028781.jpg,3,Nevus,3,Nevus
data/raw/HAM10000/HAM10000_images_part_2/ISIC_0031994.jpg,3,Nevus,3,Nevus
data/raw/HAM10000/HAM10000_images_part_1/ISIC_0026509.jpg,3,Nevus,1,Basal Cell Carcinoma
data/raw/HAM10000/HAM10000_images_part_2/ISIC_0030392.jpg,3,Nevus,3,Nevus
data/raw/HAM10000/HAM10000_images_part_1/ISIC_0028269.jpg,3,Nevus,3,Nevus
data/raw/HAM10000/HAM10000_images_part_1/ISIC_0024764.jpg,3,Nevus,3,Nevus
data/raw/HAM10000/HAM10000_images_part_1/ISIC_0028072.jpg,3,Nevus,3,Nevus
data/raw/HAM10000/HAM10000_images_part_2/ISIC_0030071.jpg,3,Nevus,3,Nevus
data/raw/HAM10000/HAM10000_images_part_1/ISIC_0024921.jpg,3,Nevus,0,Actinic Keratosis
data/raw/HAM10000/HAM10000_images_part_1/ISIC_0027794.jpg,3,Nevus,2,Melanoma
data/raw/HAM10000/HAM10000_images_part_1/ISIC_0026434.jpg,3,Nevus,3,Nevus
data/raw/HAM10000/HAM10000_images_part_2/ISIC_0031758.jpg,3,Nevus,3,Nevus
data/raw/HAM10000/HAM10000_images_part_1/ISIC_0027777.jpg,3,Nevus,3,Nevus
data/raw/HAM10000/HAM10000_images_part_2/ISIC_0030788.jpg,3,Nevus,5,Squamous Cell Carcinoma
data/raw/HAM10000/HAM10000_images_part_1/ISIC_0026459.jpg,3,Nevus,3,Nevus
data/raw/HAM10000/HAM10000_images_part_1/ISIC_0024384.jpg,3,Nevus,3,Nevus
data/raw/HAM10000/HAM10000_images_part_1/ISIC_0026483.jpg,3,Nevus,3,Nevus
data/raw/HAM10000/HAM10000_images_part_2/ISIC_0029718.jpg,3,Nevus,2,Melanoma
data/raw/HAM10000/HAM10000_images_part_1/ISIC_0025857.jpg,3,Nevus,3,Nevus
data/raw/HAM10000/HAM10000_images_part_1/ISIC_0028893.jpg,3,Nevus,3,Nevus
data/raw/HAM10000/HAM10000_images_part_1/ISIC_0024326.jpg,3,Nevus,3,Nevus
data/raw/HAM10000/HAM10000_images_part_2/ISIC_0030078.jpg,3,Nevus,0,Actinic Keratosis
data/raw/HAM10000/HAM10000_images_part_1/ISIC_0027676.jpg,3,Nevus,1,Basal Cell Carcinoma
data/raw/HAM10000/HAM10000_images_part_1/ISIC_0026063.jpg,3,Nevus,0,Actinic Keratosis
data/raw/HAM10000/HAM10000_images_part_2/ISIC_0032085.jpg,3,Nevus,3,Nevus
data/raw/HAM10000/HAM10000_images_part_2/ISIC_0031873.jpg,3,Nevus,3,Nevus
data/raw/HAM10000/HAM10000_images_part_2/ISIC_0030254.jpg,3,Nevus,3,Nevus
data/raw/HAM10000/HAM10000_images_part_1/ISIC_0028273.jpg,3,Nevus,4,Seborrheic Keratosis
data/raw/HAM10000/HAM10000_images_part_1/ISIC_0025468.jpg,3,Nevus,1,Basal Cell Carcinoma
data/raw/HAM10000/HAM10000_images_part_1/ISIC_0025848.jpg,3,Nevus,5,Squamous Cell Carcinoma
data/raw/HAM10000/HAM10000_images_part_2/ISIC_0031342.jpg,3,Nevus,0,Actinic Keratosis
data/raw/HAM10000/HAM10000_images_part_1/ISIC_0027078.jpg,3,Nevus,3,Nevus
data/raw/HAM10000/HAM10000_images_part_1/ISIC_0024485.jpg,3,Nevus,0,Actinic Keratosis
data/raw/HAM10000/HAM10000_images_part_1/ISIC_0027841.jpg,3,Nevus,3,Nevus
data/raw/HAM10000/HAM10000_images_part_1/ISIC_0026534.jpg,3,Nevus,3,Nevus
data/raw/HAM10000/HAM10000_images_part_2/ISIC_0029734.jpg,3,Nevus,3,Nevus
data/raw/HAM10000/HAM10000_images_part_1/ISIC_0027835.jpg,3,Nevus,3,Nevus
data/raw/HAM10000/HAM10000_images_part_1/ISIC_0028138.jpg,3,Nevus,3,Nevus
data/raw/HAM10000/HAM10000_images_part_2/ISIC_0030030.jpg,3,Nevus,4,Seborrheic Keratosis
data/raw/HAM10000/HAM10000_images_part_1/ISIC_0028153.jpg,3,Nevus,2,Melanoma
data/raw/HAM10000/HAM10000_images_part_2/ISIC_0030751.jpg,3,Nevus,3,Nevus
data/raw/HAM10000/HAM10000_images_part_2/ISIC_0031717.jpg,3,Nevus,3,Nevus
data/raw/HAM10000/HAM10000_images_part_2/ISIC_0029551.jpg,3,Nevus,3,Nevus
data/raw/HAM10000/HAM10000_images_part_1/ISIC_0027683.jpg,3,Nevus,4,Seborrheic Keratosis
data/raw/HAM10000/HAM10000_images_part_1/ISIC_0028458.jpg,3,Nevus,3,Nevus
data/raw/HAM10000/HAM10000_images_part_1/ISIC_0025464.jpg,3,Nevus,3,Nevus
data/raw/HAM10000/HAM10000_images_part_1/ISIC_0029124.jpg,3,Nevus,3,Nevus
data/raw/HAM10000/HAM10000_images_part_1/ISIC_0025344.jpg,3,Nevus,3,Nevus
data/raw/HAM10000/HAM10000_images_part_1/ISIC_0027701.jpg,3,Nevus,2,Melanoma
data/raw/HAM10000/HAM10000_images_part_1/ISIC_0029244.jpg,3,Nevus,3,Nevus
data/raw/HAM10000/HAM10000_images_part_1/ISIC_0025532.jpg,3,Nevus,3,Nevus
data/raw/HAM10000/HAM10000_images_part_1/ISIC_0026495.jpg,3,Nevus,3,Nevus
data/raw/HAM10000/HAM10000_images_part_2/ISIC_0031885.jpg,3,Nevus,3,Nevus
data/raw/HAM10000/HAM10000_images_part_1/ISIC_0025739.jpg,3,Nevus,3,Nevus
data/raw/HAM10000/HAM10000_images_part_1/ISIC_0028553.jpg,3,Nevus,3,Nevus
data/raw/HAM10000/HAM10000_images_part_2/ISIC_0030062.jpg,3,Nevus,0,Actinic Keratosis
data/raw/HAM10000/HAM10000_images_part_1/ISIC_0027446.jpg,3,Nevus,3,Nevus
data/raw/HAM10000/HAM10000_images_part_2/ISIC_0030439.jpg,3,Nevus,0,Actinic Keratosis
data/raw/HAM10000/HAM10000_images_part_2/ISIC_0031341.jpg,3,Nevus,3,Nevus
data/raw/HAM10000/HAM10000_images_part_2/ISIC_0029896.jpg,3,Nevus,3,Nevus
data/raw/HAM10000/HAM10000_images_part_2/ISIC_0030568.jpg,3,Nevus,3,Nevus
data/raw/HAM10000/HAM10000_images_part_1/ISIC_0027329.jpg,3,Nevus,3,Nevus
data/raw/HAM10000/HAM10000_images_part_1/ISIC_0029097.jpg,3,Nevus,3,Nevus
data/raw/HAM10000/HAM10000_images_part_2/ISIC_0029646.jpg,3,Nevus,3,Nevus
data/raw/HAM10000/HAM10000_images_part_1/ISIC_0028162.jpg,3,Nevus,5,Squamous Cell Carcinoma
data/raw/HAM10000/HAM10000_images_part_2/ISIC_0031886.jpg,3,Nevus,1,Basal Cell Carcinoma
data/raw/HAM10000/HAM10000_images_part_2/ISIC_0030948.jpg,3,Nevus,3,Nevus
data/raw/HAM10000/HAM10000_images_part_1/ISIC_0025022.jpg,3,Nevus,3,Nevus
data/raw/HAM10000/HAM10000_images_part_1/ISIC_0026640.jpg,3,Nevus,3,Nevus
data/raw/HAM10000/HAM10000_images_part_1/ISIC_0024628.jpg,3,Nevus,3,Nevus
data/raw/HAM10000/HAM10000_images_part_1/ISIC_0024487.jpg,3,Nevus,3,Nevus
data/raw/HAM10000/HAM10000_images_part_1/ISIC_0026189.jpg,3,Nevus,3,Nevus
data/raw/HAM10000/HAM10000_images_part_1/ISIC_0024638.jpg,3,Nevus,3,Nevus
data/raw/HAM10000/HAM10000_images_part_2/ISIC_0031305.jpg,3,Nevus,3,Nevus
data/raw/HAM10000/HAM10000_images_part_2/ISIC_0030650.jpg,3,Nevus,3,Nevus
data/raw/HAM10000/HAM10000_images_part_2/ISIC_0029565.jpg,3,Nevus,3,Nevus
data/raw/HAM10000/HAM10000_images_part_1/ISIC_0028837.jpg,3,Nevus,0,Actinic Keratosis
data/raw/HAM10000/HAM10000_images_part_1/ISIC_0027369.jpg,3,Nevus,3,Nevus
data/raw/HAM10000/HAM10000_images_part_2/ISIC_0030872.jpg,3,Nevus,0,Actinic Keratosis
data/raw/HAM10000/HAM10000_images_part_2/ISIC_0029314.jpg,3,Nevus,1,Basal Cell Carcinoma
data/raw/HAM10000/HAM10000_images_part_2/ISIC_0030559.jpg,3,Nevus,1,Basal Cell Carcinoma
data/raw/HAM10000/HAM10000_images_part_1/ISIC_0025977.jpg,3,Nevus,0,Actinic Keratosis
data/raw/HAM10000/HAM10000_images_part_2/ISIC_0032448.jpg,3,Nevus,3,Nevus
data/raw/HAM10000/HAM10000_images_part_2/ISIC_0029946.jpg,3,Nevus,3,Nevus
data/raw/HAM10000/HAM10000_images_part_1/ISIC_0028402.jpg,3,Nevus,3,Nevus
data/raw/HAM10000/HAM10000_images_part_1/ISIC_0028028.jpg,3,Nevus,3,Nevus
data/raw/HAM10000/HAM10000_images_part_1/ISIC_0028421.jpg,3,Nevus,3,Nevus
data/raw/HAM10000/HAM10000_images_part_2/ISIC_0032432.jpg,3,Nevus,3,Nevus
data/raw/HAM10000/HAM10000_images_part_2/ISIC_0031248.jpg,3,Nevus,5,Squamous Cell Carcinoma
data/raw/HAM10000/HAM10000_images_part_1/ISIC_0025403.jpg,3,Nevus,0,Actinic Keratosis
data/raw/HAM10000/HAM10000_images_part_2/ISIC_0029461.jpg,3,Nevus,3,Nevus
data/raw/HAM10000/HAM10000_images_part_2/ISIC_0032458.jpg,3,Nevus,3,Nevus
data/raw/HAM10000/HAM10000_images_part_1/ISIC_0027280.jpg,3,Nevus,3,Nevus
data/raw/HAM10000/HAM10000_images_part_2/ISIC_0030662.jpg,3,Nevus,3,Nevus
data/raw/HAM10000/HAM10000_images_part_2/ISIC_0030531.jpg,3,Nevus,4,Seborrheic Keratosis
data/raw/HAM10000/HAM10000_images_part_2/ISIC_0030353.jpg,3,Nevus,4,Seborrheic Keratosis
data/raw/HAM10000/HAM10000_images_part_2/ISIC_0031478.jpg,3,Nevus,4,Seborrheic Keratosis
data/raw/HAM10000/HAM10000_images_part_2/ISIC_0031052.jpg,3,Nevus,3,Nevus
data/raw/HAM10000/HAM10000_images_part_1/ISIC_0026568.jpg,3,Nevus,5,Squamous Cell Carcinoma
data/raw/HAM10000/HAM10000_images_part_1/ISIC_0028841.jpg,3,Nevus,3,Nevus
data/raw/HAM10000/HAM10000_images_part_2/ISIC_0030024.jpg,3,Nevus,3,Nevus
data/raw/HAM10000/HAM10000_images_part_1/ISIC_0024927.jpg,3,Nevus,3,Nevus
data/raw/HAM10000/HAM10000_images_part_2/ISIC_0030218.jpg,3,Nevus,3,Nevus
data/raw/HAM10000/HAM10000_images_part_2/ISIC_0031187.jpg,3,Nevus,3,Nevus
data/raw/HAM10000/HAM10000_images_part_2/ISIC_0030958.jpg,3,Nevus,3,Nevus
data/raw/HAM10000/HAM10000_images_part_1/ISIC_0024703.jpg,3,Nevus,3,Nevus
data/raw/HAM10000/HAM10000_images_part_1/ISIC_0028064.jpg,3,Nevus,3,Nevus
data/raw/HAM10000/HAM10000_images_part_1/ISIC_0027288.jpg,3,Nevus,3,Nevus
data/raw/HAM10000/HAM10000_images_part_1/ISIC_0028396.jpg,3,Nevus,3,Nevus
data/raw/HAM10000/HAM10000_images_part_2/ISIC_0031946.jpg,3,Nevus,3,Nevus
data/raw/HAM10000/HAM10000_images_part_1/ISIC_0027168.jpg,3,Nevus,0,Actinic Keratosis
data/raw/HAM10000/HAM10000_images_part_1/ISIC_0025329.jpg,3,Nevus,2,Melanoma
data/raw/HAM10000/HAM10000_images_part_2/ISIC_0031626.jpg,3,Nevus,3,Nevus
data/raw/HAM10000/HAM10000_images_part_1/ISIC_0026669.jpg,3,Nevus,3,Nevus
data/raw/HAM10000/HAM10000_images_part_1/ISIC_0026095.jpg,3,Nevus,3,Nevus
data/raw/HAM10000/HAM10000_images_part_2/ISIC_0030590.jpg,3,Nevus,3,Nevus
data/raw/HAM10000/HAM10000_images_part_2/ISIC_0029988.jpg,3,Nevus,1,Basal Cell Carcinoma
data/raw/HAM10000/HAM10000_images_part_1/ISIC_0026013.jpg,3,Nevus,3,Nevus
data/raw/HAM10000/HAM10000_images_part_2/ISIC_0030934.jpg,3,Nevus,3,Nevus
data/raw/HAM10000/HAM10000_images_part_1/ISIC_0026799.jpg,3,Nevus,3,Nevus
data/raw/HAM10000/HAM10000_images_part_1/ISIC_0028959.jpg,3,Nevus,1,Basal Cell Carcinoma
data/raw/HAM10000/HAM10000_images_part_2/ISIC_0032353.jpg,3,Nevus,3,Nevus
data/raw/HAM10000/HAM10000_images_part_1/ISIC_0027728.jpg,3,Nevus,3,Nevus
data/raw/HAM10000/HAM10000_images_part_1/ISIC_0027750.jpg,3,Nevus,3,Nevus
data/raw/HAM10000/HAM10000_images_part_1/ISIC_0028743.jpg,3,Nevus,3,Nevus
data/raw/HAM10000/HAM10000_images_part_2/ISIC_0031183.jpg,3,Nevus,3,Nevus
data/raw/HAM10000/HAM10000_images_part_1/ISIC_0029096.jpg,3,Nevus,3,Nevus
data/raw/HAM10000/HAM10000_images_part_2/ISIC_0030162.jpg,3,Nevus,3,Nevus
data/raw/HAM10000/HAM10000_images_part_1/ISIC_0025138.jpg,3,Nevus,3,Nevus
data/raw/HAM10000/HAM10000_images_part_1/ISIC_0026134.jpg,3,Nevus,3,Nevus
data/raw/HAM10000/HAM10000_images_part_1/ISIC_0026962.jpg,3,Nevus,3,Nevus
data/raw/HAM10000/HAM10000_images_part_1/ISIC_0024894.jpg,3,Nevus,3,Nevus
data/raw/HAM10000/HAM10000_images_part_2/ISIC_0029727.jpg,3,Nevus,1,Basal Cell Carcinoma
data/raw/HAM10000/HAM10000_images_part_1/ISIC_0025839.jpg,3,Nevus,3,Nevus
data/raw/HAM10000/HAM10000_images_part_1/ISIC_0027842.jpg,3,Nevus,3,Nevus
data/raw/HAM10000/HAM10000_images_part_1/ISIC_0029159.jpg,3,Nevus,3,Nevus
data/raw/HAM10000/HAM10000_images_part_2/ISIC_0030045.jpg,3,Nevus,3,Nevus
data/raw/HAM10000/HAM10000_images_part_2/ISIC_0031084.jpg,3,Nevus,3,Nevus
data/raw/HAM10000/HAM10000_images_part_2/ISIC_0030430.jpg,3,Nevus,3,Nevus
data/raw/HAM10000/HAM10000_images_part_1/ISIC_0028590.jpg,3,Nevus,1,Basal Cell Carcinoma
data/raw/HAM10000/HAM10000_images_part_1/ISIC_0027011.jpg,3,Nevus,3,Nevus
data/raw/HAM10000/HAM10000_images_part_2/ISIC_0030347.jpg,3,Nevus,3,Nevus
data/raw/HAM10000/HAM10000_images_part_2/ISIC_0029400.jpg,3,Nevus,3,Nevus
data/raw/HAM10000/HAM10000_images_part_2/ISIC_0030571.jpg,3,Nevus,1,Basal Cell Carcinoma
data/raw/HAM10000/HAM10000_images_part_1/ISIC_0025741.jpg,3,Nevus,3,Nevus
data/raw/HAM10000/HAM10000_images_part_2/ISIC_0030431.jpg,3,Nevus,3,Nevus
data/raw/HAM10000/HAM10000_images_part_2/ISIC_0030503.jpg,3,Nevus,3,Nevus
data/raw/HAM10000/HAM10000_images_part_1/ISIC_0024639.jpg,3,Nevus,3,Nevus
data/raw/HAM10000/HAM10000_images_part_1/ISIC_0024569.jpg,3,Nevus,3,Nevus
data/raw/HAM10000/HAM10000_images_part_2/ISIC_0032261.jpg,3,Nevus,3,Nevus
data/raw/HAM10000/HAM10000_images_part_2/ISIC_0031420.jpg,3,Nevus,4,Seborrheic Keratosis
data/raw/HAM10000/HAM10000_images_part_2/ISIC_0032142.jpg,3,Nevus,3,Nevus
data/raw/HAM10000/HAM10000_images_part_1/ISIC_0025229.jpg,3,Nevus,0,Actinic Keratosis
data/raw/HAM10000/HAM10000_images_part_1/ISIC_0029077.jpg,3,Nevus,3,Nevus
data/raw/HAM10000/HAM10000_images_part_1/ISIC_0028605.jpg,3,Nevus,0,Actinic Keratosis
data/raw/HAM10000/HAM10000_images_part_2/ISIC_0032077.jpg,3,Nevus,3,Nevus
data/raw/HAM10000/HAM10000_images_part_1/ISIC_0027778.jpg,3,Nevus,3,Nevus
data/raw/HAM10000/HAM10000_images_part_1/ISIC_0027860.jpg,3,Nevus,3,Nevus
data/raw/HAM10000/HAM10000_images_part_1/ISIC_0028845.jpg,3,Nevus,3,Nevus
data/raw/HAM10000/HAM10000_images_part_1/ISIC_0025002.jpg,3,Nevus,4,Seborrheic Keratosis
data/raw/HAM10000/HAM10000_images_part_1/ISIC_0025025.jpg,3,Nevus,3,Nevus
data/raw/HAM10000/HAM10000_images_part_1/ISIC_0025263.jpg,3,Nevus,3,Nevus
data/raw/HAM10000/HAM10000_images_part_2/ISIC_0030497.jpg,3,Nevus,1,Basal Cell Carcinoma
data/raw/HAM10000/HAM10000_images_part_2/ISIC_0029447.jpg,3,Nevus,3,Nevus
data/raw/HAM10000/HAM10000_images_part_1/ISIC_0028292.jpg,3,Nevus,0,Actinic Keratosis
data/raw/HAM10000/HAM10000_images_part_2/ISIC_0032118.jpg,3,Nevus,0,Actinic Keratosis
data/raw/HAM10000/HAM10000_images_part_1/ISIC_0028334.jpg,3,Nevus,1,Basal Cell Carcinoma
data/raw/HAM10000/HAM10000_images_part_1/ISIC_0025625.jpg,3,Nevus,3,Nevus
data/raw/HAM10000/HAM10000_images_part_1/ISIC_0024991.jpg,3,Nevus,3,Nevus
data/raw/HAM10000/HAM10000_images_part_2/ISIC_0030908.jpg,3,Nevus,3,Nevus
data/raw/HAM10000/HAM10000_images_part_2/ISIC_0029739.jpg,3,Nevus,3,Nevus
data/raw/HAM10000/HAM10000_images_part_2/ISIC_0030807.jpg,3,Nevus,3,Nevus
data/raw/HAM10000/HAM10000_images_part_1/ISIC_0024531.jpg,3,Nevus,3,Nevus
data/raw/HAM10000/HAM10000_images_part_2/ISIC_0029415.jpg,3,Nevus,3,Nevus
data/raw/HAM10000/HAM10000_images_part_1/ISIC_0029200.jpg,3,Nevus,3,Nevus
data/raw/HAM10000/HAM10000_images_part_2/ISIC_0029509.jpg,3,Nevus,3,Nevus
data/raw/HAM10000/HAM10000_images_part_2/ISIC_0030728.jpg,3,Nevus,3,Nevus
data/raw/HAM10000/HAM10000_images_part_2/ISIC_0030054.jpg,3,Nevus,3,Nevus
data/raw/HAM10000/HAM10000_images_part_2/ISIC_0030499.jpg,3,Nevus,3,Nevus
data/raw/HAM10000/HAM10000_images_part_1/ISIC_0026578.jpg,3,Nevus,3,Nevus
data/raw/HAM10000/HAM10000_images_part_2/ISIC_0032301.jpg,3,Nevus,2,Melanoma
data/raw/HAM10000/HAM10000_images_part_1/ISIC_0028452.jpg,3,Nevus,3,Nevus
data/raw/HAM10000/HAM10000_images_part_1/ISIC_0026813.jpg,3,Nevus,3,Nevus
data/raw/HAM10000/HAM10000_images_part_2/ISIC_0030205.jpg,3,Nevus,3,Nevus
data/raw/HAM10000/HAM10000_images_part_2/ISIC_0029350.jpg,3,Nevus,0,Actinic Keratosis
data/raw/HAM10000/HAM10000_images_part_2/ISIC_0030449.jpg,3,Nevus,3,Nevus
data/raw/HAM10000/HAM10000_images_part_1/ISIC_0025761.jpg,3,Nevus,3,Nevus
data/raw/HAM10000/HAM10000_images_part_2/ISIC_0030146.jpg,3,Nevus,3,Nevus
data/raw/HAM10000/HAM10000_images_part_1/ISIC_0026707.jpg,3,Nevus,3,Nevus
data/raw/HAM10000/HAM10000_images_part_1/ISIC_0029294.jpg,3,Nevus,3,Nevus
data/raw/HAM10000/HAM10000_images_part_1/ISIC_0028234.jpg,3,Nevus,3,Nevus
data/raw/HAM10000/HAM10000_images_part_2/ISIC_0031416.jpg,3,Nevus,3,Nevus
data/raw/HAM10000/HAM10000_images_part_1/ISIC_0027674.jpg,3,Nevus,3,Nevus
data/raw/HAM10000/HAM10000_images_part_2/ISIC_0031752.jpg,3,Nevus,3,Nevus
data/raw/HAM10000/HAM10000_images_part_2/ISIC_0030905.jpg,3,Nevus,3,Nevus
data/raw/HAM10000/HAM10000_images_part_2/ISIC_0030109.jpg,3,Nevus,3,Nevus
data/raw/HAM10000/HAM10000_images_part_1/ISIC_0028439.jpg,3,Nevus,3,Nevus
data/raw/HAM10000/HAM10000_images_part_1/ISIC_0025360.jpg,3,Nevus,3,Nevus
data/raw/HAM10000/HAM10000_images_part_2/ISIC_0030108.jpg,3,Nevus,3,Nevus
data/raw/HAM10000/HAM10000_images_part_1/ISIC_0027921.jpg,3,Nevus,3,Nevus
data/raw/HAM10000/HAM10000_images_part_1/ISIC_0025669.jpg,3,Nevus,0,Actinic Keratosis
data/raw/HAM10000/HAM10000_images_part_1/ISIC_0028213.jpg,3,Nevus,0,Actinic Keratosis
data/raw/HAM10000/HAM10000_images_part_1/ISIC_0027368.jpg,3,Nevus,4,Seborrheic Keratosis
data/raw/HAM10000/HAM10000_images_part_1/ISIC_0026031.jpg,3,Nevus,3,Nevus
data/raw/HAM10000/HAM10000_images_part_2/ISIC_0030164.jpg,3,Nevus,4,Seborrheic Keratosis
data/raw/HAM10000/HAM10000_images_part_1/ISIC_0025774.jpg,3,Nevus,3,Nevus
data/raw/HAM10000/HAM10000_images_part_2/ISIC_0032475.jpg,3,Nevus,3,Nevus
data/raw/HAM10000/HAM10000_images_part_2/ISIC_0032294.jpg,3,Nevus,3,Nevus
data/raw/HAM10000/HAM10000_images_part_1/ISIC_0026519.jpg,3,Nevus,4,Seborrheic Keratosis
data/raw/HAM10000/HAM10000_images_part_2/ISIC_0030672.jpg,3,Nevus,3,Nevus
data/raw/HAM10000/HAM10000_images_part_2/ISIC_0030629.jpg,3,Nevus,3,Nevus
data/raw/HAM10000/HAM10000_images_part_2/ISIC_0031178.jpg,3,Nevus,3,Nevus
data/raw/HAM10000/HAM10000_images_part_2/ISIC_0030640.jpg,3,Nevus,3,Nevus
data/raw/HAM10000/HAM10000_images_part_1/ISIC_0026367.jpg,3,Nevus,0,Actinic Keratosis
data/raw/HAM10000/HAM10000_images_part_1/ISIC_0027444.jpg,3,Nevus,2,Melanoma
data/raw/HAM10000/HAM10000_images_part_1/ISIC_0025702.jpg,3,Nevus,4,Seborrheic Keratosis
data/raw/HAM10000/HAM10000_images_part_2/ISIC_0032023.jpg,3,Nevus,3,Nevus
data/raw/HAM10000/HAM10000_images_part_2/ISIC_0031247.jpg,3,Nevus,3,Nevus
data/raw/HAM10000/HAM10000_images_part_1/ISIC_0029045.jpg,3,Nevus,3,Nevus
data/raw/HAM10000/HAM10000_images_part_2/ISIC_0031160.jpg,3,Nevus,3,Nevus
data/raw/HAM10000/HAM10000_images_part_1/ISIC_0028453.jpg,3,Nevus,0,Actinic Keratosis
data/raw/HAM10000/HAM10000_images_part_1/ISIC_0028154.jpg,3,Nevus,0,Actinic Keratosis
data/raw/HAM10000/HAM10000_images_part_1/ISIC_0028332.jpg,3,Nevus,4,Seborrheic Keratosis
data/raw/HAM10000/HAM10000_images_part_2/ISIC_0032334.jpg,3,Nevus,4,Seborrheic Keratosis
data/raw/HAM10000/HAM10000_images_part_1/ISIC_0024604.jpg,3,Nevus,4,Seborrheic Keratosis
data/raw/HAM10000/HAM10000_images_part_1/ISIC_0027358.jpg,3,Nevus,0,Actinic Keratosis
data/raw/HAM10000/HAM10000_images_part_2/ISIC_0030247.jpg,3,Nevus,3,Nevus
data/raw/HAM10000/HAM10000_images_part_2/ISIC_0030786.jpg,3,Nevus,0,Actinic Keratosis
data/raw/HAM10000/HAM10000_images_part_2/ISIC_0029389.jpg,3,Nevus,3,Nevus
data/raw/HAM10000/HAM10000_images_part_1/ISIC_0024789.jpg,3,Nevus,3,Nevus
data/raw/HAM10000/HAM10000_images_part_2/ISIC_0031515.jpg,3,Nevus,3,Nevus
data/raw/HAM10000/HAM10000_images_part_2/ISIC_0029854.jpg,3,Nevus,3,Nevus
data/raw/HAM10000/HAM10000_images_part_1/ISIC_0025108.jpg,3,Nevus,3,Nevus
data/raw/HAM10000/HAM10000_images_part_1/ISIC_0029296.jpg,3,Nevus,3,Nevus
data/raw/HAM10000/HAM10000_images_part_2/ISIC_0029986.jpg,3,Nevus,4,Seborrheic Keratosis
data/raw/HAM10000/HAM10000_images_part_1/ISIC_0027010.jpg,3,Nevus,2,Melanoma
data/raw/HAM10000/HAM10000_images_part_2/ISIC_0030829.jpg,3,Nevus,3,Nevus
data/raw/HAM10000/HAM10000_images_part_1/ISIC_0025367.jpg,3,Nevus,3,Nevus
data/raw/HAM10000/HAM10000_images_part_2/ISIC_0030688.jpg,3,Nevus,2,Melanoma
data/raw/HAM10000/HAM10000_images_part_2/ISIC_0029825.jpg,3,Nevus,4,Seborrheic Keratosis
data/raw/HAM10000/HAM10000_images_part_1/ISIC_0028373.jpg,3,Nevus,2,Melanoma
data/raw/HAM10000/HAM10000_images_part_1/ISIC_0024714.jpg,3,Nevus,4,Seborrheic Keratosis
data/raw/HAM10000/HAM10000_images_part_1/ISIC_0027209.jpg,3,Nevus,3,Nevus
data/raw/HAM10000/HAM10000_images_part_1/ISIC_0028966.jpg,3,Nevus,3,Nevus
data/raw/HAM10000/HAM10000_images_part_1/ISIC_0029254.jpg,3,Nevus,3,Nevus
data/raw/HAM10000/HAM10000_images_part_1/ISIC_0029223.jpg,3,Nevus,3,Nevus
data/raw/HAM10000/HAM10000_images_part_1/ISIC_0026303.jpg,3,Nevus,3,Nevus
data/raw/HAM10000/HAM10000_images_part_2/ISIC_0030125.jpg,3,Nevus,3,Nevus
data/raw/HAM10000/HAM10000_images_part_1/ISIC_0025008.jpg,3,Nevus,1,Basal Cell Carcinoma
data/raw/HAM10000/HAM10000_images_part_1/ISIC_0025735.jpg,3,Nevus,4,Seborrheic Keratosis
data/raw/HAM10000/HAM10000_images_part_1/ISIC_0026911.jpg,3,Nevus,3,Nevus
data/raw/HAM10000/HAM10000_images_part_2/ISIC_0030464.jpg,3,Nevus,3,Nevus
data/raw/HAM10000/HAM10000_images_part_1/ISIC_0025327.jpg,3,Nevus,2,Melanoma
data/raw/HAM10000/HAM10000_images_part_1/ISIC_0026839.jpg,3,Nevus,4,Seborrheic Keratosis
data/raw/HAM10000/HAM10000_images_part_1/ISIC_0025823.jpg,3,Nevus,3,Nevus
data/raw/HAM10000/HAM10000_images_part_1/ISIC_0027458.jpg,3,Nevus,3,Nevus
data/raw/HAM10000/HAM10000_images_part_2/ISIC_0030979.jpg,3,Nevus,3,Nevus
data/raw/HAM10000/HAM10000_images_part_1/ISIC_0028145.jpg,3,Nevus,3,Nevus
data/raw/HAM10000/HAM10000_images_part_1/ISIC_0025909.jpg,3,Nevus,3,Nevus
data/raw/HAM10000/HAM10000_images_part_1/ISIC_0028831.jpg,3,Nevus,3,Nevus
data/raw/HAM10000/HAM10000_images_part_1/ISIC_0026341.jpg,3,Nevus,3,Nevus
data/raw/HAM10000/HAM10000_images_part_1/ISIC_0027697.jpg,3,Nevus,3,Nevus
data/raw/HAM10000/HAM10000_images_part_1/ISIC_0025850.jpg,3,Nevus,3,Nevus
data/raw/HAM10000/HAM10000_images_part_1/ISIC_0029187.jpg,3,Nevus,3,Nevus
data/raw/HAM10000/HAM10000_images_part_1/ISIC_0025907.jpg,3,Nevus,3,Nevus
data/raw/HAM10000/HAM10000_images_part_1/ISIC_0027113.jpg,3,Nevus,3,Nevus
data/raw/HAM10000/HAM10000_images_part_1/ISIC_0028823.jpg,3,Nevus,3,Nevus
data/raw/HAM10000/HAM10000_images_part_2/ISIC_0031501.jpg,3,Nevus,3,Nevus
data/raw/HAM10000/HAM10000_images_part_2/ISIC_0033380.jpg,3,Nevus,3,Nevus
data/raw/HAM10000/HAM10000_images_part_2/ISIC_0030326.jpg,3,Nevus,3,Nevus
data/raw/HAM10000/HAM10000_images_part_2/ISIC_0029826.jpg,3,Nevus,4,Seborrheic Keratosis
data/raw/HAM10000/HAM10000_images_part_1/ISIC_0025352.jpg,3,Nevus,4,Seborrheic Keratosis
data/raw/HAM10000/HAM10000_images_part_1/ISIC_0029179.jpg,3,Nevus,3,Nevus
data/raw/HAM10000/HAM10000_images_part_1/ISIC_0025158.jpg,3,Nevus,4,Seborrheic Keratosis
data/raw/HAM10000/HAM10000_images_part_1/ISIC_0025336.jpg,3,Nevus,4,Seborrheic Keratosis
data/raw/HAM10000/HAM10000_images_part_1/ISIC_0025641.jpg,3,Nevus,3,Nevus
data/raw/HAM10000/HAM10000_images_part_2/ISIC_0033347.jpg,3,Nevus,3,Nevus
data/raw/HAM10000/HAM10000_images_part_2/ISIC_0032668.jpg,3,Nevus,3,Nevus
data/raw/HAM10000/HAM10000_images_part_2/ISIC_0032891.jpg,3,Nevus,3,Nevus
data/raw/HAM10000/HAM10000_images_part_2/ISIC_0034225.jpg,3,Nevus,3,Nevus
data/raw/HAM10000/HAM10000_images_part_2/ISIC_0032916.jpg,3,Nevus,3,Nevus
data/raw/HAM10000/HAM10000_images_part_2/ISIC_0033756.jpg,3,Nevus,3,Nevus
data/raw/HAM10000/HAM10000_images_part_2/ISIC_0033348.jpg,3,Nevus,3,Nevus
data/raw/HAM10000/HAM10000_images_part_2/ISIC_0033048.jpg,3,Nevus,3,Nevus
data/raw/HAM10000/HAM10000_images_part_2/ISIC_0033870.jpg,3,Nevus,3,Nevus
data/raw/HAM10000/HAM10000_images_part_1/ISIC_0026618.jpg,3,Nevus,3,Nevus
data/raw/HAM10000/HAM10000_images_part_1/ISIC_0026670.jpg,3,Nevus,4,Seborrheic Keratosis
data/raw/HAM10000/HAM10000_images_part_1/ISIC_0027087.jpg,3,Nevus,3,Nevus
data/raw/HAM10000/HAM10000_images_part_2/ISIC_0033919.jpg,3,Nevus,3,Nevus
data/raw/HAM10000/HAM10000_images_part_2/ISIC_0033640.jpg,3,Nevus,3,Nevus
data/raw/HAM10000/HAM10000_images_part_2/ISIC_0033927.jpg,3,Nevus,3,Nevus
data/raw/HAM10000/HAM10000_images_part_2/ISIC_0031694.jpg,3,Nevus,3,Nevus
data/raw/HAM10000/HAM10000_images_part_1/ISIC_0025978.jpg,3,Nevus,3,Nevus
data/raw/HAM10000/HAM10000_images_part_1/ISIC_0025786.jpg,3,Nevus,0,Actinic Keratosis
data/raw/HAM10000/HAM10000_images_part_1/ISIC_0025525.jpg,3,Nevus,4,Seborrheic Keratosis
data/raw/HAM10000/HAM10000_images_part_2/ISIC_0029636.jpg,3,Nevus,4,Seborrheic Keratosis
data/raw/HAM10000/HAM10000_images_part_1/ISIC_0027931.jpg,3,Nevus,4,Seborrheic Keratosis
data/raw/HAM10000/HAM10000_images_part_2/ISIC_0032679.jpg,3,Nevus,0,Actinic Keratosis
data/raw/HAM10000/HAM10000_images_part_2/ISIC_0032529.jpg,3,Nevus,0,Actinic Keratosis
data/raw/HAM10000/HAM10000_images_part_2/ISIC_0033119.jpg,3,Nevus,0,Actinic Keratosis
data/raw/HAM10000/HAM10000_images_part_2/ISIC_0032902.jpg,3,Nevus,3,Nevus
data/raw/HAM10000/HAM10000_images_part_2/ISIC_0032948.jpg,3,Nevus,3,Nevus
data/raw/HAM10000/HAM10000_images_part_2/ISIC_0034264.jpg,3,Nevus,3,Nevus
data/raw/HAM10000/HAM10000_images_part_2/ISIC_0033753.jpg,3,Nevus,4,Seborrheic Keratosis
data/raw/HAM10000/HAM10000_images_part_2/ISIC_0033242.jpg,3,Nevus,2,Melanoma
data/raw/HAM10000/HAM10000_images_part_2/ISIC_0032619.jpg,3,Nevus,2,Melanoma
data/raw/HAM10000/HAM10000_images_part_2/ISIC_0033233.jpg,3,Nevus,3,Nevus
data/raw/HAM10000/HAM10000_images_part_2/ISIC_0032770.jpg,3,Nevus,3,Nevus
data/raw/HAM10000/HAM10000_images_part_2/ISIC_0034184.jpg,3,Nevus,3,Nevus
data/raw/HAM10000/HAM10000_images_part_2/ISIC_0033385.jpg,3,Nevus,2,Melanoma
data/raw/HAM10000/HAM10000_images_part_2/ISIC_0033471.jpg,3,Nevus,1,Basal Cell Carcinoma
data/raw/HAM10000/HAM10000_images_part_2/ISIC_0032831.jpg,3,Nevus,2,Melanoma
data/raw/HAM10000/HAM10000_images_part_2/ISIC_0033648.jpg,3,Nevus,4,Seborrheic Keratosis
data/raw/HAM10000/HAM10000_images_part_2/ISIC_0032825.jpg,3,Nevus,4,Seborrheic Keratosis
data/raw/HAM10000/HAM10000_images_part_2/ISIC_0032803.jpg,3,Nevus,4,Seborrheic Keratosis
data/raw/HAM10000/HAM10000_images_part_2/ISIC_0032520.jpg,3,Nevus,4,Seborrheic Keratosis
data/raw/HAM10000/HAM10000_images_part_2/ISIC_0032832.jpg,3,Nevus,4,Seborrheic Keratosis
data/raw/HAM10000/HAM10000_images_part_2/ISIC_0033917.jpg,3,Nevus,3,Nevus
data/raw/HAM10000/HAM10000_images_part_2/ISIC_0033988.jpg,3,Nevus,4,Seborrheic Keratosis
data/raw/HAM10000/HAM10000_images_part_2/ISIC_0032859.jpg,3,Nevus,4,Seborrheic Keratosis
data/raw/HAM10000/HAM10000_images_part_2/ISIC_0032795.jpg,3,Nevus,4,Seborrheic Keratosis
data/raw/HAM10000/HAM10000_images_part_2/ISIC_0033825.jpg,3,Nevus,3,Nevus
data/raw/HAM10000/HAM10000_images_part_2/ISIC_0033857.jpg,3,Nevus,4,Seborrheic Keratosis
data/raw/HAM10000/HAM10000_images_part_2/ISIC_0032731.jpg,3,Nevus,3,Nevus
data/raw/HAM10000/HAM10000_images_part_2/ISIC_0033069.jpg,3,Nevus,3,Nevus
data/raw/HAM10000/HAM10000_images_part_2/ISIC_0032735.jpg,3,Nevus,3,Nevus
data/raw/HAM10000/HAM10000_images_part_2/ISIC_0033840.jpg,3,Nevus,3,Nevus
data/raw/HAM10000/HAM10000_images_part_2/ISIC_0032999.jpg,3,Nevus,3,Nevus
data/raw/HAM10000/HAM10000_images_part_2/ISIC_0032669.jpg,3,Nevus,3,Nevus
data/raw/HAM10000/HAM10000_images_part_2/ISIC_0033236.jpg,3,Nevus,3,Nevus
data/raw/HAM10000/HAM10000_images_part_2/ISIC_0032989.jpg,3,Nevus,3,Nevus
data/raw/HAM10000/HAM10000_images_part_2/ISIC_0033618.jpg,3,Nevus,3,Nevus
data/raw/HAM10000/HAM10000_images_part_2/ISIC_0033016.jpg,3,Nevus,1,Basal Cell Carcinoma
data/raw/HAM10000/HAM10000_images_part_2/ISIC_0033906.jpg,3,Nevus,3,Nevus
data/raw/HAM10000/HAM10000_images_part_2/ISIC_0033298.jpg,3,Nevus,3,Nevus
data/raw/HAM10000/HAM10000_images_part_2/ISIC_0034210.jpg,3,Nevus,3,Nevus
data/raw/HAM10000/HAM10000_images_part_1/ISIC_0026810.jpg,3,Nevus,3,Nevus
data/raw/HAM10000/HAM10000_images_part_2/ISIC_0032704.jpg,3,Nevus,2,Melanoma
data/raw/HAM10000/HAM10000_images_part_2/ISIC_0033289.jpg,3,Nevus,2,Melanoma
data/raw/HAM10000/HAM10000_images_part_2/ISIC_0032822.jpg,3,Nevus,3,Nevus
data/raw/HAM10000/HAM10000_images_part_2/ISIC_0033283.jpg,3,Nevus,3,Nevus
data/raw/HAM10000/HAM10000_images_part_2/ISIC_0033359.jpg,3,Nevus,2,Melanoma
data/raw/HAM10000/HAM10000_images_part_2/ISIC_0033506.jpg,3,Nevus,3,Nevus
data/raw/HAM10000/HAM10000_images_part_2/ISIC_0033600.jpg,3,Nevus,3,Nevus
data/raw/HAM10000/HAM10000_images_part_2/ISIC_0033714.jpg,3,Nevus,3,Nevus
data/raw/HAM10000/HAM10000_images_part_2/ISIC_0033318.jpg,3,Nevus,3,Nevus
data/raw/HAM10000/HAM10000_images_part_2/ISIC_0032615.jpg,3,Nevus,4,Seborrheic Keratosis
data/raw/HAM10000/HAM10000_images_part_2/ISIC_0033862.jpg,3,Nevus,3,Nevus
data/raw/HAM10000/HAM10000_images_part_2/ISIC_0034215.jpg,3,Nevus,3,Nevus
data/raw/HAM10000/HAM10000_images_part_2/ISIC_0033145.jpg,3,Nevus,3,Nevus
data/raw/HAM10000/HAM10000_images_part_2/ISIC_0033799.jpg,3,Nevus,4,Seborrheic Keratosis
data/raw/HAM10000/HAM10000_images_part_2/ISIC_0032705.jpg,3,Nevus,3,Nevus
data/raw/HAM10000/HAM10000_images_part_2/ISIC_0034198.jpg,3,Nevus,3,Nevus
data/raw/HAM10000/HAM10000_images_part_2/ISIC_0033658.jpg,3,Nevus,3,Nevus
data/raw/HAM10000/HAM10000_images_part_2/ISIC_0033046.jpg,3,Nevus,4,Seborrheic Keratosis
data/raw/HAM10000/HAM10000_images_part_2/ISIC_0032689.jpg,3,Nevus,3,Nevus
data/raw/HAM10000/HAM10000_images_part_2/ISIC_0033517.jpg,3,Nevus,3,Nevus
data/raw/HAM10000/HAM10000_images_part_2/ISIC_0033513.jpg,3,Nevus,3,Nevus
data/raw/HAM10000/HAM10000_images_part_2/ISIC_0033649.jpg,3,Nevus,3,Nevus
data/raw/HAM10000/HAM10000_images_part_2/ISIC_0033404.jpg,3,Nevus,4,Seborrheic Keratosis
data/raw/HAM10000/HAM10000_images_part_2/ISIC_0033478.jpg,3,Nevus,2,Melanoma
data/raw/HAM10000/HAM10000_images_part_2/ISIC_0032584.jpg,3,Nevus,3,Nevus
data/raw/HAM10000/HAM10000_images_part_2/ISIC_0033731.jpg,3,Nevus,3,Nevus
data/raw/HAM10000/HAM10000_images_part_2/ISIC_0032644.jpg,3,Nevus,3,Nevus
data/raw/HAM10000/HAM10000_images_part_2/ISIC_0033263.jpg,3,Nevus,4,Seborrheic Keratosis
data/raw/HAM10000/HAM10000_images_part_2/ISIC_0033815.jpg,3,Nevus,3,Nevus
data/raw/HAM10000/HAM10000_images_part_2/ISIC_0034194.jpg,3,Nevus,4,Seborrheic Keratosis
data/raw/HAM10000/HAM10000_images_part_2/ISIC_0034084.jpg,3,Nevus,3,Nevus
data/raw/HAM10000/HAM10000_images_part_2/ISIC_0033273.jpg,3,Nevus,3,Nevus
data/raw/HAM10000/HAM10000_images_part_2/ISIC_0034176.jpg,3,Nevus,3,Nevus
data/raw/HAM10000/HAM10000_images_part_2/ISIC_0033867.jpg,3,Nevus,3,Nevus
data/raw/HAM10000/HAM10000_images_part_2/ISIC_0033202.jpg,3,Nevus,3,Nevus
data/raw/HAM10000/HAM10000_images_part_2/ISIC_0032769.jpg,3,Nevus,3,Nevus
data/raw/HAM10000/HAM10000_images_part_2/ISIC_0033922.jpg,3,Nevus,3,Nevus
data/raw/HAM10000/HAM10000_images_part_2/ISIC_0033108.jpg,3,Nevus,2,Melanoma
data/raw/HAM10000/HAM10000_images_part_2/ISIC_0033083.jpg,3,Nevus,3,Nevus
data/raw/HAM10000/HAM10000_images_part_2/ISIC_0033133.jpg,3,Nevus,3,Nevus
data/raw/HAM10000/HAM10000_images_part_2/ISIC_0033352.jpg,3,Nevus,2,Melanoma
data/raw/HAM10000/HAM10000_images_part_2/ISIC_0033181.jpg,3,Nevus,3,Nevus
data/raw/HAM10000/HAM10000_images_part_2/ISIC_0033661.jpg,3,Nevus,3,Nevus
data/raw/HAM10000/HAM10000_images_part_2/ISIC_0034004.jpg,3,Nevus,3,Nevus
data/raw/HAM10000/HAM10000_images_part_2/ISIC_0033519.jpg,3,Nevus,3,Nevus
data/raw/HAM10000/HAM10000_images_part_2/ISIC_0032851.jpg,3,Nevus,3,Nevus
data/raw/HAM10000/HAM10000_images_part_2/ISIC_0033688.jpg,3,Nevus,2,Melanoma
data/raw/HAM10000/HAM10000_images_part_2/ISIC_0033557.jpg,3,Nevus,1,Basal Cell Carcinoma
data/raw/HAM10000/HAM10000_images_part_2/ISIC_0033013.jpg,3,Nevus,3,Nevus
data/raw/HAM10000/HAM10000_images_part_2/ISIC_0032809.jpg,3,Nevus,4,Seborrheic Keratosis
data/raw/HAM10000/HAM10000_images_part_2/ISIC_0032621.jpg,3,Nevus,4,Seborrheic Keratosis
data/raw/HAM10000/HAM10000_images_part_2/ISIC_0033328.jpg,3,Nevus,4,Seborrheic Keratosis
data/raw/HAM10000/HAM10000_images_part_2/ISIC_0033768.jpg,3,Nevus,4,Seborrheic Keratosis
data/raw/HAM10000/HAM10000_images_part_1/ISIC_0025257.jpg,3,Nevus,4,Seborrheic Keratosis
data/raw/HAM10000/HAM10000_images_part_2/ISIC_0033006.jpg,3,Nevus,3,Nevus
data/raw/HAM10000/HAM10000_images_part_2/ISIC_0032518.jpg,3,Nevus,3,Nevus
data/raw/HAM10000/HAM10000_images_part_2/ISIC_0033548.jpg,3,Nevus,3,Nevus
data/raw/HAM10000/HAM10000_images_part_2/ISIC_0034187.jpg,3,Nevus,5,Squamous Cell Carcinoma
data/raw/HAM10000/HAM10000_images_part_1/ISIC_0027837.jpg,3,Nevus,3,Nevus
data/raw/HAM10000/HAM10000_images_part_2/ISIC_0034295.jpg,3,Nevus,2,Melanoma
data/raw/HAM10000/HAM10000_images_part_2/ISIC_0033929.jpg,3,Nevus,2,Melanoma
data/raw/HAM10000/HAM10000_images_part_2/ISIC_0033044.jpg,3,Nevus,2,Melanoma
data/raw/HAM10000/HAM10000_images_part_2/ISIC_0033787.jpg,3,Nevus,1,Basal Cell Carcinoma
data/raw/HAM10000/HAM10000_images_part_2/ISIC_0033599.jpg,3,Nevus,1,Basal Cell Carcinoma
data/raw/HAM10000/HAM10000_images_part_2/ISIC_0032920.jpg,3,Nevus,0,Actinic Keratosis
data/raw/HAM10000/HAM10000_images_part_2/ISIC_0033673.jpg,3,Nevus,4,Seborrheic Keratosis
data/raw/HAM10000/HAM10000_images_part_2/ISIC_0033703.jpg,3,Nevus,4,Seborrheic Keratosis
data/raw/HAM10000/HAM10000_images_part_2/ISIC_0034245.jpg,3,Nevus,4,Seborrheic Keratosis
data/raw/HAM10000/HAM10000_images_part_2/ISIC_0033724.jpg,3,Nevus,3,Nevus
data/raw/HAM10000/HAM10000_images_part_2/ISIC_0033786.jpg,3,Nevus,3,Nevus
data/raw/HAM10000/HAM10000_images_part_2/ISIC_0034278.jpg,3,Nevus,2,Melanoma
data/raw/HAM10000/HAM10000_images_part_2/ISIC_0033102.jpg,3,Nevus,2,Melanoma
data/raw/HAM10000/HAM10000_images_part_2/ISIC_0032380.jpg,3,Nevus,3,Nevus
data/raw/HAM10000/HAM10000_images_part_1/ISIC_0025447.jpg,3,Nevus,3,Nevus
data/raw/HAM10000/HAM10000_images_part_2/ISIC_0033148.jpg,3,Nevus,1,Basal Cell Carcinoma
data/raw/HAM10000/HAM10000_images_part_2/ISIC_0033109.jpg,3,Nevus,3,Nevus
data/raw/HAM10000/HAM10000_images_part_2/ISIC_0032986.jpg,3,Nevus,1,Basal Cell Carcinoma
data/raw/HAM10000/HAM10000_images_part_2/ISIC_0032881.jpg,3,Nevus,3,Nevus
data/raw/HAM10000/HAM10000_images_part_2/ISIC_0033407.jpg,3,Nevus,3,Nevus
data/raw/HAM10000/HAM10000_images_part_2/ISIC_0033734.jpg,3,Nevus,3,Nevus
data/raw/HAM10000/HAM10000_images_part_2/ISIC_0033923.jpg,3,Nevus,3,Nevus
data/raw/HAM10000/HAM10000_images_part_2/ISIC_0032510.jpg,3,Nevus,2,Melanoma
data/raw/HAM10000/HAM10000_images_part_2/ISIC_0033656.jpg,3,Nevus,3,Nevus
data/raw/HAM10000/HAM10000_images_part_2/ISIC_0034164.jpg,3,Nevus,3,Nevus
data/raw/HAM10000/HAM10000_images_part_1/ISIC_0028210.jpg,3,Nevus,2,Melanoma
data/raw/HAM10000/HAM10000_images_part_1/ISIC_0026761.jpg,3,Nevus,3,Nevus
data/raw/HAM10000/HAM10000_images_part_2/ISIC_0032322.jpg,3,Nevus,4,Seborrheic Keratosis
data/raw/HAM10000/HAM10000_images_part_1/ISIC_0028290.jpg,3,Nevus,3,Nevus
data/raw/HAM10000/HAM10000_images_part_2/ISIC_0030156.jpg,3,Nevus,3,Nevus
data/raw/HAM10000/HAM10000_images_part_1/ISIC_0025795.jpg,3,Nevus,3,Nevus
data/raw/HAM10000/HAM10000_images_part_1/ISIC_0026498.jpg,3,Nevus,3,Nevus
data/raw/HAM10000/HAM10000_images_part_1/ISIC_0028429.jpg,3,Nevus,2,Melanoma
data/raw/HAM10000/HAM10000_images_part_2/ISIC_0032375.jpg,3,Nevus,2,Melanoma
data/raw/HAM10000/HAM10000_images_part_2/ISIC_0031948.jpg,3,Nevus,4,Seborrheic Keratosis
data/raw/HAM10000/HAM10000_images_part_1/ISIC_0025045.jpg,3,Nevus,2,Melanoma
data/raw/HAM10000/HAM10000_images_part_2/ISIC_0030543.jpg,3,Nevus,2,Melanoma
data/raw/HAM10000/HAM10000_images_part_2/ISIC_0029814.jpg,3,Nevus,3,Nevus
data/raw/HAM10000/HAM10000_images_part_2/ISIC_0031481.jpg,3,Nevus,2,Melanoma
data/raw/HAM10000/HAM10000_images_part_1/ISIC_0027505.jpg,3,Nevus,4,Seborrheic Keratosis
data/raw/HAM10000/HAM10000_images_part_1/ISIC_0024668.jpg,3,Nevus,3,Nevus
data/raw/HAM10000/HAM10000_images_part_1/ISIC_0025726.jpg,3,Nevus,4,Seborrheic Keratosis
data/raw/HAM10000/HAM10000_images_part_2/ISIC_0031206.jpg,3,Nevus,2,Melanoma
data/raw/HAM10000/HAM10000_images_part_1/ISIC_0029222.jpg,3,Nevus,2,Melanoma
data/raw/HAM10000/HAM10000_images_part_2/ISIC_0030305.jpg,3,Nevus,2,Melanoma
data/raw/HAM10000/HAM10000_images_part_1/ISIC_0026913.jpg,3,Nevus,3,Nevus
data/raw/HAM10000/HAM10000_images_part_1/ISIC_0027670.jpg,3,Nevus,2,Melanoma
data/raw/HAM10000/HAM10000_images_part_1/ISIC_0027097.jpg,3,Nevus,2,Melanoma
data/raw/HAM10000/HAM10000_images_part_1/ISIC_0026886.jpg,3,Nevus,2,Melanoma
data/raw/HAM10000/HAM10000_images_part_1/ISIC_0027942.jpg,3,Nevus,2,Melanoma
data/raw/HAM10000/HAM10000_images_part_1/ISIC_0026419.jpg,3,Nevus,3,Nevus
data/raw/HAM10000/HAM10000_images_part_1/ISIC_0027052.jpg,3,Nevus,3,Nevus
data/raw/HAM10000/HAM10000_images_part_1/ISIC_0027398.jpg,3,Nevus,3,Nevus
data/raw/HAM10000/HAM10000_images_part_2/ISIC_0032407.jpg,3,Nevus,3,Nevus
data/raw/HAM10000/HAM10000_images_part_1/ISIC_0025381.jpg,3,Nevus,3,Nevus
data/raw/HAM10000/HAM10000_images_part_1/ISIC_0029027.jpg,3,Nevus,2,Melanoma
data/raw/HAM10000/HAM10000_images_part_1/ISIC_0027925.jpg,3,Nevus,2,Melanoma
data/raw/HAM10000/HAM10000_images_part_2/ISIC_0031917.jpg,3,Nevus,2,Melanoma
data/raw/HAM10000/HAM10000_images_part_1/ISIC_0024975.jpg,3,Nevus,2,Melanoma
data/raw/HAM10000/HAM10000_images_part_1/ISIC_0025782.jpg,3,Nevus,2,Melanoma
data/raw/HAM10000/HAM10000_images_part_2/ISIC_0031079.jpg,3,Nevus,3,Nevus
data/raw/HAM10000/HAM10000_images_part_1/ISIC_0028524.jpg,3,Nevus,2,Melanoma
data/raw/HAM10000/HAM10000_images_part_1/ISIC_0027821.jpg,3,Nevus,2,Melanoma
data/raw/HAM10000/HAM10000_images_part_1/ISIC_0027715.jpg,3,Nevus,2,Melanoma
data/raw/HAM10000/HAM10000_images_part_2/ISIC_0031447.jpg,3,Nevus,3,Nevus
data/raw/HAM10000/HAM10000_images_part_1/ISIC_0024837.jpg,3,Nevus,3,Nevus
data/raw/HAM10000/HAM10000_images_part_2/ISIC_0031667.jpg,3,Nevus,3,Nevus
data/raw/HAM10000/HAM10000_images_part_1/ISIC_0026027.jpg,3,Nevus,3,Nevus
data/raw/HAM10000/HAM10000_images_part_1/ISIC_0025020.jpg,3,Nevus,4,Seborrheic Keratosis
data/raw/HAM10000/HAM10000_images_part_1/ISIC_0026106.jpg,3,Nevus,4,Seborrheic Keratosis
data/raw/HAM10000/HAM10000_images_part_2/ISIC_0031657.jpg,3,Nevus,2,Melanoma
data/raw/HAM10000/HAM10000_images_part_2/ISIC_0030077.jpg,3,Nevus,2,Melanoma
data/raw/HAM10000/HAM10000_images_part_2/ISIC_0029865.jpg,3,Nevus,2,Melanoma
data/raw/HAM10000/HAM10000_images_part_1/ISIC_0025840.jpg,3,Nevus,3,Nevus
data/raw/HAM10000/HAM10000_images_part_2/ISIC_0030135.jpg,3,Nevus,2,Melanoma
data/raw/HAM10000/HAM10000_images_part_2/ISIC_0030941.jpg,3,Nevus,3,Nevus
data/raw/HAM10000/HAM10000_images_part_1/ISIC_0025412.jpg,3,Nevus,2,Melanoma
data/raw/HAM10000/HAM10000_images_part_1/ISIC_0025785.jpg,3,Nevus,2,Melanoma
data/raw/HAM10000/HAM10000_images_part_1/ISIC_0028494.jpg,3,Nevus,2,Melanoma
data/raw/HAM10000/HAM10000_images_part_2/ISIC_0030894.jpg,3,Nevus,4,Seborrheic Keratosis
data/raw/HAM10000/HAM10000_images_part_2/ISIC_0030610.jpg,3,Nevus,2,Melanoma
data/raw/HAM10000/HAM10000_images_part_1/ISIC_0024694.jpg,3,Nevus,2,Melanoma
data/raw/HAM10000/HAM10000_images_part_1/ISIC_0028706.jpg,3,Nevus,3,Nevus
data/raw/HAM10000/HAM10000_images_part_2/ISIC_0031756.jpg,3,Nevus,0,Actinic Keratosis
data/raw/HAM10000/HAM10000_images_part_2/ISIC_0031725.jpg,3,Nevus,3,Nevus
data/raw/HAM10000/HAM10000_images_part_1/ISIC_0026030.jpg,3,Nevus,3,Nevus
data/raw/HAM10000/HAM10000_images_part_1/ISIC_0028216.jpg,3,Nevus,3,Nevus
data/raw/HAM10000/HAM10000_images_part_2/ISIC_0031510.jpg,3,Nevus,2,Melanoma
data/raw/HAM10000/HAM10000_images_part_1/ISIC_0028757.jpg,3,Nevus,4,Seborrheic Keratosis
data/raw/HAM10000/HAM10000_images_part_2/ISIC_0029641.jpg,3,Nevus,3,Nevus
data/raw/HAM10000/HAM10000_images_part_1/ISIC_0025742.jpg,3,Nevus,4,Seborrheic Keratosis
data/raw/HAM10000/HAM10000_images_part_2/ISIC_0032141.jpg,3,Nevus,3,Nevus
data/raw/HAM10000/HAM10000_images_part_2/ISIC_0030842.jpg,3,Nevus,3,Nevus
data/raw/HAM10000/HAM10000_images_part_1/ISIC_0026147.jpg,3,Nevus,3,Nevus
data/raw/HAM10000/HAM10000_images_part_1/ISIC_0026782.jpg,3,Nevus,3,Nevus
data/raw/HAM10000/HAM10000_images_part_2/ISIC_0029926.jpg,3,Nevus,4,Seborrheic Keratosis
data/raw/HAM10000/HAM10000_images_part_1/ISIC_0026400.jpg,3,Nevus,2,Melanoma
data/raw/HAM10000/HAM10000_images_part_1/ISIC_0027671.jpg,3,Nevus,3,Nevus
data/raw/HAM10000/HAM10000_images_part_1/ISIC_0026546.jpg,3,Nevus,3,Nevus
data/raw/HAM10000/HAM10000_images_part_2/ISIC_0031126.jpg,3,Nevus,0,Actinic Keratosis
data/raw/HAM10000/HAM10000_images_part_2/ISIC_0030790.jpg,3,Nevus,4,Seborrheic Keratosis
data/raw/HAM10000/HAM10000_images_part_1/ISIC_0029169.jpg,3,Nevus,3,Nevus
data/raw/HAM10000/HAM10000_images_part_1/ISIC_0026034.jpg,3,Nevus,3,Nevus
data/raw/HAM10000/HAM10000_images_part_1/ISIC_0027988.jpg,3,Nevus,3,Nevus
data/raw/HAM10000/HAM10000_images_part_2/ISIC_0030733.jpg,3,Nevus,4,Seborrheic Keratosis
data/raw/HAM10000/HAM10000_images_part_2/ISIC_0029993.jpg,3,Nevus,3,Nevus
data/raw/HAM10000/HAM10000_images_part_1/ISIC_0026741.jpg,3,Nevus,3,Nevus
data/raw/HAM10000/HAM10000_images_part_1/ISIC_0026222.jpg,3,Nevus,3,Nevus
data/raw/HAM10000/HAM10000_images_part_2/ISIC_0029349.jpg,3,Nevus,3,Nevus
data/raw/HAM10000/HAM10000_images_part_2/ISIC_0029452.jpg,3,Nevus,4,Seborrheic Keratosis
data/raw/HAM10000/HAM10000_images_part_1/ISIC_0028507.jpg,3,Nevus,2,Melanoma
data/raw/HAM10000/HAM10000_images_part_2/ISIC_0029773.jpg,3,Nevus,2,Melanoma
data/raw/HAM10000/HAM10000_images_part_1/ISIC_0028186.jpg,3,Nevus,0,Actinic Keratosis
data/raw/HAM10000/HAM10000_images_part_1/ISIC_0026099.jpg,3,Nevus,2,Melanoma
data/raw/HAM10000/HAM10000_images_part_1/ISIC_0028983.jpg,3,Nevus,4,Seborrheic Keratosis
data/raw/HAM10000/HAM10000_images_part_2/ISIC_0030416.jpg,3,Nevus,4,Seborrheic Keratosis
data/raw/HAM10000/HAM10000_images_part_2/ISIC_0030180.jpg,3,Nevus,4,Seborrheic Keratosis
data/raw/HAM10000/HAM10000_images_part_1/ISIC_0026043.jpg,3,Nevus,3,Nevus
data/raw/HAM10000/HAM10000_images_part_1/ISIC_0026588.jpg,3,Nevus,4,Seborrheic Keratosis
data/raw/HAM10000/HAM10000_images_part_2/ISIC_0029898.jpg,3,Nevus,3,Nevus
data/raw/HAM10000/HAM10000_images_part_2/ISIC_0031306.jpg,3,Nevus,3,Nevus
data/raw/HAM10000/HAM10000_images_part_2/ISIC_0031019.jpg,3,Nevus,4,Seborrheic Keratosis
data/raw/HAM10000/HAM10000_images_part_1/ISIC_0028689.jpg,3,Nevus,3,Nevus
data/raw/HAM10000/HAM10000_images_part_1/ISIC_0028151.jpg,3,Nevus,2,Melanoma
data/raw/HAM10000/HAM10000_images_part_2/ISIC_0029975.jpg,3,Nevus,3,Nevus
data/raw/HAM10000/HAM10000_images_part_2/ISIC_0031042.jpg,3,Nevus,3,Nevus
data/raw/HAM10000/HAM10000_images_part_1/ISIC_0025476.jpg,3,Nevus,4,Seborrheic Keratosis
data/raw/HAM10000/HAM10000_images_part_1/ISIC_0029160.jpg,3,Nevus,4,Seborrheic Keratosis
data/raw/HAM10000/HAM10000_images_part_1/ISIC_0026559.jpg,3,Nevus,4,Seborrheic Keratosis
data/raw/HAM10000/HAM10000_images_part_2/ISIC_0029614.jpg,3,Nevus,3,Nevus
data/raw/HAM10000/HAM10000_images_part_2/ISIC_0032189.jpg,3,Nevus,4,Seborrheic Keratosis
data/raw/HAM10000/HAM10000_images_part_1/ISIC_0026029.jpg,3,Nevus,3,Nevus
data/raw/HAM10000/HAM10000_images_part_2/ISIC_0030973.jpg,3,Nevus,3,Nevus
data/raw/HAM10000/HAM10000_images_part_2/ISIC_0030444.jpg,3,Nevus,4,Seborrheic Keratosis
data/raw/HAM10000/HAM10000_images_part_2/ISIC_0032028.jpg,3,Nevus,4,Seborrheic Keratosis
data/raw/HAM10000/HAM10000_images_part_1/ISIC_0028648.jpg,3,Nevus,3,Nevus
data/raw/HAM10000/HAM10000_images_part_2/ISIC_0030253.jpg,3,Nevus,4,Seborrheic Keratosis
data/raw/HAM10000/HAM10000_images_part_1/ISIC_0028580.jpg,3,Nevus,3,Nevus
data/raw/HAM10000/HAM10000_images_part_1/ISIC_0025798.jpg,3,Nevus,3,Nevus
data/raw/HAM10000/HAM10000_images_part_1/ISIC_0026922.jpg,3,Nevus,3,Nevus
data/raw/HAM10000/HAM10000_images_part_2/ISIC_0031924.jpg,3,Nevus,3,Nevus
data/raw/HAM10000/HAM10000_images_part_1/ISIC_0028963.jpg,3,Nevus,3,Nevus
data/raw/HAM10000/HAM10000_images_part_1/ISIC_0025088.jpg,3,Nevus,3,Nevus
data/raw/HAM10000/HAM10000_images_part_1/ISIC_0026964.jpg,3,Nevus,3,Nevus
data/raw/HAM10000/HAM10000_images_part_2/ISIC_0030167.jpg,3,Nevus,3,Nevus
data/raw/HAM10000/HAM10000_images_part_1/ISIC_0026786.jpg,3,Nevus,4,Seborrheic Keratosis
data/raw/HAM10000/HAM10000_images_part_1/ISIC_0028578.jpg,3,Nevus,3,Nevus
data/raw/HAM10000/HAM10000_images_part_1/ISIC_0024809.jpg,3,Nevus,3,Nevus
data/raw/HAM10000/HAM10000_images_part_2/ISIC_0031014.jpg,3,Nevus,3,Nevus
data/raw/HAM10000/HAM10000_images_part_1/ISIC_0024969.jpg,3,Nevus,3,Nevus
data/raw/HAM10000/HAM10000_images_part_2/ISIC_0030422.jpg,3,Nevus,0,Actinic Keratosis
data/raw/HAM10000/HAM10000_images_part_1/ISIC_0027242.jpg,3,Nevus,1,Basal Cell Carcinoma
data/raw/HAM10000/HAM10000_images_part_1/ISIC_0028179.jpg,3,Nevus,1,Basal Cell Carcinoma
data/raw/HAM10000/HAM10000_images_part_2/ISIC_0030792.jpg,3,Nevus,3,Nevus
data/raw/HAM10000/HAM10000_images_part_2/ISIC_0032459.jpg,3,Nevus,3,Nevus
data/raw/HAM10000/HAM10000_images_part_1/ISIC_0025655.jpg,3,Nevus,3,Nevus
data/raw/HAM10000/HAM10000_images_part_2/ISIC_0031644.jpg,3,Nevus,3,Nevus
data/raw/HAM10000/HAM10000_images_part_1/ISIC_0027036.jpg,3,Nevus,3,Nevus
data/raw/HAM10000/HAM10000_images_part_1/ISIC_0024684.jpg,3,Nevus,3,Nevus
data/raw/HAM10000/HAM10000_images_part_1/ISIC_0026023.jpg,3,Nevus,3,Nevus
data/raw/HAM10000/HAM10000_images_part_1/ISIC_0028281.jpg,3,Nevus,4,Seborrheic Keratosis
data/raw/HAM10000/HAM10000_images_part_2/ISIC_0030740.jpg,3,Nevus,3,Nevus
data/raw/HAM10000/HAM10000_images_part_1/ISIC_0026600.jpg,3,Nevus,3,Nevus
data/raw/HAM10000/HAM10000_images_part_2/ISIC_0029479.jpg,3,Nevus,4,Seborrheic Keratosis
data/raw/HAM10000/HAM10000_images_part_2/ISIC_0032278.jpg,3,Nevus,4,Seborrheic Keratosis
data/raw/HAM10000/HAM10000_images_part_1/ISIC_0026111.jpg,3,Nevus,4,Seborrheic Keratosis
data/raw/HAM10000/HAM10000_images_part_1/ISIC_0026581.jpg,3,Nevus,3,Nevus
data/raw/HAM10000/HAM10000_images_part_1/ISIC_0025936.jpg,3,Nevus,3,Nevus
data/raw/HAM10000/HAM10000_images_part_1/ISIC_0026231.jpg,3,Nevus,4,Seborrheic Keratosis
data/raw/HAM10000/HAM10000_images_part_2/ISIC_0031871.jpg,3,Nevus,3,Nevus
data/raw/HAM10000/HAM10000_images_part_1/ISIC_0029075.jpg,3,Nevus,4,Seborrheic Keratosis
data/raw/HAM10000/HAM10000_images_part_1/ISIC_0028887.jpg,3,Nevus,4,Seborrheic Keratosis
data/raw/HAM10000/HAM10000_images_part_1/ISIC_0026401.jpg,3,Nevus,3,Nevus
data/raw/HAM10000/HAM10000_images_part_2/ISIC_0030370.jpg,3,Nevus,3,Nevus
data/raw/HAM10000/HAM10000_images_part_1/ISIC_0025667.jpg,3,Nevus,3,Nevus
data/raw/HAM10000/HAM10000_images_part_1/ISIC_0028982.jpg,3,Nevus,4,Seborrheic Keratosis
data/raw/HAM10000/HAM10000_images_part_1/ISIC_0027137.jpg,3,Nevus,4,Seborrheic Keratosis
data/raw/HAM10000/HAM10000_images_part_2/ISIC_0030817.jpg,3,Nevus,2,Melanoma
data/raw/HAM10000/HAM10000_images_part_2/ISIC_0029470.jpg,3,Nevus,2,Melanoma
data/raw/HAM10000/HAM10000_images_part_1/ISIC_0028472.jpg,3,Nevus,2,Melanoma
data/raw/HAM10000/HAM10000_images_part_2/ISIC_0032065.jpg,3,Nevus,0,Actinic Keratosis
data/raw/HAM10000/HAM10000_images_part_1/ISIC_0026671.jpg,3,Nevus,3,Nevus
data/raw/HAM10000/HAM10000_images_part_1/ISIC_0026488.jpg,3,Nevus,4,Seborrheic Keratosis
data/raw/HAM10000/HAM10000_images_part_1/ISIC_0028261.jpg,3,Nevus,4,Seborrheic Keratosis
data/raw/HAM10000/HAM10000_images_part_2/ISIC_0032148.jpg,3,Nevus,4,Seborrheic Keratosis
data/raw/HAM10000/HAM10000_images_part_2/ISIC_0031889.jpg,3,Nevus,4,Seborrheic Keratosis
data/raw/HAM10000/HAM10000_images_part_2/ISIC_0031238.jpg,3,Nevus,5,Squamous Cell Carcinoma
data/raw/HAM10000/HAM10000_images_part_1/ISIC_0026374.jpg,3,Nevus,5,Squamous Cell Carcinoma
data/raw/HAM10000/HAM10000_images_part_1/ISIC_0027203.jpg,3,Nevus,4,Seborrheic Keratosis
data/raw/HAM10000/HAM10000_images_part_2/ISIC_0029771.jpg,3,Nevus,3,Nevus
data/raw/HAM10000/HAM10000_images_part_1/ISIC_0027475.jpg,3,Nevus,3,Nevus
data/raw/HAM10000/HAM10000_images_part_2/ISIC_0031064.jpg,3,Nevus,4,Seborrheic Keratosis
data/raw/HAM10000/HAM10000_images_part_1/ISIC_0027538.jpg,3,Nevus,4,Seborrheic Keratosis
data/raw/HAM10000/HAM10000_images_part_1/ISIC_0026751.jpg,3,Nevus,4,Seborrheic Keratosis
data/raw/HAM10000/HAM10000_images_part_2/ISIC_0029332.jpg,3,Nevus,4,Seborrheic Keratosis
data/raw/HAM10000/HAM10000_images_part_2/ISIC_0030856.jpg,3,Nevus,4,Seborrheic Keratosis
data/raw/HAM10000/HAM10000_images_part_2/ISIC_0030639.jpg,3,Nevus,3,Nevus
data/raw/HAM10000/HAM10000_images_part_2/ISIC_0030151.jpg,3,Nevus,4,Seborrheic Keratosis
data/raw/HAM10000/HAM10000_images_part_2/ISIC_0030279.jpg,3,Nevus,3,Nevus
data/raw/HAM10000/HAM10000_images_part_1/ISIC_0024380.jpg,3,Nevus,3,Nevus
data/raw/HAM10000/HAM10000_images_part_1/ISIC_0027873.jpg,3,Nevus,3,Nevus
data/raw/HAM10000/HAM10000_images_part_1/ISIC_0027262.jpg,3,Nevus,3,Nevus
data/raw/HAM10000/HAM10000_images_part_1/ISIC_0024916.jpg,3,Nevus,3,Nevus
data/raw/HAM10000/HAM10000_images_part_1/ISIC_0028608.jpg,3,Nevus,0,Actinic Keratosis
data/raw/HAM10000/HAM10000_images_part_1/ISIC_0027984.jpg,3,Nevus,4,Seborrheic Keratosis
data/raw/HAM10000/HAM10000_images_part_1/ISIC_0027959.jpg,3,Nevus,3,Nevus
data/raw/HAM10000/HAM10000_images_part_1/ISIC_0027945.jpg,3,Nevus,5,Squamous Cell Carcinoma
data/raw/HAM10000/HAM10000_images_part_2/ISIC_0032157.jpg,3,Nevus,3,Nevus
data/raw/HAM10000/HAM10000_images_part_2/ISIC_0032236.jpg,3,Nevus,3,Nevus
data/raw/HAM10000/HAM10000_images_part_1/ISIC_0024995.jpg,3,Nevus,3,Nevus
data/raw/HAM10000/HAM10000_images_part_1/ISIC_0026991.jpg,3,Nevus,3,Nevus
data/raw/HAM10000/HAM10000_images_part_1/ISIC_0028891.jpg,3,Nevus,3,Nevus
data/raw/HAM10000/HAM10000_images_part_2/ISIC_0032018.jpg,3,Nevus,3,Nevus
data/raw/HAM10000/HAM10000_images_part_1/ISIC_0028884.jpg,3,Nevus,3,Nevus
data/raw/HAM10000/HAM10000_images_part_1/ISIC_0028785.jpg,3,Nevus,3,Nevus
data/raw/HAM10000/HAM10000_images_part_1/ISIC_0029247.jpg,3,Nevus,3,Nevus
data/raw/HAM10000/HAM10000_images_part_1/ISIC_0024752.jpg,3,Nevus,3,Nevus
data/raw/HAM10000/HAM10000_images_part_1/ISIC_0026371.jpg,3,Nevus,3,Nevus
data/raw/HAM10000/HAM10000_images_part_1/ISIC_0024857.jpg,3,Nevus,3,Nevus
data/raw/HAM10000/HAM10000_images_part_1/ISIC_0026295.jpg,3,Nevus,3,Nevus
data/raw/HAM10000/HAM10000_images_part_2/ISIC_0030019.jpg,3,Nevus,3,Nevus
data/raw/HAM10000/HAM10000_images_part_1/ISIC_0028042.jpg,3,Nevus,4,Seborrheic Keratosis
data/raw/HAM10000/HAM10000_images_part_2/ISIC_0030229.jpg,3,Nevus,4,Seborrheic Keratosis
data/raw/HAM10000/HAM10000_images_part_2/ISIC_0030977.jpg,3,Nevus,4,Seborrheic Keratosis
data/raw/HAM10000/HAM10000_images_part_1/ISIC_0024762.jpg,3,Nevus,3,Nevus
data/raw/HAM10000/HAM10000_images_part_1/ISIC_0026122.jpg,3,Nevus,3,Nevus
data/raw/HAM10000/HAM10000_images_part_1/ISIC_0026024.jpg,3,Nevus,3,Nevus
data/raw/HAM10000/HAM10000_images_part_1/ISIC_0029231.jpg,3,Nevus,3,Nevus
data/raw/HAM10000/HAM10000_images_part_2/ISIC_0030144.jpg,3,Nevus,3,Nevus
data/raw/HAM10000/HAM10000_images_part_1/ISIC_0028909.jpg,3,Nevus,3,Nevus
data/raw/HAM10000/HAM10000_images_part_1/ISIC_0028720.jpg,3,Nevus,3,Nevus
data/raw/HAM10000/HAM10000_images_part_1/ISIC_0026318.jpg,3,Nevus,3,Nevus
data/raw/HAM10000/HAM10000_images_part_1/ISIC_0026942.jpg,3,Nevus,3,Nevus
data/raw/HAM10000/HAM10000_images_part_2/ISIC_0030410.jpg,3,Nevus,3,Nevus
data/raw/HAM10000/HAM10000_images_part_2/ISIC_0031750.jpg,3,Nevus,2,Melanoma
data/raw/HAM10000/HAM10000_images_part_2/ISIC_0030710.jpg,3,Nevus,2,Melanoma
data/raw/HAM10000/HAM10000_images_part_1/ISIC_0025956.jpg,3,Nevus,2,Melanoma
data/raw/HAM10000/HAM10000_images_part_1/ISIC_0027607.jpg,3,Nevus,2,Melanoma
data/raw/HAM10000/HAM10000_images_part_1/ISIC_0024540.jpg,3,Nevus,3,Nevus
data/raw/HAM10000/HAM10000_images_part_1/ISIC_0027948.jpg,3,Nevus,3,Nevus
data/raw/HAM10000/HAM10000_images_part_2/ISIC_0029592.jpg,3,Nevus,3,Nevus
data/raw/HAM10000/HAM10000_images_part_1/ISIC_0026037.jpg,3,Nevus,0,Actinic Keratosis
data/raw/HAM10000/HAM10000_images_part_2/ISIC_0030059.jpg,3,Nevus,3,Nevus
data/raw/HAM10000/HAM10000_images_part_2/ISIC_0030300.jpg,3,Nevus,3,Nevus
data/raw/HAM10000/HAM10000_images_part_2/ISIC_0033011.jpg,3,Nevus,3,Nevus
data/raw/HAM10000/HAM10000_images_part_2/ISIC_0032706.jpg,3,Nevus,3,Nevus
data/raw/HAM10000/HAM10000_images_part_2/ISIC_0032931.jpg,3,Nevus,2,Melanoma
data/raw/HAM10000/HAM10000_images_part_2/ISIC_0033765.jpg,3,Nevus,2,Melanoma
data/raw/HAM10000/HAM10000_images_part_2/ISIC_0032939.jpg,3,Nevus,3,Nevus
data/raw/HAM10000/HAM10000_images_part_2/ISIC_0033105.jpg,3,Nevus,3,Nevus
data/raw/HAM10000/HAM10000_images_part_2/ISIC_0033381.jpg,3,Nevus,3,Nevus
data/raw/HAM10000/HAM10000_images_part_2/ISIC_0032572.jpg,3,Nevus,3,Nevus
data/raw/HAM10000/HAM10000_images_part_1/ISIC_0025897.jpg,3,Nevus,2,Melanoma
data/raw/HAM10000/HAM10000_images_part_2/ISIC_0033589.jpg,3,Nevus,4,Seborrheic Keratosis
data/raw/HAM10000/HAM10000_images_part_2/ISIC_0033888.jpg,3,Nevus,2,Melanoma
data/raw/HAM10000/HAM10000_images_part_2/ISIC_0033338.jpg,3,Nevus,2,Melanoma
data/raw/HAM10000/HAM10000_images_part_2/ISIC_0032907.jpg,3,Nevus,3,Nevus
data/raw/HAM10000/HAM10000_images_part_2/ISIC_0033760.jpg,3,Nevus,3,Nevus
data/raw/HAM10000/HAM10000_images_part_2/ISIC_0032930.jpg,3,Nevus,3,Nevus
data/raw/HAM10000/HAM10000_images_part_2/ISIC_0034212.jpg,3,Nevus,3,Nevus
data/raw/HAM10000/HAM10000_images_part_2/ISIC_0033489.jpg,3,Nevus,3,Nevus
data/raw/HAM10000/HAM10000_images_part_2/ISIC_0032868.jpg,3,Nevus,4,Seborrheic Keratosis
data/raw/HAM10000/HAM10000_images_part_2/ISIC_0032631.jpg,3,Nevus,4,Seborrheic Keratosis
data/raw/HAM10000/HAM10000_images_part_2/ISIC_0032580.jpg,3,Nevus,2,Melanoma
data/raw/HAM10000/HAM10000_images_part_2/ISIC_0033692.jpg,3,Nevus,2,Melanoma
data/raw/HAM10000/HAM10000_images_part_2/ISIC_0034309.jpg,3,Nevus,3,Nevus
data/raw/HAM10000/HAM10000_images_part_2/ISIC_0032647.jpg,3,Nevus,3,Nevus
data/raw/HAM10000/HAM10000_images_part_2/ISIC_0032800.jpg,3,Nevus,3,Nevus
data/raw/HAM10000/HAM10000_images_part_2/ISIC_0032632.jpg,3,Nevus,0,Actinic Keratosis
data/raw/HAM10000/HAM10000_images_part_2/ISIC_0033421.jpg,3,Nevus,3,Nevus
data/raw/HAM10000/HAM10000_images_part_2/ISIC_0033797.jpg,3,Nevus,3,Nevus
data/raw/HAM10000/HAM10000_images_part_2/ISIC_0033772.jpg,3,Nevus,4,Seborrheic Keratosis
data/raw/HAM10000/HAM10000_images_part_2/ISIC_0032996.jpg,3,Nevus,3,Nevus
data/raw/HAM10000/HAM10000_images_part_2/ISIC_0032591.jpg,3,Nevus,3,Nevus
data/raw/HAM10000/HAM10000_images_part_2/ISIC_0034228.jpg,3,Nevus,4,Seborrheic Keratosis
data/raw/HAM10000/HAM10000_images_part_2/ISIC_0033556.jpg,3,Nevus,4,Seborrheic Keratosis
data/raw/HAM10000/HAM10000_images_part_2/ISIC_0033066.jpg,3,Nevus,4,Seborrheic Keratosis
data/raw/HAM10000/HAM10000_images_part_2/ISIC_0033072.jpg,3,Nevus,4,Seborrheic Keratosis
data/raw/HAM10000/HAM10000_images_part_2/ISIC_0033481.jpg,3,Nevus,2,Melanoma
data/raw/HAM10000/HAM10000_images_part_2/ISIC_0033417.jpg,3,Nevus,3,Nevus
data/raw/HAM10000/HAM10000_images_part_2/ISIC_0033187.jpg,3,Nevus,3,Nevus
data/raw/HAM10000/HAM10000_images_part_2/ISIC_0032814.jpg,3,Nevus,3,Nevus
data/raw/HAM10000/HAM10000_images_part_2/ISIC_0033515.jpg,3,Nevus,4,Seborrheic Keratosis
data/raw/HAM10000/HAM10000_images_part_2/ISIC_0033735.jpg,3,Nevus,2,Melanoma
data/raw/HAM10000/HAM10000_images_part_2/ISIC_0033982.jpg,3,Nevus,3,Nevus
data/raw/HAM10000/HAM10000_images_part_1/ISIC_0027418.jpg,3,Nevus,3,Nevus
data/raw/HAM10000/HAM10000_images_part_1/ISIC_0029030.jpg,3,Nevus,3,Nevus
data/raw/HAM10000/HAM10000_images_part_2/ISIC_0032273.jpg,3,Nevus,3,Nevus
data/raw/HAM10000/HAM10000_images_part_1/ISIC_0027924.jpg,3,Nevus,3,Nevus
