source_folder,filename,extension,size_bytes,relative_path
HAM10000_images_part_1,ISIC_0024306.jpg,.jpg,279172,HAM10000_images_part_1\ISIC_0024306.jpg
HAM10000_images_part_1,ISIC_0024307.jpg,.jpg,274405,HAM10000_images_part_1\ISIC_0024307.jpg
HAM10000_images_part_1,ISIC_0024308.jpg,.jpg,295747,HAM10000_images_part_1\ISIC_0024308.jpg
HAM10000_images_part_1,ISIC_0024309.jpg,.jpg,278615,HAM10000_images_part_1\ISIC_0024309.jpg
HAM10000_images_part_1,ISIC_0024310.jpg,.jpg,372386,HAM10000_images_part_1\ISIC_0024310.jpg
HAM10000_images_part_1,ISIC_0024311.jpg,.jpg,273101,HAM10000_images_part_1\ISIC_0024311.jpg
HAM10000_images_part_1,ISIC_0024312.jpg,.jpg,257771,HAM10000_images_part_1\ISIC_0024312.jpg
HAM10000_images_part_1,ISIC_0024313.jpg,.jpg,247904,HAM10000_images_part_1\ISIC_0024313.jpg
HAM10000_images_part_1,ISIC_0024314.jpg,.jpg,269124,HAM10000_images_part_1\ISIC_0024314.jpg
HAM10000_images_part_1,ISIC_0024315.jpg,.jpg,302692,HAM10000_images_part_1\ISIC_0024315.jpg
HAM10000_images_part_1,ISIC_0024316.jpg,.jpg,284060,HAM10000_images_part_1\ISIC_0024316.jpg
HAM10000_images_part_1,ISIC_0024317.jpg,.jpg,273903,HAM10000_images_part_1\ISIC_0024317.jpg
HAM10000_images_part_1,ISIC_0024318.jpg,.jpg,298082,HAM10000_images_part_1\ISIC_0024318.jpg
HAM10000_images_part_1,ISIC_0024319.jpg,.jpg,290761,HAM10000_images_part_1\ISIC_0024319.jpg
HAM10000_images_part_1,ISIC_0024320.jpg,.jpg,319930,HAM10000_images_part_1\ISIC_0024320.jpg
HAM10000_images_part_1,ISIC_0024321.jpg,.jpg,271361,HAM10000_images_part_1\ISIC_0024321.jpg
HAM10000_images_part_1,ISIC_0024322.jpg,.jpg,331448,HAM10000_images_part_1\ISIC_0024322.jpg
HAM10000_images_part_1,ISIC_0024323.jpg,.jpg,280122,HAM10000_images_part_1\ISIC_0024323.jpg
HAM10000_images_part_1,ISIC_0024324.jpg,.jpg,238715,HAM10000_images_part_1\ISIC_0024324.jpg
HAM10000_images_part_1,ISIC_0024325.jpg,.jpg,283871,HAM10000_images_part_1\ISIC_0024325.jpg
HAM10000_images_part_1,ISIC_0024326.jpg,.jpg,277539,HAM10000_images_part_1\ISIC_0024326.jpg
HAM10000_images_part_1,ISIC_0024327.jpg,.jpg,347338,HAM10000_images_part_1\ISIC_0024327.jpg
HAM10000_images_part_1,ISIC_0024328.jpg,.jpg,303078,HAM10000_images_part_1\ISIC_0024328.jpg
HAM10000_images_part_1,ISIC_0024329.jpg,.jpg,204724,HAM10000_images_part_1\ISIC_0024329.jpg
HAM10000_images_part_1,ISIC_0024330.jpg,.jpg,237578,HAM10000_images_part_1\ISIC_0024330.jpg
HAM10000_images_part_1,ISIC_0024331.jpg,.jpg,234983,HAM10000_images_part_1\ISIC_0024331.jpg
HAM10000_images_part_1,ISIC_0024332.jpg,.jpg,240479,HAM10000_images_part_1\ISIC_0024332.jpg
HAM10000_images_part_1,ISIC_0024333.jpg,.jpg,175192,HAM10000_images_part_1\ISIC_0024333.jpg
HAM10000_images_part_1,ISIC_0024334.jpg,.jpg,267749,HAM10000_images_part_1\ISIC_0024334.jpg
HAM10000_images_part_1,ISIC_0024335.jpg,.jpg,268173,HAM10000_images_part_1\ISIC_0024335.jpg
HAM10000_images_part_1,ISIC_0024336.jpg,.jpg,259750,HAM10000_images_part_1\ISIC_0024336.jpg
HAM10000_images_part_1,ISIC_0024337.jpg,.jpg,308872,HAM10000_images_part_1\ISIC_0024337.jpg
HAM10000_images_part_1,ISIC_0024338.jpg,.jpg,210658,HAM10000_images_part_1\ISIC_0024338.jpg
HAM10000_images_part_1,ISIC_0024339.jpg,.jpg,265538,HAM10000_images_part_1\ISIC_0024339.jpg
HAM10000_images_part_1,ISIC_0024340.jpg,.jpg,152607,HAM10000_images_part_1\ISIC_0024340.jpg
HAM10000_images_part_1,ISIC_0024341.jpg,.jpg,273407,HAM10000_images_part_1\ISIC_0024341.jpg
HAM10000_images_part_1,ISIC_0024342.jpg,.jpg,286339,HAM10000_images_part_1\ISIC_0024342.jpg
HAM10000_images_part_1,ISIC_0024343.jpg,.jpg,235309,HAM10000_images_part_1\ISIC_0024343.jpg
HAM10000_images_part_1,ISIC_0024344.jpg,.jpg,317748,HAM10000_images_part_1\ISIC_0024344.jpg
HAM10000_images_part_1,ISIC_0024345.jpg,.jpg,234758,HAM10000_images_part_1\ISIC_0024345.jpg
HAM10000_images_part_1,ISIC_0024346.jpg,.jpg,268180,HAM10000_images_part_1\ISIC_0024346.jpg
HAM10000_images_part_1,ISIC_0024347.jpg,.jpg,252151,HAM10000_images_part_1\ISIC_0024347.jpg
HAM10000_images_part_1,ISIC_0024348.jpg,.jpg,341100,HAM10000_images_part_1\ISIC_0024348.jpg
HAM10000_images_part_1,ISIC_0024349.jpg,.jpg,262334,HAM10000_images_part_1\ISIC_0024349.jpg
HAM10000_images_part_1,ISIC_0024350.jpg,.jpg,265330,HAM10000_images_part_1\ISIC_0024350.jpg
HAM10000_images_part_1,ISIC_0024351.jpg,.jpg,247147,HAM10000_images_part_1\ISIC_0024351.jpg
HAM10000_images_part_1,ISIC_0024352.jpg,.jpg,161585,HAM10000_images_part_1\ISIC_0024352.jpg
HAM10000_images_part_1,ISIC_0024353.jpg,.jpg,261165,HAM10000_images_part_1\ISIC_0024353.jpg
HAM10000_images_part_1,ISIC_0024354.jpg,.jpg,257961,HAM10000_images_part_1\ISIC_0024354.jpg
HAM10000_images_part_1,ISIC_0024355.jpg,.jpg,242028,HAM10000_images_part_1\ISIC_0024355.jpg
HAM10000_images_part_1,ISIC_0024356.jpg,.jpg,176096,HAM10000_images_part_1\ISIC_0024356.jpg
HAM10000_images_part_1,ISIC_0024357.jpg,.jpg,335822,HAM10000_images_part_1\ISIC_0024357.jpg
HAM10000_images_part_1,ISIC_0024358.jpg,.jpg,239468,HAM10000_images_part_1\ISIC_0024358.jpg
HAM10000_images_part_1,ISIC_0024359.jpg,.jpg,297082,HAM10000_images_part_1\ISIC_0024359.jpg
HAM10000_images_part_1,ISIC_0024360.jpg,.jpg,288379,HAM10000_images_part_1\ISIC_0024360.jpg
HAM10000_images_part_1,ISIC_0024361.jpg,.jpg,282428,HAM10000_images_part_1\ISIC_0024361.jpg
HAM10000_images_part_1,ISIC_0024362.jpg,.jpg,286421,HAM10000_images_part_1\ISIC_0024362.jpg
HAM10000_images_part_1,ISIC_0024363.jpg,.jpg,239692,HAM10000_images_part_1\ISIC_0024363.jpg
HAM10000_images_part_1,ISIC_0024364.jpg,.jpg,345006,HAM10000_images_part_1\ISIC_0024364.jpg
HAM10000_images_part_1,ISIC_0024365.jpg,.jpg,341983,HAM10000_images_part_1\ISIC_0024365.jpg
HAM10000_images_part_1,ISIC_0024366.jpg,.jpg,255190,HAM10000_images_part_1\ISIC_0024366.jpg
HAM10000_images_part_1,ISIC_0024367.jpg,.jpg,307833,HAM10000_images_part_1\ISIC_0024367.jpg
HAM10000_images_part_1,ISIC_0024368.jpg,.jpg,302463,HAM10000_images_part_1\ISIC_0024368.jpg
HAM10000_images_part_1,ISIC_0024369.jpg,.jpg,307199,HAM10000_images_part_1\ISIC_0024369.jpg
HAM10000_images_part_1,ISIC_0024370.jpg,.jpg,312761,HAM10000_images_part_1\ISIC_0024370.jpg
HAM10000_images_part_1,ISIC_0024371.jpg,.jpg,229949,HAM10000_images_part_1\ISIC_0024371.jpg
HAM10000_images_part_1,ISIC_0024372.jpg,.jpg,266467,HAM10000_images_part_1\ISIC_0024372.jpg
HAM10000_images_part_1,ISIC_0024373.jpg,.jpg,277830,HAM10000_images_part_1\ISIC_0024373.jpg
HAM10000_images_part_1,ISIC_0024374.jpg,.jpg,358614,HAM10000_images_part_1\ISIC_0024374.jpg
HAM10000_images_part_1,ISIC_0024375.jpg,.jpg,308846,HAM10000_images_part_1\ISIC_0024375.jpg
HAM10000_images_part_1,ISIC_0024376.jpg,.jpg,351025,HAM10000_images_part_1\ISIC_0024376.jpg
HAM10000_images_part_1,ISIC_0024377.jpg,.jpg,214738,HAM10000_images_part_1\ISIC_0024377.jpg
HAM10000_images_part_1,ISIC_0024378.jpg,.jpg,199213,HAM10000_images_part_1\ISIC_0024378.jpg
HAM10000_images_part_1,ISIC_0024379.jpg,.jpg,317262,HAM10000_images_part_1\ISIC_0024379.jpg
HAM10000_images_part_1,ISIC_0024380.jpg,.jpg,203742,HAM10000_images_part_1\ISIC_0024380.jpg
HAM10000_images_part_1,ISIC_0024381.jpg,.jpg,259854,HAM10000_images_part_1\ISIC_0024381.jpg
HAM10000_images_part_1,ISIC_0024382.jpg,.jpg,307524,HAM10000_images_part_1\ISIC_0024382.jpg
HAM10000_images_part_1,ISIC_0024383.jpg,.jpg,316234,HAM10000_images_part_1\ISIC_0024383.jpg
HAM10000_images_part_1,ISIC_0024384.jpg,.jpg,299418,HAM10000_images_part_1\ISIC_0024384.jpg
HAM10000_images_part_1,ISIC_0024385.jpg,.jpg,268713,HAM10000_images_part_1\ISIC_0024385.jpg
HAM10000_images_part_1,ISIC_0024386.jpg,.jpg,354522,HAM10000_images_part_1\ISIC_0024386.jpg
HAM10000_images_part_1,ISIC_0024387.jpg,.jpg,303685,HAM10000_images_part_1\ISIC_0024387.jpg
HAM10000_images_part_1,ISIC_0024388.jpg,.jpg,278631,HAM10000_images_part_1\ISIC_0024388.jpg
HAM10000_images_part_1,ISIC_0024389.jpg,.jpg,277076,HAM10000_images_part_1\ISIC_0024389.jpg
HAM10000_images_part_1,ISIC_0024390.jpg,.jpg,284696,HAM10000_images_part_1\ISIC_0024390.jpg
HAM10000_images_part_1,ISIC_0024391.jpg,.jpg,279172,HAM10000_images_part_1\ISIC_0024391.jpg
HAM10000_images_part_1,ISIC_0024392.jpg,.jpg,265672,HAM10000_images_part_1\ISIC_0024392.jpg
HAM10000_images_part_1,ISIC_0024393.jpg,.jpg,264785,HAM10000_images_part_1\ISIC_0024393.jpg
HAM10000_images_part_1,ISIC_0024394.jpg,.jpg,250885,HAM10000_images_part_1\ISIC_0024394.jpg
HAM10000_images_part_1,ISIC_0024395.jpg,.jpg,255280,HAM10000_images_part_1\ISIC_0024395.jpg
HAM10000_images_part_1,ISIC_0024396.jpg,.jpg,301151,HAM10000_images_part_1\ISIC_0024396.jpg
HAM10000_images_part_1,ISIC_0024397.jpg,.jpg,310000,HAM10000_images_part_1\ISIC_0024397.jpg
HAM10000_images_part_1,ISIC_0024398.jpg,.jpg,273451,HAM10000_images_part_1\ISIC_0024398.jpg
HAM10000_images_part_1,ISIC_0024399.jpg,.jpg,276765,HAM10000_images_part_1\ISIC_0024399.jpg
HAM10000_images_part_1,ISIC_0024400.jpg,.jpg,330297,HAM10000_images_part_1\ISIC_0024400.jpg
HAM10000_images_part_1,ISIC_0024401.jpg,.jpg,268701,HAM10000_images_part_1\ISIC_0024401.jpg
HAM10000_images_part_1,ISIC_0024402.jpg,.jpg,237853,HAM10000_images_part_1\ISIC_0024402.jpg
HAM10000_images_part_1,ISIC_0024403.jpg,.jpg,289639,HAM10000_images_part_1\ISIC_0024403.jpg
HAM10000_images_part_1,ISIC_0024404.jpg,.jpg,269125,HAM10000_images_part_1\ISIC_0024404.jpg
HAM10000_images_part_1,ISIC_0024405.jpg,.jpg,254810,HAM10000_images_part_1\ISIC_0024405.jpg
HAM10000_images_part_1,ISIC_0024406.jpg,.jpg,251841,HAM10000_images_part_1\ISIC_0024406.jpg
HAM10000_images_part_1,ISIC_0024407.jpg,.jpg,334291,HAM10000_images_part_1\ISIC_0024407.jpg
HAM10000_images_part_1,ISIC_0024408.jpg,.jpg,295183,HAM10000_images_part_1\ISIC_0024408.jpg
HAM10000_images_part_1,ISIC_0024409.jpg,.jpg,266491,HAM10000_images_part_1\ISIC_0024409.jpg
HAM10000_images_part_1,ISIC_0024410.jpg,.jpg,283535,HAM10000_images_part_1\ISIC_0024410.jpg
HAM10000_images_part_1,ISIC_0024411.jpg,.jpg,308409,HAM10000_images_part_1\ISIC_0024411.jpg
HAM10000_images_part_1,ISIC_0024412.jpg,.jpg,244259,HAM10000_images_part_1\ISIC_0024412.jpg
HAM10000_images_part_1,ISIC_0024413.jpg,.jpg,270646,HAM10000_images_part_1\ISIC_0024413.jpg
HAM10000_images_part_1,ISIC_0024414.jpg,.jpg,273531,HAM10000_images_part_1\ISIC_0024414.jpg
HAM10000_images_part_1,ISIC_0024415.jpg,.jpg,338586,HAM10000_images_part_1\ISIC_0024415.jpg
HAM10000_images_part_1,ISIC_0024416.jpg,.jpg,254742,HAM10000_images_part_1\ISIC_0024416.jpg
HAM10000_images_part_1,ISIC_0024417.jpg,.jpg,291578,HAM10000_images_part_1\ISIC_0024417.jpg
HAM10000_images_part_1,ISIC_0024418.jpg,.jpg,213573,HAM10000_images_part_1\ISIC_0024418.jpg
HAM10000_images_part_1,ISIC_0024419.jpg,.jpg,269281,HAM10000_images_part_1\ISIC_0024419.jpg
HAM10000_images_part_1,ISIC_0024420.jpg,.jpg,311428,HAM10000_images_part_1\ISIC_0024420.jpg
HAM10000_images_part_1,ISIC_0024421.jpg,.jpg,386858,HAM10000_images_part_1\ISIC_0024421.jpg
HAM10000_images_part_1,ISIC_0024422.jpg,.jpg,186134,HAM10000_images_part_1\ISIC_0024422.jpg
HAM10000_images_part_1,ISIC_0024423.jpg,.jpg,273360,HAM10000_images_part_1\ISIC_0024423.jpg
HAM10000_images_part_1,ISIC_0024424.jpg,.jpg,284143,HAM10000_images_part_1\ISIC_0024424.jpg
HAM10000_images_part_1,ISIC_0024425.jpg,.jpg,140336,HAM10000_images_part_1\ISIC_0024425.jpg
HAM10000_images_part_1,ISIC_0024426.jpg,.jpg,290635,HAM10000_images_part_1\ISIC_0024426.jpg
HAM10000_images_part_1,ISIC_0024427.jpg,.jpg,275205,HAM10000_images_part_1\ISIC_0024427.jpg
HAM10000_images_part_1,ISIC_0024428.jpg,.jpg,333061,HAM10000_images_part_1\ISIC_0024428.jpg
HAM10000_images_part_1,ISIC_0024429.jpg,.jpg,348106,HAM10000_images_part_1\ISIC_0024429.jpg
HAM10000_images_part_1,ISIC_0024430.jpg,.jpg,277389,HAM10000_images_part_1\ISIC_0024430.jpg
HAM10000_images_part_1,ISIC_0024431.jpg,.jpg,303170,HAM10000_images_part_1\ISIC_0024431.jpg
HAM10000_images_part_1,ISIC_0024432.jpg,.jpg,140715,HAM10000_images_part_1\ISIC_0024432.jpg
HAM10000_images_part_1,ISIC_0024433.jpg,.jpg,338582,HAM10000_images_part_1\ISIC_0024433.jpg
HAM10000_images_part_1,ISIC_0024434.jpg,.jpg,263777,HAM10000_images_part_1\ISIC_0024434.jpg
HAM10000_images_part_1,ISIC_0024435.jpg,.jpg,301751,HAM10000_images_part_1\ISIC_0024435.jpg
HAM10000_images_part_1,ISIC_0024436.jpg,.jpg,184539,HAM10000_images_part_1\ISIC_0024436.jpg
HAM10000_images_part_1,ISIC_0024437.jpg,.jpg,227895,HAM10000_images_part_1\ISIC_0024437.jpg
HAM10000_images_part_1,ISIC_0024438.jpg,.jpg,279360,HAM10000_images_part_1\ISIC_0024438.jpg
HAM10000_images_part_1,ISIC_0024439.jpg,.jpg,171609,HAM10000_images_part_1\ISIC_0024439.jpg
HAM10000_images_part_1,ISIC_0024440.jpg,.jpg,280547,HAM10000_images_part_1\ISIC_0024440.jpg
HAM10000_images_part_1,ISIC_0024441.jpg,.jpg,218529,HAM10000_images_part_1\ISIC_0024441.jpg
HAM10000_images_part_1,ISIC_0024442.jpg,.jpg,272441,HAM10000_images_part_1\ISIC_0024442.jpg
HAM10000_images_part_1,ISIC_0024443.jpg,.jpg,234070,HAM10000_images_part_1\ISIC_0024443.jpg
HAM10000_images_part_1,ISIC_0024444.jpg,.jpg,289030,HAM10000_images_part_1\ISIC_0024444.jpg
HAM10000_images_part_1,ISIC_0024445.jpg,.jpg,227198,HAM10000_images_part_1\ISIC_0024445.jpg
HAM10000_images_part_1,ISIC_0024446.jpg,.jpg,258643,HAM10000_images_part_1\ISIC_0024446.jpg
HAM10000_images_part_1,ISIC_0024447.jpg,.jpg,154827,HAM10000_images_part_1\ISIC_0024447.jpg
HAM10000_images_part_1,ISIC_0024448.jpg,.jpg,220223,HAM10000_images_part_1\ISIC_0024448.jpg
HAM10000_images_part_1,ISIC_0024449.jpg,.jpg,323885,HAM10000_images_part_1\ISIC_0024449.jpg
HAM10000_images_part_1,ISIC_0024450.jpg,.jpg,285992,HAM10000_images_part_1\ISIC_0024450.jpg
HAM10000_images_part_1,ISIC_0024451.jpg,.jpg,284764,HAM10000_images_part_1\ISIC_0024451.jpg
HAM10000_images_part_1,ISIC_0024452.jpg,.jpg,127647,HAM10000_images_part_1\ISIC_0024452.jpg
HAM10000_images_part_1,ISIC_0024453.jpg,.jpg,285406,HAM10000_images_part_1\ISIC_0024453.jpg
HAM10000_images_part_1,ISIC_0024454.jpg,.jpg,216581,HAM10000_images_part_1\ISIC_0024454.jpg
HAM10000_images_part_1,ISIC_0024455.jpg,.jpg,256424,HAM10000_images_part_1\ISIC_0024455.jpg
HAM10000_images_part_1,ISIC_0024456.jpg,.jpg,276294,HAM10000_images_part_1\ISIC_0024456.jpg
HAM10000_images_part_1,ISIC_0024457.jpg,.jpg,332449,HAM10000_images_part_1\ISIC_0024457.jpg
HAM10000_images_part_1,ISIC_0024458.jpg,.jpg,309505,HAM10000_images_part_1\ISIC_0024458.jpg
HAM10000_images_part_1,ISIC_0024459.jpg,.jpg,295888,HAM10000_images_part_1\ISIC_0024459.jpg
HAM10000_images_part_1,ISIC_0024460.jpg,.jpg,299724,HAM10000_images_part_1\ISIC_0024460.jpg
HAM10000_images_part_1,ISIC_0024461.jpg,.jpg,228581,HAM10000_images_part_1\ISIC_0024461.jpg
HAM10000_images_part_1,ISIC_0024462.jpg,.jpg,349272,HAM10000_images_part_1\ISIC_0024462.jpg
HAM10000_images_part_1,ISIC_0024463.jpg,.jpg,232323,HAM10000_images_part_1\ISIC_0024463.jpg
HAM10000_images_part_1,ISIC_0024464.jpg,.jpg,279311,HAM10000_images_part_1\ISIC_0024464.jpg
HAM10000_images_part_1,ISIC_0024465.jpg,.jpg,344939,HAM10000_images_part_1\ISIC_0024465.jpg
HAM10000_images_part_1,ISIC_0024466.jpg,.jpg,251245,HAM10000_images_part_1\ISIC_0024466.jpg
HAM10000_images_part_1,ISIC_0024467.jpg,.jpg,297185,HAM10000_images_part_1\ISIC_0024467.jpg
HAM10000_images_part_1,ISIC_0024468.jpg,.jpg,291325,HAM10000_images_part_1\ISIC_0024468.jpg
HAM10000_images_part_1,ISIC_0024469.jpg,.jpg,270974,HAM10000_images_part_1\ISIC_0024469.jpg
HAM10000_images_part_1,ISIC_0024470.jpg,.jpg,274203,HAM10000_images_part_1\ISIC_0024470.jpg
HAM10000_images_part_1,ISIC_0024471.jpg,.jpg,217857,HAM10000_images_part_1\ISIC_0024471.jpg
HAM10000_images_part_1,ISIC_0024472.jpg,.jpg,277986,HAM10000_images_part_1\ISIC_0024472.jpg
HAM10000_images_part_1,ISIC_0024473.jpg,.jpg,399587,HAM10000_images_part_1\ISIC_0024473.jpg
HAM10000_images_part_1,ISIC_0024474.jpg,.jpg,284951,HAM10000_images_part_1\ISIC_0024474.jpg
HAM10000_images_part_1,ISIC_0024475.jpg,.jpg,345760,HAM10000_images_part_1\ISIC_0024475.jpg
HAM10000_images_part_1,ISIC_0024476.jpg,.jpg,269518,HAM10000_images_part_1\ISIC_0024476.jpg
HAM10000_images_part_1,ISIC_0024477.jpg,.jpg,272527,HAM10000_images_part_1\ISIC_0024477.jpg
HAM10000_images_part_1,ISIC_0024478.jpg,.jpg,260728,HAM10000_images_part_1\ISIC_0024478.jpg
HAM10000_images_part_1,ISIC_0024479.jpg,.jpg,247654,HAM10000_images_part_1\ISIC_0024479.jpg
HAM10000_images_part_1,ISIC_0024480.jpg,.jpg,233795,HAM10000_images_part_1\ISIC_0024480.jpg
HAM10000_images_part_1,ISIC_0024481.jpg,.jpg,205690,HAM10000_images_part_1\ISIC_0024481.jpg
HAM10000_images_part_1,ISIC_0024482.jpg,.jpg,287368,HAM10000_images_part_1\ISIC_0024482.jpg
HAM10000_images_part_1,ISIC_0024483.jpg,.jpg,279059,HAM10000_images_part_1\ISIC_0024483.jpg
HAM10000_images_part_1,ISIC_0024484.jpg,.jpg,281512,HAM10000_images_part_1\ISIC_0024484.jpg
HAM10000_images_part_1,ISIC_0024485.jpg,.jpg,280636,HAM10000_images_part_1\ISIC_0024485.jpg
HAM10000_images_part_1,ISIC_0024486.jpg,.jpg,262796,HAM10000_images_part_1\ISIC_0024486.jpg
HAM10000_images_part_1,ISIC_0024487.jpg,.jpg,263289,HAM10000_images_part_1\ISIC_0024487.jpg
HAM10000_images_part_1,ISIC_0024488.jpg,.jpg,276433,HAM10000_images_part_1\ISIC_0024488.jpg
HAM10000_images_part_1,ISIC_0024489.jpg,.jpg,299806,HAM10000_images_part_1\ISIC_0024489.jpg
HAM10000_images_part_1,ISIC_0024490.jpg,.jpg,322009,HAM10000_images_part_1\ISIC_0024490.jpg
HAM10000_images_part_1,ISIC_0024491.jpg,.jpg,309195,HAM10000_images_part_1\ISIC_0024491.jpg
HAM10000_images_part_1,ISIC_0024492.jpg,.jpg,345051,HAM10000_images_part_1\ISIC_0024492.jpg
HAM10000_images_part_1,ISIC_0024493.jpg,.jpg,349792,HAM10000_images_part_1\ISIC_0024493.jpg
HAM10000_images_part_1,ISIC_0024494.jpg,.jpg,222742,HAM10000_images_part_1\ISIC_0024494.jpg
HAM10000_images_part_1,ISIC_0024495.jpg,.jpg,178862,HAM10000_images_part_1\ISIC_0024495.jpg
HAM10000_images_part_1,ISIC_0024496.jpg,.jpg,285019,HAM10000_images_part_1\ISIC_0024496.jpg
HAM10000_images_part_1,ISIC_0024497.jpg,.jpg,182234,HAM10000_images_part_1\ISIC_0024497.jpg
HAM10000_images_part_1,ISIC_0024498.jpg,.jpg,314263,HAM10000_images_part_1\ISIC_0024498.jpg
HAM10000_images_part_1,ISIC_0024499.jpg,.jpg,287487,HAM10000_images_part_1\ISIC_0024499.jpg
HAM10000_images_part_1,ISIC_0024500.jpg,.jpg,269786,HAM10000_images_part_1\ISIC_0024500.jpg
HAM10000_images_part_1,ISIC_0024501.jpg,.jpg,350013,HAM10000_images_part_1\ISIC_0024501.jpg
HAM10000_images_part_1,ISIC_0024502.jpg,.jpg,266713,HAM10000_images_part_1\ISIC_0024502.jpg
HAM10000_images_part_1,ISIC_0024503.jpg,.jpg,235963,HAM10000_images_part_1\ISIC_0024503.jpg
HAM10000_images_part_1,ISIC_0024504.jpg,.jpg,322197,HAM10000_images_part_1\ISIC_0024504.jpg
HAM10000_images_part_1,ISIC_0024505.jpg,.jpg,264324,HAM10000_images_part_1\ISIC_0024505.jpg
HAM10000_images_part_1,ISIC_0024506.jpg,.jpg,271828,HAM10000_images_part_1\ISIC_0024506.jpg
HAM10000_images_part_1,ISIC_0024507.jpg,.jpg,240404,HAM10000_images_part_1\ISIC_0024507.jpg
HAM10000_images_part_1,ISIC_0024508.jpg,.jpg,303432,HAM10000_images_part_1\ISIC_0024508.jpg
HAM10000_images_part_1,ISIC_0024509.jpg,.jpg,267948,HAM10000_images_part_1\ISIC_0024509.jpg
HAM10000_images_part_1,ISIC_0024510.jpg,.jpg,270685,HAM10000_images_part_1\ISIC_0024510.jpg
HAM10000_images_part_1,ISIC_0024511.jpg,.jpg,221238,HAM10000_images_part_1\ISIC_0024511.jpg
HAM10000_images_part_1,ISIC_0024512.jpg,.jpg,266167,HAM10000_images_part_1\ISIC_0024512.jpg
HAM10000_images_part_1,ISIC_0024513.jpg,.jpg,279437,HAM10000_images_part_1\ISIC_0024513.jpg
HAM10000_images_part_1,ISIC_0024514.jpg,.jpg,226175,HAM10000_images_part_1\ISIC_0024514.jpg
HAM10000_images_part_1,ISIC_0024515.jpg,.jpg,270420,HAM10000_images_part_1\ISIC_0024515.jpg
HAM10000_images_part_1,ISIC_0024516.jpg,.jpg,253842,HAM10000_images_part_1\ISIC_0024516.jpg
HAM10000_images_part_1,ISIC_0024517.jpg,.jpg,300921,HAM10000_images_part_1\ISIC_0024517.jpg
HAM10000_images_part_1,ISIC_0024518.jpg,.jpg,296801,HAM10000_images_part_1\ISIC_0024518.jpg
HAM10000_images_part_1,ISIC_0024519.jpg,.jpg,276536,HAM10000_images_part_1\ISIC_0024519.jpg
HAM10000_images_part_1,ISIC_0024520.jpg,.jpg,269275,HAM10000_images_part_1\ISIC_0024520.jpg
HAM10000_images_part_1,ISIC_0024521.jpg,.jpg,272322,HAM10000_images_part_1\ISIC_0024521.jpg
HAM10000_images_part_1,ISIC_0024522.jpg,.jpg,208229,HAM10000_images_part_1\ISIC_0024522.jpg
HAM10000_images_part_1,ISIC_0024523.jpg,.jpg,347138,HAM10000_images_part_1\ISIC_0024523.jpg
HAM10000_images_part_1,ISIC_0024524.jpg,.jpg,319608,HAM10000_images_part_1\ISIC_0024524.jpg
HAM10000_images_part_1,ISIC_0024525.jpg,.jpg,304017,HAM10000_images_part_1\ISIC_0024525.jpg
HAM10000_images_part_1,ISIC_0024526.jpg,.jpg,290276,HAM10000_images_part_1\ISIC_0024526.jpg
HAM10000_images_part_1,ISIC_0024527.jpg,.jpg,304585,HAM10000_images_part_1\ISIC_0024527.jpg
HAM10000_images_part_1,ISIC_0024528.jpg,.jpg,274136,HAM10000_images_part_1\ISIC_0024528.jpg
HAM10000_images_part_1,ISIC_0024529.jpg,.jpg,296937,HAM10000_images_part_1\ISIC_0024529.jpg
HAM10000_images_part_1,ISIC_0024530.jpg,.jpg,292001,HAM10000_images_part_1\ISIC_0024530.jpg
HAM10000_images_part_1,ISIC_0024531.jpg,.jpg,308110,HAM10000_images_part_1\ISIC_0024531.jpg
HAM10000_images_part_1,ISIC_0024532.jpg,.jpg,281387,HAM10000_images_part_1\ISIC_0024532.jpg
HAM10000_images_part_1,ISIC_0024533.jpg,.jpg,272301,HAM10000_images_part_1\ISIC_0024533.jpg
HAM10000_images_part_1,ISIC_0024534.jpg,.jpg,358138,HAM10000_images_part_1\ISIC_0024534.jpg
HAM10000_images_part_1,ISIC_0024535.jpg,.jpg,358557,HAM10000_images_part_1\ISIC_0024535.jpg
HAM10000_images_part_1,ISIC_0024536.jpg,.jpg,290788,HAM10000_images_part_1\ISIC_0024536.jpg
HAM10000_images_part_1,ISIC_0024537.jpg,.jpg,282589,HAM10000_images_part_1\ISIC_0024537.jpg
HAM10000_images_part_1,ISIC_0024538.jpg,.jpg,310631,HAM10000_images_part_1\ISIC_0024538.jpg
HAM10000_images_part_1,ISIC_0024539.jpg,.jpg,255087,HAM10000_images_part_1\ISIC_0024539.jpg
HAM10000_images_part_1,ISIC_0024540.jpg,.jpg,209615,HAM10000_images_part_1\ISIC_0024540.jpg
HAM10000_images_part_1,ISIC_0024541.jpg,.jpg,281614,HAM10000_images_part_1\ISIC_0024541.jpg
HAM10000_images_part_1,ISIC_0024542.jpg,.jpg,283064,HAM10000_images_part_1\ISIC_0024542.jpg
HAM10000_images_part_1,ISIC_0024543.jpg,.jpg,302225,HAM10000_images_part_1\ISIC_0024543.jpg
HAM10000_images_part_1,ISIC_0024544.jpg,.jpg,334907,HAM10000_images_part_1\ISIC_0024544.jpg
HAM10000_images_part_1,ISIC_0024545.jpg,.jpg,341011,HAM10000_images_part_1\ISIC_0024545.jpg
HAM10000_images_part_1,ISIC_0024546.jpg,.jpg,257621,HAM10000_images_part_1\ISIC_0024546.jpg
HAM10000_images_part_1,ISIC_0024547.jpg,.jpg,263742,HAM10000_images_part_1\ISIC_0024547.jpg
HAM10000_images_part_1,ISIC_0024548.jpg,.jpg,332479,HAM10000_images_part_1\ISIC_0024548.jpg
HAM10000_images_part_1,ISIC_0024549.jpg,.jpg,274880,HAM10000_images_part_1\ISIC_0024549.jpg
HAM10000_images_part_1,ISIC_0024550.jpg,.jpg,275448,HAM10000_images_part_1\ISIC_0024550.jpg
HAM10000_images_part_1,ISIC_0024551.jpg,.jpg,279667,HAM10000_images_part_1\ISIC_0024551.jpg
HAM10000_images_part_1,ISIC_0024552.jpg,.jpg,282600,HAM10000_images_part_1\ISIC_0024552.jpg
HAM10000_images_part_1,ISIC_0024553.jpg,.jpg,372165,HAM10000_images_part_1\ISIC_0024553.jpg
HAM10000_images_part_1,ISIC_0024554.jpg,.jpg,293838,HAM10000_images_part_1\ISIC_0024554.jpg
HAM10000_images_part_1,ISIC_0024555.jpg,.jpg,253847,HAM10000_images_part_1\ISIC_0024555.jpg
HAM10000_images_part_1,ISIC_0024556.jpg,.jpg,327377,HAM10000_images_part_1\ISIC_0024556.jpg
HAM10000_images_part_1,ISIC_0024557.jpg,.jpg,277258,HAM10000_images_part_1\ISIC_0024557.jpg
HAM10000_images_part_1,ISIC_0024558.jpg,.jpg,283605,HAM10000_images_part_1\ISIC_0024558.jpg
HAM10000_images_part_1,ISIC_0024559.jpg,.jpg,282701,HAM10000_images_part_1\ISIC_0024559.jpg
HAM10000_images_part_1,ISIC_0024560.jpg,.jpg,210742,HAM10000_images_part_1\ISIC_0024560.jpg
HAM10000_images_part_1,ISIC_0024561.jpg,.jpg,136277,HAM10000_images_part_1\ISIC_0024561.jpg
HAM10000_images_part_1,ISIC_0024562.jpg,.jpg,298921,HAM10000_images_part_1\ISIC_0024562.jpg
HAM10000_images_part_1,ISIC_0024563.jpg,.jpg,273837,HAM10000_images_part_1\ISIC_0024563.jpg
HAM10000_images_part_1,ISIC_0024564.jpg,.jpg,226405,HAM10000_images_part_1\ISIC_0024564.jpg
HAM10000_images_part_1,ISIC_0024565.jpg,.jpg,290531,HAM10000_images_part_1\ISIC_0024565.jpg
HAM10000_images_part_1,ISIC_0024566.jpg,.jpg,140566,HAM10000_images_part_1\ISIC_0024566.jpg
HAM10000_images_part_1,ISIC_0024567.jpg,.jpg,274205,HAM10000_images_part_1\ISIC_0024567.jpg
HAM10000_images_part_1,ISIC_0024568.jpg,.jpg,258868,HAM10000_images_part_1\ISIC_0024568.jpg
HAM10000_images_part_1,ISIC_0024569.jpg,.jpg,290816,HAM10000_images_part_1\ISIC_0024569.jpg
HAM10000_images_part_1,ISIC_0024570.jpg,.jpg,271801,HAM10000_images_part_1\ISIC_0024570.jpg
HAM10000_images_part_1,ISIC_0024571.jpg,.jpg,272863,HAM10000_images_part_1\ISIC_0024571.jpg
HAM10000_images_part_1,ISIC_0024572.jpg,.jpg,265046,HAM10000_images_part_1\ISIC_0024572.jpg
HAM10000_images_part_1,ISIC_0024573.jpg,.jpg,143176,HAM10000_images_part_1\ISIC_0024573.jpg
HAM10000_images_part_1,ISIC_0024574.jpg,.jpg,268274,HAM10000_images_part_1\ISIC_0024574.jpg
HAM10000_images_part_1,ISIC_0024575.jpg,.jpg,325749,HAM10000_images_part_1\ISIC_0024575.jpg
HAM10000_images_part_1,ISIC_0024576.jpg,.jpg,267874,HAM10000_images_part_1\ISIC_0024576.jpg
HAM10000_images_part_1,ISIC_0024577.jpg,.jpg,292566,HAM10000_images_part_1\ISIC_0024577.jpg
HAM10000_images_part_1,ISIC_0024578.jpg,.jpg,209753,HAM10000_images_part_1\ISIC_0024578.jpg
HAM10000_images_part_1,ISIC_0024579.jpg,.jpg,237045,HAM10000_images_part_1\ISIC_0024579.jpg
HAM10000_images_part_1,ISIC_0024580.jpg,.jpg,353936,HAM10000_images_part_1\ISIC_0024580.jpg
HAM10000_images_part_1,ISIC_0024581.jpg,.jpg,265062,HAM10000_images_part_1\ISIC_0024581.jpg
HAM10000_images_part_1,ISIC_0024582.jpg,.jpg,261771,HAM10000_images_part_1\ISIC_0024582.jpg
HAM10000_images_part_1,ISIC_0024583.jpg,.jpg,280802,HAM10000_images_part_1\ISIC_0024583.jpg
HAM10000_images_part_1,ISIC_0024584.jpg,.jpg,344538,HAM10000_images_part_1\ISIC_0024584.jpg
HAM10000_images_part_1,ISIC_0024585.jpg,.jpg,277102,HAM10000_images_part_1\ISIC_0024585.jpg
HAM10000_images_part_1,ISIC_0024586.jpg,.jpg,277332,HAM10000_images_part_1\ISIC_0024586.jpg
HAM10000_images_part_1,ISIC_0024587.jpg,.jpg,272250,HAM10000_images_part_1\ISIC_0024587.jpg
HAM10000_images_part_1,ISIC_0024588.jpg,.jpg,282388,HAM10000_images_part_1\ISIC_0024588.jpg
HAM10000_images_part_1,ISIC_0024589.jpg,.jpg,282161,HAM10000_images_part_1\ISIC_0024589.jpg
HAM10000_images_part_1,ISIC_0024590.jpg,.jpg,213563,HAM10000_images_part_1\ISIC_0024590.jpg
HAM10000_images_part_1,ISIC_0024591.jpg,.jpg,280486,HAM10000_images_part_1\ISIC_0024591.jpg
HAM10000_images_part_1,ISIC_0024592.jpg,.jpg,269395,HAM10000_images_part_1\ISIC_0024592.jpg
HAM10000_images_part_1,ISIC_0024593.jpg,.jpg,341129,HAM10000_images_part_1\ISIC_0024593.jpg
HAM10000_images_part_1,ISIC_0024594.jpg,.jpg,216188,HAM10000_images_part_1\ISIC_0024594.jpg
HAM10000_images_part_1,ISIC_0024595.jpg,.jpg,232038,HAM10000_images_part_1\ISIC_0024595.jpg
HAM10000_images_part_1,ISIC_0024596.jpg,.jpg,252658,HAM10000_images_part_1\ISIC_0024596.jpg
HAM10000_images_part_1,ISIC_0024597.jpg,.jpg,226932,HAM10000_images_part_1\ISIC_0024597.jpg
HAM10000_images_part_1,ISIC_0024598.jpg,.jpg,349595,HAM10000_images_part_1\ISIC_0024598.jpg
HAM10000_images_part_1,ISIC_0024599.jpg,.jpg,152747,HAM10000_images_part_1\ISIC_0024599.jpg
HAM10000_images_part_1,ISIC_0024600.jpg,.jpg,263205,HAM10000_images_part_1\ISIC_0024600.jpg
HAM10000_images_part_1,ISIC_0024601.jpg,.jpg,282551,HAM10000_images_part_1\ISIC_0024601.jpg
HAM10000_images_part_1,ISIC_0024602.jpg,.jpg,237951,HAM10000_images_part_1\ISIC_0024602.jpg
HAM10000_images_part_1,ISIC_0024603.jpg,.jpg,270745,HAM10000_images_part_1\ISIC_0024603.jpg
HAM10000_images_part_1,ISIC_0024604.jpg,.jpg,306596,HAM10000_images_part_1\ISIC_0024604.jpg
HAM10000_images_part_1,ISIC_0024605.jpg,.jpg,276715,HAM10000_images_part_1\ISIC_0024605.jpg
HAM10000_images_part_1,ISIC_0024606.jpg,.jpg,286375,HAM10000_images_part_1\ISIC_0024606.jpg
HAM10000_images_part_1,ISIC_0024607.jpg,.jpg,264980,HAM10000_images_part_1\ISIC_0024607.jpg
HAM10000_images_part_1,ISIC_0024608.jpg,.jpg,303109,HAM10000_images_part_1\ISIC_0024608.jpg
HAM10000_images_part_1,ISIC_0024609.jpg,.jpg,278222,HAM10000_images_part_1\ISIC_0024609.jpg
HAM10000_images_part_1,ISIC_0024610.jpg,.jpg,271296,HAM10000_images_part_1\ISIC_0024610.jpg
HAM10000_images_part_1,ISIC_0024611.jpg,.jpg,277866,HAM10000_images_part_1\ISIC_0024611.jpg
HAM10000_images_part_1,ISIC_0024612.jpg,.jpg,219499,HAM10000_images_part_1\ISIC_0024612.jpg
HAM10000_images_part_1,ISIC_0024613.jpg,.jpg,297537,HAM10000_images_part_1\ISIC_0024613.jpg
HAM10000_images_part_1,ISIC_0024614.jpg,.jpg,263558,HAM10000_images_part_1\ISIC_0024614.jpg
HAM10000_images_part_1,ISIC_0024615.jpg,.jpg,251077,HAM10000_images_part_1\ISIC_0024615.jpg
HAM10000_images_part_1,ISIC_0024616.jpg,.jpg,302238,HAM10000_images_part_1\ISIC_0024616.jpg
HAM10000_images_part_1,ISIC_0024617.jpg,.jpg,278720,HAM10000_images_part_1\ISIC_0024617.jpg
HAM10000_images_part_1,ISIC_0024618.jpg,.jpg,274143,HAM10000_images_part_1\ISIC_0024618.jpg
HAM10000_images_part_1,ISIC_0024619.jpg,.jpg,281912,HAM10000_images_part_1\ISIC_0024619.jpg
HAM10000_images_part_1,ISIC_0024620.jpg,.jpg,173907,HAM10000_images_part_1\ISIC_0024620.jpg
HAM10000_images_part_1,ISIC_0024621.jpg,.jpg,289719,HAM10000_images_part_1\ISIC_0024621.jpg
HAM10000_images_part_1,ISIC_0024622.jpg,.jpg,279129,HAM10000_images_part_1\ISIC_0024622.jpg
HAM10000_images_part_1,ISIC_0024623.jpg,.jpg,359921,HAM10000_images_part_1\ISIC_0024623.jpg
HAM10000_images_part_1,ISIC_0024624.jpg,.jpg,312542,HAM10000_images_part_1\ISIC_0024624.jpg
HAM10000_images_part_1,ISIC_0024625.jpg,.jpg,268069,HAM10000_images_part_1\ISIC_0024625.jpg
HAM10000_images_part_1,ISIC_0024626.jpg,.jpg,313609,HAM10000_images_part_1\ISIC_0024626.jpg
HAM10000_images_part_1,ISIC_0024627.jpg,.jpg,279895,HAM10000_images_part_1\ISIC_0024627.jpg
HAM10000_images_part_1,ISIC_0024628.jpg,.jpg,252055,HAM10000_images_part_1\ISIC_0024628.jpg
HAM10000_images_part_1,ISIC_0024629.jpg,.jpg,271295,HAM10000_images_part_1\ISIC_0024629.jpg
HAM10000_images_part_1,ISIC_0024630.jpg,.jpg,366714,HAM10000_images_part_1\ISIC_0024630.jpg
HAM10000_images_part_1,ISIC_0024631.jpg,.jpg,283062,HAM10000_images_part_1\ISIC_0024631.jpg
HAM10000_images_part_1,ISIC_0024632.jpg,.jpg,222234,HAM10000_images_part_1\ISIC_0024632.jpg
HAM10000_images_part_1,ISIC_0024633.jpg,.jpg,289495,HAM10000_images_part_1\ISIC_0024633.jpg
HAM10000_images_part_1,ISIC_0024634.jpg,.jpg,271289,HAM10000_images_part_1\ISIC_0024634.jpg
HAM10000_images_part_1,ISIC_0024635.jpg,.jpg,258049,HAM10000_images_part_1\ISIC_0024635.jpg
HAM10000_images_part_1,ISIC_0024636.jpg,.jpg,347733,HAM10000_images_part_1\ISIC_0024636.jpg
HAM10000_images_part_1,ISIC_0024637.jpg,.jpg,285259,HAM10000_images_part_1\ISIC_0024637.jpg
HAM10000_images_part_1,ISIC_0024638.jpg,.jpg,280314,HAM10000_images_part_1\ISIC_0024638.jpg
HAM10000_images_part_1,ISIC_0024639.jpg,.jpg,280676,HAM10000_images_part_1\ISIC_0024639.jpg
HAM10000_images_part_1,ISIC_0024640.jpg,.jpg,280003,HAM10000_images_part_1\ISIC_0024640.jpg
HAM10000_images_part_1,ISIC_0024641.jpg,.jpg,277903,HAM10000_images_part_1\ISIC_0024641.jpg
HAM10000_images_part_1,ISIC_0024642.jpg,.jpg,225184,HAM10000_images_part_1\ISIC_0024642.jpg
HAM10000_images_part_1,ISIC_0024643.jpg,.jpg,291249,HAM10000_images_part_1\ISIC_0024643.jpg
HAM10000_images_part_1,ISIC_0024644.jpg,.jpg,252048,HAM10000_images_part_1\ISIC_0024644.jpg
HAM10000_images_part_1,ISIC_0024645.jpg,.jpg,281457,HAM10000_images_part_1\ISIC_0024645.jpg
HAM10000_images_part_1,ISIC_0024646.jpg,.jpg,232163,HAM10000_images_part_1\ISIC_0024646.jpg
HAM10000_images_part_1,ISIC_0024647.jpg,.jpg,243043,HAM10000_images_part_1\ISIC_0024647.jpg
HAM10000_images_part_1,ISIC_0024648.jpg,.jpg,269074,HAM10000_images_part_1\ISIC_0024648.jpg
HAM10000_images_part_1,ISIC_0024649.jpg,.jpg,274408,HAM10000_images_part_1\ISIC_0024649.jpg
HAM10000_images_part_1,ISIC_0024650.jpg,.jpg,277895,HAM10000_images_part_1\ISIC_0024650.jpg
HAM10000_images_part_1,ISIC_0024651.jpg,.jpg,291596,HAM10000_images_part_1\ISIC_0024651.jpg
HAM10000_images_part_1,ISIC_0024652.jpg,.jpg,299120,HAM10000_images_part_1\ISIC_0024652.jpg
HAM10000_images_part_1,ISIC_0024653.jpg,.jpg,328951,HAM10000_images_part_1\ISIC_0024653.jpg
HAM10000_images_part_1,ISIC_0024654.jpg,.jpg,279923,HAM10000_images_part_1\ISIC_0024654.jpg
HAM10000_images_part_1,ISIC_0024655.jpg,.jpg,283532,HAM10000_images_part_1\ISIC_0024655.jpg
HAM10000_images_part_1,ISIC_0024656.jpg,.jpg,284882,HAM10000_images_part_1\ISIC_0024656.jpg
HAM10000_images_part_1,ISIC_0024657.jpg,.jpg,194369,HAM10000_images_part_1\ISIC_0024657.jpg
HAM10000_images_part_1,ISIC_0024658.jpg,.jpg,247740,HAM10000_images_part_1\ISIC_0024658.jpg
HAM10000_images_part_1,ISIC_0024659.jpg,.jpg,303129,HAM10000_images_part_1\ISIC_0024659.jpg
HAM10000_images_part_1,ISIC_0024660.jpg,.jpg,275510,HAM10000_images_part_1\ISIC_0024660.jpg
HAM10000_images_part_1,ISIC_0024661.jpg,.jpg,294707,HAM10000_images_part_1\ISIC_0024661.jpg
HAM10000_images_part_1,ISIC_0024662.jpg,.jpg,340069,HAM10000_images_part_1\ISIC_0024662.jpg
HAM10000_images_part_1,ISIC_0024663.jpg,.jpg,262912,HAM10000_images_part_1\ISIC_0024663.jpg
HAM10000_images_part_1,ISIC_0024664.jpg,.jpg,237907,HAM10000_images_part_1\ISIC_0024664.jpg
HAM10000_images_part_1,ISIC_0024665.jpg,.jpg,203751,HAM10000_images_part_1\ISIC_0024665.jpg
HAM10000_images_part_1,ISIC_0024666.jpg,.jpg,312967,HAM10000_images_part_1\ISIC_0024666.jpg
HAM10000_images_part_1,ISIC_0024667.jpg,.jpg,282312,HAM10000_images_part_1\ISIC_0024667.jpg
HAM10000_images_part_1,ISIC_0024668.jpg,.jpg,347850,HAM10000_images_part_1\ISIC_0024668.jpg
HAM10000_images_part_1,ISIC_0024669.jpg,.jpg,278501,HAM10000_images_part_1\ISIC_0024669.jpg
HAM10000_images_part_1,ISIC_0024670.jpg,.jpg,266751,HAM10000_images_part_1\ISIC_0024670.jpg
HAM10000_images_part_1,ISIC_0024671.jpg,.jpg,266915,HAM10000_images_part_1\ISIC_0024671.jpg
HAM10000_images_part_1,ISIC_0024672.jpg,.jpg,286668,HAM10000_images_part_1\ISIC_0024672.jpg
HAM10000_images_part_1,ISIC_0024673.jpg,.jpg,261492,HAM10000_images_part_1\ISIC_0024673.jpg
HAM10000_images_part_1,ISIC_0024674.jpg,.jpg,278049,HAM10000_images_part_1\ISIC_0024674.jpg
HAM10000_images_part_1,ISIC_0024675.jpg,.jpg,234709,HAM10000_images_part_1\ISIC_0024675.jpg
HAM10000_images_part_1,ISIC_0024676.jpg,.jpg,268785,HAM10000_images_part_1\ISIC_0024676.jpg
HAM10000_images_part_1,ISIC_0024677.jpg,.jpg,293545,HAM10000_images_part_1\ISIC_0024677.jpg
HAM10000_images_part_1,ISIC_0024678.jpg,.jpg,270707,HAM10000_images_part_1\ISIC_0024678.jpg
HAM10000_images_part_1,ISIC_0024679.jpg,.jpg,339489,HAM10000_images_part_1\ISIC_0024679.jpg
HAM10000_images_part_1,ISIC_0024680.jpg,.jpg,196328,HAM10000_images_part_1\ISIC_0024680.jpg
HAM10000_images_part_1,ISIC_0024681.jpg,.jpg,277153,HAM10000_images_part_1\ISIC_0024681.jpg
HAM10000_images_part_1,ISIC_0024682.jpg,.jpg,299325,HAM10000_images_part_1\ISIC_0024682.jpg
HAM10000_images_part_1,ISIC_0024683.jpg,.jpg,268706,HAM10000_images_part_1\ISIC_0024683.jpg
HAM10000_images_part_1,ISIC_0024684.jpg,.jpg,165087,HAM10000_images_part_1\ISIC_0024684.jpg
HAM10000_images_part_1,ISIC_0024685.jpg,.jpg,282655,HAM10000_images_part_1\ISIC_0024685.jpg
HAM10000_images_part_1,ISIC_0024686.jpg,.jpg,268700,HAM10000_images_part_1\ISIC_0024686.jpg
HAM10000_images_part_1,ISIC_0024687.jpg,.jpg,271447,HAM10000_images_part_1\ISIC_0024687.jpg
HAM10000_images_part_1,ISIC_0024688.jpg,.jpg,252740,HAM10000_images_part_1\ISIC_0024688.jpg
HAM10000_images_part_1,ISIC_0024689.jpg,.jpg,285332,HAM10000_images_part_1\ISIC_0024689.jpg
HAM10000_images_part_1,ISIC_0024690.jpg,.jpg,344525,HAM10000_images_part_1\ISIC_0024690.jpg
HAM10000_images_part_1,ISIC_0024691.jpg,.jpg,272061,HAM10000_images_part_1\ISIC_0024691.jpg
HAM10000_images_part_1,ISIC_0024692.jpg,.jpg,347917,HAM10000_images_part_1\ISIC_0024692.jpg
HAM10000_images_part_1,ISIC_0024693.jpg,.jpg,274168,HAM10000_images_part_1\ISIC_0024693.jpg
HAM10000_images_part_1,ISIC_0024694.jpg,.jpg,280345,HAM10000_images_part_1\ISIC_0024694.jpg
HAM10000_images_part_1,ISIC_0024695.jpg,.jpg,279534,HAM10000_images_part_1\ISIC_0024695.jpg
HAM10000_images_part_1,ISIC_0024696.jpg,.jpg,305693,HAM10000_images_part_1\ISIC_0024696.jpg
HAM10000_images_part_1,ISIC_0024697.jpg,.jpg,263289,HAM10000_images_part_1\ISIC_0024697.jpg
HAM10000_images_part_1,ISIC_0024698.jpg,.jpg,253777,HAM10000_images_part_1\ISIC_0024698.jpg
HAM10000_images_part_1,ISIC_0024699.jpg,.jpg,278478,HAM10000_images_part_1\ISIC_0024699.jpg
HAM10000_images_part_1,ISIC_0024700.jpg,.jpg,342746,HAM10000_images_part_1\ISIC_0024700.jpg
HAM10000_images_part_1,ISIC_0024701.jpg,.jpg,303435,HAM10000_images_part_1\ISIC_0024701.jpg
HAM10000_images_part_1,ISIC_0024702.jpg,.jpg,334736,HAM10000_images_part_1\ISIC_0024702.jpg
HAM10000_images_part_1,ISIC_0024703.jpg,.jpg,277687,HAM10000_images_part_1\ISIC_0024703.jpg
HAM10000_images_part_1,ISIC_0024704.jpg,.jpg,159978,HAM10000_images_part_1\ISIC_0024704.jpg
HAM10000_images_part_1,ISIC_0024705.jpg,.jpg,251161,HAM10000_images_part_1\ISIC_0024705.jpg
HAM10000_images_part_1,ISIC_0024706.jpg,.jpg,268650,HAM10000_images_part_1\ISIC_0024706.jpg
HAM10000_images_part_1,ISIC_0024707.jpg,.jpg,284791,HAM10000_images_part_1\ISIC_0024707.jpg
HAM10000_images_part_1,ISIC_0024708.jpg,.jpg,260946,HAM10000_images_part_1\ISIC_0024708.jpg
HAM10000_images_part_1,ISIC_0024709.jpg,.jpg,256393,HAM10000_images_part_1\ISIC_0024709.jpg
HAM10000_images_part_1,ISIC_0024710.jpg,.jpg,278956,HAM10000_images_part_1\ISIC_0024710.jpg
HAM10000_images_part_1,ISIC_0024711.jpg,.jpg,245793,HAM10000_images_part_1\ISIC_0024711.jpg
HAM10000_images_part_1,ISIC_0024712.jpg,.jpg,251000,HAM10000_images_part_1\ISIC_0024712.jpg
HAM10000_images_part_1,ISIC_0024713.jpg,.jpg,289187,HAM10000_images_part_1\ISIC_0024713.jpg
HAM10000_images_part_1,ISIC_0024714.jpg,.jpg,300044,HAM10000_images_part_1\ISIC_0024714.jpg
HAM10000_images_part_1,ISIC_0024715.jpg,.jpg,250013,HAM10000_images_part_1\ISIC_0024715.jpg
HAM10000_images_part_1,ISIC_0024716.jpg,.jpg,283374,HAM10000_images_part_1\ISIC_0024716.jpg
HAM10000_images_part_1,ISIC_0024717.jpg,.jpg,267097,HAM10000_images_part_1\ISIC_0024717.jpg
HAM10000_images_part_1,ISIC_0024718.jpg,.jpg,247991,HAM10000_images_part_1\ISIC_0024718.jpg
HAM10000_images_part_1,ISIC_0024719.jpg,.jpg,267932,HAM10000_images_part_1\ISIC_0024719.jpg
HAM10000_images_part_1,ISIC_0024720.jpg,.jpg,278381,HAM10000_images_part_1\ISIC_0024720.jpg
HAM10000_images_part_1,ISIC_0024721.jpg,.jpg,252967,HAM10000_images_part_1\ISIC_0024721.jpg
HAM10000_images_part_1,ISIC_0024722.jpg,.jpg,282169,HAM10000_images_part_1\ISIC_0024722.jpg
HAM10000_images_part_1,ISIC_0024723.jpg,.jpg,292058,HAM10000_images_part_1\ISIC_0024723.jpg
HAM10000_images_part_1,ISIC_0024724.jpg,.jpg,272550,HAM10000_images_part_1\ISIC_0024724.jpg
HAM10000_images_part_1,ISIC_0024725.jpg,.jpg,298175,HAM10000_images_part_1\ISIC_0024725.jpg
HAM10000_images_part_1,ISIC_0024726.jpg,.jpg,259029,HAM10000_images_part_1\ISIC_0024726.jpg
HAM10000_images_part_1,ISIC_0024727.jpg,.jpg,273718,HAM10000_images_part_1\ISIC_0024727.jpg
HAM10000_images_part_1,ISIC_0024728.jpg,.jpg,265783,HAM10000_images_part_1\ISIC_0024728.jpg
HAM10000_images_part_1,ISIC_0024729.jpg,.jpg,292728,HAM10000_images_part_1\ISIC_0024729.jpg
HAM10000_images_part_1,ISIC_0024730.jpg,.jpg,273907,HAM10000_images_part_1\ISIC_0024730.jpg
HAM10000_images_part_1,ISIC_0024731.jpg,.jpg,285990,HAM10000_images_part_1\ISIC_0024731.jpg
HAM10000_images_part_1,ISIC_0024732.jpg,.jpg,292458,HAM10000_images_part_1\ISIC_0024732.jpg
HAM10000_images_part_1,ISIC_0024733.jpg,.jpg,298149,HAM10000_images_part_1\ISIC_0024733.jpg
HAM10000_images_part_1,ISIC_0024734.jpg,.jpg,101724,HAM10000_images_part_1\ISIC_0024734.jpg
HAM10000_images_part_1,ISIC_0024735.jpg,.jpg,282929,HAM10000_images_part_1\ISIC_0024735.jpg
HAM10000_images_part_1,ISIC_0024736.jpg,.jpg,286256,HAM10000_images_part_1\ISIC_0024736.jpg
HAM10000_images_part_1,ISIC_0024737.jpg,.jpg,277747,HAM10000_images_part_1\ISIC_0024737.jpg
HAM10000_images_part_1,ISIC_0024738.jpg,.jpg,332930,HAM10000_images_part_1\ISIC_0024738.jpg
HAM10000_images_part_1,ISIC_0024739.jpg,.jpg,290772,HAM10000_images_part_1\ISIC_0024739.jpg
HAM10000_images_part_1,ISIC_0024740.jpg,.jpg,202721,HAM10000_images_part_1\ISIC_0024740.jpg
HAM10000_images_part_1,ISIC_0024741.jpg,.jpg,269771,HAM10000_images_part_1\ISIC_0024741.jpg
HAM10000_images_part_1,ISIC_0024742.jpg,.jpg,276401,HAM10000_images_part_1\ISIC_0024742.jpg
HAM10000_images_part_1,ISIC_0024743.jpg,.jpg,196379,HAM10000_images_part_1\ISIC_0024743.jpg
HAM10000_images_part_1,ISIC_0024744.jpg,.jpg,263105,HAM10000_images_part_1\ISIC_0024744.jpg
HAM10000_images_part_1,ISIC_0024745.jpg,.jpg,266672,HAM10000_images_part_1\ISIC_0024745.jpg
HAM10000_images_part_1,ISIC_0024746.jpg,.jpg,330949,HAM10000_images_part_1\ISIC_0024746.jpg
HAM10000_images_part_1,ISIC_0024747.jpg,.jpg,247246,HAM10000_images_part_1\ISIC_0024747.jpg
HAM10000_images_part_1,ISIC_0024748.jpg,.jpg,222475,HAM10000_images_part_1\ISIC_0024748.jpg
HAM10000_images_part_1,ISIC_0024749.jpg,.jpg,264117,HAM10000_images_part_1\ISIC_0024749.jpg
HAM10000_images_part_1,ISIC_0024750.jpg,.jpg,292177,HAM10000_images_part_1\ISIC_0024750.jpg
HAM10000_images_part_1,ISIC_0024751.jpg,.jpg,294262,HAM10000_images_part_1\ISIC_0024751.jpg
HAM10000_images_part_1,ISIC_0024752.jpg,.jpg,288043,HAM10000_images_part_1\ISIC_0024752.jpg
HAM10000_images_part_1,ISIC_0024753.jpg,.jpg,199887,HAM10000_images_part_1\ISIC_0024753.jpg
HAM10000_images_part_1,ISIC_0024754.jpg,.jpg,275602,HAM10000_images_part_1\ISIC_0024754.jpg
HAM10000_images_part_1,ISIC_0024755.jpg,.jpg,292584,HAM10000_images_part_1\ISIC_0024755.jpg
HAM10000_images_part_1,ISIC_0024756.jpg,.jpg,270210,HAM10000_images_part_1\ISIC_0024756.jpg
HAM10000_images_part_1,ISIC_0024757.jpg,.jpg,231589,HAM10000_images_part_1\ISIC_0024757.jpg
HAM10000_images_part_1,ISIC_0024758.jpg,.jpg,216431,HAM10000_images_part_1\ISIC_0024758.jpg
HAM10000_images_part_1,ISIC_0024759.jpg,.jpg,270513,HAM10000_images_part_1\ISIC_0024759.jpg
HAM10000_images_part_1,ISIC_0024760.jpg,.jpg,259926,HAM10000_images_part_1\ISIC_0024760.jpg
HAM10000_images_part_1,ISIC_0024761.jpg,.jpg,234184,HAM10000_images_part_1\ISIC_0024761.jpg
HAM10000_images_part_1,ISIC_0024762.jpg,.jpg,271663,HAM10000_images_part_1\ISIC_0024762.jpg
HAM10000_images_part_1,ISIC_0024763.jpg,.jpg,238535,HAM10000_images_part_1\ISIC_0024763.jpg
HAM10000_images_part_1,ISIC_0024764.jpg,.jpg,246122,HAM10000_images_part_1\ISIC_0024764.jpg
HAM10000_images_part_1,ISIC_0024765.jpg,.jpg,255238,HAM10000_images_part_1\ISIC_0024765.jpg
HAM10000_images_part_1,ISIC_0024766.jpg,.jpg,276746,HAM10000_images_part_1\ISIC_0024766.jpg
HAM10000_images_part_1,ISIC_0024767.jpg,.jpg,334017,HAM10000_images_part_1\ISIC_0024767.jpg
HAM10000_images_part_1,ISIC_0024768.jpg,.jpg,277023,HAM10000_images_part_1\ISIC_0024768.jpg
HAM10000_images_part_1,ISIC_0024769.jpg,.jpg,332270,HAM10000_images_part_1\ISIC_0024769.jpg
HAM10000_images_part_1,ISIC_0024770.jpg,.jpg,280350,HAM10000_images_part_1\ISIC_0024770.jpg
HAM10000_images_part_1,ISIC_0024771.jpg,.jpg,265331,HAM10000_images_part_1\ISIC_0024771.jpg
HAM10000_images_part_1,ISIC_0024772.jpg,.jpg,214221,HAM10000_images_part_1\ISIC_0024772.jpg
HAM10000_images_part_1,ISIC_0024773.jpg,.jpg,298108,HAM10000_images_part_1\ISIC_0024773.jpg
HAM10000_images_part_1,ISIC_0024774.jpg,.jpg,279988,HAM10000_images_part_1\ISIC_0024774.jpg
HAM10000_images_part_1,ISIC_0024775.jpg,.jpg,283276,HAM10000_images_part_1\ISIC_0024775.jpg
HAM10000_images_part_1,ISIC_0024776.jpg,.jpg,279629,HAM10000_images_part_1\ISIC_0024776.jpg
HAM10000_images_part_1,ISIC_0024777.jpg,.jpg,218552,HAM10000_images_part_1\ISIC_0024777.jpg
HAM10000_images_part_1,ISIC_0024778.jpg,.jpg,264017,HAM10000_images_part_1\ISIC_0024778.jpg
HAM10000_images_part_1,ISIC_0024779.jpg,.jpg,318671,HAM10000_images_part_1\ISIC_0024779.jpg
HAM10000_images_part_1,ISIC_0024780.jpg,.jpg,284395,HAM10000_images_part_1\ISIC_0024780.jpg
HAM10000_images_part_1,ISIC_0024781.jpg,.jpg,138089,HAM10000_images_part_1\ISIC_0024781.jpg
HAM10000_images_part_1,ISIC_0024782.jpg,.jpg,250323,HAM10000_images_part_1\ISIC_0024782.jpg
HAM10000_images_part_1,ISIC_0024783.jpg,.jpg,270792,HAM10000_images_part_1\ISIC_0024783.jpg
HAM10000_images_part_1,ISIC_0024784.jpg,.jpg,201276,HAM10000_images_part_1\ISIC_0024784.jpg
HAM10000_images_part_1,ISIC_0024785.jpg,.jpg,267365,HAM10000_images_part_1\ISIC_0024785.jpg
HAM10000_images_part_1,ISIC_0024786.jpg,.jpg,231086,HAM10000_images_part_1\ISIC_0024786.jpg
HAM10000_images_part_1,ISIC_0024787.jpg,.jpg,209306,HAM10000_images_part_1\ISIC_0024787.jpg
HAM10000_images_part_1,ISIC_0024788.jpg,.jpg,363081,HAM10000_images_part_1\ISIC_0024788.jpg
HAM10000_images_part_1,ISIC_0024789.jpg,.jpg,100542,HAM10000_images_part_1\ISIC_0024789.jpg
HAM10000_images_part_1,ISIC_0024790.jpg,.jpg,179018,HAM10000_images_part_1\ISIC_0024790.jpg
HAM10000_images_part_1,ISIC_0024791.jpg,.jpg,335329,HAM10000_images_part_1\ISIC_0024791.jpg
HAM10000_images_part_1,ISIC_0024792.jpg,.jpg,299094,HAM10000_images_part_1\ISIC_0024792.jpg
HAM10000_images_part_1,ISIC_0024793.jpg,.jpg,257205,HAM10000_images_part_1\ISIC_0024793.jpg
HAM10000_images_part_1,ISIC_0024794.jpg,.jpg,287565,HAM10000_images_part_1\ISIC_0024794.jpg
HAM10000_images_part_1,ISIC_0024795.jpg,.jpg,293872,HAM10000_images_part_1\ISIC_0024795.jpg
HAM10000_images_part_1,ISIC_0024796.jpg,.jpg,279752,HAM10000_images_part_1\ISIC_0024796.jpg
HAM10000_images_part_1,ISIC_0024797.jpg,.jpg,274558,HAM10000_images_part_1\ISIC_0024797.jpg
HAM10000_images_part_1,ISIC_0024798.jpg,.jpg,278497,HAM10000_images_part_1\ISIC_0024798.jpg
HAM10000_images_part_1,ISIC_0024799.jpg,.jpg,271636,HAM10000_images_part_1\ISIC_0024799.jpg
HAM10000_images_part_1,ISIC_0024800.jpg,.jpg,268800,HAM10000_images_part_1\ISIC_0024800.jpg
HAM10000_images_part_1,ISIC_0024801.jpg,.jpg,283181,HAM10000_images_part_1\ISIC_0024801.jpg
HAM10000_images_part_1,ISIC_0024802.jpg,.jpg,266972,HAM10000_images_part_1\ISIC_0024802.jpg
HAM10000_images_part_1,ISIC_0024803.jpg,.jpg,339952,HAM10000_images_part_1\ISIC_0024803.jpg
HAM10000_images_part_1,ISIC_0024804.jpg,.jpg,347094,HAM10000_images_part_1\ISIC_0024804.jpg
HAM10000_images_part_1,ISIC_0024805.jpg,.jpg,307485,HAM10000_images_part_1\ISIC_0024805.jpg
HAM10000_images_part_1,ISIC_0024806.jpg,.jpg,271106,HAM10000_images_part_1\ISIC_0024806.jpg
HAM10000_images_part_1,ISIC_0024807.jpg,.jpg,297998,HAM10000_images_part_1\ISIC_0024807.jpg
HAM10000_images_part_1,ISIC_0024808.jpg,.jpg,169874,HAM10000_images_part_1\ISIC_0024808.jpg
HAM10000_images_part_1,ISIC_0024809.jpg,.jpg,242131,HAM10000_images_part_1\ISIC_0024809.jpg
HAM10000_images_part_1,ISIC_0024810.jpg,.jpg,283502,HAM10000_images_part_1\ISIC_0024810.jpg
HAM10000_images_part_1,ISIC_0024811.jpg,.jpg,262247,HAM10000_images_part_1\ISIC_0024811.jpg
HAM10000_images_part_1,ISIC_0024812.jpg,.jpg,269221,HAM10000_images_part_1\ISIC_0024812.jpg
HAM10000_images_part_1,ISIC_0024813.jpg,.jpg,303354,HAM10000_images_part_1\ISIC_0024813.jpg
HAM10000_images_part_1,ISIC_0024814.jpg,.jpg,312877,HAM10000_images_part_1\ISIC_0024814.jpg
HAM10000_images_part_1,ISIC_0024815.jpg,.jpg,267083,HAM10000_images_part_1\ISIC_0024815.jpg
HAM10000_images_part_1,ISIC_0024816.jpg,.jpg,302664,HAM10000_images_part_1\ISIC_0024816.jpg
HAM10000_images_part_1,ISIC_0024817.jpg,.jpg,271895,HAM10000_images_part_1\ISIC_0024817.jpg
HAM10000_images_part_1,ISIC_0024818.jpg,.jpg,251978,HAM10000_images_part_1\ISIC_0024818.jpg
HAM10000_images_part_1,ISIC_0024819.jpg,.jpg,264452,HAM10000_images_part_1\ISIC_0024819.jpg
HAM10000_images_part_1,ISIC_0024820.jpg,.jpg,276271,HAM10000_images_part_1\ISIC_0024820.jpg
HAM10000_images_part_1,ISIC_0024821.jpg,.jpg,275264,HAM10000_images_part_1\ISIC_0024821.jpg
HAM10000_images_part_1,ISIC_0024822.jpg,.jpg,256261,HAM10000_images_part_1\ISIC_0024822.jpg
HAM10000_images_part_1,ISIC_0024823.jpg,.jpg,324171,HAM10000_images_part_1\ISIC_0024823.jpg
HAM10000_images_part_1,ISIC_0024824.jpg,.jpg,222205,HAM10000_images_part_1\ISIC_0024824.jpg
HAM10000_images_part_1,ISIC_0024825.jpg,.jpg,323404,HAM10000_images_part_1\ISIC_0024825.jpg
HAM10000_images_part_1,ISIC_0024826.jpg,.jpg,274511,HAM10000_images_part_1\ISIC_0024826.jpg
HAM10000_images_part_1,ISIC_0024827.jpg,.jpg,167964,HAM10000_images_part_1\ISIC_0024827.jpg
HAM10000_images_part_1,ISIC_0024828.jpg,.jpg,354389,HAM10000_images_part_1\ISIC_0024828.jpg
HAM10000_images_part_1,ISIC_0024829.jpg,.jpg,279258,HAM10000_images_part_1\ISIC_0024829.jpg
HAM10000_images_part_1,ISIC_0024830.jpg,.jpg,133468,HAM10000_images_part_1\ISIC_0024830.jpg
HAM10000_images_part_1,ISIC_0024831.jpg,.jpg,264534,HAM10000_images_part_1\ISIC_0024831.jpg
HAM10000_images_part_1,ISIC_0024832.jpg,.jpg,414082,HAM10000_images_part_1\ISIC_0024832.jpg
HAM10000_images_part_1,ISIC_0024833.jpg,.jpg,220161,HAM10000_images_part_1\ISIC_0024833.jpg
HAM10000_images_part_1,ISIC_0024834.jpg,.jpg,256101,HAM10000_images_part_1\ISIC_0024834.jpg
HAM10000_images_part_1,ISIC_0024835.jpg,.jpg,265902,HAM10000_images_part_1\ISIC_0024835.jpg
HAM10000_images_part_1,ISIC_0024836.jpg,.jpg,221914,HAM10000_images_part_1\ISIC_0024836.jpg
HAM10000_images_part_1,ISIC_0024837.jpg,.jpg,241297,HAM10000_images_part_1\ISIC_0024837.jpg
HAM10000_images_part_1,ISIC_0024838.jpg,.jpg,269637,HAM10000_images_part_1\ISIC_0024838.jpg
HAM10000_images_part_1,ISIC_0024839.jpg,.jpg,306681,HAM10000_images_part_1\ISIC_0024839.jpg
HAM10000_images_part_1,ISIC_0024840.jpg,.jpg,267079,HAM10000_images_part_1\ISIC_0024840.jpg
HAM10000_images_part_1,ISIC_0024841.jpg,.jpg,301791,HAM10000_images_part_1\ISIC_0024841.jpg
HAM10000_images_part_1,ISIC_0024842.jpg,.jpg,253729,HAM10000_images_part_1\ISIC_0024842.jpg
HAM10000_images_part_1,ISIC_0024843.jpg,.jpg,246000,HAM10000_images_part_1\ISIC_0024843.jpg
HAM10000_images_part_1,ISIC_0024844.jpg,.jpg,269356,HAM10000_images_part_1\ISIC_0024844.jpg
HAM10000_images_part_1,ISIC_0024845.jpg,.jpg,247053,HAM10000_images_part_1\ISIC_0024845.jpg
HAM10000_images_part_1,ISIC_0024846.jpg,.jpg,258043,HAM10000_images_part_1\ISIC_0024846.jpg
HAM10000_images_part_1,ISIC_0024847.jpg,.jpg,286541,HAM10000_images_part_1\ISIC_0024847.jpg
HAM10000_images_part_1,ISIC_0024848.jpg,.jpg,245214,HAM10000_images_part_1\ISIC_0024848.jpg
HAM10000_images_part_1,ISIC_0024849.jpg,.jpg,289251,HAM10000_images_part_1\ISIC_0024849.jpg
HAM10000_images_part_1,ISIC_0024850.jpg,.jpg,332671,HAM10000_images_part_1\ISIC_0024850.jpg
HAM10000_images_part_1,ISIC_0024851.jpg,.jpg,270589,HAM10000_images_part_1\ISIC_0024851.jpg
HAM10000_images_part_1,ISIC_0024852.jpg,.jpg,272477,HAM10000_images_part_1\ISIC_0024852.jpg
HAM10000_images_part_1,ISIC_0024853.jpg,.jpg,312021,HAM10000_images_part_1\ISIC_0024853.jpg
HAM10000_images_part_1,ISIC_0024854.jpg,.jpg,307795,HAM10000_images_part_1\ISIC_0024854.jpg
HAM10000_images_part_1,ISIC_0024855.jpg,.jpg,168971,HAM10000_images_part_1\ISIC_0024855.jpg
HAM10000_images_part_1,ISIC_0024856.jpg,.jpg,355929,HAM10000_images_part_1\ISIC_0024856.jpg
HAM10000_images_part_1,ISIC_0024857.jpg,.jpg,283127,HAM10000_images_part_1\ISIC_0024857.jpg
HAM10000_images_part_1,ISIC_0024858.jpg,.jpg,263686,HAM10000_images_part_1\ISIC_0024858.jpg
HAM10000_images_part_1,ISIC_0024859.jpg,.jpg,263496,HAM10000_images_part_1\ISIC_0024859.jpg
HAM10000_images_part_1,ISIC_0024860.jpg,.jpg,286812,HAM10000_images_part_1\ISIC_0024860.jpg
HAM10000_images_part_1,ISIC_0024861.jpg,.jpg,284915,HAM10000_images_part_1\ISIC_0024861.jpg
HAM10000_images_part_1,ISIC_0024862.jpg,.jpg,235750,HAM10000_images_part_1\ISIC_0024862.jpg
HAM10000_images_part_1,ISIC_0024863.jpg,.jpg,354247,HAM10000_images_part_1\ISIC_0024863.jpg
HAM10000_images_part_1,ISIC_0024864.jpg,.jpg,271585,HAM10000_images_part_1\ISIC_0024864.jpg
HAM10000_images_part_1,ISIC_0024865.jpg,.jpg,288038,HAM10000_images_part_1\ISIC_0024865.jpg
HAM10000_images_part_1,ISIC_0024866.jpg,.jpg,261745,HAM10000_images_part_1\ISIC_0024866.jpg
HAM10000_images_part_1,ISIC_0024867.jpg,.jpg,310683,HAM10000_images_part_1\ISIC_0024867.jpg
HAM10000_images_part_1,ISIC_0024868.jpg,.jpg,359265,HAM10000_images_part_1\ISIC_0024868.jpg
HAM10000_images_part_1,ISIC_0024869.jpg,.jpg,263814,HAM10000_images_part_1\ISIC_0024869.jpg
HAM10000_images_part_1,ISIC_0024870.jpg,.jpg,304812,HAM10000_images_part_1\ISIC_0024870.jpg
HAM10000_images_part_1,ISIC_0024871.jpg,.jpg,248905,HAM10000_images_part_1\ISIC_0024871.jpg
HAM10000_images_part_1,ISIC_0024872.jpg,.jpg,360908,HAM10000_images_part_1\ISIC_0024872.jpg
HAM10000_images_part_1,ISIC_0024873.jpg,.jpg,264373,HAM10000_images_part_1\ISIC_0024873.jpg
HAM10000_images_part_1,ISIC_0024874.jpg,.jpg,270211,HAM10000_images_part_1\ISIC_0024874.jpg
HAM10000_images_part_1,ISIC_0024875.jpg,.jpg,288034,HAM10000_images_part_1\ISIC_0024875.jpg
HAM10000_images_part_1,ISIC_0024876.jpg,.jpg,149216,HAM10000_images_part_1\ISIC_0024876.jpg
HAM10000_images_part_1,ISIC_0024877.jpg,.jpg,266647,HAM10000_images_part_1\ISIC_0024877.jpg
HAM10000_images_part_1,ISIC_0024878.jpg,.jpg,267099,HAM10000_images_part_1\ISIC_0024878.jpg
HAM10000_images_part_1,ISIC_0024879.jpg,.jpg,340916,HAM10000_images_part_1\ISIC_0024879.jpg
HAM10000_images_part_1,ISIC_0024880.jpg,.jpg,245490,HAM10000_images_part_1\ISIC_0024880.jpg
HAM10000_images_part_1,ISIC_0024881.jpg,.jpg,285111,HAM10000_images_part_1\ISIC_0024881.jpg
HAM10000_images_part_1,ISIC_0024882.jpg,.jpg,234478,HAM10000_images_part_1\ISIC_0024882.jpg
HAM10000_images_part_1,ISIC_0024883.jpg,.jpg,266819,HAM10000_images_part_1\ISIC_0024883.jpg
HAM10000_images_part_1,ISIC_0024884.jpg,.jpg,321025,HAM10000_images_part_1\ISIC_0024884.jpg
HAM10000_images_part_1,ISIC_0024885.jpg,.jpg,219448,HAM10000_images_part_1\ISIC_0024885.jpg
HAM10000_images_part_1,ISIC_0024886.jpg,.jpg,276120,HAM10000_images_part_1\ISIC_0024886.jpg
HAM10000_images_part_1,ISIC_0024887.jpg,.jpg,358446,HAM10000_images_part_1\ISIC_0024887.jpg
HAM10000_images_part_1,ISIC_0024888.jpg,.jpg,252577,HAM10000_images_part_1\ISIC_0024888.jpg
HAM10000_images_part_1,ISIC_0024889.jpg,.jpg,281155,HAM10000_images_part_1\ISIC_0024889.jpg
HAM10000_images_part_1,ISIC_0024890.jpg,.jpg,309021,HAM10000_images_part_1\ISIC_0024890.jpg
HAM10000_images_part_1,ISIC_0024891.jpg,.jpg,334183,HAM10000_images_part_1\ISIC_0024891.jpg
HAM10000_images_part_1,ISIC_0024892.jpg,.jpg,265418,HAM10000_images_part_1\ISIC_0024892.jpg
HAM10000_images_part_1,ISIC_0024893.jpg,.jpg,261850,HAM10000_images_part_1\ISIC_0024893.jpg
HAM10000_images_part_1,ISIC_0024894.jpg,.jpg,277276,HAM10000_images_part_1\ISIC_0024894.jpg
HAM10000_images_part_1,ISIC_0024895.jpg,.jpg,271326,HAM10000_images_part_1\ISIC_0024895.jpg
HAM10000_images_part_1,ISIC_0024896.jpg,.jpg,325037,HAM10000_images_part_1\ISIC_0024896.jpg
HAM10000_images_part_1,ISIC_0024897.jpg,.jpg,223152,HAM10000_images_part_1\ISIC_0024897.jpg
HAM10000_images_part_1,ISIC_0024898.jpg,.jpg,285691,HAM10000_images_part_1\ISIC_0024898.jpg
HAM10000_images_part_1,ISIC_0024899.jpg,.jpg,209847,HAM10000_images_part_1\ISIC_0024899.jpg
HAM10000_images_part_1,ISIC_0024900.jpg,.jpg,272185,HAM10000_images_part_1\ISIC_0024900.jpg
HAM10000_images_part_1,ISIC_0024901.jpg,.jpg,339960,HAM10000_images_part_1\ISIC_0024901.jpg
HAM10000_images_part_1,ISIC_0024902.jpg,.jpg,249153,HAM10000_images_part_1\ISIC_0024902.jpg
HAM10000_images_part_1,ISIC_0024903.jpg,.jpg,273349,HAM10000_images_part_1\ISIC_0024903.jpg
HAM10000_images_part_1,ISIC_0024904.jpg,.jpg,223385,HAM10000_images_part_1\ISIC_0024904.jpg
HAM10000_images_part_1,ISIC_0024905.jpg,.jpg,277965,HAM10000_images_part_1\ISIC_0024905.jpg
HAM10000_images_part_1,ISIC_0024906.jpg,.jpg,246160,HAM10000_images_part_1\ISIC_0024906.jpg
HAM10000_images_part_1,ISIC_0024907.jpg,.jpg,306079,HAM10000_images_part_1\ISIC_0024907.jpg
HAM10000_images_part_1,ISIC_0024908.jpg,.jpg,242854,HAM10000_images_part_1\ISIC_0024908.jpg
HAM10000_images_part_1,ISIC_0024909.jpg,.jpg,276787,HAM10000_images_part_1\ISIC_0024909.jpg
HAM10000_images_part_1,ISIC_0024910.jpg,.jpg,286255,HAM10000_images_part_1\ISIC_0024910.jpg
HAM10000_images_part_1,ISIC_0024911.jpg,.jpg,276878,HAM10000_images_part_1\ISIC_0024911.jpg
HAM10000_images_part_1,ISIC_0024912.jpg,.jpg,263620,HAM10000_images_part_1\ISIC_0024912.jpg
HAM10000_images_part_1,ISIC_0024913.jpg,.jpg,324826,HAM10000_images_part_1\ISIC_0024913.jpg
HAM10000_images_part_1,ISIC_0024914.jpg,.jpg,266621,HAM10000_images_part_1\ISIC_0024914.jpg
HAM10000_images_part_1,ISIC_0024915.jpg,.jpg,242891,HAM10000_images_part_1\ISIC_0024915.jpg
HAM10000_images_part_1,ISIC_0024916.jpg,.jpg,160660,HAM10000_images_part_1\ISIC_0024916.jpg
HAM10000_images_part_1,ISIC_0024917.jpg,.jpg,278923,HAM10000_images_part_1\ISIC_0024917.jpg
HAM10000_images_part_1,ISIC_0024918.jpg,.jpg,266101,HAM10000_images_part_1\ISIC_0024918.jpg
HAM10000_images_part_1,ISIC_0024919.jpg,.jpg,280029,HAM10000_images_part_1\ISIC_0024919.jpg
HAM10000_images_part_1,ISIC_0024920.jpg,.jpg,279140,HAM10000_images_part_1\ISIC_0024920.jpg
HAM10000_images_part_1,ISIC_0024921.jpg,.jpg,277748,HAM10000_images_part_1\ISIC_0024921.jpg
HAM10000_images_part_1,ISIC_0024922.jpg,.jpg,215861,HAM10000_images_part_1\ISIC_0024922.jpg
HAM10000_images_part_1,ISIC_0024923.jpg,.jpg,210151,HAM10000_images_part_1\ISIC_0024923.jpg
HAM10000_images_part_1,ISIC_0024924.jpg,.jpg,256188,HAM10000_images_part_1\ISIC_0024924.jpg
HAM10000_images_part_1,ISIC_0024925.jpg,.jpg,227059,HAM10000_images_part_1\ISIC_0024925.jpg
HAM10000_images_part_1,ISIC_0024926.jpg,.jpg,212007,HAM10000_images_part_1\ISIC_0024926.jpg
HAM10000_images_part_1,ISIC_0024927.jpg,.jpg,288282,HAM10000_images_part_1\ISIC_0024927.jpg
HAM10000_images_part_1,ISIC_0024928.jpg,.jpg,262441,HAM10000_images_part_1\ISIC_0024928.jpg
HAM10000_images_part_1,ISIC_0024929.jpg,.jpg,281484,HAM10000_images_part_1\ISIC_0024929.jpg
HAM10000_images_part_1,ISIC_0024930.jpg,.jpg,286002,HAM10000_images_part_1\ISIC_0024930.jpg
HAM10000_images_part_1,ISIC_0024931.jpg,.jpg,108669,HAM10000_images_part_1\ISIC_0024931.jpg
HAM10000_images_part_1,ISIC_0024932.jpg,.jpg,237139,HAM10000_images_part_1\ISIC_0024932.jpg
HAM10000_images_part_1,ISIC_0024933.jpg,.jpg,208017,HAM10000_images_part_1\ISIC_0024933.jpg
HAM10000_images_part_1,ISIC_0024934.jpg,.jpg,150734,HAM10000_images_part_1\ISIC_0024934.jpg
HAM10000_images_part_1,ISIC_0024935.jpg,.jpg,284688,HAM10000_images_part_1\ISIC_0024935.jpg
HAM10000_images_part_1,ISIC_0024936.jpg,.jpg,266074,HAM10000_images_part_1\ISIC_0024936.jpg
HAM10000_images_part_1,ISIC_0024937.jpg,.jpg,256883,HAM10000_images_part_1\ISIC_0024937.jpg
HAM10000_images_part_1,ISIC_0024938.jpg,.jpg,265709,HAM10000_images_part_1\ISIC_0024938.jpg
HAM10000_images_part_1,ISIC_0024939.jpg,.jpg,276594,HAM10000_images_part_1\ISIC_0024939.jpg
HAM10000_images_part_1,ISIC_0024940.jpg,.jpg,328034,HAM10000_images_part_1\ISIC_0024940.jpg
HAM10000_images_part_1,ISIC_0024941.jpg,.jpg,246071,HAM10000_images_part_1\ISIC_0024941.jpg
HAM10000_images_part_1,ISIC_0024942.jpg,.jpg,259017,HAM10000_images_part_1\ISIC_0024942.jpg
HAM10000_images_part_1,ISIC_0024943.jpg,.jpg,266076,HAM10000_images_part_1\ISIC_0024943.jpg
HAM10000_images_part_1,ISIC_0024944.jpg,.jpg,353487,HAM10000_images_part_1\ISIC_0024944.jpg
HAM10000_images_part_1,ISIC_0024945.jpg,.jpg,368839,HAM10000_images_part_1\ISIC_0024945.jpg
HAM10000_images_part_1,ISIC_0024946.jpg,.jpg,200885,HAM10000_images_part_1\ISIC_0024946.jpg
HAM10000_images_part_1,ISIC_0024947.jpg,.jpg,210453,HAM10000_images_part_1\ISIC_0024947.jpg
HAM10000_images_part_1,ISIC_0024948.jpg,.jpg,274115,HAM10000_images_part_1\ISIC_0024948.jpg
HAM10000_images_part_1,ISIC_0024949.jpg,.jpg,189711,HAM10000_images_part_1\ISIC_0024949.jpg
HAM10000_images_part_1,ISIC_0024950.jpg,.jpg,274700,HAM10000_images_part_1\ISIC_0024950.jpg
HAM10000_images_part_1,ISIC_0024951.jpg,.jpg,300403,HAM10000_images_part_1\ISIC_0024951.jpg
HAM10000_images_part_1,ISIC_0024952.jpg,.jpg,291822,HAM10000_images_part_1\ISIC_0024952.jpg
HAM10000_images_part_1,ISIC_0024953.jpg,.jpg,285089,HAM10000_images_part_1\ISIC_0024953.jpg
HAM10000_images_part_1,ISIC_0024954.jpg,.jpg,291347,HAM10000_images_part_1\ISIC_0024954.jpg
HAM10000_images_part_1,ISIC_0024955.jpg,.jpg,253391,HAM10000_images_part_1\ISIC_0024955.jpg
HAM10000_images_part_1,ISIC_0024956.jpg,.jpg,263089,HAM10000_images_part_1\ISIC_0024956.jpg
HAM10000_images_part_1,ISIC_0024957.jpg,.jpg,257932,HAM10000_images_part_1\ISIC_0024957.jpg
HAM10000_images_part_1,ISIC_0024958.jpg,.jpg,275996,HAM10000_images_part_1\ISIC_0024958.jpg
HAM10000_images_part_1,ISIC_0024959.jpg,.jpg,194919,HAM10000_images_part_1\ISIC_0024959.jpg
HAM10000_images_part_1,ISIC_0024960.jpg,.jpg,263869,HAM10000_images_part_1\ISIC_0024960.jpg
HAM10000_images_part_1,ISIC_0024961.jpg,.jpg,267310,HAM10000_images_part_1\ISIC_0024961.jpg
HAM10000_images_part_1,ISIC_0024962.jpg,.jpg,312655,HAM10000_images_part_1\ISIC_0024962.jpg
HAM10000_images_part_1,ISIC_0024963.jpg,.jpg,165030,HAM10000_images_part_1\ISIC_0024963.jpg
HAM10000_images_part_1,ISIC_0024964.jpg,.jpg,343055,HAM10000_images_part_1\ISIC_0024964.jpg
HAM10000_images_part_1,ISIC_0024965.jpg,.jpg,297022,HAM10000_images_part_1\ISIC_0024965.jpg
HAM10000_images_part_1,ISIC_0024966.jpg,.jpg,281970,HAM10000_images_part_1\ISIC_0024966.jpg
HAM10000_images_part_1,ISIC_0024967.jpg,.jpg,315753,HAM10000_images_part_1\ISIC_0024967.jpg
HAM10000_images_part_1,ISIC_0024968.jpg,.jpg,359186,HAM10000_images_part_1\ISIC_0024968.jpg
HAM10000_images_part_1,ISIC_0024969.jpg,.jpg,210751,HAM10000_images_part_1\ISIC_0024969.jpg
HAM10000_images_part_1,ISIC_0024970.jpg,.jpg,287787,HAM10000_images_part_1\ISIC_0024970.jpg
HAM10000_images_part_1,ISIC_0024971.jpg,.jpg,263783,HAM10000_images_part_1\ISIC_0024971.jpg
HAM10000_images_part_1,ISIC_0024972.jpg,.jpg,270662,HAM10000_images_part_1\ISIC_0024972.jpg
HAM10000_images_part_1,ISIC_0024973.jpg,.jpg,261066,HAM10000_images_part_1\ISIC_0024973.jpg
HAM10000_images_part_1,ISIC_0024974.jpg,.jpg,262320,HAM10000_images_part_1\ISIC_0024974.jpg
HAM10000_images_part_1,ISIC_0024975.jpg,.jpg,295441,HAM10000_images_part_1\ISIC_0024975.jpg
HAM10000_images_part_1,ISIC_0024976.jpg,.jpg,330173,HAM10000_images_part_1\ISIC_0024976.jpg
HAM10000_images_part_1,ISIC_0024977.jpg,.jpg,282244,HAM10000_images_part_1\ISIC_0024977.jpg
HAM10000_images_part_1,ISIC_0024978.jpg,.jpg,279810,HAM10000_images_part_1\ISIC_0024978.jpg
HAM10000_images_part_1,ISIC_0024979.jpg,.jpg,346151,HAM10000_images_part_1\ISIC_0024979.jpg
HAM10000_images_part_1,ISIC_0024980.jpg,.jpg,330967,HAM10000_images_part_1\ISIC_0024980.jpg
HAM10000_images_part_1,ISIC_0024981.jpg,.jpg,344526,HAM10000_images_part_1\ISIC_0024981.jpg
HAM10000_images_part_1,ISIC_0024982.jpg,.jpg,215748,HAM10000_images_part_1\ISIC_0024982.jpg
HAM10000_images_part_1,ISIC_0024983.jpg,.jpg,284539,HAM10000_images_part_1\ISIC_0024983.jpg
HAM10000_images_part_1,ISIC_0024984.jpg,.jpg,259571,HAM10000_images_part_1\ISIC_0024984.jpg
HAM10000_images_part_1,ISIC_0024985.jpg,.jpg,333993,HAM10000_images_part_1\ISIC_0024985.jpg
HAM10000_images_part_1,ISIC_0024986.jpg,.jpg,254403,HAM10000_images_part_1\ISIC_0024986.jpg
HAM10000_images_part_1,ISIC_0024987.jpg,.jpg,325147,HAM10000_images_part_1\ISIC_0024987.jpg
HAM10000_images_part_1,ISIC_0024988.jpg,.jpg,268265,HAM10000_images_part_1\ISIC_0024988.jpg
HAM10000_images_part_1,ISIC_0024989.jpg,.jpg,274704,HAM10000_images_part_1\ISIC_0024989.jpg
HAM10000_images_part_1,ISIC_0024990.jpg,.jpg,269544,HAM10000_images_part_1\ISIC_0024990.jpg
HAM10000_images_part_1,ISIC_0024991.jpg,.jpg,270327,HAM10000_images_part_1\ISIC_0024991.jpg
HAM10000_images_part_1,ISIC_0024992.jpg,.jpg,271123,HAM10000_images_part_1\ISIC_0024992.jpg
HAM10000_images_part_1,ISIC_0024993.jpg,.jpg,265770,HAM10000_images_part_1\ISIC_0024993.jpg
HAM10000_images_part_1,ISIC_0024994.jpg,.jpg,329394,HAM10000_images_part_1\ISIC_0024994.jpg
HAM10000_images_part_1,ISIC_0024995.jpg,.jpg,193973,HAM10000_images_part_1\ISIC_0024995.jpg
HAM10000_images_part_1,ISIC_0024996.jpg,.jpg,173960,HAM10000_images_part_1\ISIC_0024996.jpg
HAM10000_images_part_1,ISIC_0024997.jpg,.jpg,257003,HAM10000_images_part_1\ISIC_0024997.jpg
HAM10000_images_part_1,ISIC_0024998.jpg,.jpg,195892,HAM10000_images_part_1\ISIC_0024998.jpg
HAM10000_images_part_1,ISIC_0024999.jpg,.jpg,267032,HAM10000_images_part_1\ISIC_0024999.jpg
HAM10000_images_part_1,ISIC_0025000.jpg,.jpg,230794,HAM10000_images_part_1\ISIC_0025000.jpg
HAM10000_images_part_1,ISIC_0025001.jpg,.jpg,281758,HAM10000_images_part_1\ISIC_0025001.jpg
HAM10000_images_part_1,ISIC_0025002.jpg,.jpg,280769,HAM10000_images_part_1\ISIC_0025002.jpg
HAM10000_images_part_1,ISIC_0025003.jpg,.jpg,335874,HAM10000_images_part_1\ISIC_0025003.jpg
HAM10000_images_part_1,ISIC_0025004.jpg,.jpg,272980,HAM10000_images_part_1\ISIC_0025004.jpg
HAM10000_images_part_1,ISIC_0025005.jpg,.jpg,322195,HAM10000_images_part_1\ISIC_0025005.jpg
HAM10000_images_part_1,ISIC_0025006.jpg,.jpg,274203,HAM10000_images_part_1\ISIC_0025006.jpg
HAM10000_images_part_1,ISIC_0025007.jpg,.jpg,269920,HAM10000_images_part_1\ISIC_0025007.jpg
HAM10000_images_part_1,ISIC_0025008.jpg,.jpg,265636,HAM10000_images_part_1\ISIC_0025008.jpg
HAM10000_images_part_1,ISIC_0025009.jpg,.jpg,195517,HAM10000_images_part_1\ISIC_0025009.jpg
HAM10000_images_part_1,ISIC_0025010.jpg,.jpg,295089,HAM10000_images_part_1\ISIC_0025010.jpg
HAM10000_images_part_1,ISIC_0025011.jpg,.jpg,283024,HAM10000_images_part_1\ISIC_0025011.jpg
HAM10000_images_part_1,ISIC_0025012.jpg,.jpg,260994,HAM10000_images_part_1\ISIC_0025012.jpg
HAM10000_images_part_1,ISIC_0025013.jpg,.jpg,283753,HAM10000_images_part_1\ISIC_0025013.jpg
HAM10000_images_part_1,ISIC_0025014.jpg,.jpg,286893,HAM10000_images_part_1\ISIC_0025014.jpg
HAM10000_images_part_1,ISIC_0025015.jpg,.jpg,270530,HAM10000_images_part_1\ISIC_0025015.jpg
HAM10000_images_part_1,ISIC_0025016.jpg,.jpg,233828,HAM10000_images_part_1\ISIC_0025016.jpg
HAM10000_images_part_1,ISIC_0025017.jpg,.jpg,276846,HAM10000_images_part_1\ISIC_0025017.jpg
HAM10000_images_part_1,ISIC_0025018.jpg,.jpg,232419,HAM10000_images_part_1\ISIC_0025018.jpg
HAM10000_images_part_1,ISIC_0025019.jpg,.jpg,187034,HAM10000_images_part_1\ISIC_0025019.jpg
HAM10000_images_part_1,ISIC_0025020.jpg,.jpg,281513,HAM10000_images_part_1\ISIC_0025020.jpg
HAM10000_images_part_1,ISIC_0025021.jpg,.jpg,282136,HAM10000_images_part_1\ISIC_0025021.jpg
HAM10000_images_part_1,ISIC_0025022.jpg,.jpg,294998,HAM10000_images_part_1\ISIC_0025022.jpg
HAM10000_images_part_1,ISIC_0025023.jpg,.jpg,284184,HAM10000_images_part_1\ISIC_0025023.jpg
HAM10000_images_part_1,ISIC_0025024.jpg,.jpg,282997,HAM10000_images_part_1\ISIC_0025024.jpg
HAM10000_images_part_1,ISIC_0025025.jpg,.jpg,288852,HAM10000_images_part_1\ISIC_0025025.jpg
HAM10000_images_part_1,ISIC_0025026.jpg,.jpg,265985,HAM10000_images_part_1\ISIC_0025026.jpg
HAM10000_images_part_1,ISIC_0025027.jpg,.jpg,125473,HAM10000_images_part_1\ISIC_0025027.jpg
HAM10000_images_part_1,ISIC_0025028.jpg,.jpg,351704,HAM10000_images_part_1\ISIC_0025028.jpg
HAM10000_images_part_1,ISIC_0025029.jpg,.jpg,241573,HAM10000_images_part_1\ISIC_0025029.jpg
HAM10000_images_part_1,ISIC_0025030.jpg,.jpg,319112,HAM10000_images_part_1\ISIC_0025030.jpg
HAM10000_images_part_1,ISIC_0025031.jpg,.jpg,249209,HAM10000_images_part_1\ISIC_0025031.jpg
HAM10000_images_part_1,ISIC_0025032.jpg,.jpg,285664,HAM10000_images_part_1\ISIC_0025032.jpg
HAM10000_images_part_1,ISIC_0025033.jpg,.jpg,242438,HAM10000_images_part_1\ISIC_0025033.jpg
HAM10000_images_part_1,ISIC_0025034.jpg,.jpg,279149,HAM10000_images_part_1\ISIC_0025034.jpg
HAM10000_images_part_1,ISIC_0025035.jpg,.jpg,234055,HAM10000_images_part_1\ISIC_0025035.jpg
HAM10000_images_part_1,ISIC_0025036.jpg,.jpg,272368,HAM10000_images_part_1\ISIC_0025036.jpg
HAM10000_images_part_1,ISIC_0025037.jpg,.jpg,282339,HAM10000_images_part_1\ISIC_0025037.jpg
HAM10000_images_part_1,ISIC_0025038.jpg,.jpg,269292,HAM10000_images_part_1\ISIC_0025038.jpg
HAM10000_images_part_1,ISIC_0025039.jpg,.jpg,318110,HAM10000_images_part_1\ISIC_0025039.jpg
HAM10000_images_part_1,ISIC_0025040.jpg,.jpg,258515,HAM10000_images_part_1\ISIC_0025040.jpg
HAM10000_images_part_1,ISIC_0025041.jpg,.jpg,340017,HAM10000_images_part_1\ISIC_0025041.jpg
HAM10000_images_part_1,ISIC_0025042.jpg,.jpg,271464,HAM10000_images_part_1\ISIC_0025042.jpg
HAM10000_images_part_1,ISIC_0025043.jpg,.jpg,232754,HAM10000_images_part_1\ISIC_0025043.jpg
HAM10000_images_part_1,ISIC_0025044.jpg,.jpg,364229,HAM10000_images_part_1\ISIC_0025044.jpg
HAM10000_images_part_1,ISIC_0025045.jpg,.jpg,336387,HAM10000_images_part_1\ISIC_0025045.jpg
HAM10000_images_part_1,ISIC_0025046.jpg,.jpg,208590,HAM10000_images_part_1\ISIC_0025046.jpg
HAM10000_images_part_1,ISIC_0025047.jpg,.jpg,305369,HAM10000_images_part_1\ISIC_0025047.jpg
HAM10000_images_part_1,ISIC_0025048.jpg,.jpg,275372,HAM10000_images_part_1\ISIC_0025048.jpg
HAM10000_images_part_1,ISIC_0025049.jpg,.jpg,290933,HAM10000_images_part_1\ISIC_0025049.jpg
HAM10000_images_part_1,ISIC_0025050.jpg,.jpg,274046,HAM10000_images_part_1\ISIC_0025050.jpg
HAM10000_images_part_1,ISIC_0025051.jpg,.jpg,162632,HAM10000_images_part_1\ISIC_0025051.jpg
HAM10000_images_part_1,ISIC_0025052.jpg,.jpg,352332,HAM10000_images_part_1\ISIC_0025052.jpg
HAM10000_images_part_1,ISIC_0025053.jpg,.jpg,353462,HAM10000_images_part_1\ISIC_0025053.jpg
HAM10000_images_part_1,ISIC_0025054.jpg,.jpg,363695,HAM10000_images_part_1\ISIC_0025054.jpg
HAM10000_images_part_1,ISIC_0025055.jpg,.jpg,272642,HAM10000_images_part_1\ISIC_0025055.jpg
HAM10000_images_part_1,ISIC_0025056.jpg,.jpg,344549,HAM10000_images_part_1\ISIC_0025056.jpg
HAM10000_images_part_1,ISIC_0025057.jpg,.jpg,346183,HAM10000_images_part_1\ISIC_0025057.jpg
HAM10000_images_part_1,ISIC_0025058.jpg,.jpg,264085,HAM10000_images_part_1\ISIC_0025058.jpg
HAM10000_images_part_1,ISIC_0025059.jpg,.jpg,298180,HAM10000_images_part_1\ISIC_0025059.jpg
HAM10000_images_part_1,ISIC_0025060.jpg,.jpg,274181,HAM10000_images_part_1\ISIC_0025060.jpg
HAM10000_images_part_1,ISIC_0025061.jpg,.jpg,260425,HAM10000_images_part_1\ISIC_0025061.jpg
HAM10000_images_part_1,ISIC_0025062.jpg,.jpg,239543,HAM10000_images_part_1\ISIC_0025062.jpg
HAM10000_images_part_1,ISIC_0025063.jpg,.jpg,285669,HAM10000_images_part_1\ISIC_0025063.jpg
HAM10000_images_part_1,ISIC_0025064.jpg,.jpg,253237,HAM10000_images_part_1\ISIC_0025064.jpg
HAM10000_images_part_1,ISIC_0025065.jpg,.jpg,213247,HAM10000_images_part_1\ISIC_0025065.jpg
HAM10000_images_part_1,ISIC_0025066.jpg,.jpg,263810,HAM10000_images_part_1\ISIC_0025066.jpg
HAM10000_images_part_1,ISIC_0025067.jpg,.jpg,299223,HAM10000_images_part_1\ISIC_0025067.jpg
HAM10000_images_part_1,ISIC_0025068.jpg,.jpg,292969,HAM10000_images_part_1\ISIC_0025068.jpg
HAM10000_images_part_1,ISIC_0025069.jpg,.jpg,277486,HAM10000_images_part_1\ISIC_0025069.jpg
HAM10000_images_part_1,ISIC_0025070.jpg,.jpg,302880,HAM10000_images_part_1\ISIC_0025070.jpg
HAM10000_images_part_1,ISIC_0025071.jpg,.jpg,292875,HAM10000_images_part_1\ISIC_0025071.jpg
HAM10000_images_part_1,ISIC_0025072.jpg,.jpg,279580,HAM10000_images_part_1\ISIC_0025072.jpg
HAM10000_images_part_1,ISIC_0025073.jpg,.jpg,250444,HAM10000_images_part_1\ISIC_0025073.jpg
HAM10000_images_part_1,ISIC_0025074.jpg,.jpg,172770,HAM10000_images_part_1\ISIC_0025074.jpg
HAM10000_images_part_1,ISIC_0025075.jpg,.jpg,334182,HAM10000_images_part_1\ISIC_0025075.jpg
HAM10000_images_part_1,ISIC_0025076.jpg,.jpg,266847,HAM10000_images_part_1\ISIC_0025076.jpg
HAM10000_images_part_1,ISIC_0025077.jpg,.jpg,271983,HAM10000_images_part_1\ISIC_0025077.jpg
HAM10000_images_part_1,ISIC_0025078.jpg,.jpg,254339,HAM10000_images_part_1\ISIC_0025078.jpg
HAM10000_images_part_1,ISIC_0025079.jpg,.jpg,328160,HAM10000_images_part_1\ISIC_0025079.jpg
HAM10000_images_part_1,ISIC_0025080.jpg,.jpg,334819,HAM10000_images_part_1\ISIC_0025080.jpg
HAM10000_images_part_1,ISIC_0025081.jpg,.jpg,261897,HAM10000_images_part_1\ISIC_0025081.jpg
HAM10000_images_part_1,ISIC_0025082.jpg,.jpg,277610,HAM10000_images_part_1\ISIC_0025082.jpg
HAM10000_images_part_1,ISIC_0025083.jpg,.jpg,279350,HAM10000_images_part_1\ISIC_0025083.jpg
HAM10000_images_part_1,ISIC_0025084.jpg,.jpg,334827,HAM10000_images_part_1\ISIC_0025084.jpg
HAM10000_images_part_1,ISIC_0025085.jpg,.jpg,229884,HAM10000_images_part_1\ISIC_0025085.jpg
HAM10000_images_part_1,ISIC_0025086.jpg,.jpg,254684,HAM10000_images_part_1\ISIC_0025086.jpg
HAM10000_images_part_1,ISIC_0025087.jpg,.jpg,286847,HAM10000_images_part_1\ISIC_0025087.jpg
HAM10000_images_part_1,ISIC_0025088.jpg,.jpg,131749,HAM10000_images_part_1\ISIC_0025088.jpg
HAM10000_images_part_1,ISIC_0025089.jpg,.jpg,269889,HAM10000_images_part_1\ISIC_0025089.jpg
HAM10000_images_part_1,ISIC_0025090.jpg,.jpg,345277,HAM10000_images_part_1\ISIC_0025090.jpg
HAM10000_images_part_1,ISIC_0025091.jpg,.jpg,279399,HAM10000_images_part_1\ISIC_0025091.jpg
HAM10000_images_part_1,ISIC_0025092.jpg,.jpg,279158,HAM10000_images_part_1\ISIC_0025092.jpg
HAM10000_images_part_1,ISIC_0025093.jpg,.jpg,259910,HAM10000_images_part_1\ISIC_0025093.jpg
HAM10000_images_part_1,ISIC_0025094.jpg,.jpg,252534,HAM10000_images_part_1\ISIC_0025094.jpg
HAM10000_images_part_1,ISIC_0025095.jpg,.jpg,347400,HAM10000_images_part_1\ISIC_0025095.jpg
HAM10000_images_part_1,ISIC_0025096.jpg,.jpg,300479,HAM10000_images_part_1\ISIC_0025096.jpg
HAM10000_images_part_1,ISIC_0025097.jpg,.jpg,279041,HAM10000_images_part_1\ISIC_0025097.jpg
HAM10000_images_part_1,ISIC_0025098.jpg,.jpg,290899,HAM10000_images_part_1\ISIC_0025098.jpg
HAM10000_images_part_1,ISIC_0025099.jpg,.jpg,246451,HAM10000_images_part_1\ISIC_0025099.jpg
HAM10000_images_part_1,ISIC_0025100.jpg,.jpg,359703,HAM10000_images_part_1\ISIC_0025100.jpg
HAM10000_images_part_1,ISIC_0025101.jpg,.jpg,245614,HAM10000_images_part_1\ISIC_0025101.jpg
HAM10000_images_part_1,ISIC_0025102.jpg,.jpg,283524,HAM10000_images_part_1\ISIC_0025102.jpg
HAM10000_images_part_1,ISIC_0025103.jpg,.jpg,324522,HAM10000_images_part_1\ISIC_0025103.jpg
HAM10000_images_part_1,ISIC_0025104.jpg,.jpg,337288,HAM10000_images_part_1\ISIC_0025104.jpg
HAM10000_images_part_1,ISIC_0025105.jpg,.jpg,270894,HAM10000_images_part_1\ISIC_0025105.jpg
HAM10000_images_part_1,ISIC_0025106.jpg,.jpg,234262,HAM10000_images_part_1\ISIC_0025106.jpg
HAM10000_images_part_1,ISIC_0025107.jpg,.jpg,271934,HAM10000_images_part_1\ISIC_0025107.jpg
HAM10000_images_part_1,ISIC_0025108.jpg,.jpg,169792,HAM10000_images_part_1\ISIC_0025108.jpg
HAM10000_images_part_1,ISIC_0025109.jpg,.jpg,311557,HAM10000_images_part_1\ISIC_0025109.jpg
HAM10000_images_part_1,ISIC_0025110.jpg,.jpg,278677,HAM10000_images_part_1\ISIC_0025110.jpg
HAM10000_images_part_1,ISIC_0025111.jpg,.jpg,272683,HAM10000_images_part_1\ISIC_0025111.jpg
HAM10000_images_part_1,ISIC_0025112.jpg,.jpg,149261,HAM10000_images_part_1\ISIC_0025112.jpg
HAM10000_images_part_1,ISIC_0025113.jpg,.jpg,253110,HAM10000_images_part_1\ISIC_0025113.jpg
HAM10000_images_part_1,ISIC_0025114.jpg,.jpg,269799,HAM10000_images_part_1\ISIC_0025114.jpg
HAM10000_images_part_1,ISIC_0025115.jpg,.jpg,264146,HAM10000_images_part_1\ISIC_0025115.jpg
HAM10000_images_part_1,ISIC_0025116.jpg,.jpg,384232,HAM10000_images_part_1\ISIC_0025116.jpg
HAM10000_images_part_1,ISIC_0025117.jpg,.jpg,210732,HAM10000_images_part_1\ISIC_0025117.jpg
HAM10000_images_part_1,ISIC_0025118.jpg,.jpg,234349,HAM10000_images_part_1\ISIC_0025118.jpg
HAM10000_images_part_1,ISIC_0025119.jpg,.jpg,273428,HAM10000_images_part_1\ISIC_0025119.jpg
HAM10000_images_part_1,ISIC_0025120.jpg,.jpg,367191,HAM10000_images_part_1\ISIC_0025120.jpg
HAM10000_images_part_1,ISIC_0025121.jpg,.jpg,256955,HAM10000_images_part_1\ISIC_0025121.jpg
HAM10000_images_part_1,ISIC_0025122.jpg,.jpg,263188,HAM10000_images_part_1\ISIC_0025122.jpg
HAM10000_images_part_1,ISIC_0025123.jpg,.jpg,176307,HAM10000_images_part_1\ISIC_0025123.jpg
HAM10000_images_part_1,ISIC_0025124.jpg,.jpg,264945,HAM10000_images_part_1\ISIC_0025124.jpg
HAM10000_images_part_1,ISIC_0025125.jpg,.jpg,274430,HAM10000_images_part_1\ISIC_0025125.jpg
HAM10000_images_part_1,ISIC_0025126.jpg,.jpg,277263,HAM10000_images_part_1\ISIC_0025126.jpg
HAM10000_images_part_1,ISIC_0025127.jpg,.jpg,258962,HAM10000_images_part_1\ISIC_0025127.jpg
HAM10000_images_part_1,ISIC_0025128.jpg,.jpg,188303,HAM10000_images_part_1\ISIC_0025128.jpg
HAM10000_images_part_1,ISIC_0025129.jpg,.jpg,223359,HAM10000_images_part_1\ISIC_0025129.jpg
HAM10000_images_part_1,ISIC_0025130.jpg,.jpg,278034,HAM10000_images_part_1\ISIC_0025130.jpg
HAM10000_images_part_1,ISIC_0025131.jpg,.jpg,355697,HAM10000_images_part_1\ISIC_0025131.jpg
HAM10000_images_part_1,ISIC_0025132.jpg,.jpg,247099,HAM10000_images_part_1\ISIC_0025132.jpg
HAM10000_images_part_1,ISIC_0025133.jpg,.jpg,301110,HAM10000_images_part_1\ISIC_0025133.jpg
HAM10000_images_part_1,ISIC_0025134.jpg,.jpg,272508,HAM10000_images_part_1\ISIC_0025134.jpg
HAM10000_images_part_1,ISIC_0025135.jpg,.jpg,276696,HAM10000_images_part_1\ISIC_0025135.jpg
HAM10000_images_part_1,ISIC_0025136.jpg,.jpg,250777,HAM10000_images_part_1\ISIC_0025136.jpg
HAM10000_images_part_1,ISIC_0025137.jpg,.jpg,282561,HAM10000_images_part_1\ISIC_0025137.jpg
HAM10000_images_part_1,ISIC_0025138.jpg,.jpg,246770,HAM10000_images_part_1\ISIC_0025138.jpg
HAM10000_images_part_1,ISIC_0025139.jpg,.jpg,294691,HAM10000_images_part_1\ISIC_0025139.jpg
HAM10000_images_part_1,ISIC_0025140.jpg,.jpg,320768,HAM10000_images_part_1\ISIC_0025140.jpg
HAM10000_images_part_1,ISIC_0025141.jpg,.jpg,234600,HAM10000_images_part_1\ISIC_0025141.jpg
HAM10000_images_part_1,ISIC_0025142.jpg,.jpg,348276,HAM10000_images_part_1\ISIC_0025142.jpg
HAM10000_images_part_1,ISIC_0025143.jpg,.jpg,369452,HAM10000_images_part_1\ISIC_0025143.jpg
HAM10000_images_part_1,ISIC_0025144.jpg,.jpg,317717,HAM10000_images_part_1\ISIC_0025144.jpg
HAM10000_images_part_1,ISIC_0025145.jpg,.jpg,363009,HAM10000_images_part_1\ISIC_0025145.jpg
HAM10000_images_part_1,ISIC_0025146.jpg,.jpg,275271,HAM10000_images_part_1\ISIC_0025146.jpg
HAM10000_images_part_1,ISIC_0025147.jpg,.jpg,267098,HAM10000_images_part_1\ISIC_0025147.jpg
HAM10000_images_part_1,ISIC_0025148.jpg,.jpg,157024,HAM10000_images_part_1\ISIC_0025148.jpg
HAM10000_images_part_1,ISIC_0025149.jpg,.jpg,100465,HAM10000_images_part_1\ISIC_0025149.jpg
HAM10000_images_part_1,ISIC_0025150.jpg,.jpg,335794,HAM10000_images_part_1\ISIC_0025150.jpg
HAM10000_images_part_1,ISIC_0025151.jpg,.jpg,274632,HAM10000_images_part_1\ISIC_0025151.jpg
HAM10000_images_part_1,ISIC_0025152.jpg,.jpg,233038,HAM10000_images_part_1\ISIC_0025152.jpg
HAM10000_images_part_1,ISIC_0025153.jpg,.jpg,198490,HAM10000_images_part_1\ISIC_0025153.jpg
HAM10000_images_part_1,ISIC_0025154.jpg,.jpg,219292,HAM10000_images_part_1\ISIC_0025154.jpg
HAM10000_images_part_1,ISIC_0025155.jpg,.jpg,281255,HAM10000_images_part_1\ISIC_0025155.jpg
HAM10000_images_part_1,ISIC_0025156.jpg,.jpg,188252,HAM10000_images_part_1\ISIC_0025156.jpg
HAM10000_images_part_1,ISIC_0025157.jpg,.jpg,208483,HAM10000_images_part_1\ISIC_0025157.jpg
HAM10000_images_part_1,ISIC_0025158.jpg,.jpg,223955,HAM10000_images_part_1\ISIC_0025158.jpg
HAM10000_images_part_1,ISIC_0025159.jpg,.jpg,276561,HAM10000_images_part_1\ISIC_0025159.jpg
HAM10000_images_part_1,ISIC_0025160.jpg,.jpg,306402,HAM10000_images_part_1\ISIC_0025160.jpg
HAM10000_images_part_1,ISIC_0025161.jpg,.jpg,345587,HAM10000_images_part_1\ISIC_0025161.jpg
HAM10000_images_part_1,ISIC_0025162.jpg,.jpg,303140,HAM10000_images_part_1\ISIC_0025162.jpg
HAM10000_images_part_1,ISIC_0025163.jpg,.jpg,304699,HAM10000_images_part_1\ISIC_0025163.jpg
HAM10000_images_part_1,ISIC_0025164.jpg,.jpg,271301,HAM10000_images_part_1\ISIC_0025164.jpg
HAM10000_images_part_1,ISIC_0025165.jpg,.jpg,209453,HAM10000_images_part_1\ISIC_0025165.jpg
HAM10000_images_part_1,ISIC_0025166.jpg,.jpg,276814,HAM10000_images_part_1\ISIC_0025166.jpg
HAM10000_images_part_1,ISIC_0025167.jpg,.jpg,277374,HAM10000_images_part_1\ISIC_0025167.jpg
HAM10000_images_part_1,ISIC_0025168.jpg,.jpg,264500,HAM10000_images_part_1\ISIC_0025168.jpg
HAM10000_images_part_1,ISIC_0025169.jpg,.jpg,258742,HAM10000_images_part_1\ISIC_0025169.jpg
HAM10000_images_part_1,ISIC_0025170.jpg,.jpg,257989,HAM10000_images_part_1\ISIC_0025170.jpg
HAM10000_images_part_1,ISIC_0025171.jpg,.jpg,215259,HAM10000_images_part_1\ISIC_0025171.jpg
HAM10000_images_part_1,ISIC_0025172.jpg,.jpg,170995,HAM10000_images_part_1\ISIC_0025172.jpg
HAM10000_images_part_1,ISIC_0025173.jpg,.jpg,227078,HAM10000_images_part_1\ISIC_0025173.jpg
HAM10000_images_part_1,ISIC_0025174.jpg,.jpg,288096,HAM10000_images_part_1\ISIC_0025174.jpg
HAM10000_images_part_1,ISIC_0025175.jpg,.jpg,363379,HAM10000_images_part_1\ISIC_0025175.jpg
HAM10000_images_part_1,ISIC_0025176.jpg,.jpg,290499,HAM10000_images_part_1\ISIC_0025176.jpg
HAM10000_images_part_1,ISIC_0025177.jpg,.jpg,264565,HAM10000_images_part_1\ISIC_0025177.jpg
HAM10000_images_part_1,ISIC_0025178.jpg,.jpg,260398,HAM10000_images_part_1\ISIC_0025178.jpg
HAM10000_images_part_1,ISIC_0025179.jpg,.jpg,210633,HAM10000_images_part_1\ISIC_0025179.jpg
HAM10000_images_part_1,ISIC_0025180.jpg,.jpg,272840,HAM10000_images_part_1\ISIC_0025180.jpg
HAM10000_images_part_1,ISIC_0025181.jpg,.jpg,151471,HAM10000_images_part_1\ISIC_0025181.jpg
HAM10000_images_part_1,ISIC_0025182.jpg,.jpg,239906,HAM10000_images_part_1\ISIC_0025182.jpg
HAM10000_images_part_1,ISIC_0025183.jpg,.jpg,276288,HAM10000_images_part_1\ISIC_0025183.jpg
HAM10000_images_part_1,ISIC_0025184.jpg,.jpg,173450,HAM10000_images_part_1\ISIC_0025184.jpg
HAM10000_images_part_1,ISIC_0025185.jpg,.jpg,305776,HAM10000_images_part_1\ISIC_0025185.jpg
HAM10000_images_part_1,ISIC_0025186.jpg,.jpg,275319,HAM10000_images_part_1\ISIC_0025186.jpg
HAM10000_images_part_1,ISIC_0025187.jpg,.jpg,280082,HAM10000_images_part_1\ISIC_0025187.jpg
HAM10000_images_part_1,ISIC_0025188.jpg,.jpg,229857,HAM10000_images_part_1\ISIC_0025188.jpg
HAM10000_images_part_1,ISIC_0025189.jpg,.jpg,278791,HAM10000_images_part_1\ISIC_0025189.jpg
HAM10000_images_part_1,ISIC_0025190.jpg,.jpg,292964,HAM10000_images_part_1\ISIC_0025190.jpg
HAM10000_images_part_1,ISIC_0025191.jpg,.jpg,280282,HAM10000_images_part_1\ISIC_0025191.jpg
HAM10000_images_part_1,ISIC_0025192.jpg,.jpg,342383,HAM10000_images_part_1\ISIC_0025192.jpg
HAM10000_images_part_1,ISIC_0025193.jpg,.jpg,211421,HAM10000_images_part_1\ISIC_0025193.jpg
HAM10000_images_part_1,ISIC_0025194.jpg,.jpg,280756,HAM10000_images_part_1\ISIC_0025194.jpg
HAM10000_images_part_1,ISIC_0025195.jpg,.jpg,280156,HAM10000_images_part_1\ISIC_0025195.jpg
HAM10000_images_part_1,ISIC_0025196.jpg,.jpg,247815,HAM10000_images_part_1\ISIC_0025196.jpg
HAM10000_images_part_1,ISIC_0025197.jpg,.jpg,218497,HAM10000_images_part_1\ISIC_0025197.jpg
HAM10000_images_part_1,ISIC_0025198.jpg,.jpg,145499,HAM10000_images_part_1\ISIC_0025198.jpg
HAM10000_images_part_1,ISIC_0025199.jpg,.jpg,192175,HAM10000_images_part_1\ISIC_0025199.jpg
HAM10000_images_part_1,ISIC_0025200.jpg,.jpg,265890,HAM10000_images_part_1\ISIC_0025200.jpg
HAM10000_images_part_1,ISIC_0025201.jpg,.jpg,333275,HAM10000_images_part_1\ISIC_0025201.jpg
HAM10000_images_part_1,ISIC_0025202.jpg,.jpg,280300,HAM10000_images_part_1\ISIC_0025202.jpg
HAM10000_images_part_1,ISIC_0025203.jpg,.jpg,269271,HAM10000_images_part_1\ISIC_0025203.jpg
HAM10000_images_part_1,ISIC_0025204.jpg,.jpg,279763,HAM10000_images_part_1\ISIC_0025204.jpg
HAM10000_images_part_1,ISIC_0025205.jpg,.jpg,346419,HAM10000_images_part_1\ISIC_0025205.jpg
HAM10000_images_part_1,ISIC_0025206.jpg,.jpg,341960,HAM10000_images_part_1\ISIC_0025206.jpg
HAM10000_images_part_1,ISIC_0025207.jpg,.jpg,262158,HAM10000_images_part_1\ISIC_0025207.jpg
HAM10000_images_part_1,ISIC_0025208.jpg,.jpg,306334,HAM10000_images_part_1\ISIC_0025208.jpg
HAM10000_images_part_1,ISIC_0025209.jpg,.jpg,365589,HAM10000_images_part_1\ISIC_0025209.jpg
HAM10000_images_part_1,ISIC_0025210.jpg,.jpg,276864,HAM10000_images_part_1\ISIC_0025210.jpg
HAM10000_images_part_1,ISIC_0025211.jpg,.jpg,286741,HAM10000_images_part_1\ISIC_0025211.jpg
HAM10000_images_part_1,ISIC_0025212.jpg,.jpg,311438,HAM10000_images_part_1\ISIC_0025212.jpg
HAM10000_images_part_1,ISIC_0025213.jpg,.jpg,279315,HAM10000_images_part_1\ISIC_0025213.jpg
HAM10000_images_part_1,ISIC_0025214.jpg,.jpg,250793,HAM10000_images_part_1\ISIC_0025214.jpg
HAM10000_images_part_1,ISIC_0025215.jpg,.jpg,287673,HAM10000_images_part_1\ISIC_0025215.jpg
HAM10000_images_part_1,ISIC_0025216.jpg,.jpg,277576,HAM10000_images_part_1\ISIC_0025216.jpg
HAM10000_images_part_1,ISIC_0025217.jpg,.jpg,261171,HAM10000_images_part_1\ISIC_0025217.jpg
HAM10000_images_part_1,ISIC_0025218.jpg,.jpg,347311,HAM10000_images_part_1\ISIC_0025218.jpg
HAM10000_images_part_1,ISIC_0025219.jpg,.jpg,284498,HAM10000_images_part_1\ISIC_0025219.jpg
HAM10000_images_part_1,ISIC_0025220.jpg,.jpg,260479,HAM10000_images_part_1\ISIC_0025220.jpg
HAM10000_images_part_1,ISIC_0025221.jpg,.jpg,346088,HAM10000_images_part_1\ISIC_0025221.jpg
HAM10000_images_part_1,ISIC_0025222.jpg,.jpg,256775,HAM10000_images_part_1\ISIC_0025222.jpg
HAM10000_images_part_1,ISIC_0025223.jpg,.jpg,330771,HAM10000_images_part_1\ISIC_0025223.jpg
HAM10000_images_part_1,ISIC_0025224.jpg,.jpg,348272,HAM10000_images_part_1\ISIC_0025224.jpg
HAM10000_images_part_1,ISIC_0025225.jpg,.jpg,257386,HAM10000_images_part_1\ISIC_0025225.jpg
HAM10000_images_part_1,ISIC_0025226.jpg,.jpg,246948,HAM10000_images_part_1\ISIC_0025226.jpg
HAM10000_images_part_1,ISIC_0025227.jpg,.jpg,302496,HAM10000_images_part_1\ISIC_0025227.jpg
HAM10000_images_part_1,ISIC_0025228.jpg,.jpg,235810,HAM10000_images_part_1\ISIC_0025228.jpg
HAM10000_images_part_1,ISIC_0025229.jpg,.jpg,254649,HAM10000_images_part_1\ISIC_0025229.jpg
HAM10000_images_part_1,ISIC_0025230.jpg,.jpg,272258,HAM10000_images_part_1\ISIC_0025230.jpg
HAM10000_images_part_1,ISIC_0025231.jpg,.jpg,266690,HAM10000_images_part_1\ISIC_0025231.jpg
HAM10000_images_part_1,ISIC_0025232.jpg,.jpg,272747,HAM10000_images_part_1\ISIC_0025232.jpg
HAM10000_images_part_1,ISIC_0025233.jpg,.jpg,283676,HAM10000_images_part_1\ISIC_0025233.jpg
HAM10000_images_part_1,ISIC_0025234.jpg,.jpg,383335,HAM10000_images_part_1\ISIC_0025234.jpg
HAM10000_images_part_1,ISIC_0025235.jpg,.jpg,273139,HAM10000_images_part_1\ISIC_0025235.jpg
HAM10000_images_part_1,ISIC_0025236.jpg,.jpg,307955,HAM10000_images_part_1\ISIC_0025236.jpg
HAM10000_images_part_1,ISIC_0025237.jpg,.jpg,227174,HAM10000_images_part_1\ISIC_0025237.jpg
HAM10000_images_part_1,ISIC_0025238.jpg,.jpg,241647,HAM10000_images_part_1\ISIC_0025238.jpg
HAM10000_images_part_1,ISIC_0025239.jpg,.jpg,225324,HAM10000_images_part_1\ISIC_0025239.jpg
HAM10000_images_part_1,ISIC_0025240.jpg,.jpg,264740,HAM10000_images_part_1\ISIC_0025240.jpg
HAM10000_images_part_1,ISIC_0025241.jpg,.jpg,271003,HAM10000_images_part_1\ISIC_0025241.jpg
HAM10000_images_part_1,ISIC_0025242.jpg,.jpg,275863,HAM10000_images_part_1\ISIC_0025242.jpg
HAM10000_images_part_1,ISIC_0025243.jpg,.jpg,174169,HAM10000_images_part_1\ISIC_0025243.jpg
HAM10000_images_part_1,ISIC_0025244.jpg,.jpg,310887,HAM10000_images_part_1\ISIC_0025244.jpg
HAM10000_images_part_1,ISIC_0025245.jpg,.jpg,285007,HAM10000_images_part_1\ISIC_0025245.jpg
HAM10000_images_part_1,ISIC_0025246.jpg,.jpg,349772,HAM10000_images_part_1\ISIC_0025246.jpg
HAM10000_images_part_1,ISIC_0025247.jpg,.jpg,233507,HAM10000_images_part_1\ISIC_0025247.jpg
HAM10000_images_part_1,ISIC_0025248.jpg,.jpg,327424,HAM10000_images_part_1\ISIC_0025248.jpg
HAM10000_images_part_1,ISIC_0025249.jpg,.jpg,317246,HAM10000_images_part_1\ISIC_0025249.jpg
HAM10000_images_part_1,ISIC_0025250.jpg,.jpg,319035,HAM10000_images_part_1\ISIC_0025250.jpg
HAM10000_images_part_1,ISIC_0025251.jpg,.jpg,339567,HAM10000_images_part_1\ISIC_0025251.jpg
HAM10000_images_part_1,ISIC_0025252.jpg,.jpg,354346,HAM10000_images_part_1\ISIC_0025252.jpg
HAM10000_images_part_1,ISIC_0025253.jpg,.jpg,289735,HAM10000_images_part_1\ISIC_0025253.jpg
HAM10000_images_part_1,ISIC_0025254.jpg,.jpg,259880,HAM10000_images_part_1\ISIC_0025254.jpg
HAM10000_images_part_1,ISIC_0025255.jpg,.jpg,350120,HAM10000_images_part_1\ISIC_0025255.jpg
HAM10000_images_part_1,ISIC_0025256.jpg,.jpg,359728,HAM10000_images_part_1\ISIC_0025256.jpg
HAM10000_images_part_1,ISIC_0025257.jpg,.jpg,295898,HAM10000_images_part_1\ISIC_0025257.jpg
HAM10000_images_part_1,ISIC_0025258.jpg,.jpg,275149,HAM10000_images_part_1\ISIC_0025258.jpg
HAM10000_images_part_1,ISIC_0025259.jpg,.jpg,275278,HAM10000_images_part_1\ISIC_0025259.jpg
HAM10000_images_part_1,ISIC_0025260.jpg,.jpg,327346,HAM10000_images_part_1\ISIC_0025260.jpg
HAM10000_images_part_1,ISIC_0025261.jpg,.jpg,253036,HAM10000_images_part_1\ISIC_0025261.jpg
HAM10000_images_part_1,ISIC_0025262.jpg,.jpg,310856,HAM10000_images_part_1\ISIC_0025262.jpg
HAM10000_images_part_1,ISIC_0025263.jpg,.jpg,311790,HAM10000_images_part_1\ISIC_0025263.jpg
HAM10000_images_part_1,ISIC_0025264.jpg,.jpg,228310,HAM10000_images_part_1\ISIC_0025264.jpg
HAM10000_images_part_1,ISIC_0025265.jpg,.jpg,242701,HAM10000_images_part_1\ISIC_0025265.jpg
HAM10000_images_part_1,ISIC_0025266.jpg,.jpg,283699,HAM10000_images_part_1\ISIC_0025266.jpg
HAM10000_images_part_1,ISIC_0025267.jpg,.jpg,318903,HAM10000_images_part_1\ISIC_0025267.jpg
HAM10000_images_part_1,ISIC_0025268.jpg,.jpg,310352,HAM10000_images_part_1\ISIC_0025268.jpg
HAM10000_images_part_1,ISIC_0025269.jpg,.jpg,291633,HAM10000_images_part_1\ISIC_0025269.jpg
HAM10000_images_part_1,ISIC_0025270.jpg,.jpg,275801,HAM10000_images_part_1\ISIC_0025270.jpg
HAM10000_images_part_1,ISIC_0025271.jpg,.jpg,282672,HAM10000_images_part_1\ISIC_0025271.jpg
HAM10000_images_part_1,ISIC_0025272.jpg,.jpg,281903,HAM10000_images_part_1\ISIC_0025272.jpg
HAM10000_images_part_1,ISIC_0025273.jpg,.jpg,300050,HAM10000_images_part_1\ISIC_0025273.jpg
HAM10000_images_part_1,ISIC_0025274.jpg,.jpg,350674,HAM10000_images_part_1\ISIC_0025274.jpg
HAM10000_images_part_1,ISIC_0025275.jpg,.jpg,211240,HAM10000_images_part_1\ISIC_0025275.jpg
HAM10000_images_part_1,ISIC_0025276.jpg,.jpg,240761,HAM10000_images_part_1\ISIC_0025276.jpg
HAM10000_images_part_1,ISIC_0025277.jpg,.jpg,306365,HAM10000_images_part_1\ISIC_0025277.jpg
HAM10000_images_part_1,ISIC_0025278.jpg,.jpg,311681,HAM10000_images_part_1\ISIC_0025278.jpg
HAM10000_images_part_1,ISIC_0025279.jpg,.jpg,259358,HAM10000_images_part_1\ISIC_0025279.jpg
HAM10000_images_part_1,ISIC_0025280.jpg,.jpg,269267,HAM10000_images_part_1\ISIC_0025280.jpg
HAM10000_images_part_1,ISIC_0025281.jpg,.jpg,265612,HAM10000_images_part_1\ISIC_0025281.jpg
HAM10000_images_part_1,ISIC_0025282.jpg,.jpg,269451,HAM10000_images_part_1\ISIC_0025282.jpg
HAM10000_images_part_1,ISIC_0025283.jpg,.jpg,250454,HAM10000_images_part_1\ISIC_0025283.jpg
HAM10000_images_part_1,ISIC_0025284.jpg,.jpg,289086,HAM10000_images_part_1\ISIC_0025284.jpg
HAM10000_images_part_1,ISIC_0025285.jpg,.jpg,184164,HAM10000_images_part_1\ISIC_0025285.jpg
HAM10000_images_part_1,ISIC_0025286.jpg,.jpg,241401,HAM10000_images_part_1\ISIC_0025286.jpg
HAM10000_images_part_1,ISIC_0025287.jpg,.jpg,318430,HAM10000_images_part_1\ISIC_0025287.jpg
HAM10000_images_part_1,ISIC_0025288.jpg,.jpg,274834,HAM10000_images_part_1\ISIC_0025288.jpg
HAM10000_images_part_1,ISIC_0025289.jpg,.jpg,246656,HAM10000_images_part_1\ISIC_0025289.jpg
HAM10000_images_part_1,ISIC_0025290.jpg,.jpg,273560,HAM10000_images_part_1\ISIC_0025290.jpg
HAM10000_images_part_1,ISIC_0025291.jpg,.jpg,268374,HAM10000_images_part_1\ISIC_0025291.jpg
HAM10000_images_part_1,ISIC_0025292.jpg,.jpg,259601,HAM10000_images_part_1\ISIC_0025292.jpg
HAM10000_images_part_1,ISIC_0025293.jpg,.jpg,287443,HAM10000_images_part_1\ISIC_0025293.jpg
HAM10000_images_part_1,ISIC_0025294.jpg,.jpg,287664,HAM10000_images_part_1\ISIC_0025294.jpg
HAM10000_images_part_1,ISIC_0025295.jpg,.jpg,234281,HAM10000_images_part_1\ISIC_0025295.jpg
HAM10000_images_part_1,ISIC_0025296.jpg,.jpg,266819,HAM10000_images_part_1\ISIC_0025296.jpg
HAM10000_images_part_1,ISIC_0025297.jpg,.jpg,268948,HAM10000_images_part_1\ISIC_0025297.jpg
HAM10000_images_part_1,ISIC_0025298.jpg,.jpg,358135,HAM10000_images_part_1\ISIC_0025298.jpg
HAM10000_images_part_1,ISIC_0025299.jpg,.jpg,177609,HAM10000_images_part_1\ISIC_0025299.jpg
HAM10000_images_part_1,ISIC_0025300.jpg,.jpg,226997,HAM10000_images_part_1\ISIC_0025300.jpg
HAM10000_images_part_1,ISIC_0025301.jpg,.jpg,254075,HAM10000_images_part_1\ISIC_0025301.jpg
HAM10000_images_part_1,ISIC_0025302.jpg,.jpg,217026,HAM10000_images_part_1\ISIC_0025302.jpg
HAM10000_images_part_1,ISIC_0025303.jpg,.jpg,313208,HAM10000_images_part_1\ISIC_0025303.jpg
HAM10000_images_part_1,ISIC_0025304.jpg,.jpg,283083,HAM10000_images_part_1\ISIC_0025304.jpg
HAM10000_images_part_1,ISIC_0025305.jpg,.jpg,250783,HAM10000_images_part_1\ISIC_0025305.jpg
HAM10000_images_part_1,ISIC_0025306.jpg,.jpg,258525,HAM10000_images_part_1\ISIC_0025306.jpg
HAM10000_images_part_1,ISIC_0025307.jpg,.jpg,266410,HAM10000_images_part_1\ISIC_0025307.jpg
HAM10000_images_part_1,ISIC_0025308.jpg,.jpg,271998,HAM10000_images_part_1\ISIC_0025308.jpg
HAM10000_images_part_1,ISIC_0025309.jpg,.jpg,257664,HAM10000_images_part_1\ISIC_0025309.jpg
HAM10000_images_part_1,ISIC_0025310.jpg,.jpg,185973,HAM10000_images_part_1\ISIC_0025310.jpg
HAM10000_images_part_1,ISIC_0025311.jpg,.jpg,343745,HAM10000_images_part_1\ISIC_0025311.jpg
HAM10000_images_part_1,ISIC_0025312.jpg,.jpg,255114,HAM10000_images_part_1\ISIC_0025312.jpg
HAM10000_images_part_1,ISIC_0025313.jpg,.jpg,255686,HAM10000_images_part_1\ISIC_0025313.jpg
HAM10000_images_part_1,ISIC_0025314.jpg,.jpg,343274,HAM10000_images_part_1\ISIC_0025314.jpg
HAM10000_images_part_1,ISIC_0025315.jpg,.jpg,274624,HAM10000_images_part_1\ISIC_0025315.jpg
HAM10000_images_part_1,ISIC_0025316.jpg,.jpg,276549,HAM10000_images_part_1\ISIC_0025316.jpg
HAM10000_images_part_1,ISIC_0025317.jpg,.jpg,289427,HAM10000_images_part_1\ISIC_0025317.jpg
HAM10000_images_part_1,ISIC_0025318.jpg,.jpg,322546,HAM10000_images_part_1\ISIC_0025318.jpg
HAM10000_images_part_1,ISIC_0025319.jpg,.jpg,247869,HAM10000_images_part_1\ISIC_0025319.jpg
HAM10000_images_part_1,ISIC_0025320.jpg,.jpg,266009,HAM10000_images_part_1\ISIC_0025320.jpg
HAM10000_images_part_1,ISIC_0025321.jpg,.jpg,262437,HAM10000_images_part_1\ISIC_0025321.jpg
HAM10000_images_part_1,ISIC_0025322.jpg,.jpg,196668,HAM10000_images_part_1\ISIC_0025322.jpg
HAM10000_images_part_1,ISIC_0025323.jpg,.jpg,235005,HAM10000_images_part_1\ISIC_0025323.jpg
HAM10000_images_part_1,ISIC_0025324.jpg,.jpg,317117,HAM10000_images_part_1\ISIC_0025324.jpg
HAM10000_images_part_1,ISIC_0025325.jpg,.jpg,357362,HAM10000_images_part_1\ISIC_0025325.jpg
HAM10000_images_part_1,ISIC_0025326.jpg,.jpg,260699,HAM10000_images_part_1\ISIC_0025326.jpg
HAM10000_images_part_1,ISIC_0025327.jpg,.jpg,186344,HAM10000_images_part_1\ISIC_0025327.jpg
HAM10000_images_part_1,ISIC_0025328.jpg,.jpg,344400,HAM10000_images_part_1\ISIC_0025328.jpg
HAM10000_images_part_1,ISIC_0025329.jpg,.jpg,266837,HAM10000_images_part_1\ISIC_0025329.jpg
HAM10000_images_part_1,ISIC_0025330.jpg,.jpg,316682,HAM10000_images_part_1\ISIC_0025330.jpg
HAM10000_images_part_1,ISIC_0025331.jpg,.jpg,242344,HAM10000_images_part_1\ISIC_0025331.jpg
HAM10000_images_part_1,ISIC_0025332.jpg,.jpg,253745,HAM10000_images_part_1\ISIC_0025332.jpg
HAM10000_images_part_1,ISIC_0025333.jpg,.jpg,280398,HAM10000_images_part_1\ISIC_0025333.jpg
HAM10000_images_part_1,ISIC_0025334.jpg,.jpg,268789,HAM10000_images_part_1\ISIC_0025334.jpg
HAM10000_images_part_1,ISIC_0025335.jpg,.jpg,267486,HAM10000_images_part_1\ISIC_0025335.jpg
HAM10000_images_part_1,ISIC_0025336.jpg,.jpg,178009,HAM10000_images_part_1\ISIC_0025336.jpg
HAM10000_images_part_1,ISIC_0025337.jpg,.jpg,262504,HAM10000_images_part_1\ISIC_0025337.jpg
HAM10000_images_part_1,ISIC_0025338.jpg,.jpg,299303,HAM10000_images_part_1\ISIC_0025338.jpg
HAM10000_images_part_1,ISIC_0025339.jpg,.jpg,334558,HAM10000_images_part_1\ISIC_0025339.jpg
HAM10000_images_part_1,ISIC_0025340.jpg,.jpg,231353,HAM10000_images_part_1\ISIC_0025340.jpg
HAM10000_images_part_1,ISIC_0025341.jpg,.jpg,184986,HAM10000_images_part_1\ISIC_0025341.jpg
HAM10000_images_part_1,ISIC_0025342.jpg,.jpg,262407,HAM10000_images_part_1\ISIC_0025342.jpg
HAM10000_images_part_1,ISIC_0025343.jpg,.jpg,310454,HAM10000_images_part_1\ISIC_0025343.jpg
HAM10000_images_part_1,ISIC_0025344.jpg,.jpg,278966,HAM10000_images_part_1\ISIC_0025344.jpg
HAM10000_images_part_1,ISIC_0025345.jpg,.jpg,307120,HAM10000_images_part_1\ISIC_0025345.jpg
HAM10000_images_part_1,ISIC_0025346.jpg,.jpg,209607,HAM10000_images_part_1\ISIC_0025346.jpg
HAM10000_images_part_1,ISIC_0025347.jpg,.jpg,272231,HAM10000_images_part_1\ISIC_0025347.jpg
HAM10000_images_part_1,ISIC_0025348.jpg,.jpg,271837,HAM10000_images_part_1\ISIC_0025348.jpg
HAM10000_images_part_1,ISIC_0025349.jpg,.jpg,263429,HAM10000_images_part_1\ISIC_0025349.jpg
HAM10000_images_part_1,ISIC_0025350.jpg,.jpg,261865,HAM10000_images_part_1\ISIC_0025350.jpg
HAM10000_images_part_1,ISIC_0025351.jpg,.jpg,320325,HAM10000_images_part_1\ISIC_0025351.jpg
HAM10000_images_part_1,ISIC_0025352.jpg,.jpg,212294,HAM10000_images_part_1\ISIC_0025352.jpg
HAM10000_images_part_1,ISIC_0025353.jpg,.jpg,342485,HAM10000_images_part_1\ISIC_0025353.jpg
HAM10000_images_part_1,ISIC_0025354.jpg,.jpg,277672,HAM10000_images_part_1\ISIC_0025354.jpg
HAM10000_images_part_1,ISIC_0025355.jpg,.jpg,255163,HAM10000_images_part_1\ISIC_0025355.jpg
HAM10000_images_part_1,ISIC_0025356.jpg,.jpg,267260,HAM10000_images_part_1\ISIC_0025356.jpg
HAM10000_images_part_1,ISIC_0025357.jpg,.jpg,273737,HAM10000_images_part_1\ISIC_0025357.jpg
HAM10000_images_part_1,ISIC_0025358.jpg,.jpg,228554,HAM10000_images_part_1\ISIC_0025358.jpg
HAM10000_images_part_1,ISIC_0025359.jpg,.jpg,364536,HAM10000_images_part_1\ISIC_0025359.jpg
HAM10000_images_part_1,ISIC_0025360.jpg,.jpg,280004,HAM10000_images_part_1\ISIC_0025360.jpg
HAM10000_images_part_1,ISIC_0025361.jpg,.jpg,283877,HAM10000_images_part_1\ISIC_0025361.jpg
HAM10000_images_part_1,ISIC_0025362.jpg,.jpg,142802,HAM10000_images_part_1\ISIC_0025362.jpg
HAM10000_images_part_1,ISIC_0025363.jpg,.jpg,362022,HAM10000_images_part_1\ISIC_0025363.jpg
HAM10000_images_part_1,ISIC_0025364.jpg,.jpg,330230,HAM10000_images_part_1\ISIC_0025364.jpg
HAM10000_images_part_1,ISIC_0025365.jpg,.jpg,345646,HAM10000_images_part_1\ISIC_0025365.jpg
HAM10000_images_part_1,ISIC_0025366.jpg,.jpg,262823,HAM10000_images_part_1\ISIC_0025366.jpg
HAM10000_images_part_1,ISIC_0025367.jpg,.jpg,234455,HAM10000_images_part_1\ISIC_0025367.jpg
HAM10000_images_part_1,ISIC_0025368.jpg,.jpg,235585,HAM10000_images_part_1\ISIC_0025368.jpg
HAM10000_images_part_1,ISIC_0025369.jpg,.jpg,273711,HAM10000_images_part_1\ISIC_0025369.jpg
HAM10000_images_part_1,ISIC_0025370.jpg,.jpg,335475,HAM10000_images_part_1\ISIC_0025370.jpg
HAM10000_images_part_1,ISIC_0025371.jpg,.jpg,289210,HAM10000_images_part_1\ISIC_0025371.jpg
HAM10000_images_part_1,ISIC_0025372.jpg,.jpg,222276,HAM10000_images_part_1\ISIC_0025372.jpg
HAM10000_images_part_1,ISIC_0025373.jpg,.jpg,244582,HAM10000_images_part_1\ISIC_0025373.jpg
HAM10000_images_part_1,ISIC_0025374.jpg,.jpg,273873,HAM10000_images_part_1\ISIC_0025374.jpg
HAM10000_images_part_1,ISIC_0025375.jpg,.jpg,332357,HAM10000_images_part_1\ISIC_0025375.jpg
HAM10000_images_part_1,ISIC_0025376.jpg,.jpg,267777,HAM10000_images_part_1\ISIC_0025376.jpg
HAM10000_images_part_1,ISIC_0025377.jpg,.jpg,282809,HAM10000_images_part_1\ISIC_0025377.jpg
HAM10000_images_part_1,ISIC_0025378.jpg,.jpg,295672,HAM10000_images_part_1\ISIC_0025378.jpg
HAM10000_images_part_1,ISIC_0025379.jpg,.jpg,282754,HAM10000_images_part_1\ISIC_0025379.jpg
HAM10000_images_part_1,ISIC_0025380.jpg,.jpg,254524,HAM10000_images_part_1\ISIC_0025380.jpg
HAM10000_images_part_1,ISIC_0025381.jpg,.jpg,229108,HAM10000_images_part_1\ISIC_0025381.jpg
HAM10000_images_part_1,ISIC_0025382.jpg,.jpg,266738,HAM10000_images_part_1\ISIC_0025382.jpg
HAM10000_images_part_1,ISIC_0025383.jpg,.jpg,287874,HAM10000_images_part_1\ISIC_0025383.jpg
HAM10000_images_part_1,ISIC_0025384.jpg,.jpg,342743,HAM10000_images_part_1\ISIC_0025384.jpg
HAM10000_images_part_1,ISIC_0025385.jpg,.jpg,289974,HAM10000_images_part_1\ISIC_0025385.jpg
HAM10000_images_part_1,ISIC_0025386.jpg,.jpg,288741,HAM10000_images_part_1\ISIC_0025386.jpg
HAM10000_images_part_1,ISIC_0025387.jpg,.jpg,353224,HAM10000_images_part_1\ISIC_0025387.jpg
HAM10000_images_part_1,ISIC_0025388.jpg,.jpg,260854,HAM10000_images_part_1\ISIC_0025388.jpg
HAM10000_images_part_1,ISIC_0025389.jpg,.jpg,275738,HAM10000_images_part_1\ISIC_0025389.jpg
HAM10000_images_part_1,ISIC_0025390.jpg,.jpg,278790,HAM10000_images_part_1\ISIC_0025390.jpg
HAM10000_images_part_1,ISIC_0025391.jpg,.jpg,325907,HAM10000_images_part_1\ISIC_0025391.jpg
HAM10000_images_part_1,ISIC_0025392.jpg,.jpg,345874,HAM10000_images_part_1\ISIC_0025392.jpg
HAM10000_images_part_1,ISIC_0025393.jpg,.jpg,272032,HAM10000_images_part_1\ISIC_0025393.jpg
HAM10000_images_part_1,ISIC_0025394.jpg,.jpg,362098,HAM10000_images_part_1\ISIC_0025394.jpg
HAM10000_images_part_1,ISIC_0025395.jpg,.jpg,266634,HAM10000_images_part_1\ISIC_0025395.jpg
HAM10000_images_part_1,ISIC_0025396.jpg,.jpg,181303,HAM10000_images_part_1\ISIC_0025396.jpg
HAM10000_images_part_1,ISIC_0025397.jpg,.jpg,280293,HAM10000_images_part_1\ISIC_0025397.jpg
HAM10000_images_part_1,ISIC_0025398.jpg,.jpg,349413,HAM10000_images_part_1\ISIC_0025398.jpg
HAM10000_images_part_1,ISIC_0025399.jpg,.jpg,261701,HAM10000_images_part_1\ISIC_0025399.jpg
HAM10000_images_part_1,ISIC_0025400.jpg,.jpg,218692,HAM10000_images_part_1\ISIC_0025400.jpg
HAM10000_images_part_1,ISIC_0025401.jpg,.jpg,298787,HAM10000_images_part_1\ISIC_0025401.jpg
HAM10000_images_part_1,ISIC_0025402.jpg,.jpg,234330,HAM10000_images_part_1\ISIC_0025402.jpg
HAM10000_images_part_1,ISIC_0025403.jpg,.jpg,267477,HAM10000_images_part_1\ISIC_0025403.jpg
HAM10000_images_part_1,ISIC_0025404.jpg,.jpg,259966,HAM10000_images_part_1\ISIC_0025404.jpg
HAM10000_images_part_1,ISIC_0025405.jpg,.jpg,282841,HAM10000_images_part_1\ISIC_0025405.jpg
HAM10000_images_part_1,ISIC_0025406.jpg,.jpg,339213,HAM10000_images_part_1\ISIC_0025406.jpg
HAM10000_images_part_1,ISIC_0025407.jpg,.jpg,344541,HAM10000_images_part_1\ISIC_0025407.jpg
HAM10000_images_part_1,ISIC_0025408.jpg,.jpg,256960,HAM10000_images_part_1\ISIC_0025408.jpg
HAM10000_images_part_1,ISIC_0025409.jpg,.jpg,224155,HAM10000_images_part_1\ISIC_0025409.jpg
HAM10000_images_part_1,ISIC_0025410.jpg,.jpg,167270,HAM10000_images_part_1\ISIC_0025410.jpg
HAM10000_images_part_1,ISIC_0025411.jpg,.jpg,277020,HAM10000_images_part_1\ISIC_0025411.jpg
HAM10000_images_part_1,ISIC_0025412.jpg,.jpg,263160,HAM10000_images_part_1\ISIC_0025412.jpg
HAM10000_images_part_1,ISIC_0025413.jpg,.jpg,298540,HAM10000_images_part_1\ISIC_0025413.jpg
HAM10000_images_part_1,ISIC_0025414.jpg,.jpg,278041,HAM10000_images_part_1\ISIC_0025414.jpg
HAM10000_images_part_1,ISIC_0025415.jpg,.jpg,368564,HAM10000_images_part_1\ISIC_0025415.jpg
HAM10000_images_part_1,ISIC_0025416.jpg,.jpg,338945,HAM10000_images_part_1\ISIC_0025416.jpg
HAM10000_images_part_1,ISIC_0025417.jpg,.jpg,325123,HAM10000_images_part_1\ISIC_0025417.jpg
HAM10000_images_part_1,ISIC_0025418.jpg,.jpg,277041,HAM10000_images_part_1\ISIC_0025418.jpg
HAM10000_images_part_1,ISIC_0025419.jpg,.jpg,293660,HAM10000_images_part_1\ISIC_0025419.jpg
HAM10000_images_part_1,ISIC_0025420.jpg,.jpg,254132,HAM10000_images_part_1\ISIC_0025420.jpg
HAM10000_images_part_1,ISIC_0025421.jpg,.jpg,293134,HAM10000_images_part_1\ISIC_0025421.jpg
HAM10000_images_part_1,ISIC_0025422.jpg,.jpg,297188,HAM10000_images_part_1\ISIC_0025422.jpg
HAM10000_images_part_1,ISIC_0025423.jpg,.jpg,277642,HAM10000_images_part_1\ISIC_0025423.jpg
HAM10000_images_part_1,ISIC_0025424.jpg,.jpg,217860,HAM10000_images_part_1\ISIC_0025424.jpg
HAM10000_images_part_1,ISIC_0025425.jpg,.jpg,281514,HAM10000_images_part_1\ISIC_0025425.jpg
HAM10000_images_part_1,ISIC_0025426.jpg,.jpg,305479,HAM10000_images_part_1\ISIC_0025426.jpg
HAM10000_images_part_1,ISIC_0025427.jpg,.jpg,288964,HAM10000_images_part_1\ISIC_0025427.jpg
HAM10000_images_part_1,ISIC_0025428.jpg,.jpg,267727,HAM10000_images_part_1\ISIC_0025428.jpg
HAM10000_images_part_1,ISIC_0025429.jpg,.jpg,284742,HAM10000_images_part_1\ISIC_0025429.jpg
HAM10000_images_part_1,ISIC_0025430.jpg,.jpg,278804,HAM10000_images_part_1\ISIC_0025430.jpg
HAM10000_images_part_1,ISIC_0025431.jpg,.jpg,243230,HAM10000_images_part_1\ISIC_0025431.jpg
HAM10000_images_part_1,ISIC_0025432.jpg,.jpg,343496,HAM10000_images_part_1\ISIC_0025432.jpg
HAM10000_images_part_1,ISIC_0025433.jpg,.jpg,227728,HAM10000_images_part_1\ISIC_0025433.jpg
HAM10000_images_part_1,ISIC_0025434.jpg,.jpg,193578,HAM10000_images_part_1\ISIC_0025434.jpg
HAM10000_images_part_1,ISIC_0025435.jpg,.jpg,276182,HAM10000_images_part_1\ISIC_0025435.jpg
HAM10000_images_part_1,ISIC_0025436.jpg,.jpg,211692,HAM10000_images_part_1\ISIC_0025436.jpg
HAM10000_images_part_1,ISIC_0025437.jpg,.jpg,261167,HAM10000_images_part_1\ISIC_0025437.jpg
HAM10000_images_part_1,ISIC_0025438.jpg,.jpg,260564,HAM10000_images_part_1\ISIC_0025438.jpg
HAM10000_images_part_1,ISIC_0025439.jpg,.jpg,283438,HAM10000_images_part_1\ISIC_0025439.jpg
HAM10000_images_part_1,ISIC_0025440.jpg,.jpg,280448,HAM10000_images_part_1\ISIC_0025440.jpg
HAM10000_images_part_1,ISIC_0025441.jpg,.jpg,257090,HAM10000_images_part_1\ISIC_0025441.jpg
HAM10000_images_part_1,ISIC_0025442.jpg,.jpg,289611,HAM10000_images_part_1\ISIC_0025442.jpg
HAM10000_images_part_1,ISIC_0025443.jpg,.jpg,272036,HAM10000_images_part_1\ISIC_0025443.jpg
HAM10000_images_part_1,ISIC_0025444.jpg,.jpg,348484,HAM10000_images_part_1\ISIC_0025444.jpg
HAM10000_images_part_1,ISIC_0025445.jpg,.jpg,266685,HAM10000_images_part_1\ISIC_0025445.jpg
HAM10000_images_part_1,ISIC_0025446.jpg,.jpg,224703,HAM10000_images_part_1\ISIC_0025446.jpg
HAM10000_images_part_1,ISIC_0025447.jpg,.jpg,256762,HAM10000_images_part_1\ISIC_0025447.jpg
HAM10000_images_part_1,ISIC_0025448.jpg,.jpg,263764,HAM10000_images_part_1\ISIC_0025448.jpg
HAM10000_images_part_1,ISIC_0025449.jpg,.jpg,304926,HAM10000_images_part_1\ISIC_0025449.jpg
HAM10000_images_part_1,ISIC_0025450.jpg,.jpg,312634,HAM10000_images_part_1\ISIC_0025450.jpg
HAM10000_images_part_1,ISIC_0025451.jpg,.jpg,206002,HAM10000_images_part_1\ISIC_0025451.jpg
HAM10000_images_part_1,ISIC_0025452.jpg,.jpg,268256,HAM10000_images_part_1\ISIC_0025452.jpg
HAM10000_images_part_1,ISIC_0025453.jpg,.jpg,306591,HAM10000_images_part_1\ISIC_0025453.jpg
HAM10000_images_part_1,ISIC_0025454.jpg,.jpg,362073,HAM10000_images_part_1\ISIC_0025454.jpg
HAM10000_images_part_1,ISIC_0025455.jpg,.jpg,279031,HAM10000_images_part_1\ISIC_0025455.jpg
HAM10000_images_part_1,ISIC_0025456.jpg,.jpg,116331,HAM10000_images_part_1\ISIC_0025456.jpg
HAM10000_images_part_1,ISIC_0025457.jpg,.jpg,332378,HAM10000_images_part_1\ISIC_0025457.jpg
HAM10000_images_part_1,ISIC_0025458.jpg,.jpg,224839,HAM10000_images_part_1\ISIC_0025458.jpg
HAM10000_images_part_1,ISIC_0025459.jpg,.jpg,287278,HAM10000_images_part_1\ISIC_0025459.jpg
HAM10000_images_part_1,ISIC_0025460.jpg,.jpg,271503,HAM10000_images_part_1\ISIC_0025460.jpg
HAM10000_images_part_1,ISIC_0025461.jpg,.jpg,362795,HAM10000_images_part_1\ISIC_0025461.jpg
HAM10000_images_part_1,ISIC_0025462.jpg,.jpg,274000,HAM10000_images_part_1\ISIC_0025462.jpg
HAM10000_images_part_1,ISIC_0025463.jpg,.jpg,197196,HAM10000_images_part_1\ISIC_0025463.jpg
HAM10000_images_part_1,ISIC_0025464.jpg,.jpg,305750,HAM10000_images_part_1\ISIC_0025464.jpg
HAM10000_images_part_1,ISIC_0025465.jpg,.jpg,294572,HAM10000_images_part_1\ISIC_0025465.jpg
HAM10000_images_part_1,ISIC_0025466.jpg,.jpg,248744,HAM10000_images_part_1\ISIC_0025466.jpg
HAM10000_images_part_1,ISIC_0025467.jpg,.jpg,308210,HAM10000_images_part_1\ISIC_0025467.jpg
HAM10000_images_part_1,ISIC_0025468.jpg,.jpg,288865,HAM10000_images_part_1\ISIC_0025468.jpg
HAM10000_images_part_1,ISIC_0025469.jpg,.jpg,302448,HAM10000_images_part_1\ISIC_0025469.jpg
HAM10000_images_part_1,ISIC_0025470.jpg,.jpg,290918,HAM10000_images_part_1\ISIC_0025470.jpg
HAM10000_images_part_1,ISIC_0025471.jpg,.jpg,216534,HAM10000_images_part_1\ISIC_0025471.jpg
HAM10000_images_part_1,ISIC_0025472.jpg,.jpg,332705,HAM10000_images_part_1\ISIC_0025472.jpg
HAM10000_images_part_1,ISIC_0025473.jpg,.jpg,243821,HAM10000_images_part_1\ISIC_0025473.jpg
HAM10000_images_part_1,ISIC_0025474.jpg,.jpg,273504,HAM10000_images_part_1\ISIC_0025474.jpg
HAM10000_images_part_1,ISIC_0025475.jpg,.jpg,278407,HAM10000_images_part_1\ISIC_0025475.jpg
HAM10000_images_part_1,ISIC_0025476.jpg,.jpg,255316,HAM10000_images_part_1\ISIC_0025476.jpg
HAM10000_images_part_1,ISIC_0025477.jpg,.jpg,229698,HAM10000_images_part_1\ISIC_0025477.jpg
HAM10000_images_part_1,ISIC_0025478.jpg,.jpg,274190,HAM10000_images_part_1\ISIC_0025478.jpg
HAM10000_images_part_1,ISIC_0025479.jpg,.jpg,263012,HAM10000_images_part_1\ISIC_0025479.jpg
HAM10000_images_part_1,ISIC_0025480.jpg,.jpg,272969,HAM10000_images_part_1\ISIC_0025480.jpg
HAM10000_images_part_1,ISIC_0025481.jpg,.jpg,274650,HAM10000_images_part_1\ISIC_0025481.jpg
HAM10000_images_part_1,ISIC_0025482.jpg,.jpg,338193,HAM10000_images_part_1\ISIC_0025482.jpg
HAM10000_images_part_1,ISIC_0025483.jpg,.jpg,270960,HAM10000_images_part_1\ISIC_0025483.jpg
HAM10000_images_part_1,ISIC_0025484.jpg,.jpg,235445,HAM10000_images_part_1\ISIC_0025484.jpg
HAM10000_images_part_1,ISIC_0025485.jpg,.jpg,285810,HAM10000_images_part_1\ISIC_0025485.jpg
HAM10000_images_part_1,ISIC_0025486.jpg,.jpg,267588,HAM10000_images_part_1\ISIC_0025486.jpg
HAM10000_images_part_1,ISIC_0025487.jpg,.jpg,349969,HAM10000_images_part_1\ISIC_0025487.jpg
HAM10000_images_part_1,ISIC_0025488.jpg,.jpg,251756,HAM10000_images_part_1\ISIC_0025488.jpg
HAM10000_images_part_1,ISIC_0025489.jpg,.jpg,207480,HAM10000_images_part_1\ISIC_0025489.jpg
HAM10000_images_part_1,ISIC_0025490.jpg,.jpg,305012,HAM10000_images_part_1\ISIC_0025490.jpg
HAM10000_images_part_1,ISIC_0025491.jpg,.jpg,297182,HAM10000_images_part_1\ISIC_0025491.jpg
HAM10000_images_part_1,ISIC_0025492.jpg,.jpg,156821,HAM10000_images_part_1\ISIC_0025492.jpg
HAM10000_images_part_1,ISIC_0025493.jpg,.jpg,245905,HAM10000_images_part_1\ISIC_0025493.jpg
HAM10000_images_part_1,ISIC_0025494.jpg,.jpg,305162,HAM10000_images_part_1\ISIC_0025494.jpg
HAM10000_images_part_1,ISIC_0025495.jpg,.jpg,310804,HAM10000_images_part_1\ISIC_0025495.jpg
HAM10000_images_part_1,ISIC_0025496.jpg,.jpg,275317,HAM10000_images_part_1\ISIC_0025496.jpg
HAM10000_images_part_1,ISIC_0025497.jpg,.jpg,283351,HAM10000_images_part_1\ISIC_0025497.jpg
HAM10000_images_part_1,ISIC_0025498.jpg,.jpg,258828,HAM10000_images_part_1\ISIC_0025498.jpg
HAM10000_images_part_1,ISIC_0025499.jpg,.jpg,250664,HAM10000_images_part_1\ISIC_0025499.jpg
HAM10000_images_part_1,ISIC_0025500.jpg,.jpg,323239,HAM10000_images_part_1\ISIC_0025500.jpg
HAM10000_images_part_1,ISIC_0025501.jpg,.jpg,356584,HAM10000_images_part_1\ISIC_0025501.jpg
HAM10000_images_part_1,ISIC_0025502.jpg,.jpg,269078,HAM10000_images_part_1\ISIC_0025502.jpg
HAM10000_images_part_1,ISIC_0025503.jpg,.jpg,282078,HAM10000_images_part_1\ISIC_0025503.jpg
HAM10000_images_part_1,ISIC_0025504.jpg,.jpg,179461,HAM10000_images_part_1\ISIC_0025504.jpg
HAM10000_images_part_1,ISIC_0025505.jpg,.jpg,257614,HAM10000_images_part_1\ISIC_0025505.jpg
HAM10000_images_part_1,ISIC_0025506.jpg,.jpg,216491,HAM10000_images_part_1\ISIC_0025506.jpg
HAM10000_images_part_1,ISIC_0025507.jpg,.jpg,224010,HAM10000_images_part_1\ISIC_0025507.jpg
HAM10000_images_part_1,ISIC_0025508.jpg,.jpg,364475,HAM10000_images_part_1\ISIC_0025508.jpg
HAM10000_images_part_1,ISIC_0025509.jpg,.jpg,123795,HAM10000_images_part_1\ISIC_0025509.jpg
HAM10000_images_part_1,ISIC_0025510.jpg,.jpg,283438,HAM10000_images_part_1\ISIC_0025510.jpg
HAM10000_images_part_1,ISIC_0025511.jpg,.jpg,274115,HAM10000_images_part_1\ISIC_0025511.jpg
HAM10000_images_part_1,ISIC_0025512.jpg,.jpg,245960,HAM10000_images_part_1\ISIC_0025512.jpg
HAM10000_images_part_1,ISIC_0025513.jpg,.jpg,260933,HAM10000_images_part_1\ISIC_0025513.jpg
HAM10000_images_part_1,ISIC_0025514.jpg,.jpg,337619,HAM10000_images_part_1\ISIC_0025514.jpg
HAM10000_images_part_1,ISIC_0025515.jpg,.jpg,277445,HAM10000_images_part_1\ISIC_0025515.jpg
HAM10000_images_part_1,ISIC_0025516.jpg,.jpg,252427,HAM10000_images_part_1\ISIC_0025516.jpg
HAM10000_images_part_1,ISIC_0025517.jpg,.jpg,155857,HAM10000_images_part_1\ISIC_0025517.jpg
HAM10000_images_part_1,ISIC_0025518.jpg,.jpg,205619,HAM10000_images_part_1\ISIC_0025518.jpg
HAM10000_images_part_1,ISIC_0025519.jpg,.jpg,343075,HAM10000_images_part_1\ISIC_0025519.jpg
HAM10000_images_part_1,ISIC_0025520.jpg,.jpg,311878,HAM10000_images_part_1\ISIC_0025520.jpg
HAM10000_images_part_1,ISIC_0025521.jpg,.jpg,264035,HAM10000_images_part_1\ISIC_0025521.jpg
HAM10000_images_part_1,ISIC_0025522.jpg,.jpg,291074,HAM10000_images_part_1\ISIC_0025522.jpg
HAM10000_images_part_1,ISIC_0025523.jpg,.jpg,262396,HAM10000_images_part_1\ISIC_0025523.jpg
HAM10000_images_part_1,ISIC_0025524.jpg,.jpg,273409,HAM10000_images_part_1\ISIC_0025524.jpg
HAM10000_images_part_1,ISIC_0025525.jpg,.jpg,270613,HAM10000_images_part_1\ISIC_0025525.jpg
HAM10000_images_part_1,ISIC_0025526.jpg,.jpg,335611,HAM10000_images_part_1\ISIC_0025526.jpg
HAM10000_images_part_1,ISIC_0025527.jpg,.jpg,272116,HAM10000_images_part_1\ISIC_0025527.jpg
HAM10000_images_part_1,ISIC_0025528.jpg,.jpg,351682,HAM10000_images_part_1\ISIC_0025528.jpg
HAM10000_images_part_1,ISIC_0025529.jpg,.jpg,260001,HAM10000_images_part_1\ISIC_0025529.jpg
HAM10000_images_part_1,ISIC_0025530.jpg,.jpg,260183,HAM10000_images_part_1\ISIC_0025530.jpg
HAM10000_images_part_1,ISIC_0025531.jpg,.jpg,245276,HAM10000_images_part_1\ISIC_0025531.jpg
HAM10000_images_part_1,ISIC_0025532.jpg,.jpg,279991,HAM10000_images_part_1\ISIC_0025532.jpg
HAM10000_images_part_1,ISIC_0025533.jpg,.jpg,184881,HAM10000_images_part_1\ISIC_0025533.jpg
HAM10000_images_part_1,ISIC_0025534.jpg,.jpg,259543,HAM10000_images_part_1\ISIC_0025534.jpg
HAM10000_images_part_1,ISIC_0025535.jpg,.jpg,264070,HAM10000_images_part_1\ISIC_0025535.jpg
HAM10000_images_part_1,ISIC_0025536.jpg,.jpg,327226,HAM10000_images_part_1\ISIC_0025536.jpg
HAM10000_images_part_1,ISIC_0025537.jpg,.jpg,315648,HAM10000_images_part_1\ISIC_0025537.jpg
HAM10000_images_part_1,ISIC_0025538.jpg,.jpg,292854,HAM10000_images_part_1\ISIC_0025538.jpg
HAM10000_images_part_1,ISIC_0025539.jpg,.jpg,295372,HAM10000_images_part_1\ISIC_0025539.jpg
HAM10000_images_part_1,ISIC_0025540.jpg,.jpg,245426,HAM10000_images_part_1\ISIC_0025540.jpg
HAM10000_images_part_1,ISIC_0025541.jpg,.jpg,198218,HAM10000_images_part_1\ISIC_0025541.jpg
HAM10000_images_part_1,ISIC_0025542.jpg,.jpg,253335,HAM10000_images_part_1\ISIC_0025542.jpg
HAM10000_images_part_1,ISIC_0025543.jpg,.jpg,293803,HAM10000_images_part_1\ISIC_0025543.jpg
HAM10000_images_part_1,ISIC_0025544.jpg,.jpg,351200,HAM10000_images_part_1\ISIC_0025544.jpg
HAM10000_images_part_1,ISIC_0025545.jpg,.jpg,243991,HAM10000_images_part_1\ISIC_0025545.jpg
HAM10000_images_part_1,ISIC_0025546.jpg,.jpg,251090,HAM10000_images_part_1\ISIC_0025546.jpg
HAM10000_images_part_1,ISIC_0025547.jpg,.jpg,233780,HAM10000_images_part_1\ISIC_0025547.jpg
HAM10000_images_part_1,ISIC_0025548.jpg,.jpg,264703,HAM10000_images_part_1\ISIC_0025548.jpg
HAM10000_images_part_1,ISIC_0025549.jpg,.jpg,277420,HAM10000_images_part_1\ISIC_0025549.jpg
HAM10000_images_part_1,ISIC_0025550.jpg,.jpg,231597,HAM10000_images_part_1\ISIC_0025550.jpg
HAM10000_images_part_1,ISIC_0025551.jpg,.jpg,276190,HAM10000_images_part_1\ISIC_0025551.jpg
HAM10000_images_part_1,ISIC_0025552.jpg,.jpg,266005,HAM10000_images_part_1\ISIC_0025552.jpg
HAM10000_images_part_1,ISIC_0025553.jpg,.jpg,226720,HAM10000_images_part_1\ISIC_0025553.jpg
HAM10000_images_part_1,ISIC_0025554.jpg,.jpg,294899,HAM10000_images_part_1\ISIC_0025554.jpg
HAM10000_images_part_1,ISIC_0025555.jpg,.jpg,164866,HAM10000_images_part_1\ISIC_0025555.jpg
HAM10000_images_part_1,ISIC_0025556.jpg,.jpg,270868,HAM10000_images_part_1\ISIC_0025556.jpg
HAM10000_images_part_1,ISIC_0025557.jpg,.jpg,287655,HAM10000_images_part_1\ISIC_0025557.jpg
HAM10000_images_part_1,ISIC_0025558.jpg,.jpg,340491,HAM10000_images_part_1\ISIC_0025558.jpg
HAM10000_images_part_1,ISIC_0025559.jpg,.jpg,368562,HAM10000_images_part_1\ISIC_0025559.jpg
HAM10000_images_part_1,ISIC_0025560.jpg,.jpg,270838,HAM10000_images_part_1\ISIC_0025560.jpg
HAM10000_images_part_1,ISIC_0025561.jpg,.jpg,276699,HAM10000_images_part_1\ISIC_0025561.jpg
HAM10000_images_part_1,ISIC_0025562.jpg,.jpg,258971,HAM10000_images_part_1\ISIC_0025562.jpg
HAM10000_images_part_1,ISIC_0025563.jpg,.jpg,231526,HAM10000_images_part_1\ISIC_0025563.jpg
HAM10000_images_part_1,ISIC_0025564.jpg,.jpg,304154,HAM10000_images_part_1\ISIC_0025564.jpg
HAM10000_images_part_1,ISIC_0025565.jpg,.jpg,267901,HAM10000_images_part_1\ISIC_0025565.jpg
HAM10000_images_part_1,ISIC_0025566.jpg,.jpg,263882,HAM10000_images_part_1\ISIC_0025566.jpg
HAM10000_images_part_1,ISIC_0025567.jpg,.jpg,292330,HAM10000_images_part_1\ISIC_0025567.jpg
HAM10000_images_part_1,ISIC_0025568.jpg,.jpg,272016,HAM10000_images_part_1\ISIC_0025568.jpg
HAM10000_images_part_1,ISIC_0025569.jpg,.jpg,278345,HAM10000_images_part_1\ISIC_0025569.jpg
HAM10000_images_part_1,ISIC_0025570.jpg,.jpg,315439,HAM10000_images_part_1\ISIC_0025570.jpg
HAM10000_images_part_1,ISIC_0025571.jpg,.jpg,188275,HAM10000_images_part_1\ISIC_0025571.jpg
HAM10000_images_part_1,ISIC_0025572.jpg,.jpg,282347,HAM10000_images_part_1\ISIC_0025572.jpg
HAM10000_images_part_1,ISIC_0025573.jpg,.jpg,271459,HAM10000_images_part_1\ISIC_0025573.jpg
HAM10000_images_part_1,ISIC_0025574.jpg,.jpg,285952,HAM10000_images_part_1\ISIC_0025574.jpg
HAM10000_images_part_1,ISIC_0025575.jpg,.jpg,222720,HAM10000_images_part_1\ISIC_0025575.jpg
HAM10000_images_part_1,ISIC_0025576.jpg,.jpg,225952,HAM10000_images_part_1\ISIC_0025576.jpg
HAM10000_images_part_1,ISIC_0025577.jpg,.jpg,238455,HAM10000_images_part_1\ISIC_0025577.jpg
HAM10000_images_part_1,ISIC_0025578.jpg,.jpg,253636,HAM10000_images_part_1\ISIC_0025578.jpg
HAM10000_images_part_1,ISIC_0025579.jpg,.jpg,197785,HAM10000_images_part_1\ISIC_0025579.jpg
HAM10000_images_part_1,ISIC_0025580.jpg,.jpg,283340,HAM10000_images_part_1\ISIC_0025580.jpg
HAM10000_images_part_1,ISIC_0025581.jpg,.jpg,235857,HAM10000_images_part_1\ISIC_0025581.jpg
HAM10000_images_part_1,ISIC_0025582.jpg,.jpg,279524,HAM10000_images_part_1\ISIC_0025582.jpg
HAM10000_images_part_1,ISIC_0025583.jpg,.jpg,277529,HAM10000_images_part_1\ISIC_0025583.jpg
HAM10000_images_part_1,ISIC_0025584.jpg,.jpg,299048,HAM10000_images_part_1\ISIC_0025584.jpg
HAM10000_images_part_1,ISIC_0025585.jpg,.jpg,320937,HAM10000_images_part_1\ISIC_0025585.jpg
HAM10000_images_part_1,ISIC_0025586.jpg,.jpg,281195,HAM10000_images_part_1\ISIC_0025586.jpg
HAM10000_images_part_1,ISIC_0025587.jpg,.jpg,223251,HAM10000_images_part_1\ISIC_0025587.jpg
HAM10000_images_part_1,ISIC_0025588.jpg,.jpg,169293,HAM10000_images_part_1\ISIC_0025588.jpg
HAM10000_images_part_1,ISIC_0025589.jpg,.jpg,270983,HAM10000_images_part_1\ISIC_0025589.jpg
HAM10000_images_part_1,ISIC_0025590.jpg,.jpg,279256,HAM10000_images_part_1\ISIC_0025590.jpg
HAM10000_images_part_1,ISIC_0025591.jpg,.jpg,268856,HAM10000_images_part_1\ISIC_0025591.jpg
HAM10000_images_part_1,ISIC_0025592.jpg,.jpg,330207,HAM10000_images_part_1\ISIC_0025592.jpg
HAM10000_images_part_1,ISIC_0025593.jpg,.jpg,342883,HAM10000_images_part_1\ISIC_0025593.jpg
HAM10000_images_part_1,ISIC_0025594.jpg,.jpg,364564,HAM10000_images_part_1\ISIC_0025594.jpg
HAM10000_images_part_1,ISIC_0025595.jpg,.jpg,287644,HAM10000_images_part_1\ISIC_0025595.jpg
HAM10000_images_part_1,ISIC_0025596.jpg,.jpg,316183,HAM10000_images_part_1\ISIC_0025596.jpg
HAM10000_images_part_1,ISIC_0025597.jpg,.jpg,255655,HAM10000_images_part_1\ISIC_0025597.jpg
HAM10000_images_part_1,ISIC_0025598.jpg,.jpg,207542,HAM10000_images_part_1\ISIC_0025598.jpg
HAM10000_images_part_1,ISIC_0025599.jpg,.jpg,206294,HAM10000_images_part_1\ISIC_0025599.jpg
HAM10000_images_part_1,ISIC_0025600.jpg,.jpg,392075,HAM10000_images_part_1\ISIC_0025600.jpg
HAM10000_images_part_1,ISIC_0025601.jpg,.jpg,126715,HAM10000_images_part_1\ISIC_0025601.jpg
HAM10000_images_part_1,ISIC_0025602.jpg,.jpg,261618,HAM10000_images_part_1\ISIC_0025602.jpg
HAM10000_images_part_1,ISIC_0025603.jpg,.jpg,306031,HAM10000_images_part_1\ISIC_0025603.jpg
HAM10000_images_part_1,ISIC_0025604.jpg,.jpg,275656,HAM10000_images_part_1\ISIC_0025604.jpg
HAM10000_images_part_1,ISIC_0025605.jpg,.jpg,249240,HAM10000_images_part_1\ISIC_0025605.jpg
HAM10000_images_part_1,ISIC_0025606.jpg,.jpg,323649,HAM10000_images_part_1\ISIC_0025606.jpg
HAM10000_images_part_1,ISIC_0025607.jpg,.jpg,354179,HAM10000_images_part_1\ISIC_0025607.jpg
HAM10000_images_part_1,ISIC_0025608.jpg,.jpg,275128,HAM10000_images_part_1\ISIC_0025608.jpg
HAM10000_images_part_1,ISIC_0025609.jpg,.jpg,265067,HAM10000_images_part_1\ISIC_0025609.jpg
HAM10000_images_part_1,ISIC_0025610.jpg,.jpg,231821,HAM10000_images_part_1\ISIC_0025610.jpg
HAM10000_images_part_1,ISIC_0025611.jpg,.jpg,205369,HAM10000_images_part_1\ISIC_0025611.jpg
HAM10000_images_part_1,ISIC_0025612.jpg,.jpg,319512,HAM10000_images_part_1\ISIC_0025612.jpg
HAM10000_images_part_1,ISIC_0025613.jpg,.jpg,395591,HAM10000_images_part_1\ISIC_0025613.jpg
HAM10000_images_part_1,ISIC_0025614.jpg,.jpg,276237,HAM10000_images_part_1\ISIC_0025614.jpg
HAM10000_images_part_1,ISIC_0025615.jpg,.jpg,373710,HAM10000_images_part_1\ISIC_0025615.jpg
HAM10000_images_part_1,ISIC_0025616.jpg,.jpg,278143,HAM10000_images_part_1\ISIC_0025616.jpg
HAM10000_images_part_1,ISIC_0025617.jpg,.jpg,299540,HAM10000_images_part_1\ISIC_0025617.jpg
HAM10000_images_part_1,ISIC_0025618.jpg,.jpg,332522,HAM10000_images_part_1\ISIC_0025618.jpg
HAM10000_images_part_1,ISIC_0025619.jpg,.jpg,246049,HAM10000_images_part_1\ISIC_0025619.jpg
HAM10000_images_part_1,ISIC_0025620.jpg,.jpg,339255,HAM10000_images_part_1\ISIC_0025620.jpg
HAM10000_images_part_1,ISIC_0025621.jpg,.jpg,260663,HAM10000_images_part_1\ISIC_0025621.jpg
HAM10000_images_part_1,ISIC_0025622.jpg,.jpg,332983,HAM10000_images_part_1\ISIC_0025622.jpg
HAM10000_images_part_1,ISIC_0025623.jpg,.jpg,272052,HAM10000_images_part_1\ISIC_0025623.jpg
HAM10000_images_part_1,ISIC_0025624.jpg,.jpg,270980,HAM10000_images_part_1\ISIC_0025624.jpg
HAM10000_images_part_1,ISIC_0025625.jpg,.jpg,279912,HAM10000_images_part_1\ISIC_0025625.jpg
HAM10000_images_part_1,ISIC_0025626.jpg,.jpg,267730,HAM10000_images_part_1\ISIC_0025626.jpg
HAM10000_images_part_1,ISIC_0025627.jpg,.jpg,248041,HAM10000_images_part_1\ISIC_0025627.jpg
HAM10000_images_part_1,ISIC_0025628.jpg,.jpg,311935,HAM10000_images_part_1\ISIC_0025628.jpg
HAM10000_images_part_1,ISIC_0025629.jpg,.jpg,277644,HAM10000_images_part_1\ISIC_0025629.jpg
HAM10000_images_part_1,ISIC_0025630.jpg,.jpg,197751,HAM10000_images_part_1\ISIC_0025630.jpg
HAM10000_images_part_1,ISIC_0025631.jpg,.jpg,246806,HAM10000_images_part_1\ISIC_0025631.jpg
HAM10000_images_part_1,ISIC_0025632.jpg,.jpg,263769,HAM10000_images_part_1\ISIC_0025632.jpg
HAM10000_images_part_1,ISIC_0025633.jpg,.jpg,172254,HAM10000_images_part_1\ISIC_0025633.jpg
HAM10000_images_part_1,ISIC_0025634.jpg,.jpg,332032,HAM10000_images_part_1\ISIC_0025634.jpg
HAM10000_images_part_1,ISIC_0025635.jpg,.jpg,353649,HAM10000_images_part_1\ISIC_0025635.jpg
HAM10000_images_part_1,ISIC_0025636.jpg,.jpg,342708,HAM10000_images_part_1\ISIC_0025636.jpg
HAM10000_images_part_1,ISIC_0025637.jpg,.jpg,254261,HAM10000_images_part_1\ISIC_0025637.jpg
HAM10000_images_part_1,ISIC_0025638.jpg,.jpg,266870,HAM10000_images_part_1\ISIC_0025638.jpg
HAM10000_images_part_1,ISIC_0025639.jpg,.jpg,269567,HAM10000_images_part_1\ISIC_0025639.jpg
HAM10000_images_part_1,ISIC_0025640.jpg,.jpg,167690,HAM10000_images_part_1\ISIC_0025640.jpg
HAM10000_images_part_1,ISIC_0025641.jpg,.jpg,242531,HAM10000_images_part_1\ISIC_0025641.jpg
HAM10000_images_part_1,ISIC_0025642.jpg,.jpg,268515,HAM10000_images_part_1\ISIC_0025642.jpg
HAM10000_images_part_1,ISIC_0025643.jpg,.jpg,287319,HAM10000_images_part_1\ISIC_0025643.jpg
HAM10000_images_part_1,ISIC_0025644.jpg,.jpg,279042,HAM10000_images_part_1\ISIC_0025644.jpg
HAM10000_images_part_1,ISIC_0025645.jpg,.jpg,278773,HAM10000_images_part_1\ISIC_0025645.jpg
HAM10000_images_part_1,ISIC_0025646.jpg,.jpg,276671,HAM10000_images_part_1\ISIC_0025646.jpg
HAM10000_images_part_1,ISIC_0025647.jpg,.jpg,234208,HAM10000_images_part_1\ISIC_0025647.jpg
HAM10000_images_part_1,ISIC_0025648.jpg,.jpg,298432,HAM10000_images_part_1\ISIC_0025648.jpg
HAM10000_images_part_1,ISIC_0025649.jpg,.jpg,288409,HAM10000_images_part_1\ISIC_0025649.jpg
HAM10000_images_part_1,ISIC_0025650.jpg,.jpg,204363,HAM10000_images_part_1\ISIC_0025650.jpg
HAM10000_images_part_1,ISIC_0025651.jpg,.jpg,328604,HAM10000_images_part_1\ISIC_0025651.jpg
HAM10000_images_part_1,ISIC_0025652.jpg,.jpg,247133,HAM10000_images_part_1\ISIC_0025652.jpg
HAM10000_images_part_1,ISIC_0025653.jpg,.jpg,238624,HAM10000_images_part_1\ISIC_0025653.jpg
HAM10000_images_part_1,ISIC_0025654.jpg,.jpg,328654,HAM10000_images_part_1\ISIC_0025654.jpg
HAM10000_images_part_1,ISIC_0025655.jpg,.jpg,146063,HAM10000_images_part_1\ISIC_0025655.jpg
HAM10000_images_part_1,ISIC_0025656.jpg,.jpg,295722,HAM10000_images_part_1\ISIC_0025656.jpg
HAM10000_images_part_1,ISIC_0025657.jpg,.jpg,202787,HAM10000_images_part_1\ISIC_0025657.jpg
HAM10000_images_part_1,ISIC_0025658.jpg,.jpg,279521,HAM10000_images_part_1\ISIC_0025658.jpg
HAM10000_images_part_1,ISIC_0025659.jpg,.jpg,286227,HAM10000_images_part_1\ISIC_0025659.jpg
HAM10000_images_part_1,ISIC_0025660.jpg,.jpg,264642,HAM10000_images_part_1\ISIC_0025660.jpg
HAM10000_images_part_1,ISIC_0025661.jpg,.jpg,345527,HAM10000_images_part_1\ISIC_0025661.jpg
HAM10000_images_part_1,ISIC_0025662.jpg,.jpg,227949,HAM10000_images_part_1\ISIC_0025662.jpg
HAM10000_images_part_1,ISIC_0025663.jpg,.jpg,245190,HAM10000_images_part_1\ISIC_0025663.jpg
HAM10000_images_part_1,ISIC_0025664.jpg,.jpg,334984,HAM10000_images_part_1\ISIC_0025664.jpg
HAM10000_images_part_1,ISIC_0025665.jpg,.jpg,231853,HAM10000_images_part_1\ISIC_0025665.jpg
HAM10000_images_part_1,ISIC_0025666.jpg,.jpg,288313,HAM10000_images_part_1\ISIC_0025666.jpg
HAM10000_images_part_1,ISIC_0025667.jpg,.jpg,136436,HAM10000_images_part_1\ISIC_0025667.jpg
HAM10000_images_part_1,ISIC_0025668.jpg,.jpg,300479,HAM10000_images_part_1\ISIC_0025668.jpg
HAM10000_images_part_1,ISIC_0025669.jpg,.jpg,275899,HAM10000_images_part_1\ISIC_0025669.jpg
HAM10000_images_part_1,ISIC_0025670.jpg,.jpg,267425,HAM10000_images_part_1\ISIC_0025670.jpg
HAM10000_images_part_1,ISIC_0025671.jpg,.jpg,223644,HAM10000_images_part_1\ISIC_0025671.jpg
HAM10000_images_part_1,ISIC_0025672.jpg,.jpg,304366,HAM10000_images_part_1\ISIC_0025672.jpg
HAM10000_images_part_1,ISIC_0025673.jpg,.jpg,276811,HAM10000_images_part_1\ISIC_0025673.jpg
HAM10000_images_part_1,ISIC_0025674.jpg,.jpg,283696,HAM10000_images_part_1\ISIC_0025674.jpg
HAM10000_images_part_1,ISIC_0025675.jpg,.jpg,343849,HAM10000_images_part_1\ISIC_0025675.jpg
HAM10000_images_part_1,ISIC_0025676.jpg,.jpg,344073,HAM10000_images_part_1\ISIC_0025676.jpg
HAM10000_images_part_1,ISIC_0025677.jpg,.jpg,310217,HAM10000_images_part_1\ISIC_0025677.jpg
HAM10000_images_part_1,ISIC_0025678.jpg,.jpg,347910,HAM10000_images_part_1\ISIC_0025678.jpg
HAM10000_images_part_1,ISIC_0025679.jpg,.jpg,284865,HAM10000_images_part_1\ISIC_0025679.jpg
HAM10000_images_part_1,ISIC_0025680.jpg,.jpg,264574,HAM10000_images_part_1\ISIC_0025680.jpg
HAM10000_images_part_1,ISIC_0025681.jpg,.jpg,172333,HAM10000_images_part_1\ISIC_0025681.jpg
HAM10000_images_part_1,ISIC_0025682.jpg,.jpg,264051,HAM10000_images_part_1\ISIC_0025682.jpg
HAM10000_images_part_1,ISIC_0025683.jpg,.jpg,254621,HAM10000_images_part_1\ISIC_0025683.jpg
HAM10000_images_part_1,ISIC_0025684.jpg,.jpg,311284,HAM10000_images_part_1\ISIC_0025684.jpg
HAM10000_images_part_1,ISIC_0025685.jpg,.jpg,283245,HAM10000_images_part_1\ISIC_0025685.jpg
HAM10000_images_part_1,ISIC_0025686.jpg,.jpg,275046,HAM10000_images_part_1\ISIC_0025686.jpg
HAM10000_images_part_1,ISIC_0025687.jpg,.jpg,297948,HAM10000_images_part_1\ISIC_0025687.jpg
HAM10000_images_part_1,ISIC_0025688.jpg,.jpg,250205,HAM10000_images_part_1\ISIC_0025688.jpg
HAM10000_images_part_1,ISIC_0025689.jpg,.jpg,236032,HAM10000_images_part_1\ISIC_0025689.jpg
HAM10000_images_part_1,ISIC_0025690.jpg,.jpg,279954,HAM10000_images_part_1\ISIC_0025690.jpg
HAM10000_images_part_1,ISIC_0025691.jpg,.jpg,217728,HAM10000_images_part_1\ISIC_0025691.jpg
HAM10000_images_part_1,ISIC_0025692.jpg,.jpg,345080,HAM10000_images_part_1\ISIC_0025692.jpg
HAM10000_images_part_1,ISIC_0025693.jpg,.jpg,229581,HAM10000_images_part_1\ISIC_0025693.jpg
HAM10000_images_part_1,ISIC_0025694.jpg,.jpg,266249,HAM10000_images_part_1\ISIC_0025694.jpg
HAM10000_images_part_1,ISIC_0025695.jpg,.jpg,298522,HAM10000_images_part_1\ISIC_0025695.jpg
HAM10000_images_part_1,ISIC_0025696.jpg,.jpg,273833,HAM10000_images_part_1\ISIC_0025696.jpg
HAM10000_images_part_1,ISIC_0025697.jpg,.jpg,276758,HAM10000_images_part_1\ISIC_0025697.jpg
HAM10000_images_part_1,ISIC_0025698.jpg,.jpg,296001,HAM10000_images_part_1\ISIC_0025698.jpg
HAM10000_images_part_1,ISIC_0025699.jpg,.jpg,184688,HAM10000_images_part_1\ISIC_0025699.jpg
HAM10000_images_part_1,ISIC_0025700.jpg,.jpg,301857,HAM10000_images_part_1\ISIC_0025700.jpg
HAM10000_images_part_1,ISIC_0025701.jpg,.jpg,283795,HAM10000_images_part_1\ISIC_0025701.jpg
HAM10000_images_part_1,ISIC_0025702.jpg,.jpg,267103,HAM10000_images_part_1\ISIC_0025702.jpg
HAM10000_images_part_1,ISIC_0025703.jpg,.jpg,286655,HAM10000_images_part_1\ISIC_0025703.jpg
HAM10000_images_part_1,ISIC_0025704.jpg,.jpg,267982,HAM10000_images_part_1\ISIC_0025704.jpg
HAM10000_images_part_1,ISIC_0025705.jpg,.jpg,282917,HAM10000_images_part_1\ISIC_0025705.jpg
HAM10000_images_part_1,ISIC_0025706.jpg,.jpg,282210,HAM10000_images_part_1\ISIC_0025706.jpg
HAM10000_images_part_1,ISIC_0025707.jpg,.jpg,304995,HAM10000_images_part_1\ISIC_0025707.jpg
HAM10000_images_part_1,ISIC_0025708.jpg,.jpg,234467,HAM10000_images_part_1\ISIC_0025708.jpg
HAM10000_images_part_1,ISIC_0025709.jpg,.jpg,251320,HAM10000_images_part_1\ISIC_0025709.jpg
HAM10000_images_part_1,ISIC_0025710.jpg,.jpg,307608,HAM10000_images_part_1\ISIC_0025710.jpg
HAM10000_images_part_1,ISIC_0025711.jpg,.jpg,195593,HAM10000_images_part_1\ISIC_0025711.jpg
HAM10000_images_part_1,ISIC_0025712.jpg,.jpg,260081,HAM10000_images_part_1\ISIC_0025712.jpg
HAM10000_images_part_1,ISIC_0025713.jpg,.jpg,251207,HAM10000_images_part_1\ISIC_0025713.jpg
HAM10000_images_part_1,ISIC_0025714.jpg,.jpg,267011,HAM10000_images_part_1\ISIC_0025714.jpg
HAM10000_images_part_1,ISIC_0025715.jpg,.jpg,271816,HAM10000_images_part_1\ISIC_0025715.jpg
HAM10000_images_part_1,ISIC_0025716.jpg,.jpg,157255,HAM10000_images_part_1\ISIC_0025716.jpg
HAM10000_images_part_1,ISIC_0025717.jpg,.jpg,275782,HAM10000_images_part_1\ISIC_0025717.jpg
HAM10000_images_part_1,ISIC_0025718.jpg,.jpg,315636,HAM10000_images_part_1\ISIC_0025718.jpg
HAM10000_images_part_1,ISIC_0025719.jpg,.jpg,290115,HAM10000_images_part_1\ISIC_0025719.jpg
HAM10000_images_part_1,ISIC_0025720.jpg,.jpg,280558,HAM10000_images_part_1\ISIC_0025720.jpg
HAM10000_images_part_1,ISIC_0025721.jpg,.jpg,287745,HAM10000_images_part_1\ISIC_0025721.jpg
HAM10000_images_part_1,ISIC_0025722.jpg,.jpg,345279,HAM10000_images_part_1\ISIC_0025722.jpg
HAM10000_images_part_1,ISIC_0025723.jpg,.jpg,269740,HAM10000_images_part_1\ISIC_0025723.jpg
HAM10000_images_part_1,ISIC_0025724.jpg,.jpg,161805,HAM10000_images_part_1\ISIC_0025724.jpg
HAM10000_images_part_1,ISIC_0025725.jpg,.jpg,283052,HAM10000_images_part_1\ISIC_0025725.jpg
HAM10000_images_part_1,ISIC_0025726.jpg,.jpg,318910,HAM10000_images_part_1\ISIC_0025726.jpg
HAM10000_images_part_1,ISIC_0025727.jpg,.jpg,275206,HAM10000_images_part_1\ISIC_0025727.jpg
HAM10000_images_part_1,ISIC_0025728.jpg,.jpg,289474,HAM10000_images_part_1\ISIC_0025728.jpg
HAM10000_images_part_1,ISIC_0025729.jpg,.jpg,226899,HAM10000_images_part_1\ISIC_0025729.jpg
HAM10000_images_part_1,ISIC_0025730.jpg,.jpg,217632,HAM10000_images_part_1\ISIC_0025730.jpg
HAM10000_images_part_1,ISIC_0025731.jpg,.jpg,257447,HAM10000_images_part_1\ISIC_0025731.jpg
HAM10000_images_part_1,ISIC_0025732.jpg,.jpg,332915,HAM10000_images_part_1\ISIC_0025732.jpg
HAM10000_images_part_1,ISIC_0025733.jpg,.jpg,264769,HAM10000_images_part_1\ISIC_0025733.jpg
HAM10000_images_part_1,ISIC_0025734.jpg,.jpg,283663,HAM10000_images_part_1\ISIC_0025734.jpg
HAM10000_images_part_1,ISIC_0025735.jpg,.jpg,254924,HAM10000_images_part_1\ISIC_0025735.jpg
HAM10000_images_part_1,ISIC_0025736.jpg,.jpg,277326,HAM10000_images_part_1\ISIC_0025736.jpg
HAM10000_images_part_1,ISIC_0025737.jpg,.jpg,298813,HAM10000_images_part_1\ISIC_0025737.jpg
HAM10000_images_part_1,ISIC_0025738.jpg,.jpg,392177,HAM10000_images_part_1\ISIC_0025738.jpg
HAM10000_images_part_1,ISIC_0025739.jpg,.jpg,272900,HAM10000_images_part_1\ISIC_0025739.jpg
HAM10000_images_part_1,ISIC_0025740.jpg,.jpg,277209,HAM10000_images_part_1\ISIC_0025740.jpg
HAM10000_images_part_1,ISIC_0025741.jpg,.jpg,286616,HAM10000_images_part_1\ISIC_0025741.jpg
HAM10000_images_part_1,ISIC_0025742.jpg,.jpg,133577,HAM10000_images_part_1\ISIC_0025742.jpg
HAM10000_images_part_1,ISIC_0025743.jpg,.jpg,274271,HAM10000_images_part_1\ISIC_0025743.jpg
HAM10000_images_part_1,ISIC_0025744.jpg,.jpg,279108,HAM10000_images_part_1\ISIC_0025744.jpg
HAM10000_images_part_1,ISIC_0025745.jpg,.jpg,287333,HAM10000_images_part_1\ISIC_0025745.jpg
HAM10000_images_part_1,ISIC_0025746.jpg,.jpg,217102,HAM10000_images_part_1\ISIC_0025746.jpg
HAM10000_images_part_1,ISIC_0025747.jpg,.jpg,327006,HAM10000_images_part_1\ISIC_0025747.jpg
HAM10000_images_part_1,ISIC_0025748.jpg,.jpg,216082,HAM10000_images_part_1\ISIC_0025748.jpg
HAM10000_images_part_1,ISIC_0025749.jpg,.jpg,328105,HAM10000_images_part_1\ISIC_0025749.jpg
HAM10000_images_part_1,ISIC_0025750.jpg,.jpg,270160,HAM10000_images_part_1\ISIC_0025750.jpg
HAM10000_images_part_1,ISIC_0025751.jpg,.jpg,293674,HAM10000_images_part_1\ISIC_0025751.jpg
HAM10000_images_part_1,ISIC_0025752.jpg,.jpg,305662,HAM10000_images_part_1\ISIC_0025752.jpg
HAM10000_images_part_1,ISIC_0025753.jpg,.jpg,373862,HAM10000_images_part_1\ISIC_0025753.jpg
HAM10000_images_part_1,ISIC_0025754.jpg,.jpg,269333,HAM10000_images_part_1\ISIC_0025754.jpg
HAM10000_images_part_1,ISIC_0025755.jpg,.jpg,285539,HAM10000_images_part_1\ISIC_0025755.jpg
HAM10000_images_part_1,ISIC_0025756.jpg,.jpg,265167,HAM10000_images_part_1\ISIC_0025756.jpg
HAM10000_images_part_1,ISIC_0025757.jpg,.jpg,267421,HAM10000_images_part_1\ISIC_0025757.jpg
HAM10000_images_part_1,ISIC_0025758.jpg,.jpg,326554,HAM10000_images_part_1\ISIC_0025758.jpg
HAM10000_images_part_1,ISIC_0025759.jpg,.jpg,190228,HAM10000_images_part_1\ISIC_0025759.jpg
HAM10000_images_part_1,ISIC_0025760.jpg,.jpg,263928,HAM10000_images_part_1\ISIC_0025760.jpg
HAM10000_images_part_1,ISIC_0025761.jpg,.jpg,274288,HAM10000_images_part_1\ISIC_0025761.jpg
HAM10000_images_part_1,ISIC_0025762.jpg,.jpg,302113,HAM10000_images_part_1\ISIC_0025762.jpg
HAM10000_images_part_1,ISIC_0025763.jpg,.jpg,156294,HAM10000_images_part_1\ISIC_0025763.jpg
HAM10000_images_part_1,ISIC_0025764.jpg,.jpg,271906,HAM10000_images_part_1\ISIC_0025764.jpg
HAM10000_images_part_1,ISIC_0025765.jpg,.jpg,272930,HAM10000_images_part_1\ISIC_0025765.jpg
HAM10000_images_part_1,ISIC_0025766.jpg,.jpg,273282,HAM10000_images_part_1\ISIC_0025766.jpg
HAM10000_images_part_1,ISIC_0025767.jpg,.jpg,244163,HAM10000_images_part_1\ISIC_0025767.jpg
HAM10000_images_part_1,ISIC_0025768.jpg,.jpg,280442,HAM10000_images_part_1\ISIC_0025768.jpg
HAM10000_images_part_1,ISIC_0025769.jpg,.jpg,296538,HAM10000_images_part_1\ISIC_0025769.jpg
HAM10000_images_part_1,ISIC_0025770.jpg,.jpg,273120,HAM10000_images_part_1\ISIC_0025770.jpg
HAM10000_images_part_1,ISIC_0025771.jpg,.jpg,266841,HAM10000_images_part_1\ISIC_0025771.jpg
HAM10000_images_part_1,ISIC_0025772.jpg,.jpg,299352,HAM10000_images_part_1\ISIC_0025772.jpg
HAM10000_images_part_1,ISIC_0025773.jpg,.jpg,283140,HAM10000_images_part_1\ISIC_0025773.jpg
HAM10000_images_part_1,ISIC_0025774.jpg,.jpg,326280,HAM10000_images_part_1\ISIC_0025774.jpg
HAM10000_images_part_1,ISIC_0025775.jpg,.jpg,332514,HAM10000_images_part_1\ISIC_0025775.jpg
HAM10000_images_part_1,ISIC_0025776.jpg,.jpg,274783,HAM10000_images_part_1\ISIC_0025776.jpg
HAM10000_images_part_1,ISIC_0025777.jpg,.jpg,228308,HAM10000_images_part_1\ISIC_0025777.jpg
HAM10000_images_part_1,ISIC_0025778.jpg,.jpg,316644,HAM10000_images_part_1\ISIC_0025778.jpg
HAM10000_images_part_1,ISIC_0025779.jpg,.jpg,342179,HAM10000_images_part_1\ISIC_0025779.jpg
HAM10000_images_part_1,ISIC_0025780.jpg,.jpg,260924,HAM10000_images_part_1\ISIC_0025780.jpg
HAM10000_images_part_1,ISIC_0025781.jpg,.jpg,261554,HAM10000_images_part_1\ISIC_0025781.jpg
HAM10000_images_part_1,ISIC_0025782.jpg,.jpg,297704,HAM10000_images_part_1\ISIC_0025782.jpg
HAM10000_images_part_1,ISIC_0025783.jpg,.jpg,240315,HAM10000_images_part_1\ISIC_0025783.jpg
HAM10000_images_part_1,ISIC_0025784.jpg,.jpg,137931,HAM10000_images_part_1\ISIC_0025784.jpg
HAM10000_images_part_1,ISIC_0025785.jpg,.jpg,273229,HAM10000_images_part_1\ISIC_0025785.jpg
HAM10000_images_part_1,ISIC_0025786.jpg,.jpg,306456,HAM10000_images_part_1\ISIC_0025786.jpg
HAM10000_images_part_1,ISIC_0025787.jpg,.jpg,271929,HAM10000_images_part_1\ISIC_0025787.jpg
HAM10000_images_part_1,ISIC_0025788.jpg,.jpg,280957,HAM10000_images_part_1\ISIC_0025788.jpg
HAM10000_images_part_1,ISIC_0025789.jpg,.jpg,232916,HAM10000_images_part_1\ISIC_0025789.jpg
HAM10000_images_part_1,ISIC_0025790.jpg,.jpg,231847,HAM10000_images_part_1\ISIC_0025790.jpg
HAM10000_images_part_1,ISIC_0025791.jpg,.jpg,192492,HAM10000_images_part_1\ISIC_0025791.jpg
HAM10000_images_part_1,ISIC_0025792.jpg,.jpg,283764,HAM10000_images_part_1\ISIC_0025792.jpg
HAM10000_images_part_1,ISIC_0025793.jpg,.jpg,292749,HAM10000_images_part_1\ISIC_0025793.jpg
HAM10000_images_part_1,ISIC_0025794.jpg,.jpg,357586,HAM10000_images_part_1\ISIC_0025794.jpg
HAM10000_images_part_1,ISIC_0025795.jpg,.jpg,320413,HAM10000_images_part_1\ISIC_0025795.jpg
HAM10000_images_part_1,ISIC_0025796.jpg,.jpg,265754,HAM10000_images_part_1\ISIC_0025796.jpg
HAM10000_images_part_1,ISIC_0025797.jpg,.jpg,277753,HAM10000_images_part_1\ISIC_0025797.jpg
HAM10000_images_part_1,ISIC_0025798.jpg,.jpg,205398,HAM10000_images_part_1\ISIC_0025798.jpg
HAM10000_images_part_1,ISIC_0025799.jpg,.jpg,185414,HAM10000_images_part_1\ISIC_0025799.jpg
HAM10000_images_part_1,ISIC_0025800.jpg,.jpg,254916,HAM10000_images_part_1\ISIC_0025800.jpg
HAM10000_images_part_1,ISIC_0025801.jpg,.jpg,264992,HAM10000_images_part_1\ISIC_0025801.jpg
HAM10000_images_part_1,ISIC_0025802.jpg,.jpg,258722,HAM10000_images_part_1\ISIC_0025802.jpg
HAM10000_images_part_1,ISIC_0025803.jpg,.jpg,312725,HAM10000_images_part_1\ISIC_0025803.jpg
HAM10000_images_part_1,ISIC_0025804.jpg,.jpg,358659,HAM10000_images_part_1\ISIC_0025804.jpg
HAM10000_images_part_1,ISIC_0025805.jpg,.jpg,255934,HAM10000_images_part_1\ISIC_0025805.jpg
HAM10000_images_part_1,ISIC_0025806.jpg,.jpg,279747,HAM10000_images_part_1\ISIC_0025806.jpg
HAM10000_images_part_1,ISIC_0025807.jpg,.jpg,218586,HAM10000_images_part_1\ISIC_0025807.jpg
HAM10000_images_part_1,ISIC_0025808.jpg,.jpg,255814,HAM10000_images_part_1\ISIC_0025808.jpg
HAM10000_images_part_1,ISIC_0025809.jpg,.jpg,278668,HAM10000_images_part_1\ISIC_0025809.jpg
HAM10000_images_part_1,ISIC_0025810.jpg,.jpg,256908,HAM10000_images_part_1\ISIC_0025810.jpg
HAM10000_images_part_1,ISIC_0025811.jpg,.jpg,247122,HAM10000_images_part_1\ISIC_0025811.jpg
HAM10000_images_part_1,ISIC_0025812.jpg,.jpg,174046,HAM10000_images_part_1\ISIC_0025812.jpg
HAM10000_images_part_1,ISIC_0025813.jpg,.jpg,352459,HAM10000_images_part_1\ISIC_0025813.jpg
HAM10000_images_part_1,ISIC_0025814.jpg,.jpg,338582,HAM10000_images_part_1\ISIC_0025814.jpg
HAM10000_images_part_1,ISIC_0025815.jpg,.jpg,339143,HAM10000_images_part_1\ISIC_0025815.jpg
HAM10000_images_part_1,ISIC_0025816.jpg,.jpg,234581,HAM10000_images_part_1\ISIC_0025816.jpg
HAM10000_images_part_1,ISIC_0025817.jpg,.jpg,274929,HAM10000_images_part_1\ISIC_0025817.jpg
HAM10000_images_part_1,ISIC_0025818.jpg,.jpg,216526,HAM10000_images_part_1\ISIC_0025818.jpg
HAM10000_images_part_1,ISIC_0025819.jpg,.jpg,322914,HAM10000_images_part_1\ISIC_0025819.jpg
HAM10000_images_part_1,ISIC_0025820.jpg,.jpg,279643,HAM10000_images_part_1\ISIC_0025820.jpg
HAM10000_images_part_1,ISIC_0025821.jpg,.jpg,285923,HAM10000_images_part_1\ISIC_0025821.jpg
HAM10000_images_part_1,ISIC_0025822.jpg,.jpg,288675,HAM10000_images_part_1\ISIC_0025822.jpg
HAM10000_images_part_1,ISIC_0025823.jpg,.jpg,274614,HAM10000_images_part_1\ISIC_0025823.jpg
HAM10000_images_part_1,ISIC_0025824.jpg,.jpg,233874,HAM10000_images_part_1\ISIC_0025824.jpg
HAM10000_images_part_1,ISIC_0025825.jpg,.jpg,294400,HAM10000_images_part_1\ISIC_0025825.jpg
HAM10000_images_part_1,ISIC_0025826.jpg,.jpg,155229,HAM10000_images_part_1\ISIC_0025826.jpg
HAM10000_images_part_1,ISIC_0025827.jpg,.jpg,270063,HAM10000_images_part_1\ISIC_0025827.jpg
HAM10000_images_part_1,ISIC_0025828.jpg,.jpg,277879,HAM10000_images_part_1\ISIC_0025828.jpg
HAM10000_images_part_1,ISIC_0025829.jpg,.jpg,270989,HAM10000_images_part_1\ISIC_0025829.jpg
HAM10000_images_part_1,ISIC_0025830.jpg,.jpg,246680,HAM10000_images_part_1\ISIC_0025830.jpg
HAM10000_images_part_1,ISIC_0025831.jpg,.jpg,210153,HAM10000_images_part_1\ISIC_0025831.jpg
HAM10000_images_part_1,ISIC_0025832.jpg,.jpg,245984,HAM10000_images_part_1\ISIC_0025832.jpg
HAM10000_images_part_1,ISIC_0025833.jpg,.jpg,327194,HAM10000_images_part_1\ISIC_0025833.jpg
HAM10000_images_part_1,ISIC_0025834.jpg,.jpg,318317,HAM10000_images_part_1\ISIC_0025834.jpg
HAM10000_images_part_1,ISIC_0025835.jpg,.jpg,214501,HAM10000_images_part_1\ISIC_0025835.jpg
HAM10000_images_part_1,ISIC_0025836.jpg,.jpg,300561,HAM10000_images_part_1\ISIC_0025836.jpg
HAM10000_images_part_1,ISIC_0025837.jpg,.jpg,342497,HAM10000_images_part_1\ISIC_0025837.jpg
HAM10000_images_part_1,ISIC_0025838.jpg,.jpg,311938,HAM10000_images_part_1\ISIC_0025838.jpg
HAM10000_images_part_1,ISIC_0025839.jpg,.jpg,277662,HAM10000_images_part_1\ISIC_0025839.jpg
HAM10000_images_part_1,ISIC_0025840.jpg,.jpg,233528,HAM10000_images_part_1\ISIC_0025840.jpg
HAM10000_images_part_1,ISIC_0025841.jpg,.jpg,299869,HAM10000_images_part_1\ISIC_0025841.jpg
HAM10000_images_part_1,ISIC_0025842.jpg,.jpg,252685,HAM10000_images_part_1\ISIC_0025842.jpg
HAM10000_images_part_1,ISIC_0025843.jpg,.jpg,338614,HAM10000_images_part_1\ISIC_0025843.jpg
HAM10000_images_part_1,ISIC_0025844.jpg,.jpg,278895,HAM10000_images_part_1\ISIC_0025844.jpg
HAM10000_images_part_1,ISIC_0025845.jpg,.jpg,279780,HAM10000_images_part_1\ISIC_0025845.jpg
HAM10000_images_part_1,ISIC_0025846.jpg,.jpg,133914,HAM10000_images_part_1\ISIC_0025846.jpg
HAM10000_images_part_1,ISIC_0025847.jpg,.jpg,262402,HAM10000_images_part_1\ISIC_0025847.jpg
HAM10000_images_part_1,ISIC_0025848.jpg,.jpg,299094,HAM10000_images_part_1\ISIC_0025848.jpg
HAM10000_images_part_1,ISIC_0025849.jpg,.jpg,349776,HAM10000_images_part_1\ISIC_0025849.jpg
HAM10000_images_part_1,ISIC_0025850.jpg,.jpg,128785,HAM10000_images_part_1\ISIC_0025850.jpg
HAM10000_images_part_1,ISIC_0025851.jpg,.jpg,322270,HAM10000_images_part_1\ISIC_0025851.jpg
HAM10000_images_part_1,ISIC_0025852.jpg,.jpg,282345,HAM10000_images_part_1\ISIC_0025852.jpg
HAM10000_images_part_1,ISIC_0025853.jpg,.jpg,278737,HAM10000_images_part_1\ISIC_0025853.jpg
HAM10000_images_part_1,ISIC_0025854.jpg,.jpg,297823,HAM10000_images_part_1\ISIC_0025854.jpg
HAM10000_images_part_1,ISIC_0025855.jpg,.jpg,274283,HAM10000_images_part_1\ISIC_0025855.jpg
HAM10000_images_part_1,ISIC_0025856.jpg,.jpg,327669,HAM10000_images_part_1\ISIC_0025856.jpg
HAM10000_images_part_1,ISIC_0025857.jpg,.jpg,263162,HAM10000_images_part_1\ISIC_0025857.jpg
HAM10000_images_part_1,ISIC_0025858.jpg,.jpg,267349,HAM10000_images_part_1\ISIC_0025858.jpg
HAM10000_images_part_1,ISIC_0025859.jpg,.jpg,287380,HAM10000_images_part_1\ISIC_0025859.jpg
HAM10000_images_part_1,ISIC_0025860.jpg,.jpg,238116,HAM10000_images_part_1\ISIC_0025860.jpg
HAM10000_images_part_1,ISIC_0025861.jpg,.jpg,351817,HAM10000_images_part_1\ISIC_0025861.jpg
HAM10000_images_part_1,ISIC_0025862.jpg,.jpg,273878,HAM10000_images_part_1\ISIC_0025862.jpg
HAM10000_images_part_1,ISIC_0025863.jpg,.jpg,206333,HAM10000_images_part_1\ISIC_0025863.jpg
HAM10000_images_part_1,ISIC_0025864.jpg,.jpg,267569,HAM10000_images_part_1\ISIC_0025864.jpg
HAM10000_images_part_1,ISIC_0025865.jpg,.jpg,305336,HAM10000_images_part_1\ISIC_0025865.jpg
HAM10000_images_part_1,ISIC_0025866.jpg,.jpg,265716,HAM10000_images_part_1\ISIC_0025866.jpg
HAM10000_images_part_1,ISIC_0025867.jpg,.jpg,269863,HAM10000_images_part_1\ISIC_0025867.jpg
HAM10000_images_part_1,ISIC_0025868.jpg,.jpg,355450,HAM10000_images_part_1\ISIC_0025868.jpg
HAM10000_images_part_1,ISIC_0025869.jpg,.jpg,276447,HAM10000_images_part_1\ISIC_0025869.jpg
HAM10000_images_part_1,ISIC_0025870.jpg,.jpg,229287,HAM10000_images_part_1\ISIC_0025870.jpg
HAM10000_images_part_1,ISIC_0025871.jpg,.jpg,215528,HAM10000_images_part_1\ISIC_0025871.jpg
HAM10000_images_part_1,ISIC_0025872.jpg,.jpg,272290,HAM10000_images_part_1\ISIC_0025872.jpg
HAM10000_images_part_1,ISIC_0025873.jpg,.jpg,198067,HAM10000_images_part_1\ISIC_0025873.jpg
HAM10000_images_part_1,ISIC_0025874.jpg,.jpg,301617,HAM10000_images_part_1\ISIC_0025874.jpg
HAM10000_images_part_1,ISIC_0025875.jpg,.jpg,286555,HAM10000_images_part_1\ISIC_0025875.jpg
HAM10000_images_part_1,ISIC_0025876.jpg,.jpg,268425,HAM10000_images_part_1\ISIC_0025876.jpg
HAM10000_images_part_1,ISIC_0025877.jpg,.jpg,278357,HAM10000_images_part_1\ISIC_0025877.jpg
HAM10000_images_part_1,ISIC_0025878.jpg,.jpg,404182,HAM10000_images_part_1\ISIC_0025878.jpg
HAM10000_images_part_1,ISIC_0025879.jpg,.jpg,350568,HAM10000_images_part_1\ISIC_0025879.jpg
HAM10000_images_part_1,ISIC_0025880.jpg,.jpg,297265,HAM10000_images_part_1\ISIC_0025880.jpg
HAM10000_images_part_1,ISIC_0025881.jpg,.jpg,336906,HAM10000_images_part_1\ISIC_0025881.jpg
HAM10000_images_part_1,ISIC_0025882.jpg,.jpg,265571,HAM10000_images_part_1\ISIC_0025882.jpg
HAM10000_images_part_1,ISIC_0025883.jpg,.jpg,288413,HAM10000_images_part_1\ISIC_0025883.jpg
HAM10000_images_part_1,ISIC_0025884.jpg,.jpg,274142,HAM10000_images_part_1\ISIC_0025884.jpg
HAM10000_images_part_1,ISIC_0025885.jpg,.jpg,389152,HAM10000_images_part_1\ISIC_0025885.jpg
HAM10000_images_part_1,ISIC_0025886.jpg,.jpg,286705,HAM10000_images_part_1\ISIC_0025886.jpg
HAM10000_images_part_1,ISIC_0025887.jpg,.jpg,302543,HAM10000_images_part_1\ISIC_0025887.jpg
HAM10000_images_part_1,ISIC_0025888.jpg,.jpg,272754,HAM10000_images_part_1\ISIC_0025888.jpg
HAM10000_images_part_1,ISIC_0025889.jpg,.jpg,282291,HAM10000_images_part_1\ISIC_0025889.jpg
HAM10000_images_part_1,ISIC_0025890.jpg,.jpg,287003,HAM10000_images_part_1\ISIC_0025890.jpg
HAM10000_images_part_1,ISIC_0025891.jpg,.jpg,212424,HAM10000_images_part_1\ISIC_0025891.jpg
HAM10000_images_part_1,ISIC_0025892.jpg,.jpg,189243,HAM10000_images_part_1\ISIC_0025892.jpg
HAM10000_images_part_1,ISIC_0025893.jpg,.jpg,291280,HAM10000_images_part_1\ISIC_0025893.jpg
HAM10000_images_part_1,ISIC_0025894.jpg,.jpg,276859,HAM10000_images_part_1\ISIC_0025894.jpg
HAM10000_images_part_1,ISIC_0025895.jpg,.jpg,277121,HAM10000_images_part_1\ISIC_0025895.jpg
HAM10000_images_part_1,ISIC_0025896.jpg,.jpg,269543,HAM10000_images_part_1\ISIC_0025896.jpg
HAM10000_images_part_1,ISIC_0025897.jpg,.jpg,233491,HAM10000_images_part_1\ISIC_0025897.jpg
HAM10000_images_part_1,ISIC_0025898.jpg,.jpg,245145,HAM10000_images_part_1\ISIC_0025898.jpg
HAM10000_images_part_1,ISIC_0025899.jpg,.jpg,233974,HAM10000_images_part_1\ISIC_0025899.jpg
HAM10000_images_part_1,ISIC_0025900.jpg,.jpg,362149,HAM10000_images_part_1\ISIC_0025900.jpg
HAM10000_images_part_1,ISIC_0025901.jpg,.jpg,263641,HAM10000_images_part_1\ISIC_0025901.jpg
HAM10000_images_part_1,ISIC_0025902.jpg,.jpg,265063,HAM10000_images_part_1\ISIC_0025902.jpg
HAM10000_images_part_1,ISIC_0025903.jpg,.jpg,348962,HAM10000_images_part_1\ISIC_0025903.jpg
HAM10000_images_part_1,ISIC_0025904.jpg,.jpg,293790,HAM10000_images_part_1\ISIC_0025904.jpg
HAM10000_images_part_1,ISIC_0025905.jpg,.jpg,256397,HAM10000_images_part_1\ISIC_0025905.jpg
HAM10000_images_part_1,ISIC_0025906.jpg,.jpg,227567,HAM10000_images_part_1\ISIC_0025906.jpg
HAM10000_images_part_1,ISIC_0025907.jpg,.jpg,235243,HAM10000_images_part_1\ISIC_0025907.jpg
HAM10000_images_part_1,ISIC_0025908.jpg,.jpg,283789,HAM10000_images_part_1\ISIC_0025908.jpg
HAM10000_images_part_1,ISIC_0025909.jpg,.jpg,250142,HAM10000_images_part_1\ISIC_0025909.jpg
HAM10000_images_part_1,ISIC_0025910.jpg,.jpg,344141,HAM10000_images_part_1\ISIC_0025910.jpg
HAM10000_images_part_1,ISIC_0025911.jpg,.jpg,349829,HAM10000_images_part_1\ISIC_0025911.jpg
HAM10000_images_part_1,ISIC_0025912.jpg,.jpg,281539,HAM10000_images_part_1\ISIC_0025912.jpg
HAM10000_images_part_1,ISIC_0025913.jpg,.jpg,282238,HAM10000_images_part_1\ISIC_0025913.jpg
HAM10000_images_part_1,ISIC_0025914.jpg,.jpg,357878,HAM10000_images_part_1\ISIC_0025914.jpg
HAM10000_images_part_1,ISIC_0025915.jpg,.jpg,278730,HAM10000_images_part_1\ISIC_0025915.jpg
HAM10000_images_part_1,ISIC_0025916.jpg,.jpg,277780,HAM10000_images_part_1\ISIC_0025916.jpg
HAM10000_images_part_1,ISIC_0025917.jpg,.jpg,272476,HAM10000_images_part_1\ISIC_0025917.jpg
HAM10000_images_part_1,ISIC_0025918.jpg,.jpg,254958,HAM10000_images_part_1\ISIC_0025918.jpg
HAM10000_images_part_1,ISIC_0025919.jpg,.jpg,291870,HAM10000_images_part_1\ISIC_0025919.jpg
HAM10000_images_part_1,ISIC_0025920.jpg,.jpg,269276,HAM10000_images_part_1\ISIC_0025920.jpg
HAM10000_images_part_1,ISIC_0025921.jpg,.jpg,272983,HAM10000_images_part_1\ISIC_0025921.jpg
HAM10000_images_part_1,ISIC_0025922.jpg,.jpg,346681,HAM10000_images_part_1\ISIC_0025922.jpg
HAM10000_images_part_1,ISIC_0025923.jpg,.jpg,278903,HAM10000_images_part_1\ISIC_0025923.jpg
HAM10000_images_part_1,ISIC_0025924.jpg,.jpg,219844,HAM10000_images_part_1\ISIC_0025924.jpg
HAM10000_images_part_1,ISIC_0025925.jpg,.jpg,272736,HAM10000_images_part_1\ISIC_0025925.jpg
HAM10000_images_part_1,ISIC_0025926.jpg,.jpg,201474,HAM10000_images_part_1\ISIC_0025926.jpg
HAM10000_images_part_1,ISIC_0025927.jpg,.jpg,366281,HAM10000_images_part_1\ISIC_0025927.jpg
HAM10000_images_part_1,ISIC_0025928.jpg,.jpg,256146,HAM10000_images_part_1\ISIC_0025928.jpg
HAM10000_images_part_1,ISIC_0025929.jpg,.jpg,274175,HAM10000_images_part_1\ISIC_0025929.jpg
HAM10000_images_part_1,ISIC_0025930.jpg,.jpg,358053,HAM10000_images_part_1\ISIC_0025930.jpg
HAM10000_images_part_1,ISIC_0025931.jpg,.jpg,256195,HAM10000_images_part_1\ISIC_0025931.jpg
HAM10000_images_part_1,ISIC_0025932.jpg,.jpg,331274,HAM10000_images_part_1\ISIC_0025932.jpg
HAM10000_images_part_1,ISIC_0025933.jpg,.jpg,282226,HAM10000_images_part_1\ISIC_0025933.jpg
HAM10000_images_part_1,ISIC_0025934.jpg,.jpg,334809,HAM10000_images_part_1\ISIC_0025934.jpg
HAM10000_images_part_1,ISIC_0025935.jpg,.jpg,277891,HAM10000_images_part_1\ISIC_0025935.jpg
HAM10000_images_part_1,ISIC_0025936.jpg,.jpg,216213,HAM10000_images_part_1\ISIC_0025936.jpg
HAM10000_images_part_1,ISIC_0025937.jpg,.jpg,236550,HAM10000_images_part_1\ISIC_0025937.jpg
HAM10000_images_part_1,ISIC_0025938.jpg,.jpg,116652,HAM10000_images_part_1\ISIC_0025938.jpg
HAM10000_images_part_1,ISIC_0025939.jpg,.jpg,198578,HAM10000_images_part_1\ISIC_0025939.jpg
HAM10000_images_part_1,ISIC_0025940.jpg,.jpg,257943,HAM10000_images_part_1\ISIC_0025940.jpg
HAM10000_images_part_1,ISIC_0025941.jpg,.jpg,208912,HAM10000_images_part_1\ISIC_0025941.jpg
HAM10000_images_part_1,ISIC_0025942.jpg,.jpg,232576,HAM10000_images_part_1\ISIC_0025942.jpg
HAM10000_images_part_1,ISIC_0025943.jpg,.jpg,216765,HAM10000_images_part_1\ISIC_0025943.jpg
HAM10000_images_part_1,ISIC_0025944.jpg,.jpg,264048,HAM10000_images_part_1\ISIC_0025944.jpg
HAM10000_images_part_1,ISIC_0025945.jpg,.jpg,276099,HAM10000_images_part_1\ISIC_0025945.jpg
HAM10000_images_part_1,ISIC_0025946.jpg,.jpg,189904,HAM10000_images_part_1\ISIC_0025946.jpg
HAM10000_images_part_1,ISIC_0025947.jpg,.jpg,349934,HAM10000_images_part_1\ISIC_0025947.jpg
HAM10000_images_part_1,ISIC_0025948.jpg,.jpg,245454,HAM10000_images_part_1\ISIC_0025948.jpg
HAM10000_images_part_1,ISIC_0025949.jpg,.jpg,269349,HAM10000_images_part_1\ISIC_0025949.jpg
HAM10000_images_part_1,ISIC_0025950.jpg,.jpg,164777,HAM10000_images_part_1\ISIC_0025950.jpg
HAM10000_images_part_1,ISIC_0025951.jpg,.jpg,260218,HAM10000_images_part_1\ISIC_0025951.jpg
HAM10000_images_part_1,ISIC_0025952.jpg,.jpg,300479,HAM10000_images_part_1\ISIC_0025952.jpg
HAM10000_images_part_1,ISIC_0025953.jpg,.jpg,273022,HAM10000_images_part_1\ISIC_0025953.jpg
HAM10000_images_part_1,ISIC_0025954.jpg,.jpg,232635,HAM10000_images_part_1\ISIC_0025954.jpg
HAM10000_images_part_1,ISIC_0025955.jpg,.jpg,332211,HAM10000_images_part_1\ISIC_0025955.jpg
HAM10000_images_part_1,ISIC_0025956.jpg,.jpg,290330,HAM10000_images_part_1\ISIC_0025956.jpg
HAM10000_images_part_1,ISIC_0025957.jpg,.jpg,260601,HAM10000_images_part_1\ISIC_0025957.jpg
HAM10000_images_part_1,ISIC_0025958.jpg,.jpg,232753,HAM10000_images_part_1\ISIC_0025958.jpg
HAM10000_images_part_1,ISIC_0025959.jpg,.jpg,241782,HAM10000_images_part_1\ISIC_0025959.jpg
HAM10000_images_part_1,ISIC_0025960.jpg,.jpg,241708,HAM10000_images_part_1\ISIC_0025960.jpg
HAM10000_images_part_1,ISIC_0025961.jpg,.jpg,296654,HAM10000_images_part_1\ISIC_0025961.jpg
HAM10000_images_part_1,ISIC_0025962.jpg,.jpg,264069,HAM10000_images_part_1\ISIC_0025962.jpg
HAM10000_images_part_1,ISIC_0025963.jpg,.jpg,243414,HAM10000_images_part_1\ISIC_0025963.jpg
HAM10000_images_part_1,ISIC_0025964.jpg,.jpg,261882,HAM10000_images_part_1\ISIC_0025964.jpg
HAM10000_images_part_1,ISIC_0025965.jpg,.jpg,261306,HAM10000_images_part_1\ISIC_0025965.jpg
HAM10000_images_part_1,ISIC_0025966.jpg,.jpg,343654,HAM10000_images_part_1\ISIC_0025966.jpg
HAM10000_images_part_1,ISIC_0025967.jpg,.jpg,239326,HAM10000_images_part_1\ISIC_0025967.jpg
HAM10000_images_part_1,ISIC_0025968.jpg,.jpg,290883,HAM10000_images_part_1\ISIC_0025968.jpg
HAM10000_images_part_1,ISIC_0025969.jpg,.jpg,320656,HAM10000_images_part_1\ISIC_0025969.jpg
HAM10000_images_part_1,ISIC_0025970.jpg,.jpg,223277,HAM10000_images_part_1\ISIC_0025970.jpg
HAM10000_images_part_1,ISIC_0025971.jpg,.jpg,208021,HAM10000_images_part_1\ISIC_0025971.jpg
HAM10000_images_part_1,ISIC_0025972.jpg,.jpg,303202,HAM10000_images_part_1\ISIC_0025972.jpg
HAM10000_images_part_1,ISIC_0025973.jpg,.jpg,223850,HAM10000_images_part_1\ISIC_0025973.jpg
HAM10000_images_part_1,ISIC_0025974.jpg,.jpg,262436,HAM10000_images_part_1\ISIC_0025974.jpg
HAM10000_images_part_1,ISIC_0025975.jpg,.jpg,265697,HAM10000_images_part_1\ISIC_0025975.jpg
HAM10000_images_part_1,ISIC_0025976.jpg,.jpg,262348,HAM10000_images_part_1\ISIC_0025976.jpg
HAM10000_images_part_1,ISIC_0025977.jpg,.jpg,295404,HAM10000_images_part_1\ISIC_0025977.jpg
HAM10000_images_part_1,ISIC_0025978.jpg,.jpg,275085,HAM10000_images_part_1\ISIC_0025978.jpg
HAM10000_images_part_1,ISIC_0025979.jpg,.jpg,329745,HAM10000_images_part_1\ISIC_0025979.jpg
HAM10000_images_part_1,ISIC_0025980.jpg,.jpg,354722,HAM10000_images_part_1\ISIC_0025980.jpg
HAM10000_images_part_1,ISIC_0025981.jpg,.jpg,279832,HAM10000_images_part_1\ISIC_0025981.jpg
HAM10000_images_part_1,ISIC_0025982.jpg,.jpg,251555,HAM10000_images_part_1\ISIC_0025982.jpg
HAM10000_images_part_1,ISIC_0025983.jpg,.jpg,186355,HAM10000_images_part_1\ISIC_0025983.jpg
HAM10000_images_part_1,ISIC_0025984.jpg,.jpg,279717,HAM10000_images_part_1\ISIC_0025984.jpg
HAM10000_images_part_1,ISIC_0025985.jpg,.jpg,266799,HAM10000_images_part_1\ISIC_0025985.jpg
HAM10000_images_part_1,ISIC_0025986.jpg,.jpg,211604,HAM10000_images_part_1\ISIC_0025986.jpg
HAM10000_images_part_1,ISIC_0025987.jpg,.jpg,358868,HAM10000_images_part_1\ISIC_0025987.jpg
HAM10000_images_part_1,ISIC_0025988.jpg,.jpg,283646,HAM10000_images_part_1\ISIC_0025988.jpg
HAM10000_images_part_1,ISIC_0025989.jpg,.jpg,203677,HAM10000_images_part_1\ISIC_0025989.jpg
HAM10000_images_part_1,ISIC_0025990.jpg,.jpg,297775,HAM10000_images_part_1\ISIC_0025990.jpg
HAM10000_images_part_1,ISIC_0025991.jpg,.jpg,271702,HAM10000_images_part_1\ISIC_0025991.jpg
HAM10000_images_part_1,ISIC_0025992.jpg,.jpg,249059,HAM10000_images_part_1\ISIC_0025992.jpg
HAM10000_images_part_1,ISIC_0025993.jpg,.jpg,309915,HAM10000_images_part_1\ISIC_0025993.jpg
HAM10000_images_part_1,ISIC_0025994.jpg,.jpg,263870,HAM10000_images_part_1\ISIC_0025994.jpg
HAM10000_images_part_1,ISIC_0025995.jpg,.jpg,266176,HAM10000_images_part_1\ISIC_0025995.jpg
HAM10000_images_part_1,ISIC_0025996.jpg,.jpg,313703,HAM10000_images_part_1\ISIC_0025996.jpg
HAM10000_images_part_1,ISIC_0025997.jpg,.jpg,271939,HAM10000_images_part_1\ISIC_0025997.jpg
HAM10000_images_part_1,ISIC_0025998.jpg,.jpg,269269,HAM10000_images_part_1\ISIC_0025998.jpg
HAM10000_images_part_1,ISIC_0025999.jpg,.jpg,259875,HAM10000_images_part_1\ISIC_0025999.jpg
HAM10000_images_part_1,ISIC_0026000.jpg,.jpg,273316,HAM10000_images_part_1\ISIC_0026000.jpg
HAM10000_images_part_1,ISIC_0026001.jpg,.jpg,271043,HAM10000_images_part_1\ISIC_0026001.jpg
HAM10000_images_part_1,ISIC_0026002.jpg,.jpg,260448,HAM10000_images_part_1\ISIC_0026002.jpg
HAM10000_images_part_1,ISIC_0026003.jpg,.jpg,272930,HAM10000_images_part_1\ISIC_0026003.jpg
HAM10000_images_part_1,ISIC_0026004.jpg,.jpg,264168,HAM10000_images_part_1\ISIC_0026004.jpg
HAM10000_images_part_1,ISIC_0026005.jpg,.jpg,273567,HAM10000_images_part_1\ISIC_0026005.jpg
HAM10000_images_part_1,ISIC_0026006.jpg,.jpg,265287,HAM10000_images_part_1\ISIC_0026006.jpg
HAM10000_images_part_1,ISIC_0026007.jpg,.jpg,274476,HAM10000_images_part_1\ISIC_0026007.jpg
HAM10000_images_part_1,ISIC_0026008.jpg,.jpg,207566,HAM10000_images_part_1\ISIC_0026008.jpg
HAM10000_images_part_1,ISIC_0026009.jpg,.jpg,238941,HAM10000_images_part_1\ISIC_0026009.jpg
HAM10000_images_part_1,ISIC_0026010.jpg,.jpg,266699,HAM10000_images_part_1\ISIC_0026010.jpg
HAM10000_images_part_1,ISIC_0026011.jpg,.jpg,336247,HAM10000_images_part_1\ISIC_0026011.jpg
HAM10000_images_part_1,ISIC_0026012.jpg,.jpg,304133,HAM10000_images_part_1\ISIC_0026012.jpg
HAM10000_images_part_1,ISIC_0026013.jpg,.jpg,280443,HAM10000_images_part_1\ISIC_0026013.jpg
HAM10000_images_part_1,ISIC_0026014.jpg,.jpg,244862,HAM10000_images_part_1\ISIC_0026014.jpg
HAM10000_images_part_1,ISIC_0026015.jpg,.jpg,261024,HAM10000_images_part_1\ISIC_0026015.jpg
HAM10000_images_part_1,ISIC_0026016.jpg,.jpg,260712,HAM10000_images_part_1\ISIC_0026016.jpg
HAM10000_images_part_1,ISIC_0026017.jpg,.jpg,143042,HAM10000_images_part_1\ISIC_0026017.jpg
HAM10000_images_part_1,ISIC_0026018.jpg,.jpg,245096,HAM10000_images_part_1\ISIC_0026018.jpg
HAM10000_images_part_1,ISIC_0026019.jpg,.jpg,284384,HAM10000_images_part_1\ISIC_0026019.jpg
HAM10000_images_part_1,ISIC_0026020.jpg,.jpg,331663,HAM10000_images_part_1\ISIC_0026020.jpg
HAM10000_images_part_1,ISIC_0026021.jpg,.jpg,330269,HAM10000_images_part_1\ISIC_0026021.jpg
HAM10000_images_part_1,ISIC_0026022.jpg,.jpg,133350,HAM10000_images_part_1\ISIC_0026022.jpg
HAM10000_images_part_1,ISIC_0026023.jpg,.jpg,191309,HAM10000_images_part_1\ISIC_0026023.jpg
HAM10000_images_part_1,ISIC_0026024.jpg,.jpg,198080,HAM10000_images_part_1\ISIC_0026024.jpg
HAM10000_images_part_1,ISIC_0026025.jpg,.jpg,281080,HAM10000_images_part_1\ISIC_0026025.jpg
HAM10000_images_part_1,ISIC_0026026.jpg,.jpg,261831,HAM10000_images_part_1\ISIC_0026026.jpg
HAM10000_images_part_1,ISIC_0026027.jpg,.jpg,236789,HAM10000_images_part_1\ISIC_0026027.jpg
HAM10000_images_part_1,ISIC_0026028.jpg,.jpg,242230,HAM10000_images_part_1\ISIC_0026028.jpg
HAM10000_images_part_1,ISIC_0026029.jpg,.jpg,252191,HAM10000_images_part_1\ISIC_0026029.jpg
HAM10000_images_part_1,ISIC_0026030.jpg,.jpg,316273,HAM10000_images_part_1\ISIC_0026030.jpg
HAM10000_images_part_1,ISIC_0026031.jpg,.jpg,259911,HAM10000_images_part_1\ISIC_0026031.jpg
HAM10000_images_part_1,ISIC_0026032.jpg,.jpg,335621,HAM10000_images_part_1\ISIC_0026032.jpg
HAM10000_images_part_1,ISIC_0026033.jpg,.jpg,266949,HAM10000_images_part_1\ISIC_0026033.jpg
HAM10000_images_part_1,ISIC_0026034.jpg,.jpg,165012,HAM10000_images_part_1\ISIC_0026034.jpg
HAM10000_images_part_1,ISIC_0026035.jpg,.jpg,276475,HAM10000_images_part_1\ISIC_0026035.jpg
HAM10000_images_part_1,ISIC_0026036.jpg,.jpg,361255,HAM10000_images_part_1\ISIC_0026036.jpg
HAM10000_images_part_1,ISIC_0026037.jpg,.jpg,265088,HAM10000_images_part_1\ISIC_0026037.jpg
HAM10000_images_part_1,ISIC_0026038.jpg,.jpg,346392,HAM10000_images_part_1\ISIC_0026038.jpg
HAM10000_images_part_1,ISIC_0026039.jpg,.jpg,339423,HAM10000_images_part_1\ISIC_0026039.jpg
HAM10000_images_part_1,ISIC_0026040.jpg,.jpg,245039,HAM10000_images_part_1\ISIC_0026040.jpg
HAM10000_images_part_1,ISIC_0026041.jpg,.jpg,278671,HAM10000_images_part_1\ISIC_0026041.jpg
HAM10000_images_part_1,ISIC_0026042.jpg,.jpg,376131,HAM10000_images_part_1\ISIC_0026042.jpg
HAM10000_images_part_1,ISIC_0026043.jpg,.jpg,186906,HAM10000_images_part_1\ISIC_0026043.jpg
HAM10000_images_part_1,ISIC_0026044.jpg,.jpg,180308,HAM10000_images_part_1\ISIC_0026044.jpg
HAM10000_images_part_1,ISIC_0026045.jpg,.jpg,296046,HAM10000_images_part_1\ISIC_0026045.jpg
HAM10000_images_part_1,ISIC_0026046.jpg,.jpg,331587,HAM10000_images_part_1\ISIC_0026046.jpg
HAM10000_images_part_1,ISIC_0026047.jpg,.jpg,265209,HAM10000_images_part_1\ISIC_0026047.jpg
HAM10000_images_part_1,ISIC_0026048.jpg,.jpg,237363,HAM10000_images_part_1\ISIC_0026048.jpg
HAM10000_images_part_1,ISIC_0026049.jpg,.jpg,316415,HAM10000_images_part_1\ISIC_0026049.jpg
HAM10000_images_part_1,ISIC_0026050.jpg,.jpg,264946,HAM10000_images_part_1\ISIC_0026050.jpg
HAM10000_images_part_1,ISIC_0026051.jpg,.jpg,329970,HAM10000_images_part_1\ISIC_0026051.jpg
HAM10000_images_part_1,ISIC_0026052.jpg,.jpg,293957,HAM10000_images_part_1\ISIC_0026052.jpg
HAM10000_images_part_1,ISIC_0026053.jpg,.jpg,238864,HAM10000_images_part_1\ISIC_0026053.jpg
HAM10000_images_part_1,ISIC_0026054.jpg,.jpg,347599,HAM10000_images_part_1\ISIC_0026054.jpg
HAM10000_images_part_1,ISIC_0026055.jpg,.jpg,248572,HAM10000_images_part_1\ISIC_0026055.jpg
HAM10000_images_part_1,ISIC_0026056.jpg,.jpg,181377,HAM10000_images_part_1\ISIC_0026056.jpg
HAM10000_images_part_1,ISIC_0026057.jpg,.jpg,428827,HAM10000_images_part_1\ISIC_0026057.jpg
HAM10000_images_part_1,ISIC_0026058.jpg,.jpg,272310,HAM10000_images_part_1\ISIC_0026058.jpg
HAM10000_images_part_1,ISIC_0026059.jpg,.jpg,274273,HAM10000_images_part_1\ISIC_0026059.jpg
HAM10000_images_part_1,ISIC_0026060.jpg,.jpg,304325,HAM10000_images_part_1\ISIC_0026060.jpg
HAM10000_images_part_1,ISIC_0026061.jpg,.jpg,288843,HAM10000_images_part_1\ISIC_0026061.jpg
HAM10000_images_part_1,ISIC_0026062.jpg,.jpg,267053,HAM10000_images_part_1\ISIC_0026062.jpg
HAM10000_images_part_1,ISIC_0026063.jpg,.jpg,285104,HAM10000_images_part_1\ISIC_0026063.jpg
HAM10000_images_part_1,ISIC_0026064.jpg,.jpg,290942,HAM10000_images_part_1\ISIC_0026064.jpg
HAM10000_images_part_1,ISIC_0026065.jpg,.jpg,275430,HAM10000_images_part_1\ISIC_0026065.jpg
HAM10000_images_part_1,ISIC_0026066.jpg,.jpg,302506,HAM10000_images_part_1\ISIC_0026066.jpg
HAM10000_images_part_1,ISIC_0026067.jpg,.jpg,285934,HAM10000_images_part_1\ISIC_0026067.jpg
HAM10000_images_part_1,ISIC_0026068.jpg,.jpg,264565,HAM10000_images_part_1\ISIC_0026068.jpg
HAM10000_images_part_1,ISIC_0026069.jpg,.jpg,266954,HAM10000_images_part_1\ISIC_0026069.jpg
HAM10000_images_part_1,ISIC_0026070.jpg,.jpg,322096,HAM10000_images_part_1\ISIC_0026070.jpg
HAM10000_images_part_1,ISIC_0026071.jpg,.jpg,274819,HAM10000_images_part_1\ISIC_0026071.jpg
HAM10000_images_part_1,ISIC_0026072.jpg,.jpg,212888,HAM10000_images_part_1\ISIC_0026072.jpg
HAM10000_images_part_1,ISIC_0026073.jpg,.jpg,279822,HAM10000_images_part_1\ISIC_0026073.jpg
HAM10000_images_part_1,ISIC_0026074.jpg,.jpg,223413,HAM10000_images_part_1\ISIC_0026074.jpg
HAM10000_images_part_1,ISIC_0026075.jpg,.jpg,345488,HAM10000_images_part_1\ISIC_0026075.jpg
HAM10000_images_part_1,ISIC_0026076.jpg,.jpg,233702,HAM10000_images_part_1\ISIC_0026076.jpg
HAM10000_images_part_1,ISIC_0026077.jpg,.jpg,280457,HAM10000_images_part_1\ISIC_0026077.jpg
HAM10000_images_part_1,ISIC_0026078.jpg,.jpg,283303,HAM10000_images_part_1\ISIC_0026078.jpg
HAM10000_images_part_1,ISIC_0026079.jpg,.jpg,336719,HAM10000_images_part_1\ISIC_0026079.jpg
HAM10000_images_part_1,ISIC_0026080.jpg,.jpg,297516,HAM10000_images_part_1\ISIC_0026080.jpg
HAM10000_images_part_1,ISIC_0026081.jpg,.jpg,263803,HAM10000_images_part_1\ISIC_0026081.jpg
HAM10000_images_part_1,ISIC_0026082.jpg,.jpg,265257,HAM10000_images_part_1\ISIC_0026082.jpg
HAM10000_images_part_1,ISIC_0026083.jpg,.jpg,246322,HAM10000_images_part_1\ISIC_0026083.jpg
HAM10000_images_part_1,ISIC_0026084.jpg,.jpg,273085,HAM10000_images_part_1\ISIC_0026084.jpg
HAM10000_images_part_1,ISIC_0026085.jpg,.jpg,376501,HAM10000_images_part_1\ISIC_0026085.jpg
HAM10000_images_part_1,ISIC_0026086.jpg,.jpg,292686,HAM10000_images_part_1\ISIC_0026086.jpg
HAM10000_images_part_1,ISIC_0026087.jpg,.jpg,333648,HAM10000_images_part_1\ISIC_0026087.jpg
HAM10000_images_part_1,ISIC_0026088.jpg,.jpg,275512,HAM10000_images_part_1\ISIC_0026088.jpg
HAM10000_images_part_1,ISIC_0026089.jpg,.jpg,304967,HAM10000_images_part_1\ISIC_0026089.jpg
HAM10000_images_part_1,ISIC_0026090.jpg,.jpg,173819,HAM10000_images_part_1\ISIC_0026090.jpg
HAM10000_images_part_1,ISIC_0026091.jpg,.jpg,297632,HAM10000_images_part_1\ISIC_0026091.jpg
HAM10000_images_part_1,ISIC_0026092.jpg,.jpg,294150,HAM10000_images_part_1\ISIC_0026092.jpg
HAM10000_images_part_1,ISIC_0026093.jpg,.jpg,278064,HAM10000_images_part_1\ISIC_0026093.jpg
HAM10000_images_part_1,ISIC_0026094.jpg,.jpg,273224,HAM10000_images_part_1\ISIC_0026094.jpg
HAM10000_images_part_1,ISIC_0026095.jpg,.jpg,297727,HAM10000_images_part_1\ISIC_0026095.jpg
HAM10000_images_part_1,ISIC_0026096.jpg,.jpg,203141,HAM10000_images_part_1\ISIC_0026096.jpg
HAM10000_images_part_1,ISIC_0026097.jpg,.jpg,272390,HAM10000_images_part_1\ISIC_0026097.jpg
HAM10000_images_part_1,ISIC_0026098.jpg,.jpg,344606,HAM10000_images_part_1\ISIC_0026098.jpg
HAM10000_images_part_1,ISIC_0026099.jpg,.jpg,239549,HAM10000_images_part_1\ISIC_0026099.jpg
HAM10000_images_part_1,ISIC_0026100.jpg,.jpg,236718,HAM10000_images_part_1\ISIC_0026100.jpg
HAM10000_images_part_1,ISIC_0026101.jpg,.jpg,194030,HAM10000_images_part_1\ISIC_0026101.jpg
HAM10000_images_part_1,ISIC_0026102.jpg,.jpg,264820,HAM10000_images_part_1\ISIC_0026102.jpg
HAM10000_images_part_1,ISIC_0026103.jpg,.jpg,258453,HAM10000_images_part_1\ISIC_0026103.jpg
HAM10000_images_part_1,ISIC_0026104.jpg,.jpg,333052,HAM10000_images_part_1\ISIC_0026104.jpg
HAM10000_images_part_1,ISIC_0026105.jpg,.jpg,266720,HAM10000_images_part_1\ISIC_0026105.jpg
HAM10000_images_part_1,ISIC_0026106.jpg,.jpg,275487,HAM10000_images_part_1\ISIC_0026106.jpg
HAM10000_images_part_1,ISIC_0026107.jpg,.jpg,201711,HAM10000_images_part_1\ISIC_0026107.jpg
HAM10000_images_part_1,ISIC_0026108.jpg,.jpg,129631,HAM10000_images_part_1\ISIC_0026108.jpg
HAM10000_images_part_1,ISIC_0026109.jpg,.jpg,275171,HAM10000_images_part_1\ISIC_0026109.jpg
HAM10000_images_part_1,ISIC_0026110.jpg,.jpg,283153,HAM10000_images_part_1\ISIC_0026110.jpg
HAM10000_images_part_1,ISIC_0026111.jpg,.jpg,140384,HAM10000_images_part_1\ISIC_0026111.jpg
HAM10000_images_part_1,ISIC_0026112.jpg,.jpg,328975,HAM10000_images_part_1\ISIC_0026112.jpg
HAM10000_images_part_1,ISIC_0026113.jpg,.jpg,294199,HAM10000_images_part_1\ISIC_0026113.jpg
HAM10000_images_part_1,ISIC_0026114.jpg,.jpg,337650,HAM10000_images_part_1\ISIC_0026114.jpg
HAM10000_images_part_1,ISIC_0026115.jpg,.jpg,298951,HAM10000_images_part_1\ISIC_0026115.jpg
HAM10000_images_part_1,ISIC_0026116.jpg,.jpg,265034,HAM10000_images_part_1\ISIC_0026116.jpg
HAM10000_images_part_1,ISIC_0026117.jpg,.jpg,151860,HAM10000_images_part_1\ISIC_0026117.jpg
HAM10000_images_part_1,ISIC_0026118.jpg,.jpg,262863,HAM10000_images_part_1\ISIC_0026118.jpg
HAM10000_images_part_1,ISIC_0026119.jpg,.jpg,260701,HAM10000_images_part_1\ISIC_0026119.jpg
HAM10000_images_part_1,ISIC_0026120.jpg,.jpg,310765,HAM10000_images_part_1\ISIC_0026120.jpg
HAM10000_images_part_1,ISIC_0026121.jpg,.jpg,263395,HAM10000_images_part_1\ISIC_0026121.jpg
HAM10000_images_part_1,ISIC_0026122.jpg,.jpg,210800,HAM10000_images_part_1\ISIC_0026122.jpg
HAM10000_images_part_1,ISIC_0026123.jpg,.jpg,165997,HAM10000_images_part_1\ISIC_0026123.jpg
HAM10000_images_part_1,ISIC_0026124.jpg,.jpg,247121,HAM10000_images_part_1\ISIC_0026124.jpg
HAM10000_images_part_1,ISIC_0026125.jpg,.jpg,316980,HAM10000_images_part_1\ISIC_0026125.jpg
HAM10000_images_part_1,ISIC_0026126.jpg,.jpg,261296,HAM10000_images_part_1\ISIC_0026126.jpg
HAM10000_images_part_1,ISIC_0026127.jpg,.jpg,300388,HAM10000_images_part_1\ISIC_0026127.jpg
HAM10000_images_part_1,ISIC_0026128.jpg,.jpg,341239,HAM10000_images_part_1\ISIC_0026128.jpg
HAM10000_images_part_1,ISIC_0026129.jpg,.jpg,269880,HAM10000_images_part_1\ISIC_0026129.jpg
HAM10000_images_part_1,ISIC_0026130.jpg,.jpg,263975,HAM10000_images_part_1\ISIC_0026130.jpg
HAM10000_images_part_1,ISIC_0026131.jpg,.jpg,290512,HAM10000_images_part_1\ISIC_0026131.jpg
HAM10000_images_part_1,ISIC_0026132.jpg,.jpg,241183,HAM10000_images_part_1\ISIC_0026132.jpg
HAM10000_images_part_1,ISIC_0026133.jpg,.jpg,248042,HAM10000_images_part_1\ISIC_0026133.jpg
HAM10000_images_part_1,ISIC_0026134.jpg,.jpg,271085,HAM10000_images_part_1\ISIC_0026134.jpg
HAM10000_images_part_1,ISIC_0026135.jpg,.jpg,333211,HAM10000_images_part_1\ISIC_0026135.jpg
HAM10000_images_part_1,ISIC_0026136.jpg,.jpg,346440,HAM10000_images_part_1\ISIC_0026136.jpg
HAM10000_images_part_1,ISIC_0026137.jpg,.jpg,290783,HAM10000_images_part_1\ISIC_0026137.jpg
HAM10000_images_part_1,ISIC_0026138.jpg,.jpg,282677,HAM10000_images_part_1\ISIC_0026138.jpg
HAM10000_images_part_1,ISIC_0026139.jpg,.jpg,241590,HAM10000_images_part_1\ISIC_0026139.jpg
HAM10000_images_part_1,ISIC_0026140.jpg,.jpg,229129,HAM10000_images_part_1\ISIC_0026140.jpg
HAM10000_images_part_1,ISIC_0026141.jpg,.jpg,303703,HAM10000_images_part_1\ISIC_0026141.jpg
HAM10000_images_part_1,ISIC_0026142.jpg,.jpg,200389,HAM10000_images_part_1\ISIC_0026142.jpg
HAM10000_images_part_1,ISIC_0026143.jpg,.jpg,277427,HAM10000_images_part_1\ISIC_0026143.jpg
HAM10000_images_part_1,ISIC_0026144.jpg,.jpg,278854,HAM10000_images_part_1\ISIC_0026144.jpg
HAM10000_images_part_1,ISIC_0026145.jpg,.jpg,279643,HAM10000_images_part_1\ISIC_0026145.jpg
HAM10000_images_part_1,ISIC_0026146.jpg,.jpg,264977,HAM10000_images_part_1\ISIC_0026146.jpg
HAM10000_images_part_1,ISIC_0026147.jpg,.jpg,161680,HAM10000_images_part_1\ISIC_0026147.jpg
HAM10000_images_part_1,ISIC_0026148.jpg,.jpg,202311,HAM10000_images_part_1\ISIC_0026148.jpg
HAM10000_images_part_1,ISIC_0026149.jpg,.jpg,231511,HAM10000_images_part_1\ISIC_0026149.jpg
HAM10000_images_part_1,ISIC_0026150.jpg,.jpg,273545,HAM10000_images_part_1\ISIC_0026150.jpg
HAM10000_images_part_1,ISIC_0026151.jpg,.jpg,258634,HAM10000_images_part_1\ISIC_0026151.jpg
HAM10000_images_part_1,ISIC_0026152.jpg,.jpg,300394,HAM10000_images_part_1\ISIC_0026152.jpg
HAM10000_images_part_1,ISIC_0026153.jpg,.jpg,260071,HAM10000_images_part_1\ISIC_0026153.jpg
HAM10000_images_part_1,ISIC_0026154.jpg,.jpg,275665,HAM10000_images_part_1\ISIC_0026154.jpg
HAM10000_images_part_1,ISIC_0026155.jpg,.jpg,281806,HAM10000_images_part_1\ISIC_0026155.jpg
HAM10000_images_part_1,ISIC_0026156.jpg,.jpg,182661,HAM10000_images_part_1\ISIC_0026156.jpg
HAM10000_images_part_1,ISIC_0026157.jpg,.jpg,127502,HAM10000_images_part_1\ISIC_0026157.jpg
HAM10000_images_part_1,ISIC_0026158.jpg,.jpg,302297,HAM10000_images_part_1\ISIC_0026158.jpg
HAM10000_images_part_1,ISIC_0026159.jpg,.jpg,220920,HAM10000_images_part_1\ISIC_0026159.jpg
HAM10000_images_part_1,ISIC_0026160.jpg,.jpg,275256,HAM10000_images_part_1\ISIC_0026160.jpg
HAM10000_images_part_1,ISIC_0026161.jpg,.jpg,281491,HAM10000_images_part_1\ISIC_0026161.jpg
HAM10000_images_part_1,ISIC_0026162.jpg,.jpg,277333,HAM10000_images_part_1\ISIC_0026162.jpg
HAM10000_images_part_1,ISIC_0026163.jpg,.jpg,207757,HAM10000_images_part_1\ISIC_0026163.jpg
HAM10000_images_part_1,ISIC_0026164.jpg,.jpg,274359,HAM10000_images_part_1\ISIC_0026164.jpg
HAM10000_images_part_1,ISIC_0026165.jpg,.jpg,270052,HAM10000_images_part_1\ISIC_0026165.jpg
HAM10000_images_part_1,ISIC_0026166.jpg,.jpg,231882,HAM10000_images_part_1\ISIC_0026166.jpg
HAM10000_images_part_1,ISIC_0026167.jpg,.jpg,240959,HAM10000_images_part_1\ISIC_0026167.jpg
HAM10000_images_part_1,ISIC_0026168.jpg,.jpg,335578,HAM10000_images_part_1\ISIC_0026168.jpg
HAM10000_images_part_1,ISIC_0026169.jpg,.jpg,269220,HAM10000_images_part_1\ISIC_0026169.jpg
HAM10000_images_part_1,ISIC_0026170.jpg,.jpg,268570,HAM10000_images_part_1\ISIC_0026170.jpg
HAM10000_images_part_1,ISIC_0026171.jpg,.jpg,321665,HAM10000_images_part_1\ISIC_0026171.jpg
HAM10000_images_part_1,ISIC_0026172.jpg,.jpg,334531,HAM10000_images_part_1\ISIC_0026172.jpg
HAM10000_images_part_1,ISIC_0026173.jpg,.jpg,293111,HAM10000_images_part_1\ISIC_0026173.jpg
HAM10000_images_part_1,ISIC_0026174.jpg,.jpg,291551,HAM10000_images_part_1\ISIC_0026174.jpg
HAM10000_images_part_1,ISIC_0026175.jpg,.jpg,271349,HAM10000_images_part_1\ISIC_0026175.jpg
HAM10000_images_part_1,ISIC_0026176.jpg,.jpg,272888,HAM10000_images_part_1\ISIC_0026176.jpg
HAM10000_images_part_1,ISIC_0026177.jpg,.jpg,234575,HAM10000_images_part_1\ISIC_0026177.jpg
HAM10000_images_part_1,ISIC_0026178.jpg,.jpg,293663,HAM10000_images_part_1\ISIC_0026178.jpg
HAM10000_images_part_1,ISIC_0026179.jpg,.jpg,191511,HAM10000_images_part_1\ISIC_0026179.jpg
HAM10000_images_part_1,ISIC_0026180.jpg,.jpg,261429,HAM10000_images_part_1\ISIC_0026180.jpg
HAM10000_images_part_1,ISIC_0026181.jpg,.jpg,274503,HAM10000_images_part_1\ISIC_0026181.jpg
HAM10000_images_part_1,ISIC_0026182.jpg,.jpg,286779,HAM10000_images_part_1\ISIC_0026182.jpg
HAM10000_images_part_1,ISIC_0026183.jpg,.jpg,318549,HAM10000_images_part_1\ISIC_0026183.jpg
HAM10000_images_part_1,ISIC_0026184.jpg,.jpg,294019,HAM10000_images_part_1\ISIC_0026184.jpg
HAM10000_images_part_1,ISIC_0026185.jpg,.jpg,347443,HAM10000_images_part_1\ISIC_0026185.jpg
HAM10000_images_part_1,ISIC_0026186.jpg,.jpg,272428,HAM10000_images_part_1\ISIC_0026186.jpg
HAM10000_images_part_1,ISIC_0026187.jpg,.jpg,271064,HAM10000_images_part_1\ISIC_0026187.jpg
HAM10000_images_part_1,ISIC_0026188.jpg,.jpg,304809,HAM10000_images_part_1\ISIC_0026188.jpg
HAM10000_images_part_1,ISIC_0026189.jpg,.jpg,290497,HAM10000_images_part_1\ISIC_0026189.jpg
HAM10000_images_part_1,ISIC_0026190.jpg,.jpg,317063,HAM10000_images_part_1\ISIC_0026190.jpg
HAM10000_images_part_1,ISIC_0026191.jpg,.jpg,279458,HAM10000_images_part_1\ISIC_0026191.jpg
HAM10000_images_part_1,ISIC_0026192.jpg,.jpg,137258,HAM10000_images_part_1\ISIC_0026192.jpg
HAM10000_images_part_1,ISIC_0026193.jpg,.jpg,284892,HAM10000_images_part_1\ISIC_0026193.jpg
HAM10000_images_part_1,ISIC_0026194.jpg,.jpg,252085,HAM10000_images_part_1\ISIC_0026194.jpg
HAM10000_images_part_1,ISIC_0026195.jpg,.jpg,290296,HAM10000_images_part_1\ISIC_0026195.jpg
HAM10000_images_part_1,ISIC_0026196.jpg,.jpg,272699,HAM10000_images_part_1\ISIC_0026196.jpg
HAM10000_images_part_1,ISIC_0026197.jpg,.jpg,266795,HAM10000_images_part_1\ISIC_0026197.jpg
HAM10000_images_part_1,ISIC_0026198.jpg,.jpg,276246,HAM10000_images_part_1\ISIC_0026198.jpg
HAM10000_images_part_1,ISIC_0026199.jpg,.jpg,293190,HAM10000_images_part_1\ISIC_0026199.jpg
HAM10000_images_part_1,ISIC_0026200.jpg,.jpg,272618,HAM10000_images_part_1\ISIC_0026200.jpg
HAM10000_images_part_1,ISIC_0026201.jpg,.jpg,331279,HAM10000_images_part_1\ISIC_0026201.jpg
HAM10000_images_part_1,ISIC_0026202.jpg,.jpg,331056,HAM10000_images_part_1\ISIC_0026202.jpg
HAM10000_images_part_1,ISIC_0026203.jpg,.jpg,214845,HAM10000_images_part_1\ISIC_0026203.jpg
HAM10000_images_part_1,ISIC_0026204.jpg,.jpg,269396,HAM10000_images_part_1\ISIC_0026204.jpg
HAM10000_images_part_1,ISIC_0026205.jpg,.jpg,336268,HAM10000_images_part_1\ISIC_0026205.jpg
HAM10000_images_part_1,ISIC_0026206.jpg,.jpg,240727,HAM10000_images_part_1\ISIC_0026206.jpg
HAM10000_images_part_1,ISIC_0026207.jpg,.jpg,257959,HAM10000_images_part_1\ISIC_0026207.jpg
HAM10000_images_part_1,ISIC_0026208.jpg,.jpg,277271,HAM10000_images_part_1\ISIC_0026208.jpg
HAM10000_images_part_1,ISIC_0026209.jpg,.jpg,270198,HAM10000_images_part_1\ISIC_0026209.jpg
HAM10000_images_part_1,ISIC_0026210.jpg,.jpg,361850,HAM10000_images_part_1\ISIC_0026210.jpg
HAM10000_images_part_1,ISIC_0026211.jpg,.jpg,338544,HAM10000_images_part_1\ISIC_0026211.jpg
HAM10000_images_part_1,ISIC_0026212.jpg,.jpg,298290,HAM10000_images_part_1\ISIC_0026212.jpg
HAM10000_images_part_1,ISIC_0026213.jpg,.jpg,210086,HAM10000_images_part_1\ISIC_0026213.jpg
HAM10000_images_part_1,ISIC_0026214.jpg,.jpg,352055,HAM10000_images_part_1\ISIC_0026214.jpg
HAM10000_images_part_1,ISIC_0026215.jpg,.jpg,295562,HAM10000_images_part_1\ISIC_0026215.jpg
HAM10000_images_part_1,ISIC_0026216.jpg,.jpg,213304,HAM10000_images_part_1\ISIC_0026216.jpg
HAM10000_images_part_1,ISIC_0026217.jpg,.jpg,219008,HAM10000_images_part_1\ISIC_0026217.jpg
HAM10000_images_part_1,ISIC_0026218.jpg,.jpg,291041,HAM10000_images_part_1\ISIC_0026218.jpg
HAM10000_images_part_1,ISIC_0026219.jpg,.jpg,271330,HAM10000_images_part_1\ISIC_0026219.jpg
HAM10000_images_part_1,ISIC_0026220.jpg,.jpg,268770,HAM10000_images_part_1\ISIC_0026220.jpg
HAM10000_images_part_1,ISIC_0026221.jpg,.jpg,307273,HAM10000_images_part_1\ISIC_0026221.jpg
HAM10000_images_part_1,ISIC_0026222.jpg,.jpg,209742,HAM10000_images_part_1\ISIC_0026222.jpg
HAM10000_images_part_1,ISIC_0026223.jpg,.jpg,250708,HAM10000_images_part_1\ISIC_0026223.jpg
HAM10000_images_part_1,ISIC_0026224.jpg,.jpg,272613,HAM10000_images_part_1\ISIC_0026224.jpg
HAM10000_images_part_1,ISIC_0026225.jpg,.jpg,342402,HAM10000_images_part_1\ISIC_0026225.jpg
HAM10000_images_part_1,ISIC_0026226.jpg,.jpg,136989,HAM10000_images_part_1\ISIC_0026226.jpg
HAM10000_images_part_1,ISIC_0026227.jpg,.jpg,271656,HAM10000_images_part_1\ISIC_0026227.jpg
HAM10000_images_part_1,ISIC_0026228.jpg,.jpg,277994,HAM10000_images_part_1\ISIC_0026228.jpg
HAM10000_images_part_1,ISIC_0026229.jpg,.jpg,257078,HAM10000_images_part_1\ISIC_0026229.jpg
HAM10000_images_part_1,ISIC_0026230.jpg,.jpg,252651,HAM10000_images_part_1\ISIC_0026230.jpg
HAM10000_images_part_1,ISIC_0026231.jpg,.jpg,124478,HAM10000_images_part_1\ISIC_0026231.jpg
HAM10000_images_part_1,ISIC_0026232.jpg,.jpg,354491,HAM10000_images_part_1\ISIC_0026232.jpg
HAM10000_images_part_1,ISIC_0026233.jpg,.jpg,274058,HAM10000_images_part_1\ISIC_0026233.jpg
HAM10000_images_part_1,ISIC_0026234.jpg,.jpg,328303,HAM10000_images_part_1\ISIC_0026234.jpg
HAM10000_images_part_1,ISIC_0026235.jpg,.jpg,278360,HAM10000_images_part_1\ISIC_0026235.jpg
HAM10000_images_part_1,ISIC_0026236.jpg,.jpg,219744,HAM10000_images_part_1\ISIC_0026236.jpg
HAM10000_images_part_1,ISIC_0026237.jpg,.jpg,234700,HAM10000_images_part_1\ISIC_0026237.jpg
HAM10000_images_part_1,ISIC_0026238.jpg,.jpg,266370,HAM10000_images_part_1\ISIC_0026238.jpg
HAM10000_images_part_1,ISIC_0026239.jpg,.jpg,248527,HAM10000_images_part_1\ISIC_0026239.jpg
HAM10000_images_part_1,ISIC_0026240.jpg,.jpg,281552,HAM10000_images_part_1\ISIC_0026240.jpg
HAM10000_images_part_1,ISIC_0026241.jpg,.jpg,292450,HAM10000_images_part_1\ISIC_0026241.jpg
HAM10000_images_part_1,ISIC_0026242.jpg,.jpg,375337,HAM10000_images_part_1\ISIC_0026242.jpg
HAM10000_images_part_1,ISIC_0026243.jpg,.jpg,366084,HAM10000_images_part_1\ISIC_0026243.jpg
HAM10000_images_part_1,ISIC_0026244.jpg,.jpg,280144,HAM10000_images_part_1\ISIC_0026244.jpg
HAM10000_images_part_1,ISIC_0026245.jpg,.jpg,248425,HAM10000_images_part_1\ISIC_0026245.jpg
HAM10000_images_part_1,ISIC_0026246.jpg,.jpg,332722,HAM10000_images_part_1\ISIC_0026246.jpg
HAM10000_images_part_1,ISIC_0026247.jpg,.jpg,249114,HAM10000_images_part_1\ISIC_0026247.jpg
HAM10000_images_part_1,ISIC_0026248.jpg,.jpg,286201,HAM10000_images_part_1\ISIC_0026248.jpg
HAM10000_images_part_1,ISIC_0026249.jpg,.jpg,148364,HAM10000_images_part_1\ISIC_0026249.jpg
HAM10000_images_part_1,ISIC_0026250.jpg,.jpg,280957,HAM10000_images_part_1\ISIC_0026250.jpg
HAM10000_images_part_1,ISIC_0026251.jpg,.jpg,278447,HAM10000_images_part_1\ISIC_0026251.jpg
HAM10000_images_part_1,ISIC_0026252.jpg,.jpg,272031,HAM10000_images_part_1\ISIC_0026252.jpg
HAM10000_images_part_1,ISIC_0026253.jpg,.jpg,271575,HAM10000_images_part_1\ISIC_0026253.jpg
HAM10000_images_part_1,ISIC_0026254.jpg,.jpg,357094,HAM10000_images_part_1\ISIC_0026254.jpg
HAM10000_images_part_1,ISIC_0026255.jpg,.jpg,360250,HAM10000_images_part_1\ISIC_0026255.jpg
HAM10000_images_part_1,ISIC_0026256.jpg,.jpg,352794,HAM10000_images_part_1\ISIC_0026256.jpg
HAM10000_images_part_1,ISIC_0026257.jpg,.jpg,266296,HAM10000_images_part_1\ISIC_0026257.jpg
HAM10000_images_part_1,ISIC_0026258.jpg,.jpg,240524,HAM10000_images_part_1\ISIC_0026258.jpg
HAM10000_images_part_1,ISIC_0026259.jpg,.jpg,267504,HAM10000_images_part_1\ISIC_0026259.jpg
HAM10000_images_part_1,ISIC_0026260.jpg,.jpg,243002,HAM10000_images_part_1\ISIC_0026260.jpg
HAM10000_images_part_1,ISIC_0026261.jpg,.jpg,274396,HAM10000_images_part_1\ISIC_0026261.jpg
HAM10000_images_part_1,ISIC_0026262.jpg,.jpg,313421,HAM10000_images_part_1\ISIC_0026262.jpg
HAM10000_images_part_1,ISIC_0026263.jpg,.jpg,311215,HAM10000_images_part_1\ISIC_0026263.jpg
HAM10000_images_part_1,ISIC_0026264.jpg,.jpg,292482,HAM10000_images_part_1\ISIC_0026264.jpg
HAM10000_images_part_1,ISIC_0026265.jpg,.jpg,295864,HAM10000_images_part_1\ISIC_0026265.jpg
HAM10000_images_part_1,ISIC_0026266.jpg,.jpg,257568,HAM10000_images_part_1\ISIC_0026266.jpg
HAM10000_images_part_1,ISIC_0026267.jpg,.jpg,308564,HAM10000_images_part_1\ISIC_0026267.jpg
HAM10000_images_part_1,ISIC_0026268.jpg,.jpg,307377,HAM10000_images_part_1\ISIC_0026268.jpg
HAM10000_images_part_1,ISIC_0026269.jpg,.jpg,342711,HAM10000_images_part_1\ISIC_0026269.jpg
HAM10000_images_part_1,ISIC_0026270.jpg,.jpg,304183,HAM10000_images_part_1\ISIC_0026270.jpg
HAM10000_images_part_1,ISIC_0026271.jpg,.jpg,268055,HAM10000_images_part_1\ISIC_0026271.jpg
HAM10000_images_part_1,ISIC_0026272.jpg,.jpg,253881,HAM10000_images_part_1\ISIC_0026272.jpg
HAM10000_images_part_1,ISIC_0026273.jpg,.jpg,293084,HAM10000_images_part_1\ISIC_0026273.jpg
HAM10000_images_part_1,ISIC_0026274.jpg,.jpg,271593,HAM10000_images_part_1\ISIC_0026274.jpg
HAM10000_images_part_1,ISIC_0026275.jpg,.jpg,233311,HAM10000_images_part_1\ISIC_0026275.jpg
HAM10000_images_part_1,ISIC_0026276.jpg,.jpg,302855,HAM10000_images_part_1\ISIC_0026276.jpg
HAM10000_images_part_1,ISIC_0026277.jpg,.jpg,302655,HAM10000_images_part_1\ISIC_0026277.jpg
HAM10000_images_part_1,ISIC_0026278.jpg,.jpg,273152,HAM10000_images_part_1\ISIC_0026278.jpg
HAM10000_images_part_1,ISIC_0026279.jpg,.jpg,115670,HAM10000_images_part_1\ISIC_0026279.jpg
HAM10000_images_part_1,ISIC_0026280.jpg,.jpg,289744,HAM10000_images_part_1\ISIC_0026280.jpg
HAM10000_images_part_1,ISIC_0026281.jpg,.jpg,304622,HAM10000_images_part_1\ISIC_0026281.jpg
HAM10000_images_part_1,ISIC_0026282.jpg,.jpg,315180,HAM10000_images_part_1\ISIC_0026282.jpg
HAM10000_images_part_1,ISIC_0026283.jpg,.jpg,328340,HAM10000_images_part_1\ISIC_0026283.jpg
HAM10000_images_part_1,ISIC_0026284.jpg,.jpg,240349,HAM10000_images_part_1\ISIC_0026284.jpg
HAM10000_images_part_1,ISIC_0026285.jpg,.jpg,307599,HAM10000_images_part_1\ISIC_0026285.jpg
HAM10000_images_part_1,ISIC_0026286.jpg,.jpg,213281,HAM10000_images_part_1\ISIC_0026286.jpg
HAM10000_images_part_1,ISIC_0026287.jpg,.jpg,320157,HAM10000_images_part_1\ISIC_0026287.jpg
HAM10000_images_part_1,ISIC_0026288.jpg,.jpg,256687,HAM10000_images_part_1\ISIC_0026288.jpg
HAM10000_images_part_1,ISIC_0026289.jpg,.jpg,287362,HAM10000_images_part_1\ISIC_0026289.jpg
HAM10000_images_part_1,ISIC_0026290.jpg,.jpg,255285,HAM10000_images_part_1\ISIC_0026290.jpg
HAM10000_images_part_1,ISIC_0026291.jpg,.jpg,346869,HAM10000_images_part_1\ISIC_0026291.jpg
HAM10000_images_part_1,ISIC_0026292.jpg,.jpg,276666,HAM10000_images_part_1\ISIC_0026292.jpg
HAM10000_images_part_1,ISIC_0026293.jpg,.jpg,162742,HAM10000_images_part_1\ISIC_0026293.jpg
HAM10000_images_part_1,ISIC_0026294.jpg,.jpg,285962,HAM10000_images_part_1\ISIC_0026294.jpg
HAM10000_images_part_1,ISIC_0026295.jpg,.jpg,328243,HAM10000_images_part_1\ISIC_0026295.jpg
HAM10000_images_part_1,ISIC_0026296.jpg,.jpg,243259,HAM10000_images_part_1\ISIC_0026296.jpg
HAM10000_images_part_1,ISIC_0026297.jpg,.jpg,214500,HAM10000_images_part_1\ISIC_0026297.jpg
HAM10000_images_part_1,ISIC_0026298.jpg,.jpg,256026,HAM10000_images_part_1\ISIC_0026298.jpg
HAM10000_images_part_1,ISIC_0026299.jpg,.jpg,281788,HAM10000_images_part_1\ISIC_0026299.jpg
HAM10000_images_part_1,ISIC_0026300.jpg,.jpg,276608,HAM10000_images_part_1\ISIC_0026300.jpg
HAM10000_images_part_1,ISIC_0026301.jpg,.jpg,283891,HAM10000_images_part_1\ISIC_0026301.jpg
HAM10000_images_part_1,ISIC_0026302.jpg,.jpg,305496,HAM10000_images_part_1\ISIC_0026302.jpg
HAM10000_images_part_1,ISIC_0026303.jpg,.jpg,290447,HAM10000_images_part_1\ISIC_0026303.jpg
HAM10000_images_part_1,ISIC_0026304.jpg,.jpg,298334,HAM10000_images_part_1\ISIC_0026304.jpg
HAM10000_images_part_1,ISIC_0026305.jpg,.jpg,265751,HAM10000_images_part_1\ISIC_0026305.jpg
HAM10000_images_part_1,ISIC_0026306.jpg,.jpg,283205,HAM10000_images_part_1\ISIC_0026306.jpg
HAM10000_images_part_1,ISIC_0026307.jpg,.jpg,290591,HAM10000_images_part_1\ISIC_0026307.jpg
HAM10000_images_part_1,ISIC_0026308.jpg,.jpg,281559,HAM10000_images_part_1\ISIC_0026308.jpg
HAM10000_images_part_1,ISIC_0026309.jpg,.jpg,264350,HAM10000_images_part_1\ISIC_0026309.jpg
HAM10000_images_part_1,ISIC_0026310.jpg,.jpg,270509,HAM10000_images_part_1\ISIC_0026310.jpg
HAM10000_images_part_1,ISIC_0026311.jpg,.jpg,265331,HAM10000_images_part_1\ISIC_0026311.jpg
HAM10000_images_part_1,ISIC_0026312.jpg,.jpg,251467,HAM10000_images_part_1\ISIC_0026312.jpg
HAM10000_images_part_1,ISIC_0026313.jpg,.jpg,303297,HAM10000_images_part_1\ISIC_0026313.jpg
HAM10000_images_part_1,ISIC_0026314.jpg,.jpg,214240,HAM10000_images_part_1\ISIC_0026314.jpg
HAM10000_images_part_1,ISIC_0026315.jpg,.jpg,292761,HAM10000_images_part_1\ISIC_0026315.jpg
HAM10000_images_part_1,ISIC_0026316.jpg,.jpg,198599,HAM10000_images_part_1\ISIC_0026316.jpg
HAM10000_images_part_1,ISIC_0026317.jpg,.jpg,267113,HAM10000_images_part_1\ISIC_0026317.jpg
HAM10000_images_part_1,ISIC_0026318.jpg,.jpg,231737,HAM10000_images_part_1\ISIC_0026318.jpg
HAM10000_images_part_1,ISIC_0026319.jpg,.jpg,261024,HAM10000_images_part_1\ISIC_0026319.jpg
HAM10000_images_part_1,ISIC_0026320.jpg,.jpg,346226,HAM10000_images_part_1\ISIC_0026320.jpg
HAM10000_images_part_1,ISIC_0026321.jpg,.jpg,296871,HAM10000_images_part_1\ISIC_0026321.jpg
HAM10000_images_part_1,ISIC_0026322.jpg,.jpg,292029,HAM10000_images_part_1\ISIC_0026322.jpg
HAM10000_images_part_1,ISIC_0026323.jpg,.jpg,179738,HAM10000_images_part_1\ISIC_0026323.jpg
HAM10000_images_part_1,ISIC_0026324.jpg,.jpg,276448,HAM10000_images_part_1\ISIC_0026324.jpg
HAM10000_images_part_1,ISIC_0026325.jpg,.jpg,270217,HAM10000_images_part_1\ISIC_0026325.jpg
HAM10000_images_part_1,ISIC_0026326.jpg,.jpg,122884,HAM10000_images_part_1\ISIC_0026326.jpg
HAM10000_images_part_1,ISIC_0026327.jpg,.jpg,282835,HAM10000_images_part_1\ISIC_0026327.jpg
HAM10000_images_part_1,ISIC_0026328.jpg,.jpg,270386,HAM10000_images_part_1\ISIC_0026328.jpg
HAM10000_images_part_1,ISIC_0026329.jpg,.jpg,171192,HAM10000_images_part_1\ISIC_0026329.jpg
HAM10000_images_part_1,ISIC_0026330.jpg,.jpg,218603,HAM10000_images_part_1\ISIC_0026330.jpg
HAM10000_images_part_1,ISIC_0026331.jpg,.jpg,275945,HAM10000_images_part_1\ISIC_0026331.jpg
HAM10000_images_part_1,ISIC_0026332.jpg,.jpg,274686,HAM10000_images_part_1\ISIC_0026332.jpg
HAM10000_images_part_1,ISIC_0026333.jpg,.jpg,202117,HAM10000_images_part_1\ISIC_0026333.jpg
HAM10000_images_part_1,ISIC_0026334.jpg,.jpg,278474,HAM10000_images_part_1\ISIC_0026334.jpg
HAM10000_images_part_1,ISIC_0026335.jpg,.jpg,266963,HAM10000_images_part_1\ISIC_0026335.jpg
HAM10000_images_part_1,ISIC_0026336.jpg,.jpg,294822,HAM10000_images_part_1\ISIC_0026336.jpg
HAM10000_images_part_1,ISIC_0026337.jpg,.jpg,246397,HAM10000_images_part_1\ISIC_0026337.jpg
HAM10000_images_part_1,ISIC_0026338.jpg,.jpg,288970,HAM10000_images_part_1\ISIC_0026338.jpg
HAM10000_images_part_1,ISIC_0026339.jpg,.jpg,347952,HAM10000_images_part_1\ISIC_0026339.jpg
HAM10000_images_part_1,ISIC_0026340.jpg,.jpg,169330,HAM10000_images_part_1\ISIC_0026340.jpg
HAM10000_images_part_1,ISIC_0026341.jpg,.jpg,233130,HAM10000_images_part_1\ISIC_0026341.jpg
HAM10000_images_part_1,ISIC_0026342.jpg,.jpg,274323,HAM10000_images_part_1\ISIC_0026342.jpg
HAM10000_images_part_1,ISIC_0026343.jpg,.jpg,459172,HAM10000_images_part_1\ISIC_0026343.jpg
HAM10000_images_part_1,ISIC_0026344.jpg,.jpg,268109,HAM10000_images_part_1\ISIC_0026344.jpg
HAM10000_images_part_1,ISIC_0026345.jpg,.jpg,278178,HAM10000_images_part_1\ISIC_0026345.jpg
HAM10000_images_part_1,ISIC_0026346.jpg,.jpg,269937,HAM10000_images_part_1\ISIC_0026346.jpg
HAM10000_images_part_1,ISIC_0026347.jpg,.jpg,232669,HAM10000_images_part_1\ISIC_0026347.jpg
HAM10000_images_part_1,ISIC_0026348.jpg,.jpg,276467,HAM10000_images_part_1\ISIC_0026348.jpg
HAM10000_images_part_1,ISIC_0026349.jpg,.jpg,258369,HAM10000_images_part_1\ISIC_0026349.jpg
HAM10000_images_part_1,ISIC_0026350.jpg,.jpg,267860,HAM10000_images_part_1\ISIC_0026350.jpg
HAM10000_images_part_1,ISIC_0026351.jpg,.jpg,305824,HAM10000_images_part_1\ISIC_0026351.jpg
HAM10000_images_part_1,ISIC_0026352.jpg,.jpg,255559,HAM10000_images_part_1\ISIC_0026352.jpg
HAM10000_images_part_1,ISIC_0026353.jpg,.jpg,280040,HAM10000_images_part_1\ISIC_0026353.jpg
HAM10000_images_part_1,ISIC_0026354.jpg,.jpg,292521,HAM10000_images_part_1\ISIC_0026354.jpg
HAM10000_images_part_1,ISIC_0026355.jpg,.jpg,277488,HAM10000_images_part_1\ISIC_0026355.jpg
HAM10000_images_part_1,ISIC_0026356.jpg,.jpg,256547,HAM10000_images_part_1\ISIC_0026356.jpg
HAM10000_images_part_1,ISIC_0026357.jpg,.jpg,285199,HAM10000_images_part_1\ISIC_0026357.jpg
HAM10000_images_part_1,ISIC_0026358.jpg,.jpg,234314,HAM10000_images_part_1\ISIC_0026358.jpg
HAM10000_images_part_1,ISIC_0026359.jpg,.jpg,157217,HAM10000_images_part_1\ISIC_0026359.jpg
HAM10000_images_part_1,ISIC_0026360.jpg,.jpg,313776,HAM10000_images_part_1\ISIC_0026360.jpg
HAM10000_images_part_1,ISIC_0026361.jpg,.jpg,348586,HAM10000_images_part_1\ISIC_0026361.jpg
HAM10000_images_part_1,ISIC_0026362.jpg,.jpg,263990,HAM10000_images_part_1\ISIC_0026362.jpg
HAM10000_images_part_1,ISIC_0026363.jpg,.jpg,294465,HAM10000_images_part_1\ISIC_0026363.jpg
HAM10000_images_part_1,ISIC_0026364.jpg,.jpg,286256,HAM10000_images_part_1\ISIC_0026364.jpg
HAM10000_images_part_1,ISIC_0026365.jpg,.jpg,210903,HAM10000_images_part_1\ISIC_0026365.jpg
HAM10000_images_part_1,ISIC_0026366.jpg,.jpg,360227,HAM10000_images_part_1\ISIC_0026366.jpg
HAM10000_images_part_1,ISIC_0026367.jpg,.jpg,253471,HAM10000_images_part_1\ISIC_0026367.jpg
HAM10000_images_part_1,ISIC_0026368.jpg,.jpg,271634,HAM10000_images_part_1\ISIC_0026368.jpg
HAM10000_images_part_1,ISIC_0026369.jpg,.jpg,322487,HAM10000_images_part_1\ISIC_0026369.jpg
HAM10000_images_part_1,ISIC_0026370.jpg,.jpg,291800,HAM10000_images_part_1\ISIC_0026370.jpg
HAM10000_images_part_1,ISIC_0026371.jpg,.jpg,336269,HAM10000_images_part_1\ISIC_0026371.jpg
HAM10000_images_part_1,ISIC_0026372.jpg,.jpg,293436,HAM10000_images_part_1\ISIC_0026372.jpg
HAM10000_images_part_1,ISIC_0026373.jpg,.jpg,283377,HAM10000_images_part_1\ISIC_0026373.jpg
HAM10000_images_part_1,ISIC_0026374.jpg,.jpg,242467,HAM10000_images_part_1\ISIC_0026374.jpg
HAM10000_images_part_1,ISIC_0026375.jpg,.jpg,257923,HAM10000_images_part_1\ISIC_0026375.jpg
HAM10000_images_part_1,ISIC_0026376.jpg,.jpg,217991,HAM10000_images_part_1\ISIC_0026376.jpg
HAM10000_images_part_1,ISIC_0026377.jpg,.jpg,275803,HAM10000_images_part_1\ISIC_0026377.jpg
HAM10000_images_part_1,ISIC_0026378.jpg,.jpg,297991,HAM10000_images_part_1\ISIC_0026378.jpg
HAM10000_images_part_1,ISIC_0026379.jpg,.jpg,278326,HAM10000_images_part_1\ISIC_0026379.jpg
HAM10000_images_part_1,ISIC_0026380.jpg,.jpg,255045,HAM10000_images_part_1\ISIC_0026380.jpg
HAM10000_images_part_1,ISIC_0026381.jpg,.jpg,266561,HAM10000_images_part_1\ISIC_0026381.jpg
HAM10000_images_part_1,ISIC_0026382.jpg,.jpg,259361,HAM10000_images_part_1\ISIC_0026382.jpg
HAM10000_images_part_1,ISIC_0026383.jpg,.jpg,338265,HAM10000_images_part_1\ISIC_0026383.jpg
HAM10000_images_part_1,ISIC_0026384.jpg,.jpg,266266,HAM10000_images_part_1\ISIC_0026384.jpg
HAM10000_images_part_1,ISIC_0026385.jpg,.jpg,282785,HAM10000_images_part_1\ISIC_0026385.jpg
HAM10000_images_part_1,ISIC_0026386.jpg,.jpg,269722,HAM10000_images_part_1\ISIC_0026386.jpg
HAM10000_images_part_1,ISIC_0026387.jpg,.jpg,277911,HAM10000_images_part_1\ISIC_0026387.jpg
HAM10000_images_part_1,ISIC_0026388.jpg,.jpg,235042,HAM10000_images_part_1\ISIC_0026388.jpg
HAM10000_images_part_1,ISIC_0026389.jpg,.jpg,255409,HAM10000_images_part_1\ISIC_0026389.jpg
HAM10000_images_part_1,ISIC_0026390.jpg,.jpg,279216,HAM10000_images_part_1\ISIC_0026390.jpg
HAM10000_images_part_1,ISIC_0026391.jpg,.jpg,263972,HAM10000_images_part_1\ISIC_0026391.jpg
HAM10000_images_part_1,ISIC_0026392.jpg,.jpg,289243,HAM10000_images_part_1\ISIC_0026392.jpg
HAM10000_images_part_1,ISIC_0026393.jpg,.jpg,305385,HAM10000_images_part_1\ISIC_0026393.jpg
HAM10000_images_part_1,ISIC_0026394.jpg,.jpg,253450,HAM10000_images_part_1\ISIC_0026394.jpg
HAM10000_images_part_1,ISIC_0026395.jpg,.jpg,251945,HAM10000_images_part_1\ISIC_0026395.jpg
HAM10000_images_part_1,ISIC_0026396.jpg,.jpg,286856,HAM10000_images_part_1\ISIC_0026396.jpg
HAM10000_images_part_1,ISIC_0026397.jpg,.jpg,272978,HAM10000_images_part_1\ISIC_0026397.jpg
HAM10000_images_part_1,ISIC_0026398.jpg,.jpg,167823,HAM10000_images_part_1\ISIC_0026398.jpg
HAM10000_images_part_1,ISIC_0026399.jpg,.jpg,294004,HAM10000_images_part_1\ISIC_0026399.jpg
HAM10000_images_part_1,ISIC_0026400.jpg,.jpg,185983,HAM10000_images_part_1\ISIC_0026400.jpg
HAM10000_images_part_1,ISIC_0026401.jpg,.jpg,203962,HAM10000_images_part_1\ISIC_0026401.jpg
HAM10000_images_part_1,ISIC_0026402.jpg,.jpg,318664,HAM10000_images_part_1\ISIC_0026402.jpg
HAM10000_images_part_1,ISIC_0026403.jpg,.jpg,297245,HAM10000_images_part_1\ISIC_0026403.jpg
HAM10000_images_part_1,ISIC_0026404.jpg,.jpg,226808,HAM10000_images_part_1\ISIC_0026404.jpg
HAM10000_images_part_1,ISIC_0026405.jpg,.jpg,278341,HAM10000_images_part_1\ISIC_0026405.jpg
HAM10000_images_part_1,ISIC_0026406.jpg,.jpg,161563,HAM10000_images_part_1\ISIC_0026406.jpg
HAM10000_images_part_1,ISIC_0026407.jpg,.jpg,278092,HAM10000_images_part_1\ISIC_0026407.jpg
HAM10000_images_part_1,ISIC_0026408.jpg,.jpg,268092,HAM10000_images_part_1\ISIC_0026408.jpg
HAM10000_images_part_1,ISIC_0026409.jpg,.jpg,330855,HAM10000_images_part_1\ISIC_0026409.jpg
HAM10000_images_part_1,ISIC_0026410.jpg,.jpg,279819,HAM10000_images_part_1\ISIC_0026410.jpg
HAM10000_images_part_1,ISIC_0026411.jpg,.jpg,316225,HAM10000_images_part_1\ISIC_0026411.jpg
HAM10000_images_part_1,ISIC_0026412.jpg,.jpg,274308,HAM10000_images_part_1\ISIC_0026412.jpg
HAM10000_images_part_1,ISIC_0026413.jpg,.jpg,274621,HAM10000_images_part_1\ISIC_0026413.jpg
HAM10000_images_part_1,ISIC_0026414.jpg,.jpg,292786,HAM10000_images_part_1\ISIC_0026414.jpg
HAM10000_images_part_1,ISIC_0026415.jpg,.jpg,344547,HAM10000_images_part_1\ISIC_0026415.jpg
HAM10000_images_part_1,ISIC_0026416.jpg,.jpg,314158,HAM10000_images_part_1\ISIC_0026416.jpg
HAM10000_images_part_1,ISIC_0026417.jpg,.jpg,297643,HAM10000_images_part_1\ISIC_0026417.jpg
HAM10000_images_part_1,ISIC_0026418.jpg,.jpg,278099,HAM10000_images_part_1\ISIC_0026418.jpg
HAM10000_images_part_1,ISIC_0026419.jpg,.jpg,262270,HAM10000_images_part_1\ISIC_0026419.jpg
HAM10000_images_part_1,ISIC_0026420.jpg,.jpg,288414,HAM10000_images_part_1\ISIC_0026420.jpg
HAM10000_images_part_1,ISIC_0026421.jpg,.jpg,150460,HAM10000_images_part_1\ISIC_0026421.jpg
HAM10000_images_part_1,ISIC_0026422.jpg,.jpg,301998,HAM10000_images_part_1\ISIC_0026422.jpg
HAM10000_images_part_1,ISIC_0026423.jpg,.jpg,257987,HAM10000_images_part_1\ISIC_0026423.jpg
HAM10000_images_part_1,ISIC_0026424.jpg,.jpg,292268,HAM10000_images_part_1\ISIC_0026424.jpg
HAM10000_images_part_1,ISIC_0026425.jpg,.jpg,338924,HAM10000_images_part_1\ISIC_0026425.jpg
HAM10000_images_part_1,ISIC_0026426.jpg,.jpg,281029,HAM10000_images_part_1\ISIC_0026426.jpg
HAM10000_images_part_1,ISIC_0026427.jpg,.jpg,296935,HAM10000_images_part_1\ISIC_0026427.jpg
HAM10000_images_part_1,ISIC_0026428.jpg,.jpg,287809,HAM10000_images_part_1\ISIC_0026428.jpg
HAM10000_images_part_1,ISIC_0026429.jpg,.jpg,240121,HAM10000_images_part_1\ISIC_0026429.jpg
HAM10000_images_part_1,ISIC_0026430.jpg,.jpg,300781,HAM10000_images_part_1\ISIC_0026430.jpg
HAM10000_images_part_1,ISIC_0026431.jpg,.jpg,309132,HAM10000_images_part_1\ISIC_0026431.jpg
HAM10000_images_part_1,ISIC_0026432.jpg,.jpg,315973,HAM10000_images_part_1\ISIC_0026432.jpg
HAM10000_images_part_1,ISIC_0026433.jpg,.jpg,219557,HAM10000_images_part_1\ISIC_0026433.jpg
HAM10000_images_part_1,ISIC_0026434.jpg,.jpg,288489,HAM10000_images_part_1\ISIC_0026434.jpg
HAM10000_images_part_1,ISIC_0026435.jpg,.jpg,334598,HAM10000_images_part_1\ISIC_0026435.jpg
HAM10000_images_part_1,ISIC_0026436.jpg,.jpg,298648,HAM10000_images_part_1\ISIC_0026436.jpg
HAM10000_images_part_1,ISIC_0026437.jpg,.jpg,282157,HAM10000_images_part_1\ISIC_0026437.jpg
HAM10000_images_part_1,ISIC_0026438.jpg,.jpg,259823,HAM10000_images_part_1\ISIC_0026438.jpg
HAM10000_images_part_1,ISIC_0026439.jpg,.jpg,327449,HAM10000_images_part_1\ISIC_0026439.jpg
HAM10000_images_part_1,ISIC_0026440.jpg,.jpg,222572,HAM10000_images_part_1\ISIC_0026440.jpg
HAM10000_images_part_1,ISIC_0026441.jpg,.jpg,347694,HAM10000_images_part_1\ISIC_0026441.jpg
HAM10000_images_part_1,ISIC_0026442.jpg,.jpg,249754,HAM10000_images_part_1\ISIC_0026442.jpg
HAM10000_images_part_1,ISIC_0026443.jpg,.jpg,182722,HAM10000_images_part_1\ISIC_0026443.jpg
HAM10000_images_part_1,ISIC_0026444.jpg,.jpg,248942,HAM10000_images_part_1\ISIC_0026444.jpg
HAM10000_images_part_1,ISIC_0026445.jpg,.jpg,205119,HAM10000_images_part_1\ISIC_0026445.jpg
HAM10000_images_part_1,ISIC_0026446.jpg,.jpg,344548,HAM10000_images_part_1\ISIC_0026446.jpg
HAM10000_images_part_1,ISIC_0026447.jpg,.jpg,286501,HAM10000_images_part_1\ISIC_0026447.jpg
HAM10000_images_part_1,ISIC_0026448.jpg,.jpg,278850,HAM10000_images_part_1\ISIC_0026448.jpg
HAM10000_images_part_1,ISIC_0026449.jpg,.jpg,170788,HAM10000_images_part_1\ISIC_0026449.jpg
HAM10000_images_part_1,ISIC_0026450.jpg,.jpg,281314,HAM10000_images_part_1\ISIC_0026450.jpg
HAM10000_images_part_1,ISIC_0026451.jpg,.jpg,241891,HAM10000_images_part_1\ISIC_0026451.jpg
HAM10000_images_part_1,ISIC_0026452.jpg,.jpg,205167,HAM10000_images_part_1\ISIC_0026452.jpg
HAM10000_images_part_1,ISIC_0026453.jpg,.jpg,233586,HAM10000_images_part_1\ISIC_0026453.jpg
HAM10000_images_part_1,ISIC_0026454.jpg,.jpg,241138,HAM10000_images_part_1\ISIC_0026454.jpg
HAM10000_images_part_1,ISIC_0026455.jpg,.jpg,267253,HAM10000_images_part_1\ISIC_0026455.jpg
HAM10000_images_part_1,ISIC_0026456.jpg,.jpg,225931,HAM10000_images_part_1\ISIC_0026456.jpg
HAM10000_images_part_1,ISIC_0026457.jpg,.jpg,271517,HAM10000_images_part_1\ISIC_0026457.jpg
HAM10000_images_part_1,ISIC_0026458.jpg,.jpg,302255,HAM10000_images_part_1\ISIC_0026458.jpg
HAM10000_images_part_1,ISIC_0026459.jpg,.jpg,300644,HAM10000_images_part_1\ISIC_0026459.jpg
HAM10000_images_part_1,ISIC_0026460.jpg,.jpg,341277,HAM10000_images_part_1\ISIC_0026460.jpg
HAM10000_images_part_1,ISIC_0026461.jpg,.jpg,271945,HAM10000_images_part_1\ISIC_0026461.jpg
HAM10000_images_part_1,ISIC_0026462.jpg,.jpg,280299,HAM10000_images_part_1\ISIC_0026462.jpg
HAM10000_images_part_1,ISIC_0026463.jpg,.jpg,278238,HAM10000_images_part_1\ISIC_0026463.jpg
HAM10000_images_part_1,ISIC_0026464.jpg,.jpg,254612,HAM10000_images_part_1\ISIC_0026464.jpg
HAM10000_images_part_1,ISIC_0026465.jpg,.jpg,347447,HAM10000_images_part_1\ISIC_0026465.jpg
HAM10000_images_part_1,ISIC_0026466.jpg,.jpg,229418,HAM10000_images_part_1\ISIC_0026466.jpg
HAM10000_images_part_1,ISIC_0026467.jpg,.jpg,284467,HAM10000_images_part_1\ISIC_0026467.jpg
HAM10000_images_part_1,ISIC_0026468.jpg,.jpg,155720,HAM10000_images_part_1\ISIC_0026468.jpg
HAM10000_images_part_1,ISIC_0026469.jpg,.jpg,289486,HAM10000_images_part_1\ISIC_0026469.jpg
HAM10000_images_part_1,ISIC_0026470.jpg,.jpg,357673,HAM10000_images_part_1\ISIC_0026470.jpg
HAM10000_images_part_1,ISIC_0026471.jpg,.jpg,379176,HAM10000_images_part_1\ISIC_0026471.jpg
HAM10000_images_part_1,ISIC_0026472.jpg,.jpg,276399,HAM10000_images_part_1\ISIC_0026472.jpg
HAM10000_images_part_1,ISIC_0026473.jpg,.jpg,282778,HAM10000_images_part_1\ISIC_0026473.jpg
HAM10000_images_part_1,ISIC_0026474.jpg,.jpg,287437,HAM10000_images_part_1\ISIC_0026474.jpg
HAM10000_images_part_1,ISIC_0026475.jpg,.jpg,170736,HAM10000_images_part_1\ISIC_0026475.jpg
HAM10000_images_part_1,ISIC_0026476.jpg,.jpg,331604,HAM10000_images_part_1\ISIC_0026476.jpg
HAM10000_images_part_1,ISIC_0026477.jpg,.jpg,138704,HAM10000_images_part_1\ISIC_0026477.jpg
HAM10000_images_part_1,ISIC_0026478.jpg,.jpg,269883,HAM10000_images_part_1\ISIC_0026478.jpg
HAM10000_images_part_1,ISIC_0026479.jpg,.jpg,302149,HAM10000_images_part_1\ISIC_0026479.jpg
HAM10000_images_part_1,ISIC_0026480.jpg,.jpg,347095,HAM10000_images_part_1\ISIC_0026480.jpg
HAM10000_images_part_1,ISIC_0026481.jpg,.jpg,240585,HAM10000_images_part_1\ISIC_0026481.jpg
HAM10000_images_part_1,ISIC_0026482.jpg,.jpg,266554,HAM10000_images_part_1\ISIC_0026482.jpg
HAM10000_images_part_1,ISIC_0026483.jpg,.jpg,283874,HAM10000_images_part_1\ISIC_0026483.jpg
HAM10000_images_part_1,ISIC_0026484.jpg,.jpg,249085,HAM10000_images_part_1\ISIC_0026484.jpg
HAM10000_images_part_1,ISIC_0026485.jpg,.jpg,272033,HAM10000_images_part_1\ISIC_0026485.jpg
HAM10000_images_part_1,ISIC_0026486.jpg,.jpg,272809,HAM10000_images_part_1\ISIC_0026486.jpg
HAM10000_images_part_1,ISIC_0026487.jpg,.jpg,265169,HAM10000_images_part_1\ISIC_0026487.jpg
HAM10000_images_part_1,ISIC_0026488.jpg,.jpg,272064,HAM10000_images_part_1\ISIC_0026488.jpg
HAM10000_images_part_1,ISIC_0026489.jpg,.jpg,304502,HAM10000_images_part_1\ISIC_0026489.jpg
HAM10000_images_part_1,ISIC_0026490.jpg,.jpg,316905,HAM10000_images_part_1\ISIC_0026490.jpg
HAM10000_images_part_1,ISIC_0026491.jpg,.jpg,316706,HAM10000_images_part_1\ISIC_0026491.jpg
HAM10000_images_part_1,ISIC_0026492.jpg,.jpg,275315,HAM10000_images_part_1\ISIC_0026492.jpg
HAM10000_images_part_1,ISIC_0026493.jpg,.jpg,292785,HAM10000_images_part_1\ISIC_0026493.jpg
HAM10000_images_part_1,ISIC_0026494.jpg,.jpg,204406,HAM10000_images_part_1\ISIC_0026494.jpg
HAM10000_images_part_1,ISIC_0026495.jpg,.jpg,271467,HAM10000_images_part_1\ISIC_0026495.jpg
HAM10000_images_part_1,ISIC_0026496.jpg,.jpg,261181,HAM10000_images_part_1\ISIC_0026496.jpg
HAM10000_images_part_1,ISIC_0026497.jpg,.jpg,192463,HAM10000_images_part_1\ISIC_0026497.jpg
HAM10000_images_part_1,ISIC_0026498.jpg,.jpg,311777,HAM10000_images_part_1\ISIC_0026498.jpg
HAM10000_images_part_1,ISIC_0026499.jpg,.jpg,276243,HAM10000_images_part_1\ISIC_0026499.jpg
HAM10000_images_part_1,ISIC_0026500.jpg,.jpg,293897,HAM10000_images_part_1\ISIC_0026500.jpg
HAM10000_images_part_1,ISIC_0026501.jpg,.jpg,166150,HAM10000_images_part_1\ISIC_0026501.jpg
HAM10000_images_part_1,ISIC_0026502.jpg,.jpg,242886,HAM10000_images_part_1\ISIC_0026502.jpg
HAM10000_images_part_1,ISIC_0026503.jpg,.jpg,272021,HAM10000_images_part_1\ISIC_0026503.jpg
HAM10000_images_part_1,ISIC_0026504.jpg,.jpg,314886,HAM10000_images_part_1\ISIC_0026504.jpg
HAM10000_images_part_1,ISIC_0026505.jpg,.jpg,269803,HAM10000_images_part_1\ISIC_0026505.jpg
HAM10000_images_part_1,ISIC_0026506.jpg,.jpg,275251,HAM10000_images_part_1\ISIC_0026506.jpg
HAM10000_images_part_1,ISIC_0026507.jpg,.jpg,279732,HAM10000_images_part_1\ISIC_0026507.jpg
HAM10000_images_part_1,ISIC_0026508.jpg,.jpg,310660,HAM10000_images_part_1\ISIC_0026508.jpg
HAM10000_images_part_1,ISIC_0026509.jpg,.jpg,313208,HAM10000_images_part_1\ISIC_0026509.jpg
HAM10000_images_part_1,ISIC_0026510.jpg,.jpg,259837,HAM10000_images_part_1\ISIC_0026510.jpg
HAM10000_images_part_1,ISIC_0026511.jpg,.jpg,318654,HAM10000_images_part_1\ISIC_0026511.jpg
HAM10000_images_part_1,ISIC_0026512.jpg,.jpg,235531,HAM10000_images_part_1\ISIC_0026512.jpg
HAM10000_images_part_1,ISIC_0026513.jpg,.jpg,257967,HAM10000_images_part_1\ISIC_0026513.jpg
HAM10000_images_part_1,ISIC_0026514.jpg,.jpg,304359,HAM10000_images_part_1\ISIC_0026514.jpg
HAM10000_images_part_1,ISIC_0026515.jpg,.jpg,277120,HAM10000_images_part_1\ISIC_0026515.jpg
HAM10000_images_part_1,ISIC_0026516.jpg,.jpg,184871,HAM10000_images_part_1\ISIC_0026516.jpg
HAM10000_images_part_1,ISIC_0026517.jpg,.jpg,296386,HAM10000_images_part_1\ISIC_0026517.jpg
HAM10000_images_part_1,ISIC_0026518.jpg,.jpg,339693,HAM10000_images_part_1\ISIC_0026518.jpg
HAM10000_images_part_1,ISIC_0026519.jpg,.jpg,259972,HAM10000_images_part_1\ISIC_0026519.jpg
HAM10000_images_part_1,ISIC_0026520.jpg,.jpg,335063,HAM10000_images_part_1\ISIC_0026520.jpg
HAM10000_images_part_1,ISIC_0026521.jpg,.jpg,290559,HAM10000_images_part_1\ISIC_0026521.jpg
HAM10000_images_part_1,ISIC_0026522.jpg,.jpg,300639,HAM10000_images_part_1\ISIC_0026522.jpg
HAM10000_images_part_1,ISIC_0026523.jpg,.jpg,276201,HAM10000_images_part_1\ISIC_0026523.jpg
HAM10000_images_part_1,ISIC_0026524.jpg,.jpg,264243,HAM10000_images_part_1\ISIC_0026524.jpg
HAM10000_images_part_1,ISIC_0026525.jpg,.jpg,273772,HAM10000_images_part_1\ISIC_0026525.jpg
HAM10000_images_part_1,ISIC_0026526.jpg,.jpg,198802,HAM10000_images_part_1\ISIC_0026526.jpg
HAM10000_images_part_1,ISIC_0026527.jpg,.jpg,270388,HAM10000_images_part_1\ISIC_0026527.jpg
HAM10000_images_part_1,ISIC_0026528.jpg,.jpg,328815,HAM10000_images_part_1\ISIC_0026528.jpg
HAM10000_images_part_1,ISIC_0026529.jpg,.jpg,272389,HAM10000_images_part_1\ISIC_0026529.jpg
HAM10000_images_part_1,ISIC_0026530.jpg,.jpg,276957,HAM10000_images_part_1\ISIC_0026530.jpg
HAM10000_images_part_1,ISIC_0026531.jpg,.jpg,350491,HAM10000_images_part_1\ISIC_0026531.jpg
HAM10000_images_part_1,ISIC_0026532.jpg,.jpg,276926,HAM10000_images_part_1\ISIC_0026532.jpg
HAM10000_images_part_1,ISIC_0026533.jpg,.jpg,270985,HAM10000_images_part_1\ISIC_0026533.jpg
HAM10000_images_part_1,ISIC_0026534.jpg,.jpg,282050,HAM10000_images_part_1\ISIC_0026534.jpg
HAM10000_images_part_1,ISIC_0026535.jpg,.jpg,282276,HAM10000_images_part_1\ISIC_0026535.jpg
HAM10000_images_part_1,ISIC_0026536.jpg,.jpg,284452,HAM10000_images_part_1\ISIC_0026536.jpg
HAM10000_images_part_1,ISIC_0026537.jpg,.jpg,284474,HAM10000_images_part_1\ISIC_0026537.jpg
HAM10000_images_part_1,ISIC_0026538.jpg,.jpg,257696,HAM10000_images_part_1\ISIC_0026538.jpg
HAM10000_images_part_1,ISIC_0026539.jpg,.jpg,298609,HAM10000_images_part_1\ISIC_0026539.jpg
HAM10000_images_part_1,ISIC_0026540.jpg,.jpg,338202,HAM10000_images_part_1\ISIC_0026540.jpg
HAM10000_images_part_1,ISIC_0026541.jpg,.jpg,229058,HAM10000_images_part_1\ISIC_0026541.jpg
HAM10000_images_part_1,ISIC_0026542.jpg,.jpg,301283,HAM10000_images_part_1\ISIC_0026542.jpg
HAM10000_images_part_1,ISIC_0026543.jpg,.jpg,289809,HAM10000_images_part_1\ISIC_0026543.jpg
HAM10000_images_part_1,ISIC_0026544.jpg,.jpg,317138,HAM10000_images_part_1\ISIC_0026544.jpg
HAM10000_images_part_1,ISIC_0026545.jpg,.jpg,315202,HAM10000_images_part_1\ISIC_0026545.jpg
HAM10000_images_part_1,ISIC_0026546.jpg,.jpg,207212,HAM10000_images_part_1\ISIC_0026546.jpg
HAM10000_images_part_1,ISIC_0026547.jpg,.jpg,282578,HAM10000_images_part_1\ISIC_0026547.jpg
HAM10000_images_part_1,ISIC_0026548.jpg,.jpg,275715,HAM10000_images_part_1\ISIC_0026548.jpg
HAM10000_images_part_1,ISIC_0026549.jpg,.jpg,230669,HAM10000_images_part_1\ISIC_0026549.jpg
HAM10000_images_part_1,ISIC_0026550.jpg,.jpg,258505,HAM10000_images_part_1\ISIC_0026550.jpg
HAM10000_images_part_1,ISIC_0026551.jpg,.jpg,255659,HAM10000_images_part_1\ISIC_0026551.jpg
HAM10000_images_part_1,ISIC_0026552.jpg,.jpg,217814,HAM10000_images_part_1\ISIC_0026552.jpg
HAM10000_images_part_1,ISIC_0026553.jpg,.jpg,235262,HAM10000_images_part_1\ISIC_0026553.jpg
HAM10000_images_part_1,ISIC_0026554.jpg,.jpg,238259,HAM10000_images_part_1\ISIC_0026554.jpg
HAM10000_images_part_1,ISIC_0026555.jpg,.jpg,383741,HAM10000_images_part_1\ISIC_0026555.jpg
HAM10000_images_part_1,ISIC_0026556.jpg,.jpg,376658,HAM10000_images_part_1\ISIC_0026556.jpg
HAM10000_images_part_1,ISIC_0026557.jpg,.jpg,340112,HAM10000_images_part_1\ISIC_0026557.jpg
HAM10000_images_part_1,ISIC_0026558.jpg,.jpg,293678,HAM10000_images_part_1\ISIC_0026558.jpg
HAM10000_images_part_1,ISIC_0026559.jpg,.jpg,226391,HAM10000_images_part_1\ISIC_0026559.jpg
HAM10000_images_part_1,ISIC_0026560.jpg,.jpg,166816,HAM10000_images_part_1\ISIC_0026560.jpg
HAM10000_images_part_1,ISIC_0026561.jpg,.jpg,289865,HAM10000_images_part_1\ISIC_0026561.jpg
HAM10000_images_part_1,ISIC_0026562.jpg,.jpg,343492,HAM10000_images_part_1\ISIC_0026562.jpg
HAM10000_images_part_1,ISIC_0026563.jpg,.jpg,276680,HAM10000_images_part_1\ISIC_0026563.jpg
HAM10000_images_part_1,ISIC_0026564.jpg,.jpg,298346,HAM10000_images_part_1\ISIC_0026564.jpg
HAM10000_images_part_1,ISIC_0026565.jpg,.jpg,285918,HAM10000_images_part_1\ISIC_0026565.jpg
HAM10000_images_part_1,ISIC_0026566.jpg,.jpg,313288,HAM10000_images_part_1\ISIC_0026566.jpg
HAM10000_images_part_1,ISIC_0026567.jpg,.jpg,284741,HAM10000_images_part_1\ISIC_0026567.jpg
HAM10000_images_part_1,ISIC_0026568.jpg,.jpg,281980,HAM10000_images_part_1\ISIC_0026568.jpg
HAM10000_images_part_1,ISIC_0026569.jpg,.jpg,240934,HAM10000_images_part_1\ISIC_0026569.jpg
HAM10000_images_part_1,ISIC_0026570.jpg,.jpg,259550,HAM10000_images_part_1\ISIC_0026570.jpg
HAM10000_images_part_1,ISIC_0026571.jpg,.jpg,346665,HAM10000_images_part_1\ISIC_0026571.jpg
HAM10000_images_part_1,ISIC_0026572.jpg,.jpg,267298,HAM10000_images_part_1\ISIC_0026572.jpg
HAM10000_images_part_1,ISIC_0026573.jpg,.jpg,212994,HAM10000_images_part_1\ISIC_0026573.jpg
HAM10000_images_part_1,ISIC_0026574.jpg,.jpg,295775,HAM10000_images_part_1\ISIC_0026574.jpg
HAM10000_images_part_1,ISIC_0026575.jpg,.jpg,274721,HAM10000_images_part_1\ISIC_0026575.jpg
HAM10000_images_part_1,ISIC_0026576.jpg,.jpg,289713,HAM10000_images_part_1\ISIC_0026576.jpg
HAM10000_images_part_1,ISIC_0026577.jpg,.jpg,226525,HAM10000_images_part_1\ISIC_0026577.jpg
HAM10000_images_part_1,ISIC_0026578.jpg,.jpg,263247,HAM10000_images_part_1\ISIC_0026578.jpg
HAM10000_images_part_1,ISIC_0026579.jpg,.jpg,288321,HAM10000_images_part_1\ISIC_0026579.jpg
HAM10000_images_part_1,ISIC_0026580.jpg,.jpg,185218,HAM10000_images_part_1\ISIC_0026580.jpg
HAM10000_images_part_1,ISIC_0026581.jpg,.jpg,177937,HAM10000_images_part_1\ISIC_0026581.jpg
HAM10000_images_part_1,ISIC_0026582.jpg,.jpg,280315,HAM10000_images_part_1\ISIC_0026582.jpg
HAM10000_images_part_1,ISIC_0026583.jpg,.jpg,375491,HAM10000_images_part_1\ISIC_0026583.jpg
HAM10000_images_part_1,ISIC_0026584.jpg,.jpg,153868,HAM10000_images_part_1\ISIC_0026584.jpg
HAM10000_images_part_1,ISIC_0026585.jpg,.jpg,343661,HAM10000_images_part_1\ISIC_0026585.jpg
HAM10000_images_part_1,ISIC_0026586.jpg,.jpg,300588,HAM10000_images_part_1\ISIC_0026586.jpg
HAM10000_images_part_1,ISIC_0026587.jpg,.jpg,262324,HAM10000_images_part_1\ISIC_0026587.jpg
HAM10000_images_part_1,ISIC_0026588.jpg,.jpg,236238,HAM10000_images_part_1\ISIC_0026588.jpg
HAM10000_images_part_1,ISIC_0026589.jpg,.jpg,330771,HAM10000_images_part_1\ISIC_0026589.jpg
HAM10000_images_part_1,ISIC_0026590.jpg,.jpg,288302,HAM10000_images_part_1\ISIC_0026590.jpg
HAM10000_images_part_1,ISIC_0026591.jpg,.jpg,280466,HAM10000_images_part_1\ISIC_0026591.jpg
HAM10000_images_part_1,ISIC_0026592.jpg,.jpg,220024,HAM10000_images_part_1\ISIC_0026592.jpg
HAM10000_images_part_1,ISIC_0026593.jpg,.jpg,289237,HAM10000_images_part_1\ISIC_0026593.jpg
HAM10000_images_part_1,ISIC_0026594.jpg,.jpg,280655,HAM10000_images_part_1\ISIC_0026594.jpg
HAM10000_images_part_1,ISIC_0026595.jpg,.jpg,297109,HAM10000_images_part_1\ISIC_0026595.jpg
HAM10000_images_part_1,ISIC_0026596.jpg,.jpg,258175,HAM10000_images_part_1\ISIC_0026596.jpg
HAM10000_images_part_1,ISIC_0026597.jpg,.jpg,267699,HAM10000_images_part_1\ISIC_0026597.jpg
HAM10000_images_part_1,ISIC_0026598.jpg,.jpg,273096,HAM10000_images_part_1\ISIC_0026598.jpg
HAM10000_images_part_1,ISIC_0026599.jpg,.jpg,223844,HAM10000_images_part_1\ISIC_0026599.jpg
HAM10000_images_part_1,ISIC_0026600.jpg,.jpg,211633,HAM10000_images_part_1\ISIC_0026600.jpg
HAM10000_images_part_1,ISIC_0026601.jpg,.jpg,332992,HAM10000_images_part_1\ISIC_0026601.jpg
HAM10000_images_part_1,ISIC_0026602.jpg,.jpg,274625,HAM10000_images_part_1\ISIC_0026602.jpg
HAM10000_images_part_1,ISIC_0026603.jpg,.jpg,271728,HAM10000_images_part_1\ISIC_0026603.jpg
HAM10000_images_part_1,ISIC_0026604.jpg,.jpg,236778,HAM10000_images_part_1\ISIC_0026604.jpg
HAM10000_images_part_1,ISIC_0026605.jpg,.jpg,292539,HAM10000_images_part_1\ISIC_0026605.jpg
HAM10000_images_part_1,ISIC_0026606.jpg,.jpg,184774,HAM10000_images_part_1\ISIC_0026606.jpg
HAM10000_images_part_1,ISIC_0026607.jpg,.jpg,224245,HAM10000_images_part_1\ISIC_0026607.jpg
HAM10000_images_part_1,ISIC_0026608.jpg,.jpg,174735,HAM10000_images_part_1\ISIC_0026608.jpg
HAM10000_images_part_1,ISIC_0026609.jpg,.jpg,276663,HAM10000_images_part_1\ISIC_0026609.jpg
HAM10000_images_part_1,ISIC_0026610.jpg,.jpg,276907,HAM10000_images_part_1\ISIC_0026610.jpg
HAM10000_images_part_1,ISIC_0026611.jpg,.jpg,285009,HAM10000_images_part_1\ISIC_0026611.jpg
HAM10000_images_part_1,ISIC_0026612.jpg,.jpg,257992,HAM10000_images_part_1\ISIC_0026612.jpg
HAM10000_images_part_1,ISIC_0026613.jpg,.jpg,340314,HAM10000_images_part_1\ISIC_0026613.jpg
HAM10000_images_part_1,ISIC_0026614.jpg,.jpg,242694,HAM10000_images_part_1\ISIC_0026614.jpg
HAM10000_images_part_1,ISIC_0026615.jpg,.jpg,149229,HAM10000_images_part_1\ISIC_0026615.jpg
HAM10000_images_part_1,ISIC_0026616.jpg,.jpg,318347,HAM10000_images_part_1\ISIC_0026616.jpg
HAM10000_images_part_1,ISIC_0026617.jpg,.jpg,270680,HAM10000_images_part_1\ISIC_0026617.jpg
HAM10000_images_part_1,ISIC_0026618.jpg,.jpg,226616,HAM10000_images_part_1\ISIC_0026618.jpg
HAM10000_images_part_1,ISIC_0026619.jpg,.jpg,280281,HAM10000_images_part_1\ISIC_0026619.jpg
HAM10000_images_part_1,ISIC_0026620.jpg,.jpg,350046,HAM10000_images_part_1\ISIC_0026620.jpg
HAM10000_images_part_1,ISIC_0026621.jpg,.jpg,358168,HAM10000_images_part_1\ISIC_0026621.jpg
HAM10000_images_part_1,ISIC_0026622.jpg,.jpg,309583,HAM10000_images_part_1\ISIC_0026622.jpg
HAM10000_images_part_1,ISIC_0026623.jpg,.jpg,306679,HAM10000_images_part_1\ISIC_0026623.jpg
HAM10000_images_part_1,ISIC_0026624.jpg,.jpg,287100,HAM10000_images_part_1\ISIC_0026624.jpg
HAM10000_images_part_1,ISIC_0026625.jpg,.jpg,301266,HAM10000_images_part_1\ISIC_0026625.jpg
HAM10000_images_part_1,ISIC_0026626.jpg,.jpg,290933,HAM10000_images_part_1\ISIC_0026626.jpg
HAM10000_images_part_1,ISIC_0026627.jpg,.jpg,275504,HAM10000_images_part_1\ISIC_0026627.jpg
HAM10000_images_part_1,ISIC_0026628.jpg,.jpg,287425,HAM10000_images_part_1\ISIC_0026628.jpg
HAM10000_images_part_1,ISIC_0026629.jpg,.jpg,327506,HAM10000_images_part_1\ISIC_0026629.jpg
HAM10000_images_part_1,ISIC_0026630.jpg,.jpg,273278,HAM10000_images_part_1\ISIC_0026630.jpg
HAM10000_images_part_1,ISIC_0026631.jpg,.jpg,307153,HAM10000_images_part_1\ISIC_0026631.jpg
HAM10000_images_part_1,ISIC_0026632.jpg,.jpg,343217,HAM10000_images_part_1\ISIC_0026632.jpg
HAM10000_images_part_1,ISIC_0026633.jpg,.jpg,204277,HAM10000_images_part_1\ISIC_0026633.jpg
HAM10000_images_part_1,ISIC_0026634.jpg,.jpg,273989,HAM10000_images_part_1\ISIC_0026634.jpg
HAM10000_images_part_1,ISIC_0026635.jpg,.jpg,267812,HAM10000_images_part_1\ISIC_0026635.jpg
HAM10000_images_part_1,ISIC_0026636.jpg,.jpg,279731,HAM10000_images_part_1\ISIC_0026636.jpg
HAM10000_images_part_1,ISIC_0026637.jpg,.jpg,318251,HAM10000_images_part_1\ISIC_0026637.jpg
HAM10000_images_part_1,ISIC_0026638.jpg,.jpg,274042,HAM10000_images_part_1\ISIC_0026638.jpg
HAM10000_images_part_1,ISIC_0026639.jpg,.jpg,292406,HAM10000_images_part_1\ISIC_0026639.jpg
HAM10000_images_part_1,ISIC_0026640.jpg,.jpg,274305,HAM10000_images_part_1\ISIC_0026640.jpg
HAM10000_images_part_1,ISIC_0026641.jpg,.jpg,368263,HAM10000_images_part_1\ISIC_0026641.jpg
HAM10000_images_part_1,ISIC_0026642.jpg,.jpg,298561,HAM10000_images_part_1\ISIC_0026642.jpg
HAM10000_images_part_1,ISIC_0026643.jpg,.jpg,306316,HAM10000_images_part_1\ISIC_0026643.jpg
HAM10000_images_part_1,ISIC_0026644.jpg,.jpg,197772,HAM10000_images_part_1\ISIC_0026644.jpg
HAM10000_images_part_1,ISIC_0026645.jpg,.jpg,296785,HAM10000_images_part_1\ISIC_0026645.jpg
HAM10000_images_part_1,ISIC_0026646.jpg,.jpg,282380,HAM10000_images_part_1\ISIC_0026646.jpg
HAM10000_images_part_1,ISIC_0026647.jpg,.jpg,257471,HAM10000_images_part_1\ISIC_0026647.jpg
HAM10000_images_part_1,ISIC_0026648.jpg,.jpg,277336,HAM10000_images_part_1\ISIC_0026648.jpg
HAM10000_images_part_1,ISIC_0026649.jpg,.jpg,293886,HAM10000_images_part_1\ISIC_0026649.jpg
HAM10000_images_part_1,ISIC_0026650.jpg,.jpg,252505,HAM10000_images_part_1\ISIC_0026650.jpg
HAM10000_images_part_1,ISIC_0026651.jpg,.jpg,348750,HAM10000_images_part_1\ISIC_0026651.jpg
HAM10000_images_part_1,ISIC_0026652.jpg,.jpg,326161,HAM10000_images_part_1\ISIC_0026652.jpg
HAM10000_images_part_1,ISIC_0026653.jpg,.jpg,274576,HAM10000_images_part_1\ISIC_0026653.jpg
HAM10000_images_part_1,ISIC_0026654.jpg,.jpg,256598,HAM10000_images_part_1\ISIC_0026654.jpg
HAM10000_images_part_1,ISIC_0026655.jpg,.jpg,241046,HAM10000_images_part_1\ISIC_0026655.jpg
HAM10000_images_part_1,ISIC_0026656.jpg,.jpg,293508,HAM10000_images_part_1\ISIC_0026656.jpg
HAM10000_images_part_1,ISIC_0026657.jpg,.jpg,238190,HAM10000_images_part_1\ISIC_0026657.jpg
HAM10000_images_part_1,ISIC_0026658.jpg,.jpg,177249,HAM10000_images_part_1\ISIC_0026658.jpg
HAM10000_images_part_1,ISIC_0026659.jpg,.jpg,357761,HAM10000_images_part_1\ISIC_0026659.jpg
HAM10000_images_part_1,ISIC_0026660.jpg,.jpg,231863,HAM10000_images_part_1\ISIC_0026660.jpg
HAM10000_images_part_1,ISIC_0026661.jpg,.jpg,277787,HAM10000_images_part_1\ISIC_0026661.jpg
HAM10000_images_part_1,ISIC_0026662.jpg,.jpg,279861,HAM10000_images_part_1\ISIC_0026662.jpg
HAM10000_images_part_1,ISIC_0026663.jpg,.jpg,277750,HAM10000_images_part_1\ISIC_0026663.jpg
HAM10000_images_part_1,ISIC_0026664.jpg,.jpg,302870,HAM10000_images_part_1\ISIC_0026664.jpg
HAM10000_images_part_1,ISIC_0026665.jpg,.jpg,118795,HAM10000_images_part_1\ISIC_0026665.jpg
HAM10000_images_part_1,ISIC_0026666.jpg,.jpg,119371,HAM10000_images_part_1\ISIC_0026666.jpg
HAM10000_images_part_1,ISIC_0026667.jpg,.jpg,265892,HAM10000_images_part_1\ISIC_0026667.jpg
HAM10000_images_part_1,ISIC_0026668.jpg,.jpg,362668,HAM10000_images_part_1\ISIC_0026668.jpg
HAM10000_images_part_1,ISIC_0026669.jpg,.jpg,267763,HAM10000_images_part_1\ISIC_0026669.jpg
HAM10000_images_part_1,ISIC_0026670.jpg,.jpg,236783,HAM10000_images_part_1\ISIC_0026670.jpg
HAM10000_images_part_1,ISIC_0026671.jpg,.jpg,182918,HAM10000_images_part_1\ISIC_0026671.jpg
HAM10000_images_part_1,ISIC_0026672.jpg,.jpg,271899,HAM10000_images_part_1\ISIC_0026672.jpg
HAM10000_images_part_1,ISIC_0026673.jpg,.jpg,292476,HAM10000_images_part_1\ISIC_0026673.jpg
HAM10000_images_part_1,ISIC_0026674.jpg,.jpg,170416,HAM10000_images_part_1\ISIC_0026674.jpg
HAM10000_images_part_1,ISIC_0026675.jpg,.jpg,288361,HAM10000_images_part_1\ISIC_0026675.jpg
HAM10000_images_part_1,ISIC_0026676.jpg,.jpg,262669,HAM10000_images_part_1\ISIC_0026676.jpg
HAM10000_images_part_1,ISIC_0026677.jpg,.jpg,278670,HAM10000_images_part_1\ISIC_0026677.jpg
HAM10000_images_part_1,ISIC_0026678.jpg,.jpg,273341,HAM10000_images_part_1\ISIC_0026678.jpg
HAM10000_images_part_1,ISIC_0026679.jpg,.jpg,282326,HAM10000_images_part_1\ISIC_0026679.jpg
HAM10000_images_part_1,ISIC_0026680.jpg,.jpg,284311,HAM10000_images_part_1\ISIC_0026680.jpg
HAM10000_images_part_1,ISIC_0026681.jpg,.jpg,332947,HAM10000_images_part_1\ISIC_0026681.jpg
HAM10000_images_part_1,ISIC_0026682.jpg,.jpg,351678,HAM10000_images_part_1\ISIC_0026682.jpg
HAM10000_images_part_1,ISIC_0026683.jpg,.jpg,275650,HAM10000_images_part_1\ISIC_0026683.jpg
HAM10000_images_part_1,ISIC_0026684.jpg,.jpg,268252,HAM10000_images_part_1\ISIC_0026684.jpg
HAM10000_images_part_1,ISIC_0026685.jpg,.jpg,261198,HAM10000_images_part_1\ISIC_0026685.jpg
HAM10000_images_part_1,ISIC_0026686.jpg,.jpg,286966,HAM10000_images_part_1\ISIC_0026686.jpg
HAM10000_images_part_1,ISIC_0026687.jpg,.jpg,268218,HAM10000_images_part_1\ISIC_0026687.jpg
HAM10000_images_part_1,ISIC_0026688.jpg,.jpg,287918,HAM10000_images_part_1\ISIC_0026688.jpg
HAM10000_images_part_1,ISIC_0026689.jpg,.jpg,277320,HAM10000_images_part_1\ISIC_0026689.jpg
HAM10000_images_part_1,ISIC_0026690.jpg,.jpg,279843,HAM10000_images_part_1\ISIC_0026690.jpg
HAM10000_images_part_1,ISIC_0026691.jpg,.jpg,268963,HAM10000_images_part_1\ISIC_0026691.jpg
HAM10000_images_part_1,ISIC_0026692.jpg,.jpg,236218,HAM10000_images_part_1\ISIC_0026692.jpg
HAM10000_images_part_1,ISIC_0026693.jpg,.jpg,280652,HAM10000_images_part_1\ISIC_0026693.jpg
HAM10000_images_part_1,ISIC_0026694.jpg,.jpg,213990,HAM10000_images_part_1\ISIC_0026694.jpg
HAM10000_images_part_1,ISIC_0026695.jpg,.jpg,280128,HAM10000_images_part_1\ISIC_0026695.jpg
HAM10000_images_part_1,ISIC_0026696.jpg,.jpg,264276,HAM10000_images_part_1\ISIC_0026696.jpg
HAM10000_images_part_1,ISIC_0026697.jpg,.jpg,227223,HAM10000_images_part_1\ISIC_0026697.jpg
HAM10000_images_part_1,ISIC_0026698.jpg,.jpg,223812,HAM10000_images_part_1\ISIC_0026698.jpg
HAM10000_images_part_1,ISIC_0026699.jpg,.jpg,272751,HAM10000_images_part_1\ISIC_0026699.jpg
HAM10000_images_part_1,ISIC_0026700.jpg,.jpg,348177,HAM10000_images_part_1\ISIC_0026700.jpg
HAM10000_images_part_1,ISIC_0026701.jpg,.jpg,269698,HAM10000_images_part_1\ISIC_0026701.jpg
HAM10000_images_part_1,ISIC_0026702.jpg,.jpg,279781,HAM10000_images_part_1\ISIC_0026702.jpg
HAM10000_images_part_1,ISIC_0026703.jpg,.jpg,271229,HAM10000_images_part_1\ISIC_0026703.jpg
HAM10000_images_part_1,ISIC_0026704.jpg,.jpg,265248,HAM10000_images_part_1\ISIC_0026704.jpg
HAM10000_images_part_1,ISIC_0026705.jpg,.jpg,255683,HAM10000_images_part_1\ISIC_0026705.jpg
HAM10000_images_part_1,ISIC_0026706.jpg,.jpg,158880,HAM10000_images_part_1\ISIC_0026706.jpg
HAM10000_images_part_1,ISIC_0026707.jpg,.jpg,277904,HAM10000_images_part_1\ISIC_0026707.jpg
HAM10000_images_part_1,ISIC_0026708.jpg,.jpg,269616,HAM10000_images_part_1\ISIC_0026708.jpg
HAM10000_images_part_1,ISIC_0026709.jpg,.jpg,301419,HAM10000_images_part_1\ISIC_0026709.jpg
HAM10000_images_part_1,ISIC_0026710.jpg,.jpg,330255,HAM10000_images_part_1\ISIC_0026710.jpg
HAM10000_images_part_1,ISIC_0026711.jpg,.jpg,172613,HAM10000_images_part_1\ISIC_0026711.jpg
HAM10000_images_part_1,ISIC_0026712.jpg,.jpg,216158,HAM10000_images_part_1\ISIC_0026712.jpg
HAM10000_images_part_1,ISIC_0026713.jpg,.jpg,307819,HAM10000_images_part_1\ISIC_0026713.jpg
HAM10000_images_part_1,ISIC_0026714.jpg,.jpg,216562,HAM10000_images_part_1\ISIC_0026714.jpg
HAM10000_images_part_1,ISIC_0026715.jpg,.jpg,262030,HAM10000_images_part_1\ISIC_0026715.jpg
HAM10000_images_part_1,ISIC_0026716.jpg,.jpg,226997,HAM10000_images_part_1\ISIC_0026716.jpg
HAM10000_images_part_1,ISIC_0026717.jpg,.jpg,323463,HAM10000_images_part_1\ISIC_0026717.jpg
HAM10000_images_part_1,ISIC_0026718.jpg,.jpg,266597,HAM10000_images_part_1\ISIC_0026718.jpg
HAM10000_images_part_1,ISIC_0026719.jpg,.jpg,294501,HAM10000_images_part_1\ISIC_0026719.jpg
HAM10000_images_part_1,ISIC_0026720.jpg,.jpg,269541,HAM10000_images_part_1\ISIC_0026720.jpg
HAM10000_images_part_1,ISIC_0026721.jpg,.jpg,280259,HAM10000_images_part_1\ISIC_0026721.jpg
HAM10000_images_part_1,ISIC_0026722.jpg,.jpg,312761,HAM10000_images_part_1\ISIC_0026722.jpg
HAM10000_images_part_1,ISIC_0026723.jpg,.jpg,292276,HAM10000_images_part_1\ISIC_0026723.jpg
HAM10000_images_part_1,ISIC_0026724.jpg,.jpg,265219,HAM10000_images_part_1\ISIC_0026724.jpg
HAM10000_images_part_1,ISIC_0026725.jpg,.jpg,263531,HAM10000_images_part_1\ISIC_0026725.jpg
HAM10000_images_part_1,ISIC_0026726.jpg,.jpg,268670,HAM10000_images_part_1\ISIC_0026726.jpg
HAM10000_images_part_1,ISIC_0026727.jpg,.jpg,273711,HAM10000_images_part_1\ISIC_0026727.jpg
HAM10000_images_part_1,ISIC_0026728.jpg,.jpg,198625,HAM10000_images_part_1\ISIC_0026728.jpg
HAM10000_images_part_1,ISIC_0026729.jpg,.jpg,246424,HAM10000_images_part_1\ISIC_0026729.jpg
HAM10000_images_part_1,ISIC_0026730.jpg,.jpg,283093,HAM10000_images_part_1\ISIC_0026730.jpg
HAM10000_images_part_1,ISIC_0026731.jpg,.jpg,283594,HAM10000_images_part_1\ISIC_0026731.jpg
HAM10000_images_part_1,ISIC_0026732.jpg,.jpg,276171,HAM10000_images_part_1\ISIC_0026732.jpg
HAM10000_images_part_1,ISIC_0026733.jpg,.jpg,334362,HAM10000_images_part_1\ISIC_0026733.jpg
HAM10000_images_part_1,ISIC_0026734.jpg,.jpg,271633,HAM10000_images_part_1\ISIC_0026734.jpg
HAM10000_images_part_1,ISIC_0026735.jpg,.jpg,331947,HAM10000_images_part_1\ISIC_0026735.jpg
HAM10000_images_part_1,ISIC_0026736.jpg,.jpg,286105,HAM10000_images_part_1\ISIC_0026736.jpg
HAM10000_images_part_1,ISIC_0026737.jpg,.jpg,235310,HAM10000_images_part_1\ISIC_0026737.jpg
HAM10000_images_part_1,ISIC_0026738.jpg,.jpg,297310,HAM10000_images_part_1\ISIC_0026738.jpg
HAM10000_images_part_1,ISIC_0026739.jpg,.jpg,211185,HAM10000_images_part_1\ISIC_0026739.jpg
HAM10000_images_part_1,ISIC_0026740.jpg,.jpg,323166,HAM10000_images_part_1\ISIC_0026740.jpg
HAM10000_images_part_1,ISIC_0026741.jpg,.jpg,215760,HAM10000_images_part_1\ISIC_0026741.jpg
HAM10000_images_part_1,ISIC_0026742.jpg,.jpg,250241,HAM10000_images_part_1\ISIC_0026742.jpg
HAM10000_images_part_1,ISIC_0026743.jpg,.jpg,193037,HAM10000_images_part_1\ISIC_0026743.jpg
HAM10000_images_part_1,ISIC_0026744.jpg,.jpg,276694,HAM10000_images_part_1\ISIC_0026744.jpg
HAM10000_images_part_1,ISIC_0026745.jpg,.jpg,372389,HAM10000_images_part_1\ISIC_0026745.jpg
HAM10000_images_part_1,ISIC_0026746.jpg,.jpg,236566,HAM10000_images_part_1\ISIC_0026746.jpg
HAM10000_images_part_1,ISIC_0026747.jpg,.jpg,271564,HAM10000_images_part_1\ISIC_0026747.jpg
HAM10000_images_part_1,ISIC_0026748.jpg,.jpg,280481,HAM10000_images_part_1\ISIC_0026748.jpg
HAM10000_images_part_1,ISIC_0026749.jpg,.jpg,234993,HAM10000_images_part_1\ISIC_0026749.jpg
HAM10000_images_part_1,ISIC_0026750.jpg,.jpg,294445,HAM10000_images_part_1\ISIC_0026750.jpg
HAM10000_images_part_1,ISIC_0026751.jpg,.jpg,157146,HAM10000_images_part_1\ISIC_0026751.jpg
HAM10000_images_part_1,ISIC_0026752.jpg,.jpg,228148,HAM10000_images_part_1\ISIC_0026752.jpg
HAM10000_images_part_1,ISIC_0026753.jpg,.jpg,198195,HAM10000_images_part_1\ISIC_0026753.jpg
HAM10000_images_part_1,ISIC_0026754.jpg,.jpg,318532,HAM10000_images_part_1\ISIC_0026754.jpg
HAM10000_images_part_1,ISIC_0026755.jpg,.jpg,331799,HAM10000_images_part_1\ISIC_0026755.jpg
HAM10000_images_part_1,ISIC_0026756.jpg,.jpg,269198,HAM10000_images_part_1\ISIC_0026756.jpg
HAM10000_images_part_1,ISIC_0026757.jpg,.jpg,268867,HAM10000_images_part_1\ISIC_0026757.jpg
HAM10000_images_part_1,ISIC_0026758.jpg,.jpg,291356,HAM10000_images_part_1\ISIC_0026758.jpg
HAM10000_images_part_1,ISIC_0026759.jpg,.jpg,194731,HAM10000_images_part_1\ISIC_0026759.jpg
HAM10000_images_part_1,ISIC_0026760.jpg,.jpg,278636,HAM10000_images_part_1\ISIC_0026760.jpg
HAM10000_images_part_1,ISIC_0026761.jpg,.jpg,280538,HAM10000_images_part_1\ISIC_0026761.jpg
HAM10000_images_part_1,ISIC_0026762.jpg,.jpg,261980,HAM10000_images_part_1\ISIC_0026762.jpg
HAM10000_images_part_1,ISIC_0026763.jpg,.jpg,269261,HAM10000_images_part_1\ISIC_0026763.jpg
HAM10000_images_part_1,ISIC_0026764.jpg,.jpg,259880,HAM10000_images_part_1\ISIC_0026764.jpg
HAM10000_images_part_1,ISIC_0026765.jpg,.jpg,265185,HAM10000_images_part_1\ISIC_0026765.jpg
HAM10000_images_part_1,ISIC_0026766.jpg,.jpg,249370,HAM10000_images_part_1\ISIC_0026766.jpg
HAM10000_images_part_1,ISIC_0026767.jpg,.jpg,315643,HAM10000_images_part_1\ISIC_0026767.jpg
HAM10000_images_part_1,ISIC_0026768.jpg,.jpg,346315,HAM10000_images_part_1\ISIC_0026768.jpg
HAM10000_images_part_1,ISIC_0026769.jpg,.jpg,301831,HAM10000_images_part_1\ISIC_0026769.jpg
HAM10000_images_part_1,ISIC_0026770.jpg,.jpg,277691,HAM10000_images_part_1\ISIC_0026770.jpg
HAM10000_images_part_1,ISIC_0026771.jpg,.jpg,262038,HAM10000_images_part_1\ISIC_0026771.jpg
HAM10000_images_part_1,ISIC_0026772.jpg,.jpg,282066,HAM10000_images_part_1\ISIC_0026772.jpg
HAM10000_images_part_1,ISIC_0026773.jpg,.jpg,276413,HAM10000_images_part_1\ISIC_0026773.jpg
HAM10000_images_part_1,ISIC_0026774.jpg,.jpg,245521,HAM10000_images_part_1\ISIC_0026774.jpg
HAM10000_images_part_1,ISIC_0026775.jpg,.jpg,253760,HAM10000_images_part_1\ISIC_0026775.jpg
HAM10000_images_part_1,ISIC_0026776.jpg,.jpg,272157,HAM10000_images_part_1\ISIC_0026776.jpg
HAM10000_images_part_1,ISIC_0026777.jpg,.jpg,224183,HAM10000_images_part_1\ISIC_0026777.jpg
HAM10000_images_part_1,ISIC_0026778.jpg,.jpg,337597,HAM10000_images_part_1\ISIC_0026778.jpg
HAM10000_images_part_1,ISIC_0026779.jpg,.jpg,284767,HAM10000_images_part_1\ISIC_0026779.jpg
HAM10000_images_part_1,ISIC_0026780.jpg,.jpg,338100,HAM10000_images_part_1\ISIC_0026780.jpg
HAM10000_images_part_1,ISIC_0026781.jpg,.jpg,153216,HAM10000_images_part_1\ISIC_0026781.jpg
HAM10000_images_part_1,ISIC_0026782.jpg,.jpg,196262,HAM10000_images_part_1\ISIC_0026782.jpg
HAM10000_images_part_1,ISIC_0026783.jpg,.jpg,344099,HAM10000_images_part_1\ISIC_0026783.jpg
HAM10000_images_part_1,ISIC_0026784.jpg,.jpg,219364,HAM10000_images_part_1\ISIC_0026784.jpg
HAM10000_images_part_1,ISIC_0026785.jpg,.jpg,265228,HAM10000_images_part_1\ISIC_0026785.jpg
HAM10000_images_part_1,ISIC_0026786.jpg,.jpg,346169,HAM10000_images_part_1\ISIC_0026786.jpg
HAM10000_images_part_1,ISIC_0026787.jpg,.jpg,271270,HAM10000_images_part_1\ISIC_0026787.jpg
HAM10000_images_part_1,ISIC_0026788.jpg,.jpg,258177,HAM10000_images_part_1\ISIC_0026788.jpg
HAM10000_images_part_1,ISIC_0026789.jpg,.jpg,259949,HAM10000_images_part_1\ISIC_0026789.jpg
HAM10000_images_part_1,ISIC_0026790.jpg,.jpg,325739,HAM10000_images_part_1\ISIC_0026790.jpg
HAM10000_images_part_1,ISIC_0026791.jpg,.jpg,276432,HAM10000_images_part_1\ISIC_0026791.jpg
HAM10000_images_part_1,ISIC_0026792.jpg,.jpg,340055,HAM10000_images_part_1\ISIC_0026792.jpg
HAM10000_images_part_1,ISIC_0026793.jpg,.jpg,269813,HAM10000_images_part_1\ISIC_0026793.jpg
HAM10000_images_part_1,ISIC_0026794.jpg,.jpg,248497,HAM10000_images_part_1\ISIC_0026794.jpg
HAM10000_images_part_1,ISIC_0026795.jpg,.jpg,242442,HAM10000_images_part_1\ISIC_0026795.jpg
HAM10000_images_part_1,ISIC_0026796.jpg,.jpg,307700,HAM10000_images_part_1\ISIC_0026796.jpg
HAM10000_images_part_1,ISIC_0026797.jpg,.jpg,307632,HAM10000_images_part_1\ISIC_0026797.jpg
HAM10000_images_part_1,ISIC_0026798.jpg,.jpg,280898,HAM10000_images_part_1\ISIC_0026798.jpg
HAM10000_images_part_1,ISIC_0026799.jpg,.jpg,277800,HAM10000_images_part_1\ISIC_0026799.jpg
HAM10000_images_part_1,ISIC_0026800.jpg,.jpg,275464,HAM10000_images_part_1\ISIC_0026800.jpg
HAM10000_images_part_1,ISIC_0026801.jpg,.jpg,275209,HAM10000_images_part_1\ISIC_0026801.jpg
HAM10000_images_part_1,ISIC_0026802.jpg,.jpg,233012,HAM10000_images_part_1\ISIC_0026802.jpg
HAM10000_images_part_1,ISIC_0026803.jpg,.jpg,278373,HAM10000_images_part_1\ISIC_0026803.jpg
HAM10000_images_part_1,ISIC_0026804.jpg,.jpg,249226,HAM10000_images_part_1\ISIC_0026804.jpg
HAM10000_images_part_1,ISIC_0026805.jpg,.jpg,223627,HAM10000_images_part_1\ISIC_0026805.jpg
HAM10000_images_part_1,ISIC_0026806.jpg,.jpg,400788,HAM10000_images_part_1\ISIC_0026806.jpg
HAM10000_images_part_1,ISIC_0026807.jpg,.jpg,277915,HAM10000_images_part_1\ISIC_0026807.jpg
HAM10000_images_part_1,ISIC_0026808.jpg,.jpg,269500,HAM10000_images_part_1\ISIC_0026808.jpg
HAM10000_images_part_1,ISIC_0026809.jpg,.jpg,246641,HAM10000_images_part_1\ISIC_0026809.jpg
HAM10000_images_part_1,ISIC_0026810.jpg,.jpg,238217,HAM10000_images_part_1\ISIC_0026810.jpg
HAM10000_images_part_1,ISIC_0026811.jpg,.jpg,254714,HAM10000_images_part_1\ISIC_0026811.jpg
HAM10000_images_part_1,ISIC_0026812.jpg,.jpg,277907,HAM10000_images_part_1\ISIC_0026812.jpg
HAM10000_images_part_1,ISIC_0026813.jpg,.jpg,290164,HAM10000_images_part_1\ISIC_0026813.jpg
HAM10000_images_part_1,ISIC_0026814.jpg,.jpg,274555,HAM10000_images_part_1\ISIC_0026814.jpg
HAM10000_images_part_1,ISIC_0026815.jpg,.jpg,253798,HAM10000_images_part_1\ISIC_0026815.jpg
HAM10000_images_part_1,ISIC_0026816.jpg,.jpg,213332,HAM10000_images_part_1\ISIC_0026816.jpg
HAM10000_images_part_1,ISIC_0026817.jpg,.jpg,343770,HAM10000_images_part_1\ISIC_0026817.jpg
HAM10000_images_part_1,ISIC_0026818.jpg,.jpg,189594,HAM10000_images_part_1\ISIC_0026818.jpg
HAM10000_images_part_1,ISIC_0026819.jpg,.jpg,229008,HAM10000_images_part_1\ISIC_0026819.jpg
HAM10000_images_part_1,ISIC_0026820.jpg,.jpg,318490,HAM10000_images_part_1\ISIC_0026820.jpg
HAM10000_images_part_1,ISIC_0026821.jpg,.jpg,269671,HAM10000_images_part_1\ISIC_0026821.jpg
HAM10000_images_part_1,ISIC_0026822.jpg,.jpg,370519,HAM10000_images_part_1\ISIC_0026822.jpg
HAM10000_images_part_1,ISIC_0026823.jpg,.jpg,273530,HAM10000_images_part_1\ISIC_0026823.jpg
HAM10000_images_part_1,ISIC_0026824.jpg,.jpg,348047,HAM10000_images_part_1\ISIC_0026824.jpg
HAM10000_images_part_1,ISIC_0026825.jpg,.jpg,223619,HAM10000_images_part_1\ISIC_0026825.jpg
HAM10000_images_part_1,ISIC_0026826.jpg,.jpg,220804,HAM10000_images_part_1\ISIC_0026826.jpg
HAM10000_images_part_1,ISIC_0026827.jpg,.jpg,232765,HAM10000_images_part_1\ISIC_0026827.jpg
HAM10000_images_part_1,ISIC_0026828.jpg,.jpg,263402,HAM10000_images_part_1\ISIC_0026828.jpg
HAM10000_images_part_1,ISIC_0026829.jpg,.jpg,117958,HAM10000_images_part_1\ISIC_0026829.jpg
HAM10000_images_part_1,ISIC_0026830.jpg,.jpg,337889,HAM10000_images_part_1\ISIC_0026830.jpg
HAM10000_images_part_1,ISIC_0026831.jpg,.jpg,278013,HAM10000_images_part_1\ISIC_0026831.jpg
HAM10000_images_part_1,ISIC_0026832.jpg,.jpg,263472,HAM10000_images_part_1\ISIC_0026832.jpg
HAM10000_images_part_1,ISIC_0026833.jpg,.jpg,252104,HAM10000_images_part_1\ISIC_0026833.jpg
HAM10000_images_part_1,ISIC_0026834.jpg,.jpg,248021,HAM10000_images_part_1\ISIC_0026834.jpg
HAM10000_images_part_1,ISIC_0026835.jpg,.jpg,270242,HAM10000_images_part_1\ISIC_0026835.jpg
HAM10000_images_part_1,ISIC_0026836.jpg,.jpg,357775,HAM10000_images_part_1\ISIC_0026836.jpg
HAM10000_images_part_1,ISIC_0026837.jpg,.jpg,294568,HAM10000_images_part_1\ISIC_0026837.jpg
HAM10000_images_part_1,ISIC_0026838.jpg,.jpg,259252,HAM10000_images_part_1\ISIC_0026838.jpg
HAM10000_images_part_1,ISIC_0026839.jpg,.jpg,258615,HAM10000_images_part_1\ISIC_0026839.jpg
HAM10000_images_part_1,ISIC_0026840.jpg,.jpg,281968,HAM10000_images_part_1\ISIC_0026840.jpg
HAM10000_images_part_1,ISIC_0026841.jpg,.jpg,278057,HAM10000_images_part_1\ISIC_0026841.jpg
HAM10000_images_part_1,ISIC_0026842.jpg,.jpg,261660,HAM10000_images_part_1\ISIC_0026842.jpg
HAM10000_images_part_1,ISIC_0026843.jpg,.jpg,196098,HAM10000_images_part_1\ISIC_0026843.jpg
HAM10000_images_part_1,ISIC_0026844.jpg,.jpg,207358,HAM10000_images_part_1\ISIC_0026844.jpg
HAM10000_images_part_1,ISIC_0026845.jpg,.jpg,282924,HAM10000_images_part_1\ISIC_0026845.jpg
HAM10000_images_part_1,ISIC_0026846.jpg,.jpg,323551,HAM10000_images_part_1\ISIC_0026846.jpg
HAM10000_images_part_1,ISIC_0026847.jpg,.jpg,276720,HAM10000_images_part_1\ISIC_0026847.jpg
HAM10000_images_part_1,ISIC_0026848.jpg,.jpg,235853,HAM10000_images_part_1\ISIC_0026848.jpg
HAM10000_images_part_1,ISIC_0026849.jpg,.jpg,266399,HAM10000_images_part_1\ISIC_0026849.jpg
HAM10000_images_part_1,ISIC_0026850.jpg,.jpg,257489,HAM10000_images_part_1\ISIC_0026850.jpg
HAM10000_images_part_1,ISIC_0026851.jpg,.jpg,274078,HAM10000_images_part_1\ISIC_0026851.jpg
HAM10000_images_part_1,ISIC_0026852.jpg,.jpg,223320,HAM10000_images_part_1\ISIC_0026852.jpg
HAM10000_images_part_1,ISIC_0026853.jpg,.jpg,304858,HAM10000_images_part_1\ISIC_0026853.jpg
HAM10000_images_part_1,ISIC_0026854.jpg,.jpg,301459,HAM10000_images_part_1\ISIC_0026854.jpg
HAM10000_images_part_1,ISIC_0026855.jpg,.jpg,210540,HAM10000_images_part_1\ISIC_0026855.jpg
HAM10000_images_part_1,ISIC_0026856.jpg,.jpg,270420,HAM10000_images_part_1\ISIC_0026856.jpg
HAM10000_images_part_1,ISIC_0026857.jpg,.jpg,277663,HAM10000_images_part_1\ISIC_0026857.jpg
HAM10000_images_part_1,ISIC_0026858.jpg,.jpg,361919,HAM10000_images_part_1\ISIC_0026858.jpg
HAM10000_images_part_1,ISIC_0026859.jpg,.jpg,260894,HAM10000_images_part_1\ISIC_0026859.jpg
HAM10000_images_part_1,ISIC_0026860.jpg,.jpg,266968,HAM10000_images_part_1\ISIC_0026860.jpg
HAM10000_images_part_1,ISIC_0026861.jpg,.jpg,266802,HAM10000_images_part_1\ISIC_0026861.jpg
HAM10000_images_part_1,ISIC_0026862.jpg,.jpg,363322,HAM10000_images_part_1\ISIC_0026862.jpg
HAM10000_images_part_1,ISIC_0026863.jpg,.jpg,264110,HAM10000_images_part_1\ISIC_0026863.jpg
HAM10000_images_part_1,ISIC_0026864.jpg,.jpg,251144,HAM10000_images_part_1\ISIC_0026864.jpg
HAM10000_images_part_1,ISIC_0026865.jpg,.jpg,278823,HAM10000_images_part_1\ISIC_0026865.jpg
HAM10000_images_part_1,ISIC_0026866.jpg,.jpg,197600,HAM10000_images_part_1\ISIC_0026866.jpg
HAM10000_images_part_1,ISIC_0026867.jpg,.jpg,341079,HAM10000_images_part_1\ISIC_0026867.jpg
HAM10000_images_part_1,ISIC_0026868.jpg,.jpg,311251,HAM10000_images_part_1\ISIC_0026868.jpg
HAM10000_images_part_1,ISIC_0026869.jpg,.jpg,256078,HAM10000_images_part_1\ISIC_0026869.jpg
HAM10000_images_part_1,ISIC_0026870.jpg,.jpg,316269,HAM10000_images_part_1\ISIC_0026870.jpg
HAM10000_images_part_1,ISIC_0026871.jpg,.jpg,124363,HAM10000_images_part_1\ISIC_0026871.jpg
HAM10000_images_part_1,ISIC_0026872.jpg,.jpg,249914,HAM10000_images_part_1\ISIC_0026872.jpg
HAM10000_images_part_1,ISIC_0026873.jpg,.jpg,274215,HAM10000_images_part_1\ISIC_0026873.jpg
HAM10000_images_part_1,ISIC_0026874.jpg,.jpg,260380,HAM10000_images_part_1\ISIC_0026874.jpg
HAM10000_images_part_1,ISIC_0026875.jpg,.jpg,324009,HAM10000_images_part_1\ISIC_0026875.jpg
HAM10000_images_part_1,ISIC_0026876.jpg,.jpg,211004,HAM10000_images_part_1\ISIC_0026876.jpg
HAM10000_images_part_1,ISIC_0026877.jpg,.jpg,299562,HAM10000_images_part_1\ISIC_0026877.jpg
HAM10000_images_part_1,ISIC_0026878.jpg,.jpg,276692,HAM10000_images_part_1\ISIC_0026878.jpg
HAM10000_images_part_1,ISIC_0026879.jpg,.jpg,282731,HAM10000_images_part_1\ISIC_0026879.jpg
HAM10000_images_part_1,ISIC_0026880.jpg,.jpg,289259,HAM10000_images_part_1\ISIC_0026880.jpg
HAM10000_images_part_1,ISIC_0026881.jpg,.jpg,280016,HAM10000_images_part_1\ISIC_0026881.jpg
HAM10000_images_part_1,ISIC_0026882.jpg,.jpg,296589,HAM10000_images_part_1\ISIC_0026882.jpg
HAM10000_images_part_1,ISIC_0026883.jpg,.jpg,210947,HAM10000_images_part_1\ISIC_0026883.jpg
HAM10000_images_part_1,ISIC_0026884.jpg,.jpg,265476,HAM10000_images_part_1\ISIC_0026884.jpg
HAM10000_images_part_1,ISIC_0026885.jpg,.jpg,263187,HAM10000_images_part_1\ISIC_0026885.jpg
HAM10000_images_part_1,ISIC_0026886.jpg,.jpg,269606,HAM10000_images_part_1\ISIC_0026886.jpg
HAM10000_images_part_1,ISIC_0026887.jpg,.jpg,259186,HAM10000_images_part_1\ISIC_0026887.jpg
HAM10000_images_part_1,ISIC_0026888.jpg,.jpg,316388,HAM10000_images_part_1\ISIC_0026888.jpg
HAM10000_images_part_1,ISIC_0026889.jpg,.jpg,346148,HAM10000_images_part_1\ISIC_0026889.jpg
HAM10000_images_part_1,ISIC_0026890.jpg,.jpg,308629,HAM10000_images_part_1\ISIC_0026890.jpg
HAM10000_images_part_1,ISIC_0026891.jpg,.jpg,354761,HAM10000_images_part_1\ISIC_0026891.jpg
HAM10000_images_part_1,ISIC_0026892.jpg,.jpg,300772,HAM10000_images_part_1\ISIC_0026892.jpg
HAM10000_images_part_1,ISIC_0026893.jpg,.jpg,310783,HAM10000_images_part_1\ISIC_0026893.jpg
HAM10000_images_part_1,ISIC_0026894.jpg,.jpg,260920,HAM10000_images_part_1\ISIC_0026894.jpg
HAM10000_images_part_1,ISIC_0026895.jpg,.jpg,248288,HAM10000_images_part_1\ISIC_0026895.jpg
HAM10000_images_part_1,ISIC_0026896.jpg,.jpg,265446,HAM10000_images_part_1\ISIC_0026896.jpg
HAM10000_images_part_1,ISIC_0026897.jpg,.jpg,223297,HAM10000_images_part_1\ISIC_0026897.jpg
HAM10000_images_part_1,ISIC_0026898.jpg,.jpg,266136,HAM10000_images_part_1\ISIC_0026898.jpg
HAM10000_images_part_1,ISIC_0026899.jpg,.jpg,301211,HAM10000_images_part_1\ISIC_0026899.jpg
HAM10000_images_part_1,ISIC_0026900.jpg,.jpg,277709,HAM10000_images_part_1\ISIC_0026900.jpg
HAM10000_images_part_1,ISIC_0026901.jpg,.jpg,222088,HAM10000_images_part_1\ISIC_0026901.jpg
HAM10000_images_part_1,ISIC_0026902.jpg,.jpg,213821,HAM10000_images_part_1\ISIC_0026902.jpg
HAM10000_images_part_1,ISIC_0026903.jpg,.jpg,271572,HAM10000_images_part_1\ISIC_0026903.jpg
HAM10000_images_part_1,ISIC_0026904.jpg,.jpg,274261,HAM10000_images_part_1\ISIC_0026904.jpg
HAM10000_images_part_1,ISIC_0026905.jpg,.jpg,286869,HAM10000_images_part_1\ISIC_0026905.jpg
HAM10000_images_part_1,ISIC_0026906.jpg,.jpg,274621,HAM10000_images_part_1\ISIC_0026906.jpg
HAM10000_images_part_1,ISIC_0026907.jpg,.jpg,315142,HAM10000_images_part_1\ISIC_0026907.jpg
HAM10000_images_part_1,ISIC_0026908.jpg,.jpg,262213,HAM10000_images_part_1\ISIC_0026908.jpg
HAM10000_images_part_1,ISIC_0026909.jpg,.jpg,294474,HAM10000_images_part_1\ISIC_0026909.jpg
HAM10000_images_part_1,ISIC_0026910.jpg,.jpg,338536,HAM10000_images_part_1\ISIC_0026910.jpg
HAM10000_images_part_1,ISIC_0026911.jpg,.jpg,151512,HAM10000_images_part_1\ISIC_0026911.jpg
HAM10000_images_part_1,ISIC_0026912.jpg,.jpg,331522,HAM10000_images_part_1\ISIC_0026912.jpg
HAM10000_images_part_1,ISIC_0026913.jpg,.jpg,262044,HAM10000_images_part_1\ISIC_0026913.jpg
HAM10000_images_part_1,ISIC_0026914.jpg,.jpg,349769,HAM10000_images_part_1\ISIC_0026914.jpg
HAM10000_images_part_1,ISIC_0026915.jpg,.jpg,276722,HAM10000_images_part_1\ISIC_0026915.jpg
HAM10000_images_part_1,ISIC_0026916.jpg,.jpg,290223,HAM10000_images_part_1\ISIC_0026916.jpg
HAM10000_images_part_1,ISIC_0026917.jpg,.jpg,274920,HAM10000_images_part_1\ISIC_0026917.jpg
HAM10000_images_part_1,ISIC_0026918.jpg,.jpg,324620,HAM10000_images_part_1\ISIC_0026918.jpg
HAM10000_images_part_1,ISIC_0026919.jpg,.jpg,270181,HAM10000_images_part_1\ISIC_0026919.jpg
HAM10000_images_part_1,ISIC_0026920.jpg,.jpg,263267,HAM10000_images_part_1\ISIC_0026920.jpg
HAM10000_images_part_1,ISIC_0026921.jpg,.jpg,296687,HAM10000_images_part_1\ISIC_0026921.jpg
HAM10000_images_part_1,ISIC_0026922.jpg,.jpg,222998,HAM10000_images_part_1\ISIC_0026922.jpg
HAM10000_images_part_1,ISIC_0026923.jpg,.jpg,217148,HAM10000_images_part_1\ISIC_0026923.jpg
HAM10000_images_part_1,ISIC_0026924.jpg,.jpg,271140,HAM10000_images_part_1\ISIC_0026924.jpg
HAM10000_images_part_1,ISIC_0026925.jpg,.jpg,262394,HAM10000_images_part_1\ISIC_0026925.jpg
HAM10000_images_part_1,ISIC_0026926.jpg,.jpg,273467,HAM10000_images_part_1\ISIC_0026926.jpg
HAM10000_images_part_1,ISIC_0026927.jpg,.jpg,249192,HAM10000_images_part_1\ISIC_0026927.jpg
HAM10000_images_part_1,ISIC_0026928.jpg,.jpg,253674,HAM10000_images_part_1\ISIC_0026928.jpg
HAM10000_images_part_1,ISIC_0026929.jpg,.jpg,303919,HAM10000_images_part_1\ISIC_0026929.jpg
HAM10000_images_part_1,ISIC_0026930.jpg,.jpg,262698,HAM10000_images_part_1\ISIC_0026930.jpg
HAM10000_images_part_1,ISIC_0026931.jpg,.jpg,271344,HAM10000_images_part_1\ISIC_0026931.jpg
HAM10000_images_part_1,ISIC_0026932.jpg,.jpg,260420,HAM10000_images_part_1\ISIC_0026932.jpg
HAM10000_images_part_1,ISIC_0026933.jpg,.jpg,267573,HAM10000_images_part_1\ISIC_0026933.jpg
HAM10000_images_part_1,ISIC_0026934.jpg,.jpg,235653,HAM10000_images_part_1\ISIC_0026934.jpg
HAM10000_images_part_1,ISIC_0026935.jpg,.jpg,283334,HAM10000_images_part_1\ISIC_0026935.jpg
HAM10000_images_part_1,ISIC_0026936.jpg,.jpg,358109,HAM10000_images_part_1\ISIC_0026936.jpg
HAM10000_images_part_1,ISIC_0026937.jpg,.jpg,271475,HAM10000_images_part_1\ISIC_0026937.jpg
HAM10000_images_part_1,ISIC_0026938.jpg,.jpg,275635,HAM10000_images_part_1\ISIC_0026938.jpg
HAM10000_images_part_1,ISIC_0026939.jpg,.jpg,281686,HAM10000_images_part_1\ISIC_0026939.jpg
HAM10000_images_part_1,ISIC_0026940.jpg,.jpg,244298,HAM10000_images_part_1\ISIC_0026940.jpg
HAM10000_images_part_1,ISIC_0026941.jpg,.jpg,322986,HAM10000_images_part_1\ISIC_0026941.jpg
HAM10000_images_part_1,ISIC_0026942.jpg,.jpg,273075,HAM10000_images_part_1\ISIC_0026942.jpg
HAM10000_images_part_1,ISIC_0026943.jpg,.jpg,265478,HAM10000_images_part_1\ISIC_0026943.jpg
HAM10000_images_part_1,ISIC_0026944.jpg,.jpg,279133,HAM10000_images_part_1\ISIC_0026944.jpg
HAM10000_images_part_1,ISIC_0026945.jpg,.jpg,260082,HAM10000_images_part_1\ISIC_0026945.jpg
HAM10000_images_part_1,ISIC_0026946.jpg,.jpg,279639,HAM10000_images_part_1\ISIC_0026946.jpg
HAM10000_images_part_1,ISIC_0026947.jpg,.jpg,246059,HAM10000_images_part_1\ISIC_0026947.jpg
HAM10000_images_part_1,ISIC_0026948.jpg,.jpg,333740,HAM10000_images_part_1\ISIC_0026948.jpg
HAM10000_images_part_1,ISIC_0026949.jpg,.jpg,357022,HAM10000_images_part_1\ISIC_0026949.jpg
HAM10000_images_part_1,ISIC_0026950.jpg,.jpg,291211,HAM10000_images_part_1\ISIC_0026950.jpg
HAM10000_images_part_1,ISIC_0026951.jpg,.jpg,275156,HAM10000_images_part_1\ISIC_0026951.jpg
HAM10000_images_part_1,ISIC_0026952.jpg,.jpg,264941,HAM10000_images_part_1\ISIC_0026952.jpg
HAM10000_images_part_1,ISIC_0026953.jpg,.jpg,284053,HAM10000_images_part_1\ISIC_0026953.jpg
HAM10000_images_part_1,ISIC_0026954.jpg,.jpg,282349,HAM10000_images_part_1\ISIC_0026954.jpg
HAM10000_images_part_1,ISIC_0026955.jpg,.jpg,307522,HAM10000_images_part_1\ISIC_0026955.jpg
HAM10000_images_part_1,ISIC_0026956.jpg,.jpg,193799,HAM10000_images_part_1\ISIC_0026956.jpg
HAM10000_images_part_1,ISIC_0026957.jpg,.jpg,219670,HAM10000_images_part_1\ISIC_0026957.jpg
HAM10000_images_part_1,ISIC_0026958.jpg,.jpg,359216,HAM10000_images_part_1\ISIC_0026958.jpg
HAM10000_images_part_1,ISIC_0026959.jpg,.jpg,355181,HAM10000_images_part_1\ISIC_0026959.jpg
HAM10000_images_part_1,ISIC_0026960.jpg,.jpg,306096,HAM10000_images_part_1\ISIC_0026960.jpg
HAM10000_images_part_1,ISIC_0026961.jpg,.jpg,291340,HAM10000_images_part_1\ISIC_0026961.jpg
HAM10000_images_part_1,ISIC_0026962.jpg,.jpg,267126,HAM10000_images_part_1\ISIC_0026962.jpg
HAM10000_images_part_1,ISIC_0026963.jpg,.jpg,288731,HAM10000_images_part_1\ISIC_0026963.jpg
HAM10000_images_part_1,ISIC_0026964.jpg,.jpg,380480,HAM10000_images_part_1\ISIC_0026964.jpg
HAM10000_images_part_1,ISIC_0026965.jpg,.jpg,263799,HAM10000_images_part_1\ISIC_0026965.jpg
HAM10000_images_part_1,ISIC_0026966.jpg,.jpg,270990,HAM10000_images_part_1\ISIC_0026966.jpg
HAM10000_images_part_1,ISIC_0026967.jpg,.jpg,331636,HAM10000_images_part_1\ISIC_0026967.jpg
HAM10000_images_part_1,ISIC_0026968.jpg,.jpg,208125,HAM10000_images_part_1\ISIC_0026968.jpg
HAM10000_images_part_1,ISIC_0026969.jpg,.jpg,290933,HAM10000_images_part_1\ISIC_0026969.jpg
HAM10000_images_part_1,ISIC_0026970.jpg,.jpg,211234,HAM10000_images_part_1\ISIC_0026970.jpg
HAM10000_images_part_1,ISIC_0026971.jpg,.jpg,273291,HAM10000_images_part_1\ISIC_0026971.jpg
HAM10000_images_part_1,ISIC_0026972.jpg,.jpg,276434,HAM10000_images_part_1\ISIC_0026972.jpg
HAM10000_images_part_1,ISIC_0026973.jpg,.jpg,272790,HAM10000_images_part_1\ISIC_0026973.jpg
HAM10000_images_part_1,ISIC_0026974.jpg,.jpg,228435,HAM10000_images_part_1\ISIC_0026974.jpg
HAM10000_images_part_1,ISIC_0026975.jpg,.jpg,264661,HAM10000_images_part_1\ISIC_0026975.jpg
HAM10000_images_part_1,ISIC_0026976.jpg,.jpg,276897,HAM10000_images_part_1\ISIC_0026976.jpg
HAM10000_images_part_1,ISIC_0026977.jpg,.jpg,259365,HAM10000_images_part_1\ISIC_0026977.jpg
HAM10000_images_part_1,ISIC_0026978.jpg,.jpg,271562,HAM10000_images_part_1\ISIC_0026978.jpg
HAM10000_images_part_1,ISIC_0026979.jpg,.jpg,244101,HAM10000_images_part_1\ISIC_0026979.jpg
HAM10000_images_part_1,ISIC_0026980.jpg,.jpg,334301,HAM10000_images_part_1\ISIC_0026980.jpg
HAM10000_images_part_1,ISIC_0026981.jpg,.jpg,259402,HAM10000_images_part_1\ISIC_0026981.jpg
HAM10000_images_part_1,ISIC_0026982.jpg,.jpg,264889,HAM10000_images_part_1\ISIC_0026982.jpg
HAM10000_images_part_1,ISIC_0026983.jpg,.jpg,267887,HAM10000_images_part_1\ISIC_0026983.jpg
HAM10000_images_part_1,ISIC_0026984.jpg,.jpg,258032,HAM10000_images_part_1\ISIC_0026984.jpg
HAM10000_images_part_1,ISIC_0026985.jpg,.jpg,268347,HAM10000_images_part_1\ISIC_0026985.jpg
HAM10000_images_part_1,ISIC_0026986.jpg,.jpg,364163,HAM10000_images_part_1\ISIC_0026986.jpg
HAM10000_images_part_1,ISIC_0026987.jpg,.jpg,177667,HAM10000_images_part_1\ISIC_0026987.jpg
HAM10000_images_part_1,ISIC_0026988.jpg,.jpg,286998,HAM10000_images_part_1\ISIC_0026988.jpg
HAM10000_images_part_1,ISIC_0026989.jpg,.jpg,328949,HAM10000_images_part_1\ISIC_0026989.jpg
HAM10000_images_part_1,ISIC_0026990.jpg,.jpg,290622,HAM10000_images_part_1\ISIC_0026990.jpg
HAM10000_images_part_1,ISIC_0026991.jpg,.jpg,138797,HAM10000_images_part_1\ISIC_0026991.jpg
HAM10000_images_part_1,ISIC_0026992.jpg,.jpg,299612,HAM10000_images_part_1\ISIC_0026992.jpg
HAM10000_images_part_1,ISIC_0026993.jpg,.jpg,274693,HAM10000_images_part_1\ISIC_0026993.jpg
HAM10000_images_part_1,ISIC_0026994.jpg,.jpg,328188,HAM10000_images_part_1\ISIC_0026994.jpg
HAM10000_images_part_1,ISIC_0026995.jpg,.jpg,294666,HAM10000_images_part_1\ISIC_0026995.jpg
HAM10000_images_part_1,ISIC_0026996.jpg,.jpg,237482,HAM10000_images_part_1\ISIC_0026996.jpg
HAM10000_images_part_1,ISIC_0026997.jpg,.jpg,273270,HAM10000_images_part_1\ISIC_0026997.jpg
HAM10000_images_part_1,ISIC_0026998.jpg,.jpg,282861,HAM10000_images_part_1\ISIC_0026998.jpg
HAM10000_images_part_1,ISIC_0026999.jpg,.jpg,269220,HAM10000_images_part_1\ISIC_0026999.jpg
HAM10000_images_part_1,ISIC_0027000.jpg,.jpg,344539,HAM10000_images_part_1\ISIC_0027000.jpg
HAM10000_images_part_1,ISIC_0027001.jpg,.jpg,270634,HAM10000_images_part_1\ISIC_0027001.jpg
HAM10000_images_part_1,ISIC_0027002.jpg,.jpg,219645,HAM10000_images_part_1\ISIC_0027002.jpg
HAM10000_images_part_1,ISIC_0027003.jpg,.jpg,269095,HAM10000_images_part_1\ISIC_0027003.jpg
HAM10000_images_part_1,ISIC_0027004.jpg,.jpg,233435,HAM10000_images_part_1\ISIC_0027004.jpg
HAM10000_images_part_1,ISIC_0027005.jpg,.jpg,270481,HAM10000_images_part_1\ISIC_0027005.jpg
HAM10000_images_part_1,ISIC_0027006.jpg,.jpg,291399,HAM10000_images_part_1\ISIC_0027006.jpg
HAM10000_images_part_1,ISIC_0027007.jpg,.jpg,214944,HAM10000_images_part_1\ISIC_0027007.jpg
HAM10000_images_part_1,ISIC_0027008.jpg,.jpg,312017,HAM10000_images_part_1\ISIC_0027008.jpg
HAM10000_images_part_1,ISIC_0027009.jpg,.jpg,264223,HAM10000_images_part_1\ISIC_0027009.jpg
HAM10000_images_part_1,ISIC_0027010.jpg,.jpg,309946,HAM10000_images_part_1\ISIC_0027010.jpg
HAM10000_images_part_1,ISIC_0027011.jpg,.jpg,275577,HAM10000_images_part_1\ISIC_0027011.jpg
HAM10000_images_part_1,ISIC_0027012.jpg,.jpg,194835,HAM10000_images_part_1\ISIC_0027012.jpg
HAM10000_images_part_1,ISIC_0027013.jpg,.jpg,278505,HAM10000_images_part_1\ISIC_0027013.jpg
HAM10000_images_part_1,ISIC_0027014.jpg,.jpg,255986,HAM10000_images_part_1\ISIC_0027014.jpg
HAM10000_images_part_1,ISIC_0027015.jpg,.jpg,260129,HAM10000_images_part_1\ISIC_0027015.jpg
HAM10000_images_part_1,ISIC_0027016.jpg,.jpg,273055,HAM10000_images_part_1\ISIC_0027016.jpg
HAM10000_images_part_1,ISIC_0027017.jpg,.jpg,330228,HAM10000_images_part_1\ISIC_0027017.jpg
HAM10000_images_part_1,ISIC_0027018.jpg,.jpg,225581,HAM10000_images_part_1\ISIC_0027018.jpg
HAM10000_images_part_1,ISIC_0027019.jpg,.jpg,302625,HAM10000_images_part_1\ISIC_0027019.jpg
HAM10000_images_part_1,ISIC_0027020.jpg,.jpg,258206,HAM10000_images_part_1\ISIC_0027020.jpg
HAM10000_images_part_1,ISIC_0027021.jpg,.jpg,286928,HAM10000_images_part_1\ISIC_0027021.jpg
HAM10000_images_part_1,ISIC_0027022.jpg,.jpg,299735,HAM10000_images_part_1\ISIC_0027022.jpg
HAM10000_images_part_1,ISIC_0027023.jpg,.jpg,238726,HAM10000_images_part_1\ISIC_0027023.jpg
HAM10000_images_part_1,ISIC_0027024.jpg,.jpg,261542,HAM10000_images_part_1\ISIC_0027024.jpg
HAM10000_images_part_1,ISIC_0027025.jpg,.jpg,322677,HAM10000_images_part_1\ISIC_0027025.jpg
HAM10000_images_part_1,ISIC_0027026.jpg,.jpg,282036,HAM10000_images_part_1\ISIC_0027026.jpg
HAM10000_images_part_1,ISIC_0027027.jpg,.jpg,302076,HAM10000_images_part_1\ISIC_0027027.jpg
HAM10000_images_part_1,ISIC_0027028.jpg,.jpg,259442,HAM10000_images_part_1\ISIC_0027028.jpg
HAM10000_images_part_1,ISIC_0027029.jpg,.jpg,292929,HAM10000_images_part_1\ISIC_0027029.jpg
HAM10000_images_part_1,ISIC_0027030.jpg,.jpg,293903,HAM10000_images_part_1\ISIC_0027030.jpg
HAM10000_images_part_1,ISIC_0027031.jpg,.jpg,324690,HAM10000_images_part_1\ISIC_0027031.jpg
HAM10000_images_part_1,ISIC_0027032.jpg,.jpg,272728,HAM10000_images_part_1\ISIC_0027032.jpg
HAM10000_images_part_1,ISIC_0027033.jpg,.jpg,275127,HAM10000_images_part_1\ISIC_0027033.jpg
HAM10000_images_part_1,ISIC_0027034.jpg,.jpg,256655,HAM10000_images_part_1\ISIC_0027034.jpg
HAM10000_images_part_1,ISIC_0027035.jpg,.jpg,279965,HAM10000_images_part_1\ISIC_0027035.jpg
HAM10000_images_part_1,ISIC_0027036.jpg,.jpg,212639,HAM10000_images_part_1\ISIC_0027036.jpg
HAM10000_images_part_1,ISIC_0027037.jpg,.jpg,240546,HAM10000_images_part_1\ISIC_0027037.jpg
HAM10000_images_part_1,ISIC_0027038.jpg,.jpg,157420,HAM10000_images_part_1\ISIC_0027038.jpg
HAM10000_images_part_1,ISIC_0027039.jpg,.jpg,262658,HAM10000_images_part_1\ISIC_0027039.jpg
HAM10000_images_part_1,ISIC_0027040.jpg,.jpg,333574,HAM10000_images_part_1\ISIC_0027040.jpg
HAM10000_images_part_1,ISIC_0027041.jpg,.jpg,328849,HAM10000_images_part_1\ISIC_0027041.jpg
HAM10000_images_part_1,ISIC_0027042.jpg,.jpg,325189,HAM10000_images_part_1\ISIC_0027042.jpg
HAM10000_images_part_1,ISIC_0027043.jpg,.jpg,302901,HAM10000_images_part_1\ISIC_0027043.jpg
HAM10000_images_part_1,ISIC_0027044.jpg,.jpg,338003,HAM10000_images_part_1\ISIC_0027044.jpg
HAM10000_images_part_1,ISIC_0027045.jpg,.jpg,231818,HAM10000_images_part_1\ISIC_0027045.jpg
HAM10000_images_part_1,ISIC_0027046.jpg,.jpg,269620,HAM10000_images_part_1\ISIC_0027046.jpg
HAM10000_images_part_1,ISIC_0027047.jpg,.jpg,192130,HAM10000_images_part_1\ISIC_0027047.jpg
HAM10000_images_part_1,ISIC_0027048.jpg,.jpg,274186,HAM10000_images_part_1\ISIC_0027048.jpg
HAM10000_images_part_1,ISIC_0027049.jpg,.jpg,144187,HAM10000_images_part_1\ISIC_0027049.jpg
HAM10000_images_part_1,ISIC_0027050.jpg,.jpg,261106,HAM10000_images_part_1\ISIC_0027050.jpg
HAM10000_images_part_1,ISIC_0027051.jpg,.jpg,211231,HAM10000_images_part_1\ISIC_0027051.jpg
HAM10000_images_part_1,ISIC_0027052.jpg,.jpg,262220,HAM10000_images_part_1\ISIC_0027052.jpg
HAM10000_images_part_1,ISIC_0027053.jpg,.jpg,261488,HAM10000_images_part_1\ISIC_0027053.jpg
HAM10000_images_part_1,ISIC_0027054.jpg,.jpg,263572,HAM10000_images_part_1\ISIC_0027054.jpg
HAM10000_images_part_1,ISIC_0027055.jpg,.jpg,297141,HAM10000_images_part_1\ISIC_0027055.jpg
HAM10000_images_part_1,ISIC_0027056.jpg,.jpg,267912,HAM10000_images_part_1\ISIC_0027056.jpg
HAM10000_images_part_1,ISIC_0027057.jpg,.jpg,352882,HAM10000_images_part_1\ISIC_0027057.jpg
HAM10000_images_part_1,ISIC_0027058.jpg,.jpg,183451,HAM10000_images_part_1\ISIC_0027058.jpg
HAM10000_images_part_1,ISIC_0027059.jpg,.jpg,265405,HAM10000_images_part_1\ISIC_0027059.jpg
HAM10000_images_part_1,ISIC_0027060.jpg,.jpg,310443,HAM10000_images_part_1\ISIC_0027060.jpg
HAM10000_images_part_1,ISIC_0027061.jpg,.jpg,341830,HAM10000_images_part_1\ISIC_0027061.jpg
HAM10000_images_part_1,ISIC_0027062.jpg,.jpg,271530,HAM10000_images_part_1\ISIC_0027062.jpg
HAM10000_images_part_1,ISIC_0027063.jpg,.jpg,322189,HAM10000_images_part_1\ISIC_0027063.jpg
HAM10000_images_part_1,ISIC_0027064.jpg,.jpg,299235,HAM10000_images_part_1\ISIC_0027064.jpg
HAM10000_images_part_1,ISIC_0027065.jpg,.jpg,278757,HAM10000_images_part_1\ISIC_0027065.jpg
HAM10000_images_part_1,ISIC_0027066.jpg,.jpg,205755,HAM10000_images_part_1\ISIC_0027066.jpg
HAM10000_images_part_1,ISIC_0027067.jpg,.jpg,269802,HAM10000_images_part_1\ISIC_0027067.jpg
HAM10000_images_part_1,ISIC_0027068.jpg,.jpg,249717,HAM10000_images_part_1\ISIC_0027068.jpg
HAM10000_images_part_1,ISIC_0027069.jpg,.jpg,342215,HAM10000_images_part_1\ISIC_0027069.jpg
HAM10000_images_part_1,ISIC_0027070.jpg,.jpg,279325,HAM10000_images_part_1\ISIC_0027070.jpg
HAM10000_images_part_1,ISIC_0027071.jpg,.jpg,338061,HAM10000_images_part_1\ISIC_0027071.jpg
HAM10000_images_part_1,ISIC_0027072.jpg,.jpg,289310,HAM10000_images_part_1\ISIC_0027072.jpg
HAM10000_images_part_1,ISIC_0027073.jpg,.jpg,220952,HAM10000_images_part_1\ISIC_0027073.jpg
HAM10000_images_part_1,ISIC_0027074.jpg,.jpg,289517,HAM10000_images_part_1\ISIC_0027074.jpg
HAM10000_images_part_1,ISIC_0027075.jpg,.jpg,275940,HAM10000_images_part_1\ISIC_0027075.jpg
HAM10000_images_part_1,ISIC_0027076.jpg,.jpg,339667,HAM10000_images_part_1\ISIC_0027076.jpg
HAM10000_images_part_1,ISIC_0027077.jpg,.jpg,339530,HAM10000_images_part_1\ISIC_0027077.jpg
HAM10000_images_part_1,ISIC_0027078.jpg,.jpg,273915,HAM10000_images_part_1\ISIC_0027078.jpg
HAM10000_images_part_1,ISIC_0027079.jpg,.jpg,294959,HAM10000_images_part_1\ISIC_0027079.jpg
HAM10000_images_part_1,ISIC_0027080.jpg,.jpg,280448,HAM10000_images_part_1\ISIC_0027080.jpg
HAM10000_images_part_1,ISIC_0027081.jpg,.jpg,289444,HAM10000_images_part_1\ISIC_0027081.jpg
HAM10000_images_part_1,ISIC_0027082.jpg,.jpg,292444,HAM10000_images_part_1\ISIC_0027082.jpg
HAM10000_images_part_1,ISIC_0027083.jpg,.jpg,282603,HAM10000_images_part_1\ISIC_0027083.jpg
HAM10000_images_part_1,ISIC_0027084.jpg,.jpg,238125,HAM10000_images_part_1\ISIC_0027084.jpg
HAM10000_images_part_1,ISIC_0027085.jpg,.jpg,329555,HAM10000_images_part_1\ISIC_0027085.jpg
HAM10000_images_part_1,ISIC_0027086.jpg,.jpg,232211,HAM10000_images_part_1\ISIC_0027086.jpg
HAM10000_images_part_1,ISIC_0027087.jpg,.jpg,219101,HAM10000_images_part_1\ISIC_0027087.jpg
HAM10000_images_part_1,ISIC_0027088.jpg,.jpg,258546,HAM10000_images_part_1\ISIC_0027088.jpg
HAM10000_images_part_1,ISIC_0027089.jpg,.jpg,207433,HAM10000_images_part_1\ISIC_0027089.jpg
HAM10000_images_part_1,ISIC_0027090.jpg,.jpg,306309,HAM10000_images_part_1\ISIC_0027090.jpg
HAM10000_images_part_1,ISIC_0027091.jpg,.jpg,238668,HAM10000_images_part_1\ISIC_0027091.jpg
HAM10000_images_part_1,ISIC_0027092.jpg,.jpg,258872,HAM10000_images_part_1\ISIC_0027092.jpg
HAM10000_images_part_1,ISIC_0027093.jpg,.jpg,132213,HAM10000_images_part_1\ISIC_0027093.jpg
HAM10000_images_part_1,ISIC_0027094.jpg,.jpg,239255,HAM10000_images_part_1\ISIC_0027094.jpg
HAM10000_images_part_1,ISIC_0027095.jpg,.jpg,279553,HAM10000_images_part_1\ISIC_0027095.jpg
HAM10000_images_part_1,ISIC_0027096.jpg,.jpg,275529,HAM10000_images_part_1\ISIC_0027096.jpg
HAM10000_images_part_1,ISIC_0027097.jpg,.jpg,255874,HAM10000_images_part_1\ISIC_0027097.jpg
HAM10000_images_part_1,ISIC_0027098.jpg,.jpg,229211,HAM10000_images_part_1\ISIC_0027098.jpg
HAM10000_images_part_1,ISIC_0027099.jpg,.jpg,261596,HAM10000_images_part_1\ISIC_0027099.jpg
HAM10000_images_part_1,ISIC_0027100.jpg,.jpg,278657,HAM10000_images_part_1\ISIC_0027100.jpg
HAM10000_images_part_1,ISIC_0027101.jpg,.jpg,323439,HAM10000_images_part_1\ISIC_0027101.jpg
HAM10000_images_part_1,ISIC_0027102.jpg,.jpg,305535,HAM10000_images_part_1\ISIC_0027102.jpg
HAM10000_images_part_1,ISIC_0027103.jpg,.jpg,289739,HAM10000_images_part_1\ISIC_0027103.jpg
HAM10000_images_part_1,ISIC_0027104.jpg,.jpg,272487,HAM10000_images_part_1\ISIC_0027104.jpg
HAM10000_images_part_1,ISIC_0027105.jpg,.jpg,228008,HAM10000_images_part_1\ISIC_0027105.jpg
HAM10000_images_part_1,ISIC_0027106.jpg,.jpg,377599,HAM10000_images_part_1\ISIC_0027106.jpg
HAM10000_images_part_1,ISIC_0027107.jpg,.jpg,294338,HAM10000_images_part_1\ISIC_0027107.jpg
HAM10000_images_part_1,ISIC_0027108.jpg,.jpg,285933,HAM10000_images_part_1\ISIC_0027108.jpg
HAM10000_images_part_1,ISIC_0027109.jpg,.jpg,205804,HAM10000_images_part_1\ISIC_0027109.jpg
HAM10000_images_part_1,ISIC_0027110.jpg,.jpg,278094,HAM10000_images_part_1\ISIC_0027110.jpg
HAM10000_images_part_1,ISIC_0027111.jpg,.jpg,322551,HAM10000_images_part_1\ISIC_0027111.jpg
HAM10000_images_part_1,ISIC_0027112.jpg,.jpg,225197,HAM10000_images_part_1\ISIC_0027112.jpg
HAM10000_images_part_1,ISIC_0027113.jpg,.jpg,234798,HAM10000_images_part_1\ISIC_0027113.jpg
HAM10000_images_part_1,ISIC_0027114.jpg,.jpg,212431,HAM10000_images_part_1\ISIC_0027114.jpg
HAM10000_images_part_1,ISIC_0027115.jpg,.jpg,278316,HAM10000_images_part_1\ISIC_0027115.jpg
HAM10000_images_part_1,ISIC_0027116.jpg,.jpg,290255,HAM10000_images_part_1\ISIC_0027116.jpg
HAM10000_images_part_1,ISIC_0027117.jpg,.jpg,306944,HAM10000_images_part_1\ISIC_0027117.jpg
HAM10000_images_part_1,ISIC_0027118.jpg,.jpg,285547,HAM10000_images_part_1\ISIC_0027118.jpg
HAM10000_images_part_1,ISIC_0027119.jpg,.jpg,303112,HAM10000_images_part_1\ISIC_0027119.jpg
HAM10000_images_part_1,ISIC_0027120.jpg,.jpg,232122,HAM10000_images_part_1\ISIC_0027120.jpg
HAM10000_images_part_1,ISIC_0027121.jpg,.jpg,376565,HAM10000_images_part_1\ISIC_0027121.jpg
HAM10000_images_part_1,ISIC_0027122.jpg,.jpg,257303,HAM10000_images_part_1\ISIC_0027122.jpg
HAM10000_images_part_1,ISIC_0027123.jpg,.jpg,272075,HAM10000_images_part_1\ISIC_0027123.jpg
HAM10000_images_part_1,ISIC_0027124.jpg,.jpg,334101,HAM10000_images_part_1\ISIC_0027124.jpg
HAM10000_images_part_1,ISIC_0027125.jpg,.jpg,304904,HAM10000_images_part_1\ISIC_0027125.jpg
HAM10000_images_part_1,ISIC_0027126.jpg,.jpg,289014,HAM10000_images_part_1\ISIC_0027126.jpg
HAM10000_images_part_1,ISIC_0027127.jpg,.jpg,168716,HAM10000_images_part_1\ISIC_0027127.jpg
HAM10000_images_part_1,ISIC_0027128.jpg,.jpg,286123,HAM10000_images_part_1\ISIC_0027128.jpg
HAM10000_images_part_1,ISIC_0027129.jpg,.jpg,242272,HAM10000_images_part_1\ISIC_0027129.jpg
HAM10000_images_part_1,ISIC_0027130.jpg,.jpg,366445,HAM10000_images_part_1\ISIC_0027130.jpg
HAM10000_images_part_1,ISIC_0027131.jpg,.jpg,273693,HAM10000_images_part_1\ISIC_0027131.jpg
HAM10000_images_part_1,ISIC_0027132.jpg,.jpg,277159,HAM10000_images_part_1\ISIC_0027132.jpg
HAM10000_images_part_1,ISIC_0027133.jpg,.jpg,272858,HAM10000_images_part_1\ISIC_0027133.jpg
HAM10000_images_part_1,ISIC_0027134.jpg,.jpg,265891,HAM10000_images_part_1\ISIC_0027134.jpg
HAM10000_images_part_1,ISIC_0027135.jpg,.jpg,239970,HAM10000_images_part_1\ISIC_0027135.jpg
HAM10000_images_part_1,ISIC_0027136.jpg,.jpg,359557,HAM10000_images_part_1\ISIC_0027136.jpg
HAM10000_images_part_1,ISIC_0027137.jpg,.jpg,140165,HAM10000_images_part_1\ISIC_0027137.jpg
HAM10000_images_part_1,ISIC_0027138.jpg,.jpg,202596,HAM10000_images_part_1\ISIC_0027138.jpg
HAM10000_images_part_1,ISIC_0027139.jpg,.jpg,226190,HAM10000_images_part_1\ISIC_0027139.jpg
HAM10000_images_part_1,ISIC_0027140.jpg,.jpg,271608,HAM10000_images_part_1\ISIC_0027140.jpg
HAM10000_images_part_1,ISIC_0027141.jpg,.jpg,318643,HAM10000_images_part_1\ISIC_0027141.jpg
HAM10000_images_part_1,ISIC_0027142.jpg,.jpg,344402,HAM10000_images_part_1\ISIC_0027142.jpg
HAM10000_images_part_1,ISIC_0027143.jpg,.jpg,347271,HAM10000_images_part_1\ISIC_0027143.jpg
HAM10000_images_part_1,ISIC_0027144.jpg,.jpg,283290,HAM10000_images_part_1\ISIC_0027144.jpg
HAM10000_images_part_1,ISIC_0027145.jpg,.jpg,353468,HAM10000_images_part_1\ISIC_0027145.jpg
HAM10000_images_part_1,ISIC_0027146.jpg,.jpg,250098,HAM10000_images_part_1\ISIC_0027146.jpg
HAM10000_images_part_1,ISIC_0027147.jpg,.jpg,253373,HAM10000_images_part_1\ISIC_0027147.jpg
HAM10000_images_part_1,ISIC_0027148.jpg,.jpg,274762,HAM10000_images_part_1\ISIC_0027148.jpg
HAM10000_images_part_1,ISIC_0027149.jpg,.jpg,343758,HAM10000_images_part_1\ISIC_0027149.jpg
HAM10000_images_part_1,ISIC_0027150.jpg,.jpg,238218,HAM10000_images_part_1\ISIC_0027150.jpg
HAM10000_images_part_1,ISIC_0027151.jpg,.jpg,203981,HAM10000_images_part_1\ISIC_0027151.jpg
HAM10000_images_part_1,ISIC_0027152.jpg,.jpg,257669,HAM10000_images_part_1\ISIC_0027152.jpg
HAM10000_images_part_1,ISIC_0027153.jpg,.jpg,268550,HAM10000_images_part_1\ISIC_0027153.jpg
HAM10000_images_part_1,ISIC_0027154.jpg,.jpg,333436,HAM10000_images_part_1\ISIC_0027154.jpg
HAM10000_images_part_1,ISIC_0027155.jpg,.jpg,261786,HAM10000_images_part_1\ISIC_0027155.jpg
HAM10000_images_part_1,ISIC_0027156.jpg,.jpg,284559,HAM10000_images_part_1\ISIC_0027156.jpg
HAM10000_images_part_1,ISIC_0027157.jpg,.jpg,342668,HAM10000_images_part_1\ISIC_0027157.jpg
HAM10000_images_part_1,ISIC_0027158.jpg,.jpg,256561,HAM10000_images_part_1\ISIC_0027158.jpg
HAM10000_images_part_1,ISIC_0027159.jpg,.jpg,235040,HAM10000_images_part_1\ISIC_0027159.jpg
HAM10000_images_part_1,ISIC_0027160.jpg,.jpg,343995,HAM10000_images_part_1\ISIC_0027160.jpg
HAM10000_images_part_1,ISIC_0027161.jpg,.jpg,258506,HAM10000_images_part_1\ISIC_0027161.jpg
HAM10000_images_part_1,ISIC_0027162.jpg,.jpg,304663,HAM10000_images_part_1\ISIC_0027162.jpg
HAM10000_images_part_1,ISIC_0027163.jpg,.jpg,272609,HAM10000_images_part_1\ISIC_0027163.jpg
HAM10000_images_part_1,ISIC_0027164.jpg,.jpg,348052,HAM10000_images_part_1\ISIC_0027164.jpg
HAM10000_images_part_1,ISIC_0027165.jpg,.jpg,341909,HAM10000_images_part_1\ISIC_0027165.jpg
HAM10000_images_part_1,ISIC_0027166.jpg,.jpg,327095,HAM10000_images_part_1\ISIC_0027166.jpg
HAM10000_images_part_1,ISIC_0027167.jpg,.jpg,324260,HAM10000_images_part_1\ISIC_0027167.jpg
HAM10000_images_part_1,ISIC_0027168.jpg,.jpg,263496,HAM10000_images_part_1\ISIC_0027168.jpg
HAM10000_images_part_1,ISIC_0027169.jpg,.jpg,273541,HAM10000_images_part_1\ISIC_0027169.jpg
HAM10000_images_part_1,ISIC_0027170.jpg,.jpg,274716,HAM10000_images_part_1\ISIC_0027170.jpg
HAM10000_images_part_1,ISIC_0027171.jpg,.jpg,222548,HAM10000_images_part_1\ISIC_0027171.jpg
HAM10000_images_part_1,ISIC_0027172.jpg,.jpg,254827,HAM10000_images_part_1\ISIC_0027172.jpg
HAM10000_images_part_1,ISIC_0027173.jpg,.jpg,263903,HAM10000_images_part_1\ISIC_0027173.jpg
HAM10000_images_part_1,ISIC_0027174.jpg,.jpg,289269,HAM10000_images_part_1\ISIC_0027174.jpg
HAM10000_images_part_1,ISIC_0027175.jpg,.jpg,235871,HAM10000_images_part_1\ISIC_0027175.jpg
HAM10000_images_part_1,ISIC_0027176.jpg,.jpg,275211,HAM10000_images_part_1\ISIC_0027176.jpg
HAM10000_images_part_1,ISIC_0027177.jpg,.jpg,267365,HAM10000_images_part_1\ISIC_0027177.jpg
HAM10000_images_part_1,ISIC_0027178.jpg,.jpg,277023,HAM10000_images_part_1\ISIC_0027178.jpg
HAM10000_images_part_1,ISIC_0027179.jpg,.jpg,308764,HAM10000_images_part_1\ISIC_0027179.jpg
HAM10000_images_part_1,ISIC_0027180.jpg,.jpg,279332,HAM10000_images_part_1\ISIC_0027180.jpg
HAM10000_images_part_1,ISIC_0027181.jpg,.jpg,128591,HAM10000_images_part_1\ISIC_0027181.jpg
HAM10000_images_part_1,ISIC_0027182.jpg,.jpg,265720,HAM10000_images_part_1\ISIC_0027182.jpg
HAM10000_images_part_1,ISIC_0027183.jpg,.jpg,264101,HAM10000_images_part_1\ISIC_0027183.jpg
HAM10000_images_part_1,ISIC_0027184.jpg,.jpg,262574,HAM10000_images_part_1\ISIC_0027184.jpg
HAM10000_images_part_1,ISIC_0027185.jpg,.jpg,272044,HAM10000_images_part_1\ISIC_0027185.jpg
HAM10000_images_part_1,ISIC_0027186.jpg,.jpg,330386,HAM10000_images_part_1\ISIC_0027186.jpg
HAM10000_images_part_1,ISIC_0027187.jpg,.jpg,314408,HAM10000_images_part_1\ISIC_0027187.jpg
HAM10000_images_part_1,ISIC_0027188.jpg,.jpg,247989,HAM10000_images_part_1\ISIC_0027188.jpg
HAM10000_images_part_1,ISIC_0027189.jpg,.jpg,248490,HAM10000_images_part_1\ISIC_0027189.jpg
HAM10000_images_part_1,ISIC_0027190.jpg,.jpg,274070,HAM10000_images_part_1\ISIC_0027190.jpg
HAM10000_images_part_1,ISIC_0027191.jpg,.jpg,275857,HAM10000_images_part_1\ISIC_0027191.jpg
HAM10000_images_part_1,ISIC_0027192.jpg,.jpg,222364,HAM10000_images_part_1\ISIC_0027192.jpg
HAM10000_images_part_1,ISIC_0027193.jpg,.jpg,281314,HAM10000_images_part_1\ISIC_0027193.jpg
HAM10000_images_part_1,ISIC_0027194.jpg,.jpg,278366,HAM10000_images_part_1\ISIC_0027194.jpg
HAM10000_images_part_1,ISIC_0027195.jpg,.jpg,345626,HAM10000_images_part_1\ISIC_0027195.jpg
HAM10000_images_part_1,ISIC_0027196.jpg,.jpg,271480,HAM10000_images_part_1\ISIC_0027196.jpg
HAM10000_images_part_1,ISIC_0027197.jpg,.jpg,215900,HAM10000_images_part_1\ISIC_0027197.jpg
HAM10000_images_part_1,ISIC_0027198.jpg,.jpg,340763,HAM10000_images_part_1\ISIC_0027198.jpg
HAM10000_images_part_1,ISIC_0027199.jpg,.jpg,288645,HAM10000_images_part_1\ISIC_0027199.jpg
HAM10000_images_part_1,ISIC_0027200.jpg,.jpg,264032,HAM10000_images_part_1\ISIC_0027200.jpg
HAM10000_images_part_1,ISIC_0027201.jpg,.jpg,170867,HAM10000_images_part_1\ISIC_0027201.jpg
HAM10000_images_part_1,ISIC_0027202.jpg,.jpg,276195,HAM10000_images_part_1\ISIC_0027202.jpg
HAM10000_images_part_1,ISIC_0027203.jpg,.jpg,231989,HAM10000_images_part_1\ISIC_0027203.jpg
HAM10000_images_part_1,ISIC_0027204.jpg,.jpg,304687,HAM10000_images_part_1\ISIC_0027204.jpg
HAM10000_images_part_1,ISIC_0027205.jpg,.jpg,276774,HAM10000_images_part_1\ISIC_0027205.jpg
HAM10000_images_part_1,ISIC_0027206.jpg,.jpg,252060,HAM10000_images_part_1\ISIC_0027206.jpg
HAM10000_images_part_1,ISIC_0027207.jpg,.jpg,272528,HAM10000_images_part_1\ISIC_0027207.jpg
HAM10000_images_part_1,ISIC_0027208.jpg,.jpg,248064,HAM10000_images_part_1\ISIC_0027208.jpg
HAM10000_images_part_1,ISIC_0027209.jpg,.jpg,271838,HAM10000_images_part_1\ISIC_0027209.jpg
HAM10000_images_part_1,ISIC_0027210.jpg,.jpg,208136,HAM10000_images_part_1\ISIC_0027210.jpg
HAM10000_images_part_1,ISIC_0027211.jpg,.jpg,324964,HAM10000_images_part_1\ISIC_0027211.jpg
HAM10000_images_part_1,ISIC_0027212.jpg,.jpg,377513,HAM10000_images_part_1\ISIC_0027212.jpg
HAM10000_images_part_1,ISIC_0027213.jpg,.jpg,127980,HAM10000_images_part_1\ISIC_0027213.jpg
HAM10000_images_part_1,ISIC_0027214.jpg,.jpg,278535,HAM10000_images_part_1\ISIC_0027214.jpg
HAM10000_images_part_1,ISIC_0027215.jpg,.jpg,275229,HAM10000_images_part_1\ISIC_0027215.jpg
HAM10000_images_part_1,ISIC_0027216.jpg,.jpg,298061,HAM10000_images_part_1\ISIC_0027216.jpg
HAM10000_images_part_1,ISIC_0027217.jpg,.jpg,279975,HAM10000_images_part_1\ISIC_0027217.jpg
HAM10000_images_part_1,ISIC_0027218.jpg,.jpg,271197,HAM10000_images_part_1\ISIC_0027218.jpg
HAM10000_images_part_1,ISIC_0027219.jpg,.jpg,287729,HAM10000_images_part_1\ISIC_0027219.jpg
HAM10000_images_part_1,ISIC_0027220.jpg,.jpg,363589,HAM10000_images_part_1\ISIC_0027220.jpg
HAM10000_images_part_1,ISIC_0027221.jpg,.jpg,268445,HAM10000_images_part_1\ISIC_0027221.jpg
HAM10000_images_part_1,ISIC_0027222.jpg,.jpg,265924,HAM10000_images_part_1\ISIC_0027222.jpg
HAM10000_images_part_1,ISIC_0027223.jpg,.jpg,274241,HAM10000_images_part_1\ISIC_0027223.jpg
HAM10000_images_part_1,ISIC_0027224.jpg,.jpg,223332,HAM10000_images_part_1\ISIC_0027224.jpg
HAM10000_images_part_1,ISIC_0027225.jpg,.jpg,268804,HAM10000_images_part_1\ISIC_0027225.jpg
HAM10000_images_part_1,ISIC_0027226.jpg,.jpg,264050,HAM10000_images_part_1\ISIC_0027226.jpg
HAM10000_images_part_1,ISIC_0027227.jpg,.jpg,352682,HAM10000_images_part_1\ISIC_0027227.jpg
HAM10000_images_part_1,ISIC_0027228.jpg,.jpg,280818,HAM10000_images_part_1\ISIC_0027228.jpg
HAM10000_images_part_1,ISIC_0027229.jpg,.jpg,264358,HAM10000_images_part_1\ISIC_0027229.jpg
HAM10000_images_part_1,ISIC_0027230.jpg,.jpg,300347,HAM10000_images_part_1\ISIC_0027230.jpg
HAM10000_images_part_1,ISIC_0027231.jpg,.jpg,262239,HAM10000_images_part_1\ISIC_0027231.jpg
HAM10000_images_part_1,ISIC_0027232.jpg,.jpg,295075,HAM10000_images_part_1\ISIC_0027232.jpg
HAM10000_images_part_1,ISIC_0027233.jpg,.jpg,270466,HAM10000_images_part_1\ISIC_0027233.jpg
HAM10000_images_part_1,ISIC_0027234.jpg,.jpg,305008,HAM10000_images_part_1\ISIC_0027234.jpg
HAM10000_images_part_1,ISIC_0027235.jpg,.jpg,261783,HAM10000_images_part_1\ISIC_0027235.jpg
HAM10000_images_part_1,ISIC_0027236.jpg,.jpg,202615,HAM10000_images_part_1\ISIC_0027236.jpg
HAM10000_images_part_1,ISIC_0027237.jpg,.jpg,146680,HAM10000_images_part_1\ISIC_0027237.jpg
HAM10000_images_part_1,ISIC_0027238.jpg,.jpg,324027,HAM10000_images_part_1\ISIC_0027238.jpg
HAM10000_images_part_1,ISIC_0027239.jpg,.jpg,292117,HAM10000_images_part_1\ISIC_0027239.jpg
HAM10000_images_part_1,ISIC_0027240.jpg,.jpg,283388,HAM10000_images_part_1\ISIC_0027240.jpg
HAM10000_images_part_1,ISIC_0027241.jpg,.jpg,276136,HAM10000_images_part_1\ISIC_0027241.jpg
HAM10000_images_part_1,ISIC_0027242.jpg,.jpg,220771,HAM10000_images_part_1\ISIC_0027242.jpg
HAM10000_images_part_1,ISIC_0027243.jpg,.jpg,274577,HAM10000_images_part_1\ISIC_0027243.jpg
HAM10000_images_part_1,ISIC_0027244.jpg,.jpg,260285,HAM10000_images_part_1\ISIC_0027244.jpg
HAM10000_images_part_1,ISIC_0027245.jpg,.jpg,271235,HAM10000_images_part_1\ISIC_0027245.jpg
HAM10000_images_part_1,ISIC_0027246.jpg,.jpg,292344,HAM10000_images_part_1\ISIC_0027246.jpg
HAM10000_images_part_1,ISIC_0027247.jpg,.jpg,264572,HAM10000_images_part_1\ISIC_0027247.jpg
HAM10000_images_part_1,ISIC_0027248.jpg,.jpg,276803,HAM10000_images_part_1\ISIC_0027248.jpg
HAM10000_images_part_1,ISIC_0027249.jpg,.jpg,289911,HAM10000_images_part_1\ISIC_0027249.jpg
HAM10000_images_part_1,ISIC_0027250.jpg,.jpg,299852,HAM10000_images_part_1\ISIC_0027250.jpg
HAM10000_images_part_1,ISIC_0027251.jpg,.jpg,340115,HAM10000_images_part_1\ISIC_0027251.jpg
HAM10000_images_part_1,ISIC_0027252.jpg,.jpg,289404,HAM10000_images_part_1\ISIC_0027252.jpg
HAM10000_images_part_1,ISIC_0027253.jpg,.jpg,331446,HAM10000_images_part_1\ISIC_0027253.jpg
HAM10000_images_part_1,ISIC_0027254.jpg,.jpg,313789,HAM10000_images_part_1\ISIC_0027254.jpg
HAM10000_images_part_1,ISIC_0027255.jpg,.jpg,201541,HAM10000_images_part_1\ISIC_0027255.jpg
HAM10000_images_part_1,ISIC_0027256.jpg,.jpg,239491,HAM10000_images_part_1\ISIC_0027256.jpg
HAM10000_images_part_1,ISIC_0027257.jpg,.jpg,272922,HAM10000_images_part_1\ISIC_0027257.jpg
HAM10000_images_part_1,ISIC_0027258.jpg,.jpg,288366,HAM10000_images_part_1\ISIC_0027258.jpg
HAM10000_images_part_1,ISIC_0027259.jpg,.jpg,260500,HAM10000_images_part_1\ISIC_0027259.jpg
HAM10000_images_part_1,ISIC_0027260.jpg,.jpg,285809,HAM10000_images_part_1\ISIC_0027260.jpg
HAM10000_images_part_1,ISIC_0027261.jpg,.jpg,269442,HAM10000_images_part_1\ISIC_0027261.jpg
HAM10000_images_part_1,ISIC_0027262.jpg,.jpg,168020,HAM10000_images_part_1\ISIC_0027262.jpg
HAM10000_images_part_1,ISIC_0027263.jpg,.jpg,272381,HAM10000_images_part_1\ISIC_0027263.jpg
HAM10000_images_part_1,ISIC_0027264.jpg,.jpg,312098,HAM10000_images_part_1\ISIC_0027264.jpg
HAM10000_images_part_1,ISIC_0027265.jpg,.jpg,233828,HAM10000_images_part_1\ISIC_0027265.jpg
HAM10000_images_part_1,ISIC_0027266.jpg,.jpg,236538,HAM10000_images_part_1\ISIC_0027266.jpg
HAM10000_images_part_1,ISIC_0027267.jpg,.jpg,273849,HAM10000_images_part_1\ISIC_0027267.jpg
HAM10000_images_part_1,ISIC_0027268.jpg,.jpg,336686,HAM10000_images_part_1\ISIC_0027268.jpg
HAM10000_images_part_1,ISIC_0027269.jpg,.jpg,268141,HAM10000_images_part_1\ISIC_0027269.jpg
HAM10000_images_part_1,ISIC_0027270.jpg,.jpg,334599,HAM10000_images_part_1\ISIC_0027270.jpg
HAM10000_images_part_1,ISIC_0027271.jpg,.jpg,178725,HAM10000_images_part_1\ISIC_0027271.jpg
HAM10000_images_part_1,ISIC_0027272.jpg,.jpg,266143,HAM10000_images_part_1\ISIC_0027272.jpg
HAM10000_images_part_1,ISIC_0027273.jpg,.jpg,276006,HAM10000_images_part_1\ISIC_0027273.jpg
HAM10000_images_part_1,ISIC_0027274.jpg,.jpg,280013,HAM10000_images_part_1\ISIC_0027274.jpg
HAM10000_images_part_1,ISIC_0027275.jpg,.jpg,339408,HAM10000_images_part_1\ISIC_0027275.jpg
HAM10000_images_part_1,ISIC_0027276.jpg,.jpg,281436,HAM10000_images_part_1\ISIC_0027276.jpg
HAM10000_images_part_1,ISIC_0027277.jpg,.jpg,346630,HAM10000_images_part_1\ISIC_0027277.jpg
HAM10000_images_part_1,ISIC_0027278.jpg,.jpg,387453,HAM10000_images_part_1\ISIC_0027278.jpg
HAM10000_images_part_1,ISIC_0027279.jpg,.jpg,292132,HAM10000_images_part_1\ISIC_0027279.jpg
HAM10000_images_part_1,ISIC_0027280.jpg,.jpg,256755,HAM10000_images_part_1\ISIC_0027280.jpg
HAM10000_images_part_1,ISIC_0027281.jpg,.jpg,254108,HAM10000_images_part_1\ISIC_0027281.jpg
HAM10000_images_part_1,ISIC_0027282.jpg,.jpg,259528,HAM10000_images_part_1\ISIC_0027282.jpg
HAM10000_images_part_1,ISIC_0027283.jpg,.jpg,279726,HAM10000_images_part_1\ISIC_0027283.jpg
HAM10000_images_part_1,ISIC_0027284.jpg,.jpg,200118,HAM10000_images_part_1\ISIC_0027284.jpg
HAM10000_images_part_1,ISIC_0027285.jpg,.jpg,225426,HAM10000_images_part_1\ISIC_0027285.jpg
HAM10000_images_part_1,ISIC_0027286.jpg,.jpg,275392,HAM10000_images_part_1\ISIC_0027286.jpg
HAM10000_images_part_1,ISIC_0027287.jpg,.jpg,234901,HAM10000_images_part_1\ISIC_0027287.jpg
HAM10000_images_part_1,ISIC_0027288.jpg,.jpg,259215,HAM10000_images_part_1\ISIC_0027288.jpg
HAM10000_images_part_1,ISIC_0027289.jpg,.jpg,271854,HAM10000_images_part_1\ISIC_0027289.jpg
HAM10000_images_part_1,ISIC_0027290.jpg,.jpg,373493,HAM10000_images_part_1\ISIC_0027290.jpg
HAM10000_images_part_1,ISIC_0027291.jpg,.jpg,250230,HAM10000_images_part_1\ISIC_0027291.jpg
HAM10000_images_part_1,ISIC_0027292.jpg,.jpg,278250,HAM10000_images_part_1\ISIC_0027292.jpg
HAM10000_images_part_1,ISIC_0027293.jpg,.jpg,128088,HAM10000_images_part_1\ISIC_0027293.jpg
HAM10000_images_part_1,ISIC_0027294.jpg,.jpg,219811,HAM10000_images_part_1\ISIC_0027294.jpg
HAM10000_images_part_1,ISIC_0027295.jpg,.jpg,359361,HAM10000_images_part_1\ISIC_0027295.jpg
HAM10000_images_part_1,ISIC_0027296.jpg,.jpg,274418,HAM10000_images_part_1\ISIC_0027296.jpg
HAM10000_images_part_1,ISIC_0027297.jpg,.jpg,292754,HAM10000_images_part_1\ISIC_0027297.jpg
HAM10000_images_part_1,ISIC_0027298.jpg,.jpg,250295,HAM10000_images_part_1\ISIC_0027298.jpg
HAM10000_images_part_1,ISIC_0027299.jpg,.jpg,296009,HAM10000_images_part_1\ISIC_0027299.jpg
HAM10000_images_part_1,ISIC_0027300.jpg,.jpg,334813,HAM10000_images_part_1\ISIC_0027300.jpg
HAM10000_images_part_1,ISIC_0027301.jpg,.jpg,347888,HAM10000_images_part_1\ISIC_0027301.jpg
HAM10000_images_part_1,ISIC_0027302.jpg,.jpg,286338,HAM10000_images_part_1\ISIC_0027302.jpg
HAM10000_images_part_1,ISIC_0027303.jpg,.jpg,260254,HAM10000_images_part_1\ISIC_0027303.jpg
HAM10000_images_part_1,ISIC_0027304.jpg,.jpg,268593,HAM10000_images_part_1\ISIC_0027304.jpg
HAM10000_images_part_1,ISIC_0027305.jpg,.jpg,212167,HAM10000_images_part_1\ISIC_0027305.jpg
HAM10000_images_part_1,ISIC_0027306.jpg,.jpg,377449,HAM10000_images_part_1\ISIC_0027306.jpg
HAM10000_images_part_1,ISIC_0027307.jpg,.jpg,295486,HAM10000_images_part_1\ISIC_0027307.jpg
HAM10000_images_part_1,ISIC_0027308.jpg,.jpg,139097,HAM10000_images_part_1\ISIC_0027308.jpg
HAM10000_images_part_1,ISIC_0027309.jpg,.jpg,273505,HAM10000_images_part_1\ISIC_0027309.jpg
HAM10000_images_part_1,ISIC_0027310.jpg,.jpg,246617,HAM10000_images_part_1\ISIC_0027310.jpg
HAM10000_images_part_1,ISIC_0027311.jpg,.jpg,293064,HAM10000_images_part_1\ISIC_0027311.jpg
HAM10000_images_part_1,ISIC_0027312.jpg,.jpg,226838,HAM10000_images_part_1\ISIC_0027312.jpg
HAM10000_images_part_1,ISIC_0027313.jpg,.jpg,269847,HAM10000_images_part_1\ISIC_0027313.jpg
HAM10000_images_part_1,ISIC_0027314.jpg,.jpg,270848,HAM10000_images_part_1\ISIC_0027314.jpg
HAM10000_images_part_1,ISIC_0027315.jpg,.jpg,360441,HAM10000_images_part_1\ISIC_0027315.jpg
HAM10000_images_part_1,ISIC_0027316.jpg,.jpg,359293,HAM10000_images_part_1\ISIC_0027316.jpg
HAM10000_images_part_1,ISIC_0027317.jpg,.jpg,293825,HAM10000_images_part_1\ISIC_0027317.jpg
HAM10000_images_part_1,ISIC_0027318.jpg,.jpg,326927,HAM10000_images_part_1\ISIC_0027318.jpg
HAM10000_images_part_1,ISIC_0027319.jpg,.jpg,207818,HAM10000_images_part_1\ISIC_0027319.jpg
HAM10000_images_part_1,ISIC_0027320.jpg,.jpg,271353,HAM10000_images_part_1\ISIC_0027320.jpg
HAM10000_images_part_1,ISIC_0027321.jpg,.jpg,278857,HAM10000_images_part_1\ISIC_0027321.jpg
HAM10000_images_part_1,ISIC_0027322.jpg,.jpg,281375,HAM10000_images_part_1\ISIC_0027322.jpg
HAM10000_images_part_1,ISIC_0027323.jpg,.jpg,222995,HAM10000_images_part_1\ISIC_0027323.jpg
HAM10000_images_part_1,ISIC_0027324.jpg,.jpg,348488,HAM10000_images_part_1\ISIC_0027324.jpg
HAM10000_images_part_1,ISIC_0027325.jpg,.jpg,275621,HAM10000_images_part_1\ISIC_0027325.jpg
HAM10000_images_part_1,ISIC_0027326.jpg,.jpg,340544,HAM10000_images_part_1\ISIC_0027326.jpg
HAM10000_images_part_1,ISIC_0027327.jpg,.jpg,274273,HAM10000_images_part_1\ISIC_0027327.jpg
HAM10000_images_part_1,ISIC_0027328.jpg,.jpg,274115,HAM10000_images_part_1\ISIC_0027328.jpg
HAM10000_images_part_1,ISIC_0027329.jpg,.jpg,299669,HAM10000_images_part_1\ISIC_0027329.jpg
HAM10000_images_part_1,ISIC_0027330.jpg,.jpg,278143,HAM10000_images_part_1\ISIC_0027330.jpg
HAM10000_images_part_1,ISIC_0027331.jpg,.jpg,347722,HAM10000_images_part_1\ISIC_0027331.jpg
HAM10000_images_part_1,ISIC_0027332.jpg,.jpg,320118,HAM10000_images_part_1\ISIC_0027332.jpg
HAM10000_images_part_1,ISIC_0027333.jpg,.jpg,395006,HAM10000_images_part_1\ISIC_0027333.jpg
HAM10000_images_part_1,ISIC_0027334.jpg,.jpg,204813,HAM10000_images_part_1\ISIC_0027334.jpg
HAM10000_images_part_1,ISIC_0027335.jpg,.jpg,318370,HAM10000_images_part_1\ISIC_0027335.jpg
HAM10000_images_part_1,ISIC_0027336.jpg,.jpg,280788,HAM10000_images_part_1\ISIC_0027336.jpg
HAM10000_images_part_1,ISIC_0027337.jpg,.jpg,277993,HAM10000_images_part_1\ISIC_0027337.jpg
HAM10000_images_part_1,ISIC_0027338.jpg,.jpg,262957,HAM10000_images_part_1\ISIC_0027338.jpg
HAM10000_images_part_1,ISIC_0027339.jpg,.jpg,328651,HAM10000_images_part_1\ISIC_0027339.jpg
HAM10000_images_part_1,ISIC_0027340.jpg,.jpg,266912,HAM10000_images_part_1\ISIC_0027340.jpg
HAM10000_images_part_1,ISIC_0027341.jpg,.jpg,271353,HAM10000_images_part_1\ISIC_0027341.jpg
HAM10000_images_part_1,ISIC_0027342.jpg,.jpg,285803,HAM10000_images_part_1\ISIC_0027342.jpg
HAM10000_images_part_1,ISIC_0027343.jpg,.jpg,198173,HAM10000_images_part_1\ISIC_0027343.jpg
HAM10000_images_part_1,ISIC_0027344.jpg,.jpg,251812,HAM10000_images_part_1\ISIC_0027344.jpg
HAM10000_images_part_1,ISIC_0027345.jpg,.jpg,276293,HAM10000_images_part_1\ISIC_0027345.jpg
HAM10000_images_part_1,ISIC_0027346.jpg,.jpg,256401,HAM10000_images_part_1\ISIC_0027346.jpg
HAM10000_images_part_1,ISIC_0027347.jpg,.jpg,340802,HAM10000_images_part_1\ISIC_0027347.jpg
HAM10000_images_part_1,ISIC_0027348.jpg,.jpg,320358,HAM10000_images_part_1\ISIC_0027348.jpg
HAM10000_images_part_1,ISIC_0027349.jpg,.jpg,274057,HAM10000_images_part_1\ISIC_0027349.jpg
HAM10000_images_part_1,ISIC_0027350.jpg,.jpg,276314,HAM10000_images_part_1\ISIC_0027350.jpg
HAM10000_images_part_1,ISIC_0027351.jpg,.jpg,250112,HAM10000_images_part_1\ISIC_0027351.jpg
HAM10000_images_part_1,ISIC_0027352.jpg,.jpg,336339,HAM10000_images_part_1\ISIC_0027352.jpg
HAM10000_images_part_1,ISIC_0027353.jpg,.jpg,276479,HAM10000_images_part_1\ISIC_0027353.jpg
HAM10000_images_part_1,ISIC_0027354.jpg,.jpg,175285,HAM10000_images_part_1\ISIC_0027354.jpg
HAM10000_images_part_1,ISIC_0027355.jpg,.jpg,205356,HAM10000_images_part_1\ISIC_0027355.jpg
HAM10000_images_part_1,ISIC_0027356.jpg,.jpg,349376,HAM10000_images_part_1\ISIC_0027356.jpg
HAM10000_images_part_1,ISIC_0027357.jpg,.jpg,285848,HAM10000_images_part_1\ISIC_0027357.jpg
HAM10000_images_part_1,ISIC_0027358.jpg,.jpg,280334,HAM10000_images_part_1\ISIC_0027358.jpg
HAM10000_images_part_1,ISIC_0027359.jpg,.jpg,198056,HAM10000_images_part_1\ISIC_0027359.jpg
HAM10000_images_part_1,ISIC_0027360.jpg,.jpg,267040,HAM10000_images_part_1\ISIC_0027360.jpg
HAM10000_images_part_1,ISIC_0027361.jpg,.jpg,149929,HAM10000_images_part_1\ISIC_0027361.jpg
HAM10000_images_part_1,ISIC_0027362.jpg,.jpg,272561,HAM10000_images_part_1\ISIC_0027362.jpg
HAM10000_images_part_1,ISIC_0027363.jpg,.jpg,280258,HAM10000_images_part_1\ISIC_0027363.jpg
HAM10000_images_part_1,ISIC_0027364.jpg,.jpg,303770,HAM10000_images_part_1\ISIC_0027364.jpg
HAM10000_images_part_1,ISIC_0027365.jpg,.jpg,268761,HAM10000_images_part_1\ISIC_0027365.jpg
HAM10000_images_part_1,ISIC_0027366.jpg,.jpg,281157,HAM10000_images_part_1\ISIC_0027366.jpg
HAM10000_images_part_1,ISIC_0027367.jpg,.jpg,287963,HAM10000_images_part_1\ISIC_0027367.jpg
HAM10000_images_part_1,ISIC_0027368.jpg,.jpg,302195,HAM10000_images_part_1\ISIC_0027368.jpg
HAM10000_images_part_1,ISIC_0027369.jpg,.jpg,273347,HAM10000_images_part_1\ISIC_0027369.jpg
HAM10000_images_part_1,ISIC_0027370.jpg,.jpg,325594,HAM10000_images_part_1\ISIC_0027370.jpg
HAM10000_images_part_1,ISIC_0027371.jpg,.jpg,148539,HAM10000_images_part_1\ISIC_0027371.jpg
HAM10000_images_part_1,ISIC_0027372.jpg,.jpg,306965,HAM10000_images_part_1\ISIC_0027372.jpg
HAM10000_images_part_1,ISIC_0027373.jpg,.jpg,354367,HAM10000_images_part_1\ISIC_0027373.jpg
HAM10000_images_part_1,ISIC_0027374.jpg,.jpg,249659,HAM10000_images_part_1\ISIC_0027374.jpg
HAM10000_images_part_1,ISIC_0027375.jpg,.jpg,371438,HAM10000_images_part_1\ISIC_0027375.jpg
HAM10000_images_part_1,ISIC_0027376.jpg,.jpg,303995,HAM10000_images_part_1\ISIC_0027376.jpg
HAM10000_images_part_1,ISIC_0027377.jpg,.jpg,278453,HAM10000_images_part_1\ISIC_0027377.jpg
HAM10000_images_part_1,ISIC_0027378.jpg,.jpg,274340,HAM10000_images_part_1\ISIC_0027378.jpg
HAM10000_images_part_1,ISIC_0027379.jpg,.jpg,200388,HAM10000_images_part_1\ISIC_0027379.jpg
HAM10000_images_part_1,ISIC_0027380.jpg,.jpg,251331,HAM10000_images_part_1\ISIC_0027380.jpg
HAM10000_images_part_1,ISIC_0027381.jpg,.jpg,280806,HAM10000_images_part_1\ISIC_0027381.jpg
HAM10000_images_part_1,ISIC_0027382.jpg,.jpg,215763,HAM10000_images_part_1\ISIC_0027382.jpg
HAM10000_images_part_1,ISIC_0027383.jpg,.jpg,284490,HAM10000_images_part_1\ISIC_0027383.jpg
HAM10000_images_part_1,ISIC_0027384.jpg,.jpg,283487,HAM10000_images_part_1\ISIC_0027384.jpg
HAM10000_images_part_1,ISIC_0027385.jpg,.jpg,261004,HAM10000_images_part_1\ISIC_0027385.jpg
HAM10000_images_part_1,ISIC_0027386.jpg,.jpg,271132,HAM10000_images_part_1\ISIC_0027386.jpg
HAM10000_images_part_1,ISIC_0027387.jpg,.jpg,197866,HAM10000_images_part_1\ISIC_0027387.jpg
HAM10000_images_part_1,ISIC_0027388.jpg,.jpg,287916,HAM10000_images_part_1\ISIC_0027388.jpg
HAM10000_images_part_1,ISIC_0027389.jpg,.jpg,343446,HAM10000_images_part_1\ISIC_0027389.jpg
HAM10000_images_part_1,ISIC_0027390.jpg,.jpg,376051,HAM10000_images_part_1\ISIC_0027390.jpg
HAM10000_images_part_1,ISIC_0027391.jpg,.jpg,274926,HAM10000_images_part_1\ISIC_0027391.jpg
HAM10000_images_part_1,ISIC_0027392.jpg,.jpg,244935,HAM10000_images_part_1\ISIC_0027392.jpg
HAM10000_images_part_1,ISIC_0027393.jpg,.jpg,270681,HAM10000_images_part_1\ISIC_0027393.jpg
HAM10000_images_part_1,ISIC_0027394.jpg,.jpg,243738,HAM10000_images_part_1\ISIC_0027394.jpg
HAM10000_images_part_1,ISIC_0027395.jpg,.jpg,284004,HAM10000_images_part_1\ISIC_0027395.jpg
HAM10000_images_part_1,ISIC_0027396.jpg,.jpg,275346,HAM10000_images_part_1\ISIC_0027396.jpg
HAM10000_images_part_1,ISIC_0027397.jpg,.jpg,247528,HAM10000_images_part_1\ISIC_0027397.jpg
HAM10000_images_part_1,ISIC_0027398.jpg,.jpg,229565,HAM10000_images_part_1\ISIC_0027398.jpg
HAM10000_images_part_1,ISIC_0027399.jpg,.jpg,275129,HAM10000_images_part_1\ISIC_0027399.jpg
HAM10000_images_part_1,ISIC_0027400.jpg,.jpg,271846,HAM10000_images_part_1\ISIC_0027400.jpg
HAM10000_images_part_1,ISIC_0027401.jpg,.jpg,291501,HAM10000_images_part_1\ISIC_0027401.jpg
HAM10000_images_part_1,ISIC_0027402.jpg,.jpg,280644,HAM10000_images_part_1\ISIC_0027402.jpg
HAM10000_images_part_1,ISIC_0027403.jpg,.jpg,261802,HAM10000_images_part_1\ISIC_0027403.jpg
HAM10000_images_part_1,ISIC_0027404.jpg,.jpg,283291,HAM10000_images_part_1\ISIC_0027404.jpg
HAM10000_images_part_1,ISIC_0027405.jpg,.jpg,267278,HAM10000_images_part_1\ISIC_0027405.jpg
HAM10000_images_part_1,ISIC_0027406.jpg,.jpg,331449,HAM10000_images_part_1\ISIC_0027406.jpg
HAM10000_images_part_1,ISIC_0027407.jpg,.jpg,245551,HAM10000_images_part_1\ISIC_0027407.jpg
HAM10000_images_part_1,ISIC_0027408.jpg,.jpg,235467,HAM10000_images_part_1\ISIC_0027408.jpg
HAM10000_images_part_1,ISIC_0027409.jpg,.jpg,281742,HAM10000_images_part_1\ISIC_0027409.jpg
HAM10000_images_part_1,ISIC_0027410.jpg,.jpg,357997,HAM10000_images_part_1\ISIC_0027410.jpg
HAM10000_images_part_1,ISIC_0027411.jpg,.jpg,353465,HAM10000_images_part_1\ISIC_0027411.jpg
HAM10000_images_part_1,ISIC_0027412.jpg,.jpg,241872,HAM10000_images_part_1\ISIC_0027412.jpg
HAM10000_images_part_1,ISIC_0027413.jpg,.jpg,292227,HAM10000_images_part_1\ISIC_0027413.jpg
HAM10000_images_part_1,ISIC_0027414.jpg,.jpg,268003,HAM10000_images_part_1\ISIC_0027414.jpg
HAM10000_images_part_1,ISIC_0027415.jpg,.jpg,282100,HAM10000_images_part_1\ISIC_0027415.jpg
HAM10000_images_part_1,ISIC_0027416.jpg,.jpg,321165,HAM10000_images_part_1\ISIC_0027416.jpg
HAM10000_images_part_1,ISIC_0027417.jpg,.jpg,276858,HAM10000_images_part_1\ISIC_0027417.jpg
HAM10000_images_part_1,ISIC_0027418.jpg,.jpg,279102,HAM10000_images_part_1\ISIC_0027418.jpg
HAM10000_images_part_1,ISIC_0027419.jpg,.jpg,311921,HAM10000_images_part_1\ISIC_0027419.jpg
HAM10000_images_part_1,ISIC_0027420.jpg,.jpg,281785,HAM10000_images_part_1\ISIC_0027420.jpg
HAM10000_images_part_1,ISIC_0027421.jpg,.jpg,372501,HAM10000_images_part_1\ISIC_0027421.jpg
HAM10000_images_part_1,ISIC_0027422.jpg,.jpg,291770,HAM10000_images_part_1\ISIC_0027422.jpg
HAM10000_images_part_1,ISIC_0027423.jpg,.jpg,246341,HAM10000_images_part_1\ISIC_0027423.jpg
HAM10000_images_part_1,ISIC_0027424.jpg,.jpg,284626,HAM10000_images_part_1\ISIC_0027424.jpg
HAM10000_images_part_1,ISIC_0027425.jpg,.jpg,235571,HAM10000_images_part_1\ISIC_0027425.jpg
HAM10000_images_part_1,ISIC_0027426.jpg,.jpg,359135,HAM10000_images_part_1\ISIC_0027426.jpg
HAM10000_images_part_1,ISIC_0027427.jpg,.jpg,216242,HAM10000_images_part_1\ISIC_0027427.jpg
HAM10000_images_part_1,ISIC_0027428.jpg,.jpg,317670,HAM10000_images_part_1\ISIC_0027428.jpg
HAM10000_images_part_1,ISIC_0027429.jpg,.jpg,329057,HAM10000_images_part_1\ISIC_0027429.jpg
HAM10000_images_part_1,ISIC_0027430.jpg,.jpg,266294,HAM10000_images_part_1\ISIC_0027430.jpg
HAM10000_images_part_1,ISIC_0027431.jpg,.jpg,225755,HAM10000_images_part_1\ISIC_0027431.jpg
HAM10000_images_part_1,ISIC_0027432.jpg,.jpg,312488,HAM10000_images_part_1\ISIC_0027432.jpg
HAM10000_images_part_1,ISIC_0027433.jpg,.jpg,320149,HAM10000_images_part_1\ISIC_0027433.jpg
HAM10000_images_part_1,ISIC_0027434.jpg,.jpg,274220,HAM10000_images_part_1\ISIC_0027434.jpg
HAM10000_images_part_1,ISIC_0027435.jpg,.jpg,300664,HAM10000_images_part_1\ISIC_0027435.jpg
HAM10000_images_part_1,ISIC_0027436.jpg,.jpg,282219,HAM10000_images_part_1\ISIC_0027436.jpg
HAM10000_images_part_1,ISIC_0027437.jpg,.jpg,274330,HAM10000_images_part_1\ISIC_0027437.jpg
HAM10000_images_part_1,ISIC_0027438.jpg,.jpg,304207,HAM10000_images_part_1\ISIC_0027438.jpg
HAM10000_images_part_1,ISIC_0027439.jpg,.jpg,310474,HAM10000_images_part_1\ISIC_0027439.jpg
HAM10000_images_part_1,ISIC_0027440.jpg,.jpg,335633,HAM10000_images_part_1\ISIC_0027440.jpg
HAM10000_images_part_1,ISIC_0027441.jpg,.jpg,289406,HAM10000_images_part_1\ISIC_0027441.jpg
HAM10000_images_part_1,ISIC_0027442.jpg,.jpg,269774,HAM10000_images_part_1\ISIC_0027442.jpg
HAM10000_images_part_1,ISIC_0027443.jpg,.jpg,254083,HAM10000_images_part_1\ISIC_0027443.jpg
HAM10000_images_part_1,ISIC_0027444.jpg,.jpg,256277,HAM10000_images_part_1\ISIC_0027444.jpg
HAM10000_images_part_1,ISIC_0027445.jpg,.jpg,302520,HAM10000_images_part_1\ISIC_0027445.jpg
HAM10000_images_part_1,ISIC_0027446.jpg,.jpg,272319,HAM10000_images_part_1\ISIC_0027446.jpg
HAM10000_images_part_1,ISIC_0027447.jpg,.jpg,282588,HAM10000_images_part_1\ISIC_0027447.jpg
HAM10000_images_part_1,ISIC_0027448.jpg,.jpg,280251,HAM10000_images_part_1\ISIC_0027448.jpg
HAM10000_images_part_1,ISIC_0027449.jpg,.jpg,284548,HAM10000_images_part_1\ISIC_0027449.jpg
HAM10000_images_part_1,ISIC_0027450.jpg,.jpg,279466,HAM10000_images_part_1\ISIC_0027450.jpg
HAM10000_images_part_1,ISIC_0027451.jpg,.jpg,231827,HAM10000_images_part_1\ISIC_0027451.jpg
HAM10000_images_part_1,ISIC_0027452.jpg,.jpg,291453,HAM10000_images_part_1\ISIC_0027452.jpg
HAM10000_images_part_1,ISIC_0027453.jpg,.jpg,268954,HAM10000_images_part_1\ISIC_0027453.jpg
HAM10000_images_part_1,ISIC_0027454.jpg,.jpg,247368,HAM10000_images_part_1\ISIC_0027454.jpg
HAM10000_images_part_1,ISIC_0027455.jpg,.jpg,259587,HAM10000_images_part_1\ISIC_0027455.jpg
HAM10000_images_part_1,ISIC_0027456.jpg,.jpg,340747,HAM10000_images_part_1\ISIC_0027456.jpg
HAM10000_images_part_1,ISIC_0027457.jpg,.jpg,266999,HAM10000_images_part_1\ISIC_0027457.jpg
HAM10000_images_part_1,ISIC_0027458.jpg,.jpg,235051,HAM10000_images_part_1\ISIC_0027458.jpg
HAM10000_images_part_1,ISIC_0027459.jpg,.jpg,278337,HAM10000_images_part_1\ISIC_0027459.jpg
HAM10000_images_part_1,ISIC_0027460.jpg,.jpg,256606,HAM10000_images_part_1\ISIC_0027460.jpg
HAM10000_images_part_1,ISIC_0027461.jpg,.jpg,235486,HAM10000_images_part_1\ISIC_0027461.jpg
HAM10000_images_part_1,ISIC_0027462.jpg,.jpg,280115,HAM10000_images_part_1\ISIC_0027462.jpg
HAM10000_images_part_1,ISIC_0027463.jpg,.jpg,265561,HAM10000_images_part_1\ISIC_0027463.jpg
HAM10000_images_part_1,ISIC_0027464.jpg,.jpg,265903,HAM10000_images_part_1\ISIC_0027464.jpg
HAM10000_images_part_1,ISIC_0027465.jpg,.jpg,277564,HAM10000_images_part_1\ISIC_0027465.jpg
HAM10000_images_part_1,ISIC_0027466.jpg,.jpg,164842,HAM10000_images_part_1\ISIC_0027466.jpg
HAM10000_images_part_1,ISIC_0027467.jpg,.jpg,338282,HAM10000_images_part_1\ISIC_0027467.jpg
HAM10000_images_part_1,ISIC_0027468.jpg,.jpg,136485,HAM10000_images_part_1\ISIC_0027468.jpg
HAM10000_images_part_1,ISIC_0027469.jpg,.jpg,207006,HAM10000_images_part_1\ISIC_0027469.jpg
HAM10000_images_part_1,ISIC_0027470.jpg,.jpg,189399,HAM10000_images_part_1\ISIC_0027470.jpg
HAM10000_images_part_1,ISIC_0027471.jpg,.jpg,196674,HAM10000_images_part_1\ISIC_0027471.jpg
HAM10000_images_part_1,ISIC_0027472.jpg,.jpg,319281,HAM10000_images_part_1\ISIC_0027472.jpg
HAM10000_images_part_1,ISIC_0027473.jpg,.jpg,127898,HAM10000_images_part_1\ISIC_0027473.jpg
HAM10000_images_part_1,ISIC_0027474.jpg,.jpg,285092,HAM10000_images_part_1\ISIC_0027474.jpg
HAM10000_images_part_1,ISIC_0027475.jpg,.jpg,192907,HAM10000_images_part_1\ISIC_0027475.jpg
HAM10000_images_part_1,ISIC_0027476.jpg,.jpg,270701,HAM10000_images_part_1\ISIC_0027476.jpg
HAM10000_images_part_1,ISIC_0027477.jpg,.jpg,279225,HAM10000_images_part_1\ISIC_0027477.jpg
HAM10000_images_part_1,ISIC_0027478.jpg,.jpg,285324,HAM10000_images_part_1\ISIC_0027478.jpg
HAM10000_images_part_1,ISIC_0027479.jpg,.jpg,336973,HAM10000_images_part_1\ISIC_0027479.jpg
HAM10000_images_part_1,ISIC_0027480.jpg,.jpg,229488,HAM10000_images_part_1\ISIC_0027480.jpg
HAM10000_images_part_1,ISIC_0027481.jpg,.jpg,264221,HAM10000_images_part_1\ISIC_0027481.jpg
HAM10000_images_part_1,ISIC_0027482.jpg,.jpg,347779,HAM10000_images_part_1\ISIC_0027482.jpg
HAM10000_images_part_1,ISIC_0027483.jpg,.jpg,257642,HAM10000_images_part_1\ISIC_0027483.jpg
HAM10000_images_part_1,ISIC_0027484.jpg,.jpg,270693,HAM10000_images_part_1\ISIC_0027484.jpg
HAM10000_images_part_1,ISIC_0027485.jpg,.jpg,365567,HAM10000_images_part_1\ISIC_0027485.jpg
HAM10000_images_part_1,ISIC_0027486.jpg,.jpg,268663,HAM10000_images_part_1\ISIC_0027486.jpg
HAM10000_images_part_1,ISIC_0027487.jpg,.jpg,295560,HAM10000_images_part_1\ISIC_0027487.jpg
HAM10000_images_part_1,ISIC_0027488.jpg,.jpg,319243,HAM10000_images_part_1\ISIC_0027488.jpg
HAM10000_images_part_1,ISIC_0027489.jpg,.jpg,262294,HAM10000_images_part_1\ISIC_0027489.jpg
HAM10000_images_part_1,ISIC_0027490.jpg,.jpg,237858,HAM10000_images_part_1\ISIC_0027490.jpg
HAM10000_images_part_1,ISIC_0027491.jpg,.jpg,270010,HAM10000_images_part_1\ISIC_0027491.jpg
HAM10000_images_part_1,ISIC_0027492.jpg,.jpg,299528,HAM10000_images_part_1\ISIC_0027492.jpg
HAM10000_images_part_1,ISIC_0027493.jpg,.jpg,266521,HAM10000_images_part_1\ISIC_0027493.jpg
HAM10000_images_part_1,ISIC_0027494.jpg,.jpg,264649,HAM10000_images_part_1\ISIC_0027494.jpg
HAM10000_images_part_1,ISIC_0027495.jpg,.jpg,167716,HAM10000_images_part_1\ISIC_0027495.jpg
HAM10000_images_part_1,ISIC_0027496.jpg,.jpg,257514,HAM10000_images_part_1\ISIC_0027496.jpg
HAM10000_images_part_1,ISIC_0027497.jpg,.jpg,251475,HAM10000_images_part_1\ISIC_0027497.jpg
HAM10000_images_part_1,ISIC_0027498.jpg,.jpg,199172,HAM10000_images_part_1\ISIC_0027498.jpg
HAM10000_images_part_1,ISIC_0027499.jpg,.jpg,288055,HAM10000_images_part_1\ISIC_0027499.jpg
HAM10000_images_part_1,ISIC_0027500.jpg,.jpg,290826,HAM10000_images_part_1\ISIC_0027500.jpg
HAM10000_images_part_1,ISIC_0027501.jpg,.jpg,250859,HAM10000_images_part_1\ISIC_0027501.jpg
HAM10000_images_part_1,ISIC_0027502.jpg,.jpg,242580,HAM10000_images_part_1\ISIC_0027502.jpg
HAM10000_images_part_1,ISIC_0027503.jpg,.jpg,193561,HAM10000_images_part_1\ISIC_0027503.jpg
HAM10000_images_part_1,ISIC_0027504.jpg,.jpg,267358,HAM10000_images_part_1\ISIC_0027504.jpg
HAM10000_images_part_1,ISIC_0027505.jpg,.jpg,307694,HAM10000_images_part_1\ISIC_0027505.jpg
HAM10000_images_part_1,ISIC_0027506.jpg,.jpg,276582,HAM10000_images_part_1\ISIC_0027506.jpg
HAM10000_images_part_1,ISIC_0027507.jpg,.jpg,263358,HAM10000_images_part_1\ISIC_0027507.jpg
HAM10000_images_part_1,ISIC_0027508.jpg,.jpg,278392,HAM10000_images_part_1\ISIC_0027508.jpg
HAM10000_images_part_1,ISIC_0027509.jpg,.jpg,311577,HAM10000_images_part_1\ISIC_0027509.jpg
HAM10000_images_part_1,ISIC_0027510.jpg,.jpg,233894,HAM10000_images_part_1\ISIC_0027510.jpg
HAM10000_images_part_1,ISIC_0027511.jpg,.jpg,293738,HAM10000_images_part_1\ISIC_0027511.jpg
HAM10000_images_part_1,ISIC_0027512.jpg,.jpg,218720,HAM10000_images_part_1\ISIC_0027512.jpg
HAM10000_images_part_1,ISIC_0027513.jpg,.jpg,249693,HAM10000_images_part_1\ISIC_0027513.jpg
HAM10000_images_part_1,ISIC_0027514.jpg,.jpg,269138,HAM10000_images_part_1\ISIC_0027514.jpg
HAM10000_images_part_1,ISIC_0027515.jpg,.jpg,294372,HAM10000_images_part_1\ISIC_0027515.jpg
HAM10000_images_part_1,ISIC_0027516.jpg,.jpg,279607,HAM10000_images_part_1\ISIC_0027516.jpg
HAM10000_images_part_1,ISIC_0027517.jpg,.jpg,249190,HAM10000_images_part_1\ISIC_0027517.jpg
HAM10000_images_part_1,ISIC_0027518.jpg,.jpg,289831,HAM10000_images_part_1\ISIC_0027518.jpg
HAM10000_images_part_1,ISIC_0027519.jpg,.jpg,211256,HAM10000_images_part_1\ISIC_0027519.jpg
HAM10000_images_part_1,ISIC_0027520.jpg,.jpg,280919,HAM10000_images_part_1\ISIC_0027520.jpg
HAM10000_images_part_1,ISIC_0027521.jpg,.jpg,280585,HAM10000_images_part_1\ISIC_0027521.jpg
HAM10000_images_part_1,ISIC_0027522.jpg,.jpg,323704,HAM10000_images_part_1\ISIC_0027522.jpg
HAM10000_images_part_1,ISIC_0027523.jpg,.jpg,173462,HAM10000_images_part_1\ISIC_0027523.jpg
HAM10000_images_part_1,ISIC_0027524.jpg,.jpg,275121,HAM10000_images_part_1\ISIC_0027524.jpg
HAM10000_images_part_1,ISIC_0027525.jpg,.jpg,237792,HAM10000_images_part_1\ISIC_0027525.jpg
HAM10000_images_part_1,ISIC_0027526.jpg,.jpg,306678,HAM10000_images_part_1\ISIC_0027526.jpg
HAM10000_images_part_1,ISIC_0027527.jpg,.jpg,252547,HAM10000_images_part_1\ISIC_0027527.jpg
HAM10000_images_part_1,ISIC_0027528.jpg,.jpg,265831,HAM10000_images_part_1\ISIC_0027528.jpg
HAM10000_images_part_1,ISIC_0027529.jpg,.jpg,235322,HAM10000_images_part_1\ISIC_0027529.jpg
HAM10000_images_part_1,ISIC_0027530.jpg,.jpg,259194,HAM10000_images_part_1\ISIC_0027530.jpg
HAM10000_images_part_1,ISIC_0027531.jpg,.jpg,242349,HAM10000_images_part_1\ISIC_0027531.jpg
HAM10000_images_part_1,ISIC_0027532.jpg,.jpg,275362,HAM10000_images_part_1\ISIC_0027532.jpg
HAM10000_images_part_1,ISIC_0027533.jpg,.jpg,268172,HAM10000_images_part_1\ISIC_0027533.jpg
HAM10000_images_part_1,ISIC_0027534.jpg,.jpg,280379,HAM10000_images_part_1\ISIC_0027534.jpg
HAM10000_images_part_1,ISIC_0027535.jpg,.jpg,187098,HAM10000_images_part_1\ISIC_0027535.jpg
HAM10000_images_part_1,ISIC_0027536.jpg,.jpg,281833,HAM10000_images_part_1\ISIC_0027536.jpg
HAM10000_images_part_1,ISIC_0027537.jpg,.jpg,249921,HAM10000_images_part_1\ISIC_0027537.jpg
HAM10000_images_part_1,ISIC_0027538.jpg,.jpg,167870,HAM10000_images_part_1\ISIC_0027538.jpg
HAM10000_images_part_1,ISIC_0027539.jpg,.jpg,284484,HAM10000_images_part_1\ISIC_0027539.jpg
HAM10000_images_part_1,ISIC_0027540.jpg,.jpg,234782,HAM10000_images_part_1\ISIC_0027540.jpg
HAM10000_images_part_1,ISIC_0027541.jpg,.jpg,271674,HAM10000_images_part_1\ISIC_0027541.jpg
HAM10000_images_part_1,ISIC_0027542.jpg,.jpg,265311,HAM10000_images_part_1\ISIC_0027542.jpg
HAM10000_images_part_1,ISIC_0027543.jpg,.jpg,276531,HAM10000_images_part_1\ISIC_0027543.jpg
HAM10000_images_part_1,ISIC_0027544.jpg,.jpg,257522,HAM10000_images_part_1\ISIC_0027544.jpg
HAM10000_images_part_1,ISIC_0027545.jpg,.jpg,447988,HAM10000_images_part_1\ISIC_0027545.jpg
HAM10000_images_part_1,ISIC_0027546.jpg,.jpg,228958,HAM10000_images_part_1\ISIC_0027546.jpg
HAM10000_images_part_1,ISIC_0027547.jpg,.jpg,267187,HAM10000_images_part_1\ISIC_0027547.jpg
HAM10000_images_part_1,ISIC_0027548.jpg,.jpg,153528,HAM10000_images_part_1\ISIC_0027548.jpg
HAM10000_images_part_1,ISIC_0027549.jpg,.jpg,215192,HAM10000_images_part_1\ISIC_0027549.jpg
HAM10000_images_part_1,ISIC_0027550.jpg,.jpg,322715,HAM10000_images_part_1\ISIC_0027550.jpg
HAM10000_images_part_1,ISIC_0027551.jpg,.jpg,284000,HAM10000_images_part_1\ISIC_0027551.jpg
HAM10000_images_part_1,ISIC_0027552.jpg,.jpg,301131,HAM10000_images_part_1\ISIC_0027552.jpg
HAM10000_images_part_1,ISIC_0027553.jpg,.jpg,270457,HAM10000_images_part_1\ISIC_0027553.jpg
HAM10000_images_part_1,ISIC_0027554.jpg,.jpg,355007,HAM10000_images_part_1\ISIC_0027554.jpg
HAM10000_images_part_1,ISIC_0027555.jpg,.jpg,256971,HAM10000_images_part_1\ISIC_0027555.jpg
HAM10000_images_part_1,ISIC_0027556.jpg,.jpg,263637,HAM10000_images_part_1\ISIC_0027556.jpg
HAM10000_images_part_1,ISIC_0027557.jpg,.jpg,267560,HAM10000_images_part_1\ISIC_0027557.jpg
HAM10000_images_part_1,ISIC_0027558.jpg,.jpg,292955,HAM10000_images_part_1\ISIC_0027558.jpg
HAM10000_images_part_1,ISIC_0027559.jpg,.jpg,315371,HAM10000_images_part_1\ISIC_0027559.jpg
HAM10000_images_part_1,ISIC_0027560.jpg,.jpg,263089,HAM10000_images_part_1\ISIC_0027560.jpg
HAM10000_images_part_1,ISIC_0027561.jpg,.jpg,245791,HAM10000_images_part_1\ISIC_0027561.jpg
HAM10000_images_part_1,ISIC_0027562.jpg,.jpg,248023,HAM10000_images_part_1\ISIC_0027562.jpg
HAM10000_images_part_1,ISIC_0027563.jpg,.jpg,331792,HAM10000_images_part_1\ISIC_0027563.jpg
HAM10000_images_part_1,ISIC_0027564.jpg,.jpg,393538,HAM10000_images_part_1\ISIC_0027564.jpg
HAM10000_images_part_1,ISIC_0027565.jpg,.jpg,277764,HAM10000_images_part_1\ISIC_0027565.jpg
HAM10000_images_part_1,ISIC_0027566.jpg,.jpg,334177,HAM10000_images_part_1\ISIC_0027566.jpg
HAM10000_images_part_1,ISIC_0027567.jpg,.jpg,271786,HAM10000_images_part_1\ISIC_0027567.jpg
HAM10000_images_part_1,ISIC_0027568.jpg,.jpg,139961,HAM10000_images_part_1\ISIC_0027568.jpg
HAM10000_images_part_1,ISIC_0027569.jpg,.jpg,234020,HAM10000_images_part_1\ISIC_0027569.jpg
HAM10000_images_part_1,ISIC_0027570.jpg,.jpg,273675,HAM10000_images_part_1\ISIC_0027570.jpg
HAM10000_images_part_1,ISIC_0027571.jpg,.jpg,162356,HAM10000_images_part_1\ISIC_0027571.jpg
HAM10000_images_part_1,ISIC_0027572.jpg,.jpg,339522,HAM10000_images_part_1\ISIC_0027572.jpg
HAM10000_images_part_1,ISIC_0027573.jpg,.jpg,307646,HAM10000_images_part_1\ISIC_0027573.jpg
HAM10000_images_part_1,ISIC_0027574.jpg,.jpg,238294,HAM10000_images_part_1\ISIC_0027574.jpg
HAM10000_images_part_1,ISIC_0027575.jpg,.jpg,341674,HAM10000_images_part_1\ISIC_0027575.jpg
HAM10000_images_part_1,ISIC_0027576.jpg,.jpg,345652,HAM10000_images_part_1\ISIC_0027576.jpg
HAM10000_images_part_1,ISIC_0027577.jpg,.jpg,289747,HAM10000_images_part_1\ISIC_0027577.jpg
HAM10000_images_part_1,ISIC_0027578.jpg,.jpg,297668,HAM10000_images_part_1\ISIC_0027578.jpg
HAM10000_images_part_1,ISIC_0027579.jpg,.jpg,280142,HAM10000_images_part_1\ISIC_0027579.jpg
HAM10000_images_part_1,ISIC_0027580.jpg,.jpg,237861,HAM10000_images_part_1\ISIC_0027580.jpg
HAM10000_images_part_1,ISIC_0027581.jpg,.jpg,266935,HAM10000_images_part_1\ISIC_0027581.jpg
HAM10000_images_part_1,ISIC_0027582.jpg,.jpg,310541,HAM10000_images_part_1\ISIC_0027582.jpg
HAM10000_images_part_1,ISIC_0027583.jpg,.jpg,260290,HAM10000_images_part_1\ISIC_0027583.jpg
HAM10000_images_part_1,ISIC_0027584.jpg,.jpg,276838,HAM10000_images_part_1\ISIC_0027584.jpg
HAM10000_images_part_1,ISIC_0027585.jpg,.jpg,277122,HAM10000_images_part_1\ISIC_0027585.jpg
HAM10000_images_part_1,ISIC_0027586.jpg,.jpg,288466,HAM10000_images_part_1\ISIC_0027586.jpg
HAM10000_images_part_1,ISIC_0027587.jpg,.jpg,282894,HAM10000_images_part_1\ISIC_0027587.jpg
HAM10000_images_part_1,ISIC_0027588.jpg,.jpg,164271,HAM10000_images_part_1\ISIC_0027588.jpg
HAM10000_images_part_1,ISIC_0027589.jpg,.jpg,263742,HAM10000_images_part_1\ISIC_0027589.jpg
HAM10000_images_part_1,ISIC_0027590.jpg,.jpg,288904,HAM10000_images_part_1\ISIC_0027590.jpg
HAM10000_images_part_1,ISIC_0027591.jpg,.jpg,353506,HAM10000_images_part_1\ISIC_0027591.jpg
HAM10000_images_part_1,ISIC_0027592.jpg,.jpg,263508,HAM10000_images_part_1\ISIC_0027592.jpg
HAM10000_images_part_1,ISIC_0027593.jpg,.jpg,264163,HAM10000_images_part_1\ISIC_0027593.jpg
HAM10000_images_part_1,ISIC_0027594.jpg,.jpg,269014,HAM10000_images_part_1\ISIC_0027594.jpg
HAM10000_images_part_1,ISIC_0027595.jpg,.jpg,218632,HAM10000_images_part_1\ISIC_0027595.jpg
HAM10000_images_part_1,ISIC_0027596.jpg,.jpg,254614,HAM10000_images_part_1\ISIC_0027596.jpg
HAM10000_images_part_1,ISIC_0027597.jpg,.jpg,283482,HAM10000_images_part_1\ISIC_0027597.jpg
HAM10000_images_part_1,ISIC_0027598.jpg,.jpg,318792,HAM10000_images_part_1\ISIC_0027598.jpg
HAM10000_images_part_1,ISIC_0027599.jpg,.jpg,301765,HAM10000_images_part_1\ISIC_0027599.jpg
HAM10000_images_part_1,ISIC_0027600.jpg,.jpg,269354,HAM10000_images_part_1\ISIC_0027600.jpg
HAM10000_images_part_1,ISIC_0027601.jpg,.jpg,203090,HAM10000_images_part_1\ISIC_0027601.jpg
HAM10000_images_part_1,ISIC_0027602.jpg,.jpg,274393,HAM10000_images_part_1\ISIC_0027602.jpg
HAM10000_images_part_1,ISIC_0027603.jpg,.jpg,270604,HAM10000_images_part_1\ISIC_0027603.jpg
HAM10000_images_part_1,ISIC_0027604.jpg,.jpg,259361,HAM10000_images_part_1\ISIC_0027604.jpg
HAM10000_images_part_1,ISIC_0027605.jpg,.jpg,271319,HAM10000_images_part_1\ISIC_0027605.jpg
HAM10000_images_part_1,ISIC_0027606.jpg,.jpg,386341,HAM10000_images_part_1\ISIC_0027606.jpg
HAM10000_images_part_1,ISIC_0027607.jpg,.jpg,275496,HAM10000_images_part_1\ISIC_0027607.jpg
HAM10000_images_part_1,ISIC_0027608.jpg,.jpg,291087,HAM10000_images_part_1\ISIC_0027608.jpg
HAM10000_images_part_1,ISIC_0027609.jpg,.jpg,413458,HAM10000_images_part_1\ISIC_0027609.jpg
HAM10000_images_part_1,ISIC_0027610.jpg,.jpg,278725,HAM10000_images_part_1\ISIC_0027610.jpg
HAM10000_images_part_1,ISIC_0027611.jpg,.jpg,279754,HAM10000_images_part_1\ISIC_0027611.jpg
HAM10000_images_part_1,ISIC_0027612.jpg,.jpg,303641,HAM10000_images_part_1\ISIC_0027612.jpg
HAM10000_images_part_1,ISIC_0027613.jpg,.jpg,294546,HAM10000_images_part_1\ISIC_0027613.jpg
HAM10000_images_part_1,ISIC_0027614.jpg,.jpg,222134,HAM10000_images_part_1\ISIC_0027614.jpg
HAM10000_images_part_1,ISIC_0027615.jpg,.jpg,263188,HAM10000_images_part_1\ISIC_0027615.jpg
HAM10000_images_part_1,ISIC_0027616.jpg,.jpg,289316,HAM10000_images_part_1\ISIC_0027616.jpg
HAM10000_images_part_1,ISIC_0027617.jpg,.jpg,269258,HAM10000_images_part_1\ISIC_0027617.jpg
HAM10000_images_part_1,ISIC_0027618.jpg,.jpg,277138,HAM10000_images_part_1\ISIC_0027618.jpg
HAM10000_images_part_1,ISIC_0027619.jpg,.jpg,266776,HAM10000_images_part_1\ISIC_0027619.jpg
HAM10000_images_part_1,ISIC_0027620.jpg,.jpg,281651,HAM10000_images_part_1\ISIC_0027620.jpg
HAM10000_images_part_1,ISIC_0027621.jpg,.jpg,329731,HAM10000_images_part_1\ISIC_0027621.jpg
HAM10000_images_part_1,ISIC_0027622.jpg,.jpg,243965,HAM10000_images_part_1\ISIC_0027622.jpg
HAM10000_images_part_1,ISIC_0027623.jpg,.jpg,296297,HAM10000_images_part_1\ISIC_0027623.jpg
HAM10000_images_part_1,ISIC_0027624.jpg,.jpg,275589,HAM10000_images_part_1\ISIC_0027624.jpg
HAM10000_images_part_1,ISIC_0027625.jpg,.jpg,282722,HAM10000_images_part_1\ISIC_0027625.jpg
HAM10000_images_part_1,ISIC_0027626.jpg,.jpg,327019,HAM10000_images_part_1\ISIC_0027626.jpg
HAM10000_images_part_1,ISIC_0027627.jpg,.jpg,197122,HAM10000_images_part_1\ISIC_0027627.jpg
HAM10000_images_part_1,ISIC_0027628.jpg,.jpg,261789,HAM10000_images_part_1\ISIC_0027628.jpg
HAM10000_images_part_1,ISIC_0027629.jpg,.jpg,263323,HAM10000_images_part_1\ISIC_0027629.jpg
HAM10000_images_part_1,ISIC_0027630.jpg,.jpg,277410,HAM10000_images_part_1\ISIC_0027630.jpg
HAM10000_images_part_1,ISIC_0027631.jpg,.jpg,253721,HAM10000_images_part_1\ISIC_0027631.jpg
HAM10000_images_part_1,ISIC_0027632.jpg,.jpg,288076,HAM10000_images_part_1\ISIC_0027632.jpg
HAM10000_images_part_1,ISIC_0027633.jpg,.jpg,299339,HAM10000_images_part_1\ISIC_0027633.jpg
HAM10000_images_part_1,ISIC_0027634.jpg,.jpg,268432,HAM10000_images_part_1\ISIC_0027634.jpg
HAM10000_images_part_1,ISIC_0027635.jpg,.jpg,251191,HAM10000_images_part_1\ISIC_0027635.jpg
HAM10000_images_part_1,ISIC_0027636.jpg,.jpg,286505,HAM10000_images_part_1\ISIC_0027636.jpg
HAM10000_images_part_1,ISIC_0027637.jpg,.jpg,295513,HAM10000_images_part_1\ISIC_0027637.jpg
HAM10000_images_part_1,ISIC_0027638.jpg,.jpg,275471,HAM10000_images_part_1\ISIC_0027638.jpg
HAM10000_images_part_1,ISIC_0027639.jpg,.jpg,236171,HAM10000_images_part_1\ISIC_0027639.jpg
HAM10000_images_part_1,ISIC_0027640.jpg,.jpg,316537,HAM10000_images_part_1\ISIC_0027640.jpg
HAM10000_images_part_1,ISIC_0027641.jpg,.jpg,260763,HAM10000_images_part_1\ISIC_0027641.jpg
HAM10000_images_part_1,ISIC_0027642.jpg,.jpg,235214,HAM10000_images_part_1\ISIC_0027642.jpg
HAM10000_images_part_1,ISIC_0027643.jpg,.jpg,237937,HAM10000_images_part_1\ISIC_0027643.jpg
HAM10000_images_part_1,ISIC_0027644.jpg,.jpg,261690,HAM10000_images_part_1\ISIC_0027644.jpg
HAM10000_images_part_1,ISIC_0027645.jpg,.jpg,263919,HAM10000_images_part_1\ISIC_0027645.jpg
HAM10000_images_part_1,ISIC_0027646.jpg,.jpg,329020,HAM10000_images_part_1\ISIC_0027646.jpg
HAM10000_images_part_1,ISIC_0027647.jpg,.jpg,274603,HAM10000_images_part_1\ISIC_0027647.jpg
HAM10000_images_part_1,ISIC_0027648.jpg,.jpg,162888,HAM10000_images_part_1\ISIC_0027648.jpg
HAM10000_images_part_1,ISIC_0027649.jpg,.jpg,289316,HAM10000_images_part_1\ISIC_0027649.jpg
HAM10000_images_part_1,ISIC_0027650.jpg,.jpg,245774,HAM10000_images_part_1\ISIC_0027650.jpg
HAM10000_images_part_1,ISIC_0027651.jpg,.jpg,245391,HAM10000_images_part_1\ISIC_0027651.jpg
HAM10000_images_part_1,ISIC_0027652.jpg,.jpg,261186,HAM10000_images_part_1\ISIC_0027652.jpg
HAM10000_images_part_1,ISIC_0027653.jpg,.jpg,304471,HAM10000_images_part_1\ISIC_0027653.jpg
HAM10000_images_part_1,ISIC_0027654.jpg,.jpg,185535,HAM10000_images_part_1\ISIC_0027654.jpg
HAM10000_images_part_1,ISIC_0027655.jpg,.jpg,283312,HAM10000_images_part_1\ISIC_0027655.jpg
HAM10000_images_part_1,ISIC_0027656.jpg,.jpg,279049,HAM10000_images_part_1\ISIC_0027656.jpg
HAM10000_images_part_1,ISIC_0027657.jpg,.jpg,340329,HAM10000_images_part_1\ISIC_0027657.jpg
HAM10000_images_part_1,ISIC_0027658.jpg,.jpg,240046,HAM10000_images_part_1\ISIC_0027658.jpg
HAM10000_images_part_1,ISIC_0027659.jpg,.jpg,266995,HAM10000_images_part_1\ISIC_0027659.jpg
HAM10000_images_part_1,ISIC_0027660.jpg,.jpg,275654,HAM10000_images_part_1\ISIC_0027660.jpg
HAM10000_images_part_1,ISIC_0027661.jpg,.jpg,348216,HAM10000_images_part_1\ISIC_0027661.jpg
HAM10000_images_part_1,ISIC_0027662.jpg,.jpg,299396,HAM10000_images_part_1\ISIC_0027662.jpg
HAM10000_images_part_1,ISIC_0027663.jpg,.jpg,334542,HAM10000_images_part_1\ISIC_0027663.jpg
HAM10000_images_part_1,ISIC_0027664.jpg,.jpg,281529,HAM10000_images_part_1\ISIC_0027664.jpg
HAM10000_images_part_1,ISIC_0027665.jpg,.jpg,280513,HAM10000_images_part_1\ISIC_0027665.jpg
HAM10000_images_part_1,ISIC_0027666.jpg,.jpg,271627,HAM10000_images_part_1\ISIC_0027666.jpg
HAM10000_images_part_1,ISIC_0027667.jpg,.jpg,274190,HAM10000_images_part_1\ISIC_0027667.jpg
HAM10000_images_part_1,ISIC_0027668.jpg,.jpg,321830,HAM10000_images_part_1\ISIC_0027668.jpg
HAM10000_images_part_1,ISIC_0027669.jpg,.jpg,247499,HAM10000_images_part_1\ISIC_0027669.jpg
HAM10000_images_part_1,ISIC_0027670.jpg,.jpg,258856,HAM10000_images_part_1\ISIC_0027670.jpg
HAM10000_images_part_1,ISIC_0027671.jpg,.jpg,194162,HAM10000_images_part_1\ISIC_0027671.jpg
HAM10000_images_part_1,ISIC_0027672.jpg,.jpg,229869,HAM10000_images_part_1\ISIC_0027672.jpg
HAM10000_images_part_1,ISIC_0027673.jpg,.jpg,274903,HAM10000_images_part_1\ISIC_0027673.jpg
HAM10000_images_part_1,ISIC_0027674.jpg,.jpg,275356,HAM10000_images_part_1\ISIC_0027674.jpg
HAM10000_images_part_1,ISIC_0027675.jpg,.jpg,207828,HAM10000_images_part_1\ISIC_0027675.jpg
HAM10000_images_part_1,ISIC_0027676.jpg,.jpg,269130,HAM10000_images_part_1\ISIC_0027676.jpg
HAM10000_images_part_1,ISIC_0027677.jpg,.jpg,242206,HAM10000_images_part_1\ISIC_0027677.jpg
HAM10000_images_part_1,ISIC_0027678.jpg,.jpg,273341,HAM10000_images_part_1\ISIC_0027678.jpg
HAM10000_images_part_1,ISIC_0027679.jpg,.jpg,186382,HAM10000_images_part_1\ISIC_0027679.jpg
HAM10000_images_part_1,ISIC_0027680.jpg,.jpg,271479,HAM10000_images_part_1\ISIC_0027680.jpg
HAM10000_images_part_1,ISIC_0027681.jpg,.jpg,320704,HAM10000_images_part_1\ISIC_0027681.jpg
HAM10000_images_part_1,ISIC_0027682.jpg,.jpg,266939,HAM10000_images_part_1\ISIC_0027682.jpg
HAM10000_images_part_1,ISIC_0027683.jpg,.jpg,272353,HAM10000_images_part_1\ISIC_0027683.jpg
HAM10000_images_part_1,ISIC_0027684.jpg,.jpg,216109,HAM10000_images_part_1\ISIC_0027684.jpg
HAM10000_images_part_1,ISIC_0027685.jpg,.jpg,252572,HAM10000_images_part_1\ISIC_0027685.jpg
HAM10000_images_part_1,ISIC_0027686.jpg,.jpg,270415,HAM10000_images_part_1\ISIC_0027686.jpg
HAM10000_images_part_1,ISIC_0027687.jpg,.jpg,274161,HAM10000_images_part_1\ISIC_0027687.jpg
HAM10000_images_part_1,ISIC_0027688.jpg,.jpg,152182,HAM10000_images_part_1\ISIC_0027688.jpg
HAM10000_images_part_1,ISIC_0027689.jpg,.jpg,260906,HAM10000_images_part_1\ISIC_0027689.jpg
HAM10000_images_part_1,ISIC_0027690.jpg,.jpg,279525,HAM10000_images_part_1\ISIC_0027690.jpg
HAM10000_images_part_1,ISIC_0027691.jpg,.jpg,316473,HAM10000_images_part_1\ISIC_0027691.jpg
HAM10000_images_part_1,ISIC_0027692.jpg,.jpg,310981,HAM10000_images_part_1\ISIC_0027692.jpg
HAM10000_images_part_1,ISIC_0027693.jpg,.jpg,309292,HAM10000_images_part_1\ISIC_0027693.jpg
HAM10000_images_part_1,ISIC_0027694.jpg,.jpg,265470,HAM10000_images_part_1\ISIC_0027694.jpg
HAM10000_images_part_1,ISIC_0027695.jpg,.jpg,270432,HAM10000_images_part_1\ISIC_0027695.jpg
HAM10000_images_part_1,ISIC_0027696.jpg,.jpg,287036,HAM10000_images_part_1\ISIC_0027696.jpg
HAM10000_images_part_1,ISIC_0027697.jpg,.jpg,256034,HAM10000_images_part_1\ISIC_0027697.jpg
HAM10000_images_part_1,ISIC_0027698.jpg,.jpg,267278,HAM10000_images_part_1\ISIC_0027698.jpg
HAM10000_images_part_1,ISIC_0027699.jpg,.jpg,271119,HAM10000_images_part_1\ISIC_0027699.jpg
HAM10000_images_part_1,ISIC_0027700.jpg,.jpg,278026,HAM10000_images_part_1\ISIC_0027700.jpg
HAM10000_images_part_1,ISIC_0027701.jpg,.jpg,290994,HAM10000_images_part_1\ISIC_0027701.jpg
HAM10000_images_part_1,ISIC_0027702.jpg,.jpg,344525,HAM10000_images_part_1\ISIC_0027702.jpg
HAM10000_images_part_1,ISIC_0027703.jpg,.jpg,335368,HAM10000_images_part_1\ISIC_0027703.jpg
HAM10000_images_part_1,ISIC_0027704.jpg,.jpg,280505,HAM10000_images_part_1\ISIC_0027704.jpg
HAM10000_images_part_1,ISIC_0027705.jpg,.jpg,248648,HAM10000_images_part_1\ISIC_0027705.jpg
HAM10000_images_part_1,ISIC_0027706.jpg,.jpg,197743,HAM10000_images_part_1\ISIC_0027706.jpg
HAM10000_images_part_1,ISIC_0027707.jpg,.jpg,269518,HAM10000_images_part_1\ISIC_0027707.jpg
HAM10000_images_part_1,ISIC_0027708.jpg,.jpg,263967,HAM10000_images_part_1\ISIC_0027708.jpg
HAM10000_images_part_1,ISIC_0027709.jpg,.jpg,250496,HAM10000_images_part_1\ISIC_0027709.jpg
HAM10000_images_part_1,ISIC_0027710.jpg,.jpg,358334,HAM10000_images_part_1\ISIC_0027710.jpg
HAM10000_images_part_1,ISIC_0027711.jpg,.jpg,268101,HAM10000_images_part_1\ISIC_0027711.jpg
HAM10000_images_part_1,ISIC_0027712.jpg,.jpg,277649,HAM10000_images_part_1\ISIC_0027712.jpg
HAM10000_images_part_1,ISIC_0027713.jpg,.jpg,296078,HAM10000_images_part_1\ISIC_0027713.jpg
HAM10000_images_part_1,ISIC_0027714.jpg,.jpg,230450,HAM10000_images_part_1\ISIC_0027714.jpg
HAM10000_images_part_1,ISIC_0027715.jpg,.jpg,264903,HAM10000_images_part_1\ISIC_0027715.jpg
HAM10000_images_part_1,ISIC_0027716.jpg,.jpg,279005,HAM10000_images_part_1\ISIC_0027716.jpg
HAM10000_images_part_1,ISIC_0027717.jpg,.jpg,366204,HAM10000_images_part_1\ISIC_0027717.jpg
HAM10000_images_part_1,ISIC_0027718.jpg,.jpg,258535,HAM10000_images_part_1\ISIC_0027718.jpg
HAM10000_images_part_1,ISIC_0027719.jpg,.jpg,222471,HAM10000_images_part_1\ISIC_0027719.jpg
HAM10000_images_part_1,ISIC_0027720.jpg,.jpg,266776,HAM10000_images_part_1\ISIC_0027720.jpg
HAM10000_images_part_1,ISIC_0027721.jpg,.jpg,346887,HAM10000_images_part_1\ISIC_0027721.jpg
HAM10000_images_part_1,ISIC_0027722.jpg,.jpg,254163,HAM10000_images_part_1\ISIC_0027722.jpg
HAM10000_images_part_1,ISIC_0027723.jpg,.jpg,277722,HAM10000_images_part_1\ISIC_0027723.jpg
HAM10000_images_part_1,ISIC_0027724.jpg,.jpg,255116,HAM10000_images_part_1\ISIC_0027724.jpg
HAM10000_images_part_1,ISIC_0027725.jpg,.jpg,298113,HAM10000_images_part_1\ISIC_0027725.jpg
HAM10000_images_part_1,ISIC_0027726.jpg,.jpg,267094,HAM10000_images_part_1\ISIC_0027726.jpg
HAM10000_images_part_1,ISIC_0027727.jpg,.jpg,170777,HAM10000_images_part_1\ISIC_0027727.jpg
HAM10000_images_part_1,ISIC_0027728.jpg,.jpg,273892,HAM10000_images_part_1\ISIC_0027728.jpg
HAM10000_images_part_1,ISIC_0027729.jpg,.jpg,258190,HAM10000_images_part_1\ISIC_0027729.jpg
HAM10000_images_part_1,ISIC_0027730.jpg,.jpg,275507,HAM10000_images_part_1\ISIC_0027730.jpg
HAM10000_images_part_1,ISIC_0027731.jpg,.jpg,273791,HAM10000_images_part_1\ISIC_0027731.jpg
HAM10000_images_part_1,ISIC_0027732.jpg,.jpg,289249,HAM10000_images_part_1\ISIC_0027732.jpg
HAM10000_images_part_1,ISIC_0027733.jpg,.jpg,262595,HAM10000_images_part_1\ISIC_0027733.jpg
HAM10000_images_part_1,ISIC_0027734.jpg,.jpg,282809,HAM10000_images_part_1\ISIC_0027734.jpg
HAM10000_images_part_1,ISIC_0027735.jpg,.jpg,324489,HAM10000_images_part_1\ISIC_0027735.jpg
HAM10000_images_part_1,ISIC_0027736.jpg,.jpg,304731,HAM10000_images_part_1\ISIC_0027736.jpg
HAM10000_images_part_1,ISIC_0027737.jpg,.jpg,261435,HAM10000_images_part_1\ISIC_0027737.jpg
HAM10000_images_part_1,ISIC_0027738.jpg,.jpg,309020,HAM10000_images_part_1\ISIC_0027738.jpg
HAM10000_images_part_1,ISIC_0027739.jpg,.jpg,250447,HAM10000_images_part_1\ISIC_0027739.jpg
HAM10000_images_part_1,ISIC_0027740.jpg,.jpg,303976,HAM10000_images_part_1\ISIC_0027740.jpg
HAM10000_images_part_1,ISIC_0027741.jpg,.jpg,294688,HAM10000_images_part_1\ISIC_0027741.jpg
HAM10000_images_part_1,ISIC_0027742.jpg,.jpg,257295,HAM10000_images_part_1\ISIC_0027742.jpg
HAM10000_images_part_1,ISIC_0027743.jpg,.jpg,282795,HAM10000_images_part_1\ISIC_0027743.jpg
HAM10000_images_part_1,ISIC_0027744.jpg,.jpg,265917,HAM10000_images_part_1\ISIC_0027744.jpg
HAM10000_images_part_1,ISIC_0027745.jpg,.jpg,333578,HAM10000_images_part_1\ISIC_0027745.jpg
HAM10000_images_part_1,ISIC_0027746.jpg,.jpg,314101,HAM10000_images_part_1\ISIC_0027746.jpg
HAM10000_images_part_1,ISIC_0027747.jpg,.jpg,319284,HAM10000_images_part_1\ISIC_0027747.jpg
HAM10000_images_part_1,ISIC_0027748.jpg,.jpg,285227,HAM10000_images_part_1\ISIC_0027748.jpg
HAM10000_images_part_1,ISIC_0027749.jpg,.jpg,281288,HAM10000_images_part_1\ISIC_0027749.jpg
HAM10000_images_part_1,ISIC_0027750.jpg,.jpg,267657,HAM10000_images_part_1\ISIC_0027750.jpg
HAM10000_images_part_1,ISIC_0027751.jpg,.jpg,281655,HAM10000_images_part_1\ISIC_0027751.jpg
HAM10000_images_part_1,ISIC_0027752.jpg,.jpg,331834,HAM10000_images_part_1\ISIC_0027752.jpg
HAM10000_images_part_1,ISIC_0027753.jpg,.jpg,271090,HAM10000_images_part_1\ISIC_0027753.jpg
HAM10000_images_part_1,ISIC_0027754.jpg,.jpg,279506,HAM10000_images_part_1\ISIC_0027754.jpg
HAM10000_images_part_1,ISIC_0027755.jpg,.jpg,276294,HAM10000_images_part_1\ISIC_0027755.jpg
HAM10000_images_part_1,ISIC_0027756.jpg,.jpg,168795,HAM10000_images_part_1\ISIC_0027756.jpg
HAM10000_images_part_1,ISIC_0027757.jpg,.jpg,215534,HAM10000_images_part_1\ISIC_0027757.jpg
HAM10000_images_part_1,ISIC_0027758.jpg,.jpg,345485,HAM10000_images_part_1\ISIC_0027758.jpg
HAM10000_images_part_1,ISIC_0027759.jpg,.jpg,257976,HAM10000_images_part_1\ISIC_0027759.jpg
HAM10000_images_part_1,ISIC_0027760.jpg,.jpg,289363,HAM10000_images_part_1\ISIC_0027760.jpg
HAM10000_images_part_1,ISIC_0027761.jpg,.jpg,273003,HAM10000_images_part_1\ISIC_0027761.jpg
HAM10000_images_part_1,ISIC_0027762.jpg,.jpg,266766,HAM10000_images_part_1\ISIC_0027762.jpg
HAM10000_images_part_1,ISIC_0027763.jpg,.jpg,357111,HAM10000_images_part_1\ISIC_0027763.jpg
HAM10000_images_part_1,ISIC_0027764.jpg,.jpg,359066,HAM10000_images_part_1\ISIC_0027764.jpg
HAM10000_images_part_1,ISIC_0027765.jpg,.jpg,266371,HAM10000_images_part_1\ISIC_0027765.jpg
HAM10000_images_part_1,ISIC_0027766.jpg,.jpg,250614,HAM10000_images_part_1\ISIC_0027766.jpg
HAM10000_images_part_1,ISIC_0027767.jpg,.jpg,294954,HAM10000_images_part_1\ISIC_0027767.jpg
HAM10000_images_part_1,ISIC_0027768.jpg,.jpg,325775,HAM10000_images_part_1\ISIC_0027768.jpg
HAM10000_images_part_1,ISIC_0027769.jpg,.jpg,266392,HAM10000_images_part_1\ISIC_0027769.jpg
HAM10000_images_part_1,ISIC_0027770.jpg,.jpg,255432,HAM10000_images_part_1\ISIC_0027770.jpg
HAM10000_images_part_1,ISIC_0027771.jpg,.jpg,238629,HAM10000_images_part_1\ISIC_0027771.jpg
HAM10000_images_part_1,ISIC_0027772.jpg,.jpg,253392,HAM10000_images_part_1\ISIC_0027772.jpg
HAM10000_images_part_1,ISIC_0027773.jpg,.jpg,285750,HAM10000_images_part_1\ISIC_0027773.jpg
HAM10000_images_part_1,ISIC_0027774.jpg,.jpg,311392,HAM10000_images_part_1\ISIC_0027774.jpg
HAM10000_images_part_1,ISIC_0027775.jpg,.jpg,289510,HAM10000_images_part_1\ISIC_0027775.jpg
HAM10000_images_part_1,ISIC_0027776.jpg,.jpg,280331,HAM10000_images_part_1\ISIC_0027776.jpg
HAM10000_images_part_1,ISIC_0027777.jpg,.jpg,288478,HAM10000_images_part_1\ISIC_0027777.jpg
HAM10000_images_part_1,ISIC_0027778.jpg,.jpg,270303,HAM10000_images_part_1\ISIC_0027778.jpg
HAM10000_images_part_1,ISIC_0027779.jpg,.jpg,293564,HAM10000_images_part_1\ISIC_0027779.jpg
HAM10000_images_part_1,ISIC_0027780.jpg,.jpg,272453,HAM10000_images_part_1\ISIC_0027780.jpg
HAM10000_images_part_1,ISIC_0027781.jpg,.jpg,313638,HAM10000_images_part_1\ISIC_0027781.jpg
HAM10000_images_part_1,ISIC_0027782.jpg,.jpg,298475,HAM10000_images_part_1\ISIC_0027782.jpg
HAM10000_images_part_1,ISIC_0027783.jpg,.jpg,192008,HAM10000_images_part_1\ISIC_0027783.jpg
HAM10000_images_part_1,ISIC_0027784.jpg,.jpg,337500,HAM10000_images_part_1\ISIC_0027784.jpg
HAM10000_images_part_1,ISIC_0027785.jpg,.jpg,264491,HAM10000_images_part_1\ISIC_0027785.jpg
HAM10000_images_part_1,ISIC_0027786.jpg,.jpg,366212,HAM10000_images_part_1\ISIC_0027786.jpg
HAM10000_images_part_1,ISIC_0027787.jpg,.jpg,274659,HAM10000_images_part_1\ISIC_0027787.jpg
HAM10000_images_part_1,ISIC_0027788.jpg,.jpg,208289,HAM10000_images_part_1\ISIC_0027788.jpg
HAM10000_images_part_1,ISIC_0027789.jpg,.jpg,180779,HAM10000_images_part_1\ISIC_0027789.jpg
HAM10000_images_part_1,ISIC_0027790.jpg,.jpg,419981,HAM10000_images_part_1\ISIC_0027790.jpg
HAM10000_images_part_1,ISIC_0027791.jpg,.jpg,302689,HAM10000_images_part_1\ISIC_0027791.jpg
HAM10000_images_part_1,ISIC_0027792.jpg,.jpg,283371,HAM10000_images_part_1\ISIC_0027792.jpg
HAM10000_images_part_1,ISIC_0027793.jpg,.jpg,278274,HAM10000_images_part_1\ISIC_0027793.jpg
HAM10000_images_part_1,ISIC_0027794.jpg,.jpg,275368,HAM10000_images_part_1\ISIC_0027794.jpg
HAM10000_images_part_1,ISIC_0027795.jpg,.jpg,279404,HAM10000_images_part_1\ISIC_0027795.jpg
HAM10000_images_part_1,ISIC_0027796.jpg,.jpg,194328,HAM10000_images_part_1\ISIC_0027796.jpg
HAM10000_images_part_1,ISIC_0027797.jpg,.jpg,190153,HAM10000_images_part_1\ISIC_0027797.jpg
HAM10000_images_part_1,ISIC_0027798.jpg,.jpg,129971,HAM10000_images_part_1\ISIC_0027798.jpg
HAM10000_images_part_1,ISIC_0027799.jpg,.jpg,281828,HAM10000_images_part_1\ISIC_0027799.jpg
HAM10000_images_part_1,ISIC_0027800.jpg,.jpg,233652,HAM10000_images_part_1\ISIC_0027800.jpg
HAM10000_images_part_1,ISIC_0027801.jpg,.jpg,219407,HAM10000_images_part_1\ISIC_0027801.jpg
HAM10000_images_part_1,ISIC_0027802.jpg,.jpg,229893,HAM10000_images_part_1\ISIC_0027802.jpg
HAM10000_images_part_1,ISIC_0027803.jpg,.jpg,307302,HAM10000_images_part_1\ISIC_0027803.jpg
HAM10000_images_part_1,ISIC_0027804.jpg,.jpg,261514,HAM10000_images_part_1\ISIC_0027804.jpg
HAM10000_images_part_1,ISIC_0027805.jpg,.jpg,279447,HAM10000_images_part_1\ISIC_0027805.jpg
HAM10000_images_part_1,ISIC_0027806.jpg,.jpg,271614,HAM10000_images_part_1\ISIC_0027806.jpg
HAM10000_images_part_1,ISIC_0027807.jpg,.jpg,280211,HAM10000_images_part_1\ISIC_0027807.jpg
HAM10000_images_part_1,ISIC_0027808.jpg,.jpg,342828,HAM10000_images_part_1\ISIC_0027808.jpg
HAM10000_images_part_1,ISIC_0027809.jpg,.jpg,264086,HAM10000_images_part_1\ISIC_0027809.jpg
HAM10000_images_part_1,ISIC_0027810.jpg,.jpg,372914,HAM10000_images_part_1\ISIC_0027810.jpg
HAM10000_images_part_1,ISIC_0027811.jpg,.jpg,287833,HAM10000_images_part_1\ISIC_0027811.jpg
HAM10000_images_part_1,ISIC_0027812.jpg,.jpg,182410,HAM10000_images_part_1\ISIC_0027812.jpg
HAM10000_images_part_1,ISIC_0027813.jpg,.jpg,262762,HAM10000_images_part_1\ISIC_0027813.jpg
HAM10000_images_part_1,ISIC_0027814.jpg,.jpg,174475,HAM10000_images_part_1\ISIC_0027814.jpg
HAM10000_images_part_1,ISIC_0027815.jpg,.jpg,362769,HAM10000_images_part_1\ISIC_0027815.jpg
HAM10000_images_part_1,ISIC_0027816.jpg,.jpg,338565,HAM10000_images_part_1\ISIC_0027816.jpg
HAM10000_images_part_1,ISIC_0027817.jpg,.jpg,275171,HAM10000_images_part_1\ISIC_0027817.jpg
HAM10000_images_part_1,ISIC_0027818.jpg,.jpg,292647,HAM10000_images_part_1\ISIC_0027818.jpg
HAM10000_images_part_1,ISIC_0027819.jpg,.jpg,163727,HAM10000_images_part_1\ISIC_0027819.jpg
HAM10000_images_part_1,ISIC_0027820.jpg,.jpg,255363,HAM10000_images_part_1\ISIC_0027820.jpg
HAM10000_images_part_1,ISIC_0027821.jpg,.jpg,266076,HAM10000_images_part_1\ISIC_0027821.jpg
HAM10000_images_part_1,ISIC_0027822.jpg,.jpg,295876,HAM10000_images_part_1\ISIC_0027822.jpg
HAM10000_images_part_1,ISIC_0027823.jpg,.jpg,265364,HAM10000_images_part_1\ISIC_0027823.jpg
HAM10000_images_part_1,ISIC_0027824.jpg,.jpg,303927,HAM10000_images_part_1\ISIC_0027824.jpg
HAM10000_images_part_1,ISIC_0027825.jpg,.jpg,187550,HAM10000_images_part_1\ISIC_0027825.jpg
HAM10000_images_part_1,ISIC_0027826.jpg,.jpg,326919,HAM10000_images_part_1\ISIC_0027826.jpg
HAM10000_images_part_1,ISIC_0027827.jpg,.jpg,278542,HAM10000_images_part_1\ISIC_0027827.jpg
HAM10000_images_part_1,ISIC_0027828.jpg,.jpg,264957,HAM10000_images_part_1\ISIC_0027828.jpg
HAM10000_images_part_1,ISIC_0027829.jpg,.jpg,222276,HAM10000_images_part_1\ISIC_0027829.jpg
HAM10000_images_part_1,ISIC_0027830.jpg,.jpg,272926,HAM10000_images_part_1\ISIC_0027830.jpg
HAM10000_images_part_1,ISIC_0027831.jpg,.jpg,296056,HAM10000_images_part_1\ISIC_0027831.jpg
HAM10000_images_part_1,ISIC_0027832.jpg,.jpg,201318,HAM10000_images_part_1\ISIC_0027832.jpg
HAM10000_images_part_1,ISIC_0027833.jpg,.jpg,275904,HAM10000_images_part_1\ISIC_0027833.jpg
HAM10000_images_part_1,ISIC_0027834.jpg,.jpg,333420,HAM10000_images_part_1\ISIC_0027834.jpg
HAM10000_images_part_1,ISIC_0027835.jpg,.jpg,289502,HAM10000_images_part_1\ISIC_0027835.jpg
HAM10000_images_part_1,ISIC_0027836.jpg,.jpg,333345,HAM10000_images_part_1\ISIC_0027836.jpg
HAM10000_images_part_1,ISIC_0027837.jpg,.jpg,313891,HAM10000_images_part_1\ISIC_0027837.jpg
HAM10000_images_part_1,ISIC_0027838.jpg,.jpg,297288,HAM10000_images_part_1\ISIC_0027838.jpg
HAM10000_images_part_1,ISIC_0027839.jpg,.jpg,277452,HAM10000_images_part_1\ISIC_0027839.jpg
HAM10000_images_part_1,ISIC_0027840.jpg,.jpg,241028,HAM10000_images_part_1\ISIC_0027840.jpg
HAM10000_images_part_1,ISIC_0027841.jpg,.jpg,268805,HAM10000_images_part_1\ISIC_0027841.jpg
HAM10000_images_part_1,ISIC_0027842.jpg,.jpg,299094,HAM10000_images_part_1\ISIC_0027842.jpg
HAM10000_images_part_1,ISIC_0027843.jpg,.jpg,280168,HAM10000_images_part_1\ISIC_0027843.jpg
HAM10000_images_part_1,ISIC_0027844.jpg,.jpg,300353,HAM10000_images_part_1\ISIC_0027844.jpg
HAM10000_images_part_1,ISIC_0027845.jpg,.jpg,252384,HAM10000_images_part_1\ISIC_0027845.jpg
HAM10000_images_part_1,ISIC_0027846.jpg,.jpg,195465,HAM10000_images_part_1\ISIC_0027846.jpg
HAM10000_images_part_1,ISIC_0027847.jpg,.jpg,263393,HAM10000_images_part_1\ISIC_0027847.jpg
HAM10000_images_part_1,ISIC_0027848.jpg,.jpg,249545,HAM10000_images_part_1\ISIC_0027848.jpg
HAM10000_images_part_1,ISIC_0027849.jpg,.jpg,252782,HAM10000_images_part_1\ISIC_0027849.jpg
HAM10000_images_part_1,ISIC_0027850.jpg,.jpg,277585,HAM10000_images_part_1\ISIC_0027850.jpg
HAM10000_images_part_1,ISIC_0027851.jpg,.jpg,290983,HAM10000_images_part_1\ISIC_0027851.jpg
HAM10000_images_part_1,ISIC_0027852.jpg,.jpg,169868,HAM10000_images_part_1\ISIC_0027852.jpg
HAM10000_images_part_1,ISIC_0027853.jpg,.jpg,250402,HAM10000_images_part_1\ISIC_0027853.jpg
HAM10000_images_part_1,ISIC_0027854.jpg,.jpg,338256,HAM10000_images_part_1\ISIC_0027854.jpg
HAM10000_images_part_1,ISIC_0027855.jpg,.jpg,292073,HAM10000_images_part_1\ISIC_0027855.jpg
HAM10000_images_part_1,ISIC_0027856.jpg,.jpg,304560,HAM10000_images_part_1\ISIC_0027856.jpg
HAM10000_images_part_1,ISIC_0027857.jpg,.jpg,277248,HAM10000_images_part_1\ISIC_0027857.jpg
HAM10000_images_part_1,ISIC_0027858.jpg,.jpg,383682,HAM10000_images_part_1\ISIC_0027858.jpg
HAM10000_images_part_1,ISIC_0027859.jpg,.jpg,225399,HAM10000_images_part_1\ISIC_0027859.jpg
HAM10000_images_part_1,ISIC_0027860.jpg,.jpg,275636,HAM10000_images_part_1\ISIC_0027860.jpg
HAM10000_images_part_1,ISIC_0027861.jpg,.jpg,287485,HAM10000_images_part_1\ISIC_0027861.jpg
HAM10000_images_part_1,ISIC_0027862.jpg,.jpg,267211,HAM10000_images_part_1\ISIC_0027862.jpg
HAM10000_images_part_1,ISIC_0027863.jpg,.jpg,253994,HAM10000_images_part_1\ISIC_0027863.jpg
HAM10000_images_part_1,ISIC_0027864.jpg,.jpg,274663,HAM10000_images_part_1\ISIC_0027864.jpg
HAM10000_images_part_1,ISIC_0027865.jpg,.jpg,324723,HAM10000_images_part_1\ISIC_0027865.jpg
HAM10000_images_part_1,ISIC_0027866.jpg,.jpg,291812,HAM10000_images_part_1\ISIC_0027866.jpg
HAM10000_images_part_1,ISIC_0027867.jpg,.jpg,227681,HAM10000_images_part_1\ISIC_0027867.jpg
HAM10000_images_part_1,ISIC_0027868.jpg,.jpg,372981,HAM10000_images_part_1\ISIC_0027868.jpg
HAM10000_images_part_1,ISIC_0027869.jpg,.jpg,334379,HAM10000_images_part_1\ISIC_0027869.jpg
HAM10000_images_part_1,ISIC_0027870.jpg,.jpg,279906,HAM10000_images_part_1\ISIC_0027870.jpg
HAM10000_images_part_1,ISIC_0027871.jpg,.jpg,267421,HAM10000_images_part_1\ISIC_0027871.jpg
HAM10000_images_part_1,ISIC_0027872.jpg,.jpg,309335,HAM10000_images_part_1\ISIC_0027872.jpg
HAM10000_images_part_1,ISIC_0027873.jpg,.jpg,212429,HAM10000_images_part_1\ISIC_0027873.jpg
HAM10000_images_part_1,ISIC_0027874.jpg,.jpg,258964,HAM10000_images_part_1\ISIC_0027874.jpg
HAM10000_images_part_1,ISIC_0027875.jpg,.jpg,333339,HAM10000_images_part_1\ISIC_0027875.jpg
HAM10000_images_part_1,ISIC_0027876.jpg,.jpg,207286,HAM10000_images_part_1\ISIC_0027876.jpg
HAM10000_images_part_1,ISIC_0027877.jpg,.jpg,279663,HAM10000_images_part_1\ISIC_0027877.jpg
HAM10000_images_part_1,ISIC_0027878.jpg,.jpg,278134,HAM10000_images_part_1\ISIC_0027878.jpg
HAM10000_images_part_1,ISIC_0027879.jpg,.jpg,276473,HAM10000_images_part_1\ISIC_0027879.jpg
HAM10000_images_part_1,ISIC_0027880.jpg,.jpg,270274,HAM10000_images_part_1\ISIC_0027880.jpg
HAM10000_images_part_1,ISIC_0027881.jpg,.jpg,366680,HAM10000_images_part_1\ISIC_0027881.jpg
HAM10000_images_part_1,ISIC_0027882.jpg,.jpg,264736,HAM10000_images_part_1\ISIC_0027882.jpg
HAM10000_images_part_1,ISIC_0027883.jpg,.jpg,217736,HAM10000_images_part_1\ISIC_0027883.jpg
HAM10000_images_part_1,ISIC_0027884.jpg,.jpg,241412,HAM10000_images_part_1\ISIC_0027884.jpg
HAM10000_images_part_1,ISIC_0027885.jpg,.jpg,272113,HAM10000_images_part_1\ISIC_0027885.jpg
HAM10000_images_part_1,ISIC_0027886.jpg,.jpg,343341,HAM10000_images_part_1\ISIC_0027886.jpg
HAM10000_images_part_1,ISIC_0027887.jpg,.jpg,260009,HAM10000_images_part_1\ISIC_0027887.jpg
HAM10000_images_part_1,ISIC_0027888.jpg,.jpg,311560,HAM10000_images_part_1\ISIC_0027888.jpg
HAM10000_images_part_1,ISIC_0027889.jpg,.jpg,185913,HAM10000_images_part_1\ISIC_0027889.jpg
HAM10000_images_part_1,ISIC_0027890.jpg,.jpg,296261,HAM10000_images_part_1\ISIC_0027890.jpg
HAM10000_images_part_1,ISIC_0027891.jpg,.jpg,300413,HAM10000_images_part_1\ISIC_0027891.jpg
HAM10000_images_part_1,ISIC_0027892.jpg,.jpg,281968,HAM10000_images_part_1\ISIC_0027892.jpg
HAM10000_images_part_1,ISIC_0027893.jpg,.jpg,287362,HAM10000_images_part_1\ISIC_0027893.jpg
HAM10000_images_part_1,ISIC_0027894.jpg,.jpg,270261,HAM10000_images_part_1\ISIC_0027894.jpg
HAM10000_images_part_1,ISIC_0027895.jpg,.jpg,259589,HAM10000_images_part_1\ISIC_0027895.jpg
HAM10000_images_part_1,ISIC_0027896.jpg,.jpg,291099,HAM10000_images_part_1\ISIC_0027896.jpg
HAM10000_images_part_1,ISIC_0027897.jpg,.jpg,328090,HAM10000_images_part_1\ISIC_0027897.jpg
HAM10000_images_part_1,ISIC_0027898.jpg,.jpg,315358,HAM10000_images_part_1\ISIC_0027898.jpg
HAM10000_images_part_1,ISIC_0027899.jpg,.jpg,316368,HAM10000_images_part_1\ISIC_0027899.jpg
HAM10000_images_part_1,ISIC_0027900.jpg,.jpg,240860,HAM10000_images_part_1\ISIC_0027900.jpg
HAM10000_images_part_1,ISIC_0027901.jpg,.jpg,269411,HAM10000_images_part_1\ISIC_0027901.jpg
HAM10000_images_part_1,ISIC_0027902.jpg,.jpg,267675,HAM10000_images_part_1\ISIC_0027902.jpg
HAM10000_images_part_1,ISIC_0027903.jpg,.jpg,210713,HAM10000_images_part_1\ISIC_0027903.jpg
HAM10000_images_part_1,ISIC_0027904.jpg,.jpg,271906,HAM10000_images_part_1\ISIC_0027904.jpg
HAM10000_images_part_1,ISIC_0027905.jpg,.jpg,299649,HAM10000_images_part_1\ISIC_0027905.jpg
HAM10000_images_part_1,ISIC_0027906.jpg,.jpg,265249,HAM10000_images_part_1\ISIC_0027906.jpg
HAM10000_images_part_1,ISIC_0027907.jpg,.jpg,166270,HAM10000_images_part_1\ISIC_0027907.jpg
HAM10000_images_part_1,ISIC_0027908.jpg,.jpg,273300,HAM10000_images_part_1\ISIC_0027908.jpg
HAM10000_images_part_1,ISIC_0027909.jpg,.jpg,315619,HAM10000_images_part_1\ISIC_0027909.jpg
HAM10000_images_part_1,ISIC_0027910.jpg,.jpg,340481,HAM10000_images_part_1\ISIC_0027910.jpg
HAM10000_images_part_1,ISIC_0027911.jpg,.jpg,271105,HAM10000_images_part_1\ISIC_0027911.jpg
HAM10000_images_part_1,ISIC_0027912.jpg,.jpg,333930,HAM10000_images_part_1\ISIC_0027912.jpg
HAM10000_images_part_1,ISIC_0027913.jpg,.jpg,258964,HAM10000_images_part_1\ISIC_0027913.jpg
HAM10000_images_part_1,ISIC_0027914.jpg,.jpg,266747,HAM10000_images_part_1\ISIC_0027914.jpg
HAM10000_images_part_1,ISIC_0027915.jpg,.jpg,242522,HAM10000_images_part_1\ISIC_0027915.jpg
HAM10000_images_part_1,ISIC_0027916.jpg,.jpg,288399,HAM10000_images_part_1\ISIC_0027916.jpg
HAM10000_images_part_1,ISIC_0027917.jpg,.jpg,286521,HAM10000_images_part_1\ISIC_0027917.jpg
HAM10000_images_part_1,ISIC_0027918.jpg,.jpg,258644,HAM10000_images_part_1\ISIC_0027918.jpg
HAM10000_images_part_1,ISIC_0027919.jpg,.jpg,342982,HAM10000_images_part_1\ISIC_0027919.jpg
HAM10000_images_part_1,ISIC_0027920.jpg,.jpg,292763,HAM10000_images_part_1\ISIC_0027920.jpg
HAM10000_images_part_1,ISIC_0027921.jpg,.jpg,264065,HAM10000_images_part_1\ISIC_0027921.jpg
HAM10000_images_part_1,ISIC_0027922.jpg,.jpg,194370,HAM10000_images_part_1\ISIC_0027922.jpg
HAM10000_images_part_1,ISIC_0027923.jpg,.jpg,279739,HAM10000_images_part_1\ISIC_0027923.jpg
HAM10000_images_part_1,ISIC_0027924.jpg,.jpg,265681,HAM10000_images_part_1\ISIC_0027924.jpg
HAM10000_images_part_1,ISIC_0027925.jpg,.jpg,256193,HAM10000_images_part_1\ISIC_0027925.jpg
HAM10000_images_part_1,ISIC_0027926.jpg,.jpg,266898,HAM10000_images_part_1\ISIC_0027926.jpg
HAM10000_images_part_1,ISIC_0027927.jpg,.jpg,277249,HAM10000_images_part_1\ISIC_0027927.jpg
HAM10000_images_part_1,ISIC_0027928.jpg,.jpg,207662,HAM10000_images_part_1\ISIC_0027928.jpg
HAM10000_images_part_1,ISIC_0027929.jpg,.jpg,278654,HAM10000_images_part_1\ISIC_0027929.jpg
HAM10000_images_part_1,ISIC_0027930.jpg,.jpg,369657,HAM10000_images_part_1\ISIC_0027930.jpg
HAM10000_images_part_1,ISIC_0027931.jpg,.jpg,294789,HAM10000_images_part_1\ISIC_0027931.jpg
HAM10000_images_part_1,ISIC_0027932.jpg,.jpg,338832,HAM10000_images_part_1\ISIC_0027932.jpg
HAM10000_images_part_1,ISIC_0027933.jpg,.jpg,289480,HAM10000_images_part_1\ISIC_0027933.jpg
HAM10000_images_part_1,ISIC_0027934.jpg,.jpg,259548,HAM10000_images_part_1\ISIC_0027934.jpg
HAM10000_images_part_1,ISIC_0027935.jpg,.jpg,268406,HAM10000_images_part_1\ISIC_0027935.jpg
HAM10000_images_part_1,ISIC_0027936.jpg,.jpg,279666,HAM10000_images_part_1\ISIC_0027936.jpg
HAM10000_images_part_1,ISIC_0027937.jpg,.jpg,277952,HAM10000_images_part_1\ISIC_0027937.jpg
HAM10000_images_part_1,ISIC_0027938.jpg,.jpg,338134,HAM10000_images_part_1\ISIC_0027938.jpg
HAM10000_images_part_1,ISIC_0027939.jpg,.jpg,366167,HAM10000_images_part_1\ISIC_0027939.jpg
HAM10000_images_part_1,ISIC_0027940.jpg,.jpg,275446,HAM10000_images_part_1\ISIC_0027940.jpg
HAM10000_images_part_1,ISIC_0027941.jpg,.jpg,267647,HAM10000_images_part_1\ISIC_0027941.jpg
HAM10000_images_part_1,ISIC_0027942.jpg,.jpg,262334,HAM10000_images_part_1\ISIC_0027942.jpg
HAM10000_images_part_1,ISIC_0027943.jpg,.jpg,262323,HAM10000_images_part_1\ISIC_0027943.jpg
HAM10000_images_part_1,ISIC_0027944.jpg,.jpg,352188,HAM10000_images_part_1\ISIC_0027944.jpg
HAM10000_images_part_1,ISIC_0027945.jpg,.jpg,146602,HAM10000_images_part_1\ISIC_0027945.jpg
HAM10000_images_part_1,ISIC_0027946.jpg,.jpg,271486,HAM10000_images_part_1\ISIC_0027946.jpg
HAM10000_images_part_1,ISIC_0027947.jpg,.jpg,267507,HAM10000_images_part_1\ISIC_0027947.jpg
HAM10000_images_part_1,ISIC_0027948.jpg,.jpg,219433,HAM10000_images_part_1\ISIC_0027948.jpg
HAM10000_images_part_1,ISIC_0027949.jpg,.jpg,286065,HAM10000_images_part_1\ISIC_0027949.jpg
HAM10000_images_part_1,ISIC_0027950.jpg,.jpg,166898,HAM10000_images_part_1\ISIC_0027950.jpg
HAM10000_images_part_1,ISIC_0027951.jpg,.jpg,270334,HAM10000_images_part_1\ISIC_0027951.jpg
HAM10000_images_part_1,ISIC_0027952.jpg,.jpg,273213,HAM10000_images_part_1\ISIC_0027952.jpg
HAM10000_images_part_1,ISIC_0027953.jpg,.jpg,224352,HAM10000_images_part_1\ISIC_0027953.jpg
HAM10000_images_part_1,ISIC_0027954.jpg,.jpg,335946,HAM10000_images_part_1\ISIC_0027954.jpg
HAM10000_images_part_1,ISIC_0027955.jpg,.jpg,286331,HAM10000_images_part_1\ISIC_0027955.jpg
HAM10000_images_part_1,ISIC_0027956.jpg,.jpg,297100,HAM10000_images_part_1\ISIC_0027956.jpg
HAM10000_images_part_1,ISIC_0027957.jpg,.jpg,293089,HAM10000_images_part_1\ISIC_0027957.jpg
HAM10000_images_part_1,ISIC_0027958.jpg,.jpg,304388,HAM10000_images_part_1\ISIC_0027958.jpg
HAM10000_images_part_1,ISIC_0027959.jpg,.jpg,185798,HAM10000_images_part_1\ISIC_0027959.jpg
HAM10000_images_part_1,ISIC_0027960.jpg,.jpg,281816,HAM10000_images_part_1\ISIC_0027960.jpg
HAM10000_images_part_1,ISIC_0027961.jpg,.jpg,229349,HAM10000_images_part_1\ISIC_0027961.jpg
HAM10000_images_part_1,ISIC_0027962.jpg,.jpg,292217,HAM10000_images_part_1\ISIC_0027962.jpg
HAM10000_images_part_1,ISIC_0027963.jpg,.jpg,189235,HAM10000_images_part_1\ISIC_0027963.jpg
HAM10000_images_part_1,ISIC_0027964.jpg,.jpg,315424,HAM10000_images_part_1\ISIC_0027964.jpg
HAM10000_images_part_1,ISIC_0027965.jpg,.jpg,289557,HAM10000_images_part_1\ISIC_0027965.jpg
HAM10000_images_part_1,ISIC_0027966.jpg,.jpg,216871,HAM10000_images_part_1\ISIC_0027966.jpg
HAM10000_images_part_1,ISIC_0027967.jpg,.jpg,219745,HAM10000_images_part_1\ISIC_0027967.jpg
HAM10000_images_part_1,ISIC_0027968.jpg,.jpg,284881,HAM10000_images_part_1\ISIC_0027968.jpg
HAM10000_images_part_1,ISIC_0027969.jpg,.jpg,157262,HAM10000_images_part_1\ISIC_0027969.jpg
HAM10000_images_part_1,ISIC_0027970.jpg,.jpg,347828,HAM10000_images_part_1\ISIC_0027970.jpg
HAM10000_images_part_1,ISIC_0027971.jpg,.jpg,278789,HAM10000_images_part_1\ISIC_0027971.jpg
HAM10000_images_part_1,ISIC_0027972.jpg,.jpg,273721,HAM10000_images_part_1\ISIC_0027972.jpg
HAM10000_images_part_1,ISIC_0027973.jpg,.jpg,294850,HAM10000_images_part_1\ISIC_0027973.jpg
HAM10000_images_part_1,ISIC_0027974.jpg,.jpg,345571,HAM10000_images_part_1\ISIC_0027974.jpg
HAM10000_images_part_1,ISIC_0027975.jpg,.jpg,275996,HAM10000_images_part_1\ISIC_0027975.jpg
HAM10000_images_part_1,ISIC_0027976.jpg,.jpg,263941,HAM10000_images_part_1\ISIC_0027976.jpg
HAM10000_images_part_1,ISIC_0027977.jpg,.jpg,309805,HAM10000_images_part_1\ISIC_0027977.jpg
HAM10000_images_part_1,ISIC_0027978.jpg,.jpg,231679,HAM10000_images_part_1\ISIC_0027978.jpg
HAM10000_images_part_1,ISIC_0027979.jpg,.jpg,280428,HAM10000_images_part_1\ISIC_0027979.jpg
HAM10000_images_part_1,ISIC_0027980.jpg,.jpg,269219,HAM10000_images_part_1\ISIC_0027980.jpg
HAM10000_images_part_1,ISIC_0027981.jpg,.jpg,266342,HAM10000_images_part_1\ISIC_0027981.jpg
HAM10000_images_part_1,ISIC_0027982.jpg,.jpg,252002,HAM10000_images_part_1\ISIC_0027982.jpg
HAM10000_images_part_1,ISIC_0027983.jpg,.jpg,251887,HAM10000_images_part_1\ISIC_0027983.jpg
HAM10000_images_part_1,ISIC_0027984.jpg,.jpg,180679,HAM10000_images_part_1\ISIC_0027984.jpg
HAM10000_images_part_1,ISIC_0027985.jpg,.jpg,267130,HAM10000_images_part_1\ISIC_0027985.jpg
HAM10000_images_part_1,ISIC_0027986.jpg,.jpg,272375,HAM10000_images_part_1\ISIC_0027986.jpg
HAM10000_images_part_1,ISIC_0027987.jpg,.jpg,359501,HAM10000_images_part_1\ISIC_0027987.jpg
HAM10000_images_part_1,ISIC_0027988.jpg,.jpg,209143,HAM10000_images_part_1\ISIC_0027988.jpg
HAM10000_images_part_1,ISIC_0027989.jpg,.jpg,254557,HAM10000_images_part_1\ISIC_0027989.jpg
HAM10000_images_part_1,ISIC_0027990.jpg,.jpg,305834,HAM10000_images_part_1\ISIC_0027990.jpg
HAM10000_images_part_1,ISIC_0027991.jpg,.jpg,239381,HAM10000_images_part_1\ISIC_0027991.jpg
HAM10000_images_part_1,ISIC_0027992.jpg,.jpg,285848,HAM10000_images_part_1\ISIC_0027992.jpg
HAM10000_images_part_1,ISIC_0027993.jpg,.jpg,287068,HAM10000_images_part_1\ISIC_0027993.jpg
HAM10000_images_part_1,ISIC_0027994.jpg,.jpg,281099,HAM10000_images_part_1\ISIC_0027994.jpg
HAM10000_images_part_1,ISIC_0027995.jpg,.jpg,274453,HAM10000_images_part_1\ISIC_0027995.jpg
HAM10000_images_part_1,ISIC_0027996.jpg,.jpg,313160,HAM10000_images_part_1\ISIC_0027996.jpg
HAM10000_images_part_1,ISIC_0027997.jpg,.jpg,249502,HAM10000_images_part_1\ISIC_0027997.jpg
HAM10000_images_part_1,ISIC_0027998.jpg,.jpg,294368,HAM10000_images_part_1\ISIC_0027998.jpg
HAM10000_images_part_1,ISIC_0027999.jpg,.jpg,229590,HAM10000_images_part_1\ISIC_0027999.jpg
HAM10000_images_part_1,ISIC_0028000.jpg,.jpg,259703,HAM10000_images_part_1\ISIC_0028000.jpg
HAM10000_images_part_1,ISIC_0028001.jpg,.jpg,274319,HAM10000_images_part_1\ISIC_0028001.jpg
HAM10000_images_part_1,ISIC_0028002.jpg,.jpg,278786,HAM10000_images_part_1\ISIC_0028002.jpg
HAM10000_images_part_1,ISIC_0028003.jpg,.jpg,292429,HAM10000_images_part_1\ISIC_0028003.jpg
HAM10000_images_part_1,ISIC_0028004.jpg,.jpg,288479,HAM10000_images_part_1\ISIC_0028004.jpg
HAM10000_images_part_1,ISIC_0028005.jpg,.jpg,265935,HAM10000_images_part_1\ISIC_0028005.jpg
HAM10000_images_part_1,ISIC_0028006.jpg,.jpg,267492,HAM10000_images_part_1\ISIC_0028006.jpg
HAM10000_images_part_1,ISIC_0028007.jpg,.jpg,336113,HAM10000_images_part_1\ISIC_0028007.jpg
HAM10000_images_part_1,ISIC_0028008.jpg,.jpg,267292,HAM10000_images_part_1\ISIC_0028008.jpg
HAM10000_images_part_1,ISIC_0028009.jpg,.jpg,134380,HAM10000_images_part_1\ISIC_0028009.jpg
HAM10000_images_part_1,ISIC_0028010.jpg,.jpg,268901,HAM10000_images_part_1\ISIC_0028010.jpg
HAM10000_images_part_1,ISIC_0028011.jpg,.jpg,294395,HAM10000_images_part_1\ISIC_0028011.jpg
HAM10000_images_part_1,ISIC_0028012.jpg,.jpg,279493,HAM10000_images_part_1\ISIC_0028012.jpg
HAM10000_images_part_1,ISIC_0028013.jpg,.jpg,268784,HAM10000_images_part_1\ISIC_0028013.jpg
HAM10000_images_part_1,ISIC_0028014.jpg,.jpg,241898,HAM10000_images_part_1\ISIC_0028014.jpg
HAM10000_images_part_1,ISIC_0028015.jpg,.jpg,226925,HAM10000_images_part_1\ISIC_0028015.jpg
HAM10000_images_part_1,ISIC_0028016.jpg,.jpg,199534,HAM10000_images_part_1\ISIC_0028016.jpg
HAM10000_images_part_1,ISIC_0028017.jpg,.jpg,211562,HAM10000_images_part_1\ISIC_0028017.jpg
HAM10000_images_part_1,ISIC_0028018.jpg,.jpg,274561,HAM10000_images_part_1\ISIC_0028018.jpg
HAM10000_images_part_1,ISIC_0028019.jpg,.jpg,289667,HAM10000_images_part_1\ISIC_0028019.jpg
HAM10000_images_part_1,ISIC_0028020.jpg,.jpg,256887,HAM10000_images_part_1\ISIC_0028020.jpg
HAM10000_images_part_1,ISIC_0028021.jpg,.jpg,279387,HAM10000_images_part_1\ISIC_0028021.jpg
HAM10000_images_part_1,ISIC_0028022.jpg,.jpg,301460,HAM10000_images_part_1\ISIC_0028022.jpg
HAM10000_images_part_1,ISIC_0028023.jpg,.jpg,320983,HAM10000_images_part_1\ISIC_0028023.jpg
HAM10000_images_part_1,ISIC_0028024.jpg,.jpg,287629,HAM10000_images_part_1\ISIC_0028024.jpg
HAM10000_images_part_1,ISIC_0028025.jpg,.jpg,332932,HAM10000_images_part_1\ISIC_0028025.jpg
HAM10000_images_part_1,ISIC_0028026.jpg,.jpg,314076,HAM10000_images_part_1\ISIC_0028026.jpg
HAM10000_images_part_1,ISIC_0028027.jpg,.jpg,293230,HAM10000_images_part_1\ISIC_0028027.jpg
HAM10000_images_part_1,ISIC_0028028.jpg,.jpg,285494,HAM10000_images_part_1\ISIC_0028028.jpg
HAM10000_images_part_1,ISIC_0028029.jpg,.jpg,245245,HAM10000_images_part_1\ISIC_0028029.jpg
HAM10000_images_part_1,ISIC_0028030.jpg,.jpg,343542,HAM10000_images_part_1\ISIC_0028030.jpg
HAM10000_images_part_1,ISIC_0028031.jpg,.jpg,303948,HAM10000_images_part_1\ISIC_0028031.jpg
HAM10000_images_part_1,ISIC_0028032.jpg,.jpg,260728,HAM10000_images_part_1\ISIC_0028032.jpg
HAM10000_images_part_1,ISIC_0028033.jpg,.jpg,250099,HAM10000_images_part_1\ISIC_0028033.jpg
HAM10000_images_part_1,ISIC_0028034.jpg,.jpg,352536,HAM10000_images_part_1\ISIC_0028034.jpg
HAM10000_images_part_1,ISIC_0028035.jpg,.jpg,282036,HAM10000_images_part_1\ISIC_0028035.jpg
HAM10000_images_part_1,ISIC_0028036.jpg,.jpg,287071,HAM10000_images_part_1\ISIC_0028036.jpg
HAM10000_images_part_1,ISIC_0028037.jpg,.jpg,269253,HAM10000_images_part_1\ISIC_0028037.jpg
HAM10000_images_part_1,ISIC_0028038.jpg,.jpg,267296,HAM10000_images_part_1\ISIC_0028038.jpg
HAM10000_images_part_1,ISIC_0028039.jpg,.jpg,277355,HAM10000_images_part_1\ISIC_0028039.jpg
HAM10000_images_part_1,ISIC_0028040.jpg,.jpg,285074,HAM10000_images_part_1\ISIC_0028040.jpg
HAM10000_images_part_1,ISIC_0028041.jpg,.jpg,269808,HAM10000_images_part_1\ISIC_0028041.jpg
HAM10000_images_part_1,ISIC_0028042.jpg,.jpg,292411,HAM10000_images_part_1\ISIC_0028042.jpg
HAM10000_images_part_1,ISIC_0028043.jpg,.jpg,270457,HAM10000_images_part_1\ISIC_0028043.jpg
HAM10000_images_part_1,ISIC_0028044.jpg,.jpg,358699,HAM10000_images_part_1\ISIC_0028044.jpg
HAM10000_images_part_1,ISIC_0028045.jpg,.jpg,222345,HAM10000_images_part_1\ISIC_0028045.jpg
HAM10000_images_part_1,ISIC_0028046.jpg,.jpg,270970,HAM10000_images_part_1\ISIC_0028046.jpg
HAM10000_images_part_1,ISIC_0028047.jpg,.jpg,265559,HAM10000_images_part_1\ISIC_0028047.jpg
HAM10000_images_part_1,ISIC_0028048.jpg,.jpg,369082,HAM10000_images_part_1\ISIC_0028048.jpg
HAM10000_images_part_1,ISIC_0028049.jpg,.jpg,275447,HAM10000_images_part_1\ISIC_0028049.jpg
HAM10000_images_part_1,ISIC_0028050.jpg,.jpg,237784,HAM10000_images_part_1\ISIC_0028050.jpg
HAM10000_images_part_1,ISIC_0028051.jpg,.jpg,262211,HAM10000_images_part_1\ISIC_0028051.jpg
HAM10000_images_part_1,ISIC_0028052.jpg,.jpg,318494,HAM10000_images_part_1\ISIC_0028052.jpg
HAM10000_images_part_1,ISIC_0028053.jpg,.jpg,296195,HAM10000_images_part_1\ISIC_0028053.jpg
HAM10000_images_part_1,ISIC_0028054.jpg,.jpg,336361,HAM10000_images_part_1\ISIC_0028054.jpg
HAM10000_images_part_1,ISIC_0028055.jpg,.jpg,277065,HAM10000_images_part_1\ISIC_0028055.jpg
HAM10000_images_part_1,ISIC_0028056.jpg,.jpg,256606,HAM10000_images_part_1\ISIC_0028056.jpg
HAM10000_images_part_1,ISIC_0028057.jpg,.jpg,237658,HAM10000_images_part_1\ISIC_0028057.jpg
HAM10000_images_part_1,ISIC_0028058.jpg,.jpg,272546,HAM10000_images_part_1\ISIC_0028058.jpg
HAM10000_images_part_1,ISIC_0028059.jpg,.jpg,193879,HAM10000_images_part_1\ISIC_0028059.jpg
HAM10000_images_part_1,ISIC_0028060.jpg,.jpg,302093,HAM10000_images_part_1\ISIC_0028060.jpg
HAM10000_images_part_1,ISIC_0028061.jpg,.jpg,273307,HAM10000_images_part_1\ISIC_0028061.jpg
HAM10000_images_part_1,ISIC_0028062.jpg,.jpg,409947,HAM10000_images_part_1\ISIC_0028062.jpg
HAM10000_images_part_1,ISIC_0028063.jpg,.jpg,265512,HAM10000_images_part_1\ISIC_0028063.jpg
HAM10000_images_part_1,ISIC_0028064.jpg,.jpg,272777,HAM10000_images_part_1\ISIC_0028064.jpg
HAM10000_images_part_1,ISIC_0028065.jpg,.jpg,236513,HAM10000_images_part_1\ISIC_0028065.jpg
HAM10000_images_part_1,ISIC_0028066.jpg,.jpg,341344,HAM10000_images_part_1\ISIC_0028066.jpg
HAM10000_images_part_1,ISIC_0028067.jpg,.jpg,240222,HAM10000_images_part_1\ISIC_0028067.jpg
HAM10000_images_part_1,ISIC_0028068.jpg,.jpg,265598,HAM10000_images_part_1\ISIC_0028068.jpg
HAM10000_images_part_1,ISIC_0028069.jpg,.jpg,276920,HAM10000_images_part_1\ISIC_0028069.jpg
HAM10000_images_part_1,ISIC_0028070.jpg,.jpg,272943,HAM10000_images_part_1\ISIC_0028070.jpg
HAM10000_images_part_1,ISIC_0028071.jpg,.jpg,285299,HAM10000_images_part_1\ISIC_0028071.jpg
HAM10000_images_part_1,ISIC_0028072.jpg,.jpg,274410,HAM10000_images_part_1\ISIC_0028072.jpg
HAM10000_images_part_1,ISIC_0028073.jpg,.jpg,266465,HAM10000_images_part_1\ISIC_0028073.jpg
HAM10000_images_part_1,ISIC_0028074.jpg,.jpg,266231,HAM10000_images_part_1\ISIC_0028074.jpg
HAM10000_images_part_1,ISIC_0028075.jpg,.jpg,296294,HAM10000_images_part_1\ISIC_0028075.jpg
HAM10000_images_part_1,ISIC_0028076.jpg,.jpg,256829,HAM10000_images_part_1\ISIC_0028076.jpg
HAM10000_images_part_1,ISIC_0028077.jpg,.jpg,362555,HAM10000_images_part_1\ISIC_0028077.jpg
HAM10000_images_part_1,ISIC_0028078.jpg,.jpg,282177,HAM10000_images_part_1\ISIC_0028078.jpg
HAM10000_images_part_1,ISIC_0028079.jpg,.jpg,326664,HAM10000_images_part_1\ISIC_0028079.jpg
HAM10000_images_part_1,ISIC_0028080.jpg,.jpg,269868,HAM10000_images_part_1\ISIC_0028080.jpg
HAM10000_images_part_1,ISIC_0028081.jpg,.jpg,276215,HAM10000_images_part_1\ISIC_0028081.jpg
HAM10000_images_part_1,ISIC_0028082.jpg,.jpg,328636,HAM10000_images_part_1\ISIC_0028082.jpg
HAM10000_images_part_1,ISIC_0028083.jpg,.jpg,299430,HAM10000_images_part_1\ISIC_0028083.jpg
HAM10000_images_part_1,ISIC_0028084.jpg,.jpg,240109,HAM10000_images_part_1\ISIC_0028084.jpg
HAM10000_images_part_1,ISIC_0028085.jpg,.jpg,218394,HAM10000_images_part_1\ISIC_0028085.jpg
HAM10000_images_part_1,ISIC_0028086.jpg,.jpg,384809,HAM10000_images_part_1\ISIC_0028086.jpg
HAM10000_images_part_1,ISIC_0028087.jpg,.jpg,301253,HAM10000_images_part_1\ISIC_0028087.jpg
HAM10000_images_part_1,ISIC_0028088.jpg,.jpg,273725,HAM10000_images_part_1\ISIC_0028088.jpg
HAM10000_images_part_1,ISIC_0028089.jpg,.jpg,282547,HAM10000_images_part_1\ISIC_0028089.jpg
HAM10000_images_part_1,ISIC_0028090.jpg,.jpg,332904,HAM10000_images_part_1\ISIC_0028090.jpg
HAM10000_images_part_1,ISIC_0028091.jpg,.jpg,272904,HAM10000_images_part_1\ISIC_0028091.jpg
HAM10000_images_part_1,ISIC_0028092.jpg,.jpg,228242,HAM10000_images_part_1\ISIC_0028092.jpg
HAM10000_images_part_1,ISIC_0028093.jpg,.jpg,309135,HAM10000_images_part_1\ISIC_0028093.jpg
HAM10000_images_part_1,ISIC_0028094.jpg,.jpg,279335,HAM10000_images_part_1\ISIC_0028094.jpg
HAM10000_images_part_1,ISIC_0028095.jpg,.jpg,247079,HAM10000_images_part_1\ISIC_0028095.jpg
HAM10000_images_part_1,ISIC_0028096.jpg,.jpg,288389,HAM10000_images_part_1\ISIC_0028096.jpg
HAM10000_images_part_1,ISIC_0028097.jpg,.jpg,300957,HAM10000_images_part_1\ISIC_0028097.jpg
HAM10000_images_part_1,ISIC_0028098.jpg,.jpg,277558,HAM10000_images_part_1\ISIC_0028098.jpg
HAM10000_images_part_1,ISIC_0028099.jpg,.jpg,269913,HAM10000_images_part_1\ISIC_0028099.jpg
HAM10000_images_part_1,ISIC_0028100.jpg,.jpg,200557,HAM10000_images_part_1\ISIC_0028100.jpg
HAM10000_images_part_1,ISIC_0028101.jpg,.jpg,245970,HAM10000_images_part_1\ISIC_0028101.jpg
HAM10000_images_part_1,ISIC_0028102.jpg,.jpg,344294,HAM10000_images_part_1\ISIC_0028102.jpg
HAM10000_images_part_1,ISIC_0028103.jpg,.jpg,220031,HAM10000_images_part_1\ISIC_0028103.jpg
HAM10000_images_part_1,ISIC_0028104.jpg,.jpg,271392,HAM10000_images_part_1\ISIC_0028104.jpg
HAM10000_images_part_1,ISIC_0028105.jpg,.jpg,273933,HAM10000_images_part_1\ISIC_0028105.jpg
HAM10000_images_part_1,ISIC_0028106.jpg,.jpg,237520,HAM10000_images_part_1\ISIC_0028106.jpg
HAM10000_images_part_1,ISIC_0028107.jpg,.jpg,256690,HAM10000_images_part_1\ISIC_0028107.jpg
HAM10000_images_part_1,ISIC_0028108.jpg,.jpg,354224,HAM10000_images_part_1\ISIC_0028108.jpg
HAM10000_images_part_1,ISIC_0028109.jpg,.jpg,289636,HAM10000_images_part_1\ISIC_0028109.jpg
HAM10000_images_part_1,ISIC_0028110.jpg,.jpg,229159,HAM10000_images_part_1\ISIC_0028110.jpg
HAM10000_images_part_1,ISIC_0028111.jpg,.jpg,341531,HAM10000_images_part_1\ISIC_0028111.jpg
HAM10000_images_part_1,ISIC_0028112.jpg,.jpg,291088,HAM10000_images_part_1\ISIC_0028112.jpg
HAM10000_images_part_1,ISIC_0028113.jpg,.jpg,273635,HAM10000_images_part_1\ISIC_0028113.jpg
HAM10000_images_part_1,ISIC_0028114.jpg,.jpg,273525,HAM10000_images_part_1\ISIC_0028114.jpg
HAM10000_images_part_1,ISIC_0028115.jpg,.jpg,313220,HAM10000_images_part_1\ISIC_0028115.jpg
HAM10000_images_part_1,ISIC_0028116.jpg,.jpg,240283,HAM10000_images_part_1\ISIC_0028116.jpg
HAM10000_images_part_1,ISIC_0028117.jpg,.jpg,229234,HAM10000_images_part_1\ISIC_0028117.jpg
HAM10000_images_part_1,ISIC_0028118.jpg,.jpg,148287,HAM10000_images_part_1\ISIC_0028118.jpg
HAM10000_images_part_1,ISIC_0028119.jpg,.jpg,277992,HAM10000_images_part_1\ISIC_0028119.jpg
HAM10000_images_part_1,ISIC_0028120.jpg,.jpg,229172,HAM10000_images_part_1\ISIC_0028120.jpg
HAM10000_images_part_1,ISIC_0028121.jpg,.jpg,330895,HAM10000_images_part_1\ISIC_0028121.jpg
HAM10000_images_part_1,ISIC_0028122.jpg,.jpg,213928,HAM10000_images_part_1\ISIC_0028122.jpg
HAM10000_images_part_1,ISIC_0028123.jpg,.jpg,239985,HAM10000_images_part_1\ISIC_0028123.jpg
HAM10000_images_part_1,ISIC_0028124.jpg,.jpg,291966,HAM10000_images_part_1\ISIC_0028124.jpg
HAM10000_images_part_1,ISIC_0028125.jpg,.jpg,291840,HAM10000_images_part_1\ISIC_0028125.jpg
HAM10000_images_part_1,ISIC_0028126.jpg,.jpg,261863,HAM10000_images_part_1\ISIC_0028126.jpg
HAM10000_images_part_1,ISIC_0028127.jpg,.jpg,339830,HAM10000_images_part_1\ISIC_0028127.jpg
HAM10000_images_part_1,ISIC_0028128.jpg,.jpg,312720,HAM10000_images_part_1\ISIC_0028128.jpg
HAM10000_images_part_1,ISIC_0028129.jpg,.jpg,280611,HAM10000_images_part_1\ISIC_0028129.jpg
HAM10000_images_part_1,ISIC_0028130.jpg,.jpg,223398,HAM10000_images_part_1\ISIC_0028130.jpg
HAM10000_images_part_1,ISIC_0028131.jpg,.jpg,153256,HAM10000_images_part_1\ISIC_0028131.jpg
HAM10000_images_part_1,ISIC_0028132.jpg,.jpg,254829,HAM10000_images_part_1\ISIC_0028132.jpg
HAM10000_images_part_1,ISIC_0028133.jpg,.jpg,283070,HAM10000_images_part_1\ISIC_0028133.jpg
HAM10000_images_part_1,ISIC_0028134.jpg,.jpg,275149,HAM10000_images_part_1\ISIC_0028134.jpg
HAM10000_images_part_1,ISIC_0028135.jpg,.jpg,185337,HAM10000_images_part_1\ISIC_0028135.jpg
HAM10000_images_part_1,ISIC_0028136.jpg,.jpg,352175,HAM10000_images_part_1\ISIC_0028136.jpg
HAM10000_images_part_1,ISIC_0028137.jpg,.jpg,270537,HAM10000_images_part_1\ISIC_0028137.jpg
HAM10000_images_part_1,ISIC_0028138.jpg,.jpg,303718,HAM10000_images_part_1\ISIC_0028138.jpg
HAM10000_images_part_1,ISIC_0028139.jpg,.jpg,205909,HAM10000_images_part_1\ISIC_0028139.jpg
HAM10000_images_part_1,ISIC_0028140.jpg,.jpg,276865,HAM10000_images_part_1\ISIC_0028140.jpg
HAM10000_images_part_1,ISIC_0028141.jpg,.jpg,250396,HAM10000_images_part_1\ISIC_0028141.jpg
HAM10000_images_part_1,ISIC_0028142.jpg,.jpg,367626,HAM10000_images_part_1\ISIC_0028142.jpg
HAM10000_images_part_1,ISIC_0028143.jpg,.jpg,286189,HAM10000_images_part_1\ISIC_0028143.jpg
HAM10000_images_part_1,ISIC_0028144.jpg,.jpg,277321,HAM10000_images_part_1\ISIC_0028144.jpg
HAM10000_images_part_1,ISIC_0028145.jpg,.jpg,159756,HAM10000_images_part_1\ISIC_0028145.jpg
HAM10000_images_part_1,ISIC_0028146.jpg,.jpg,161114,HAM10000_images_part_1\ISIC_0028146.jpg
HAM10000_images_part_1,ISIC_0028147.jpg,.jpg,307259,HAM10000_images_part_1\ISIC_0028147.jpg
HAM10000_images_part_1,ISIC_0028148.jpg,.jpg,308097,HAM10000_images_part_1\ISIC_0028148.jpg
HAM10000_images_part_1,ISIC_0028149.jpg,.jpg,277757,HAM10000_images_part_1\ISIC_0028149.jpg
HAM10000_images_part_1,ISIC_0028150.jpg,.jpg,231533,HAM10000_images_part_1\ISIC_0028150.jpg
HAM10000_images_part_1,ISIC_0028151.jpg,.jpg,206683,HAM10000_images_part_1\ISIC_0028151.jpg
HAM10000_images_part_1,ISIC_0028152.jpg,.jpg,284808,HAM10000_images_part_1\ISIC_0028152.jpg
HAM10000_images_part_1,ISIC_0028153.jpg,.jpg,266333,HAM10000_images_part_1\ISIC_0028153.jpg
HAM10000_images_part_1,ISIC_0028154.jpg,.jpg,293929,HAM10000_images_part_1\ISIC_0028154.jpg
HAM10000_images_part_1,ISIC_0028155.jpg,.jpg,307993,HAM10000_images_part_1\ISIC_0028155.jpg
HAM10000_images_part_1,ISIC_0028156.jpg,.jpg,285519,HAM10000_images_part_1\ISIC_0028156.jpg
HAM10000_images_part_1,ISIC_0028157.jpg,.jpg,262021,HAM10000_images_part_1\ISIC_0028157.jpg
HAM10000_images_part_1,ISIC_0028158.jpg,.jpg,209271,HAM10000_images_part_1\ISIC_0028158.jpg
HAM10000_images_part_1,ISIC_0028159.jpg,.jpg,254867,HAM10000_images_part_1\ISIC_0028159.jpg
HAM10000_images_part_1,ISIC_0028160.jpg,.jpg,337744,HAM10000_images_part_1\ISIC_0028160.jpg
HAM10000_images_part_1,ISIC_0028161.jpg,.jpg,293439,HAM10000_images_part_1\ISIC_0028161.jpg
HAM10000_images_part_1,ISIC_0028162.jpg,.jpg,271723,HAM10000_images_part_1\ISIC_0028162.jpg
HAM10000_images_part_1,ISIC_0028163.jpg,.jpg,269530,HAM10000_images_part_1\ISIC_0028163.jpg
HAM10000_images_part_1,ISIC_0028164.jpg,.jpg,351546,HAM10000_images_part_1\ISIC_0028164.jpg
HAM10000_images_part_1,ISIC_0028165.jpg,.jpg,226939,HAM10000_images_part_1\ISIC_0028165.jpg
HAM10000_images_part_1,ISIC_0028166.jpg,.jpg,204577,HAM10000_images_part_1\ISIC_0028166.jpg
HAM10000_images_part_1,ISIC_0028167.jpg,.jpg,168227,HAM10000_images_part_1\ISIC_0028167.jpg
HAM10000_images_part_1,ISIC_0028168.jpg,.jpg,241727,HAM10000_images_part_1\ISIC_0028168.jpg
HAM10000_images_part_1,ISIC_0028169.jpg,.jpg,271681,HAM10000_images_part_1\ISIC_0028169.jpg
HAM10000_images_part_1,ISIC_0028170.jpg,.jpg,178974,HAM10000_images_part_1\ISIC_0028170.jpg
HAM10000_images_part_1,ISIC_0028171.jpg,.jpg,268611,HAM10000_images_part_1\ISIC_0028171.jpg
HAM10000_images_part_1,ISIC_0028172.jpg,.jpg,285638,HAM10000_images_part_1\ISIC_0028172.jpg
HAM10000_images_part_1,ISIC_0028173.jpg,.jpg,287843,HAM10000_images_part_1\ISIC_0028173.jpg
HAM10000_images_part_1,ISIC_0028174.jpg,.jpg,164802,HAM10000_images_part_1\ISIC_0028174.jpg
HAM10000_images_part_1,ISIC_0028175.jpg,.jpg,344051,HAM10000_images_part_1\ISIC_0028175.jpg
HAM10000_images_part_1,ISIC_0028176.jpg,.jpg,271435,HAM10000_images_part_1\ISIC_0028176.jpg
HAM10000_images_part_1,ISIC_0028177.jpg,.jpg,264280,HAM10000_images_part_1\ISIC_0028177.jpg
HAM10000_images_part_1,ISIC_0028178.jpg,.jpg,281335,HAM10000_images_part_1\ISIC_0028178.jpg
HAM10000_images_part_1,ISIC_0028179.jpg,.jpg,204658,HAM10000_images_part_1\ISIC_0028179.jpg
HAM10000_images_part_1,ISIC_0028180.jpg,.jpg,298289,HAM10000_images_part_1\ISIC_0028180.jpg
HAM10000_images_part_1,ISIC_0028181.jpg,.jpg,284630,HAM10000_images_part_1\ISIC_0028181.jpg
HAM10000_images_part_1,ISIC_0028182.jpg,.jpg,305621,HAM10000_images_part_1\ISIC_0028182.jpg
HAM10000_images_part_1,ISIC_0028183.jpg,.jpg,134649,HAM10000_images_part_1\ISIC_0028183.jpg
HAM10000_images_part_1,ISIC_0028184.jpg,.jpg,335045,HAM10000_images_part_1\ISIC_0028184.jpg
HAM10000_images_part_1,ISIC_0028185.jpg,.jpg,375136,HAM10000_images_part_1\ISIC_0028185.jpg
HAM10000_images_part_1,ISIC_0028186.jpg,.jpg,260634,HAM10000_images_part_1\ISIC_0028186.jpg
HAM10000_images_part_1,ISIC_0028187.jpg,.jpg,275070,HAM10000_images_part_1\ISIC_0028187.jpg
HAM10000_images_part_1,ISIC_0028188.jpg,.jpg,207254,HAM10000_images_part_1\ISIC_0028188.jpg
HAM10000_images_part_1,ISIC_0028189.jpg,.jpg,278403,HAM10000_images_part_1\ISIC_0028189.jpg
HAM10000_images_part_1,ISIC_0028190.jpg,.jpg,252120,HAM10000_images_part_1\ISIC_0028190.jpg
HAM10000_images_part_1,ISIC_0028191.jpg,.jpg,266387,HAM10000_images_part_1\ISIC_0028191.jpg
HAM10000_images_part_1,ISIC_0028192.jpg,.jpg,271330,HAM10000_images_part_1\ISIC_0028192.jpg
HAM10000_images_part_1,ISIC_0028193.jpg,.jpg,278263,HAM10000_images_part_1\ISIC_0028193.jpg
HAM10000_images_part_1,ISIC_0028194.jpg,.jpg,373991,HAM10000_images_part_1\ISIC_0028194.jpg
HAM10000_images_part_1,ISIC_0028195.jpg,.jpg,187171,HAM10000_images_part_1\ISIC_0028195.jpg
HAM10000_images_part_1,ISIC_0028196.jpg,.jpg,352991,HAM10000_images_part_1\ISIC_0028196.jpg
HAM10000_images_part_1,ISIC_0028197.jpg,.jpg,133255,HAM10000_images_part_1\ISIC_0028197.jpg
HAM10000_images_part_1,ISIC_0028198.jpg,.jpg,273080,HAM10000_images_part_1\ISIC_0028198.jpg
HAM10000_images_part_1,ISIC_0028199.jpg,.jpg,275179,HAM10000_images_part_1\ISIC_0028199.jpg
HAM10000_images_part_1,ISIC_0028200.jpg,.jpg,312622,HAM10000_images_part_1\ISIC_0028200.jpg
HAM10000_images_part_1,ISIC_0028201.jpg,.jpg,294336,HAM10000_images_part_1\ISIC_0028201.jpg
HAM10000_images_part_1,ISIC_0028202.jpg,.jpg,177530,HAM10000_images_part_1\ISIC_0028202.jpg
HAM10000_images_part_1,ISIC_0028203.jpg,.jpg,269223,HAM10000_images_part_1\ISIC_0028203.jpg
HAM10000_images_part_1,ISIC_0028204.jpg,.jpg,288189,HAM10000_images_part_1\ISIC_0028204.jpg
HAM10000_images_part_1,ISIC_0028205.jpg,.jpg,214224,HAM10000_images_part_1\ISIC_0028205.jpg
HAM10000_images_part_1,ISIC_0028206.jpg,.jpg,260417,HAM10000_images_part_1\ISIC_0028206.jpg
HAM10000_images_part_1,ISIC_0028207.jpg,.jpg,270391,HAM10000_images_part_1\ISIC_0028207.jpg
HAM10000_images_part_1,ISIC_0028208.jpg,.jpg,264493,HAM10000_images_part_1\ISIC_0028208.jpg
HAM10000_images_part_1,ISIC_0028209.jpg,.jpg,251698,HAM10000_images_part_1\ISIC_0028209.jpg
HAM10000_images_part_1,ISIC_0028210.jpg,.jpg,284674,HAM10000_images_part_1\ISIC_0028210.jpg
HAM10000_images_part_1,ISIC_0028211.jpg,.jpg,298385,HAM10000_images_part_1\ISIC_0028211.jpg
HAM10000_images_part_1,ISIC_0028212.jpg,.jpg,177508,HAM10000_images_part_1\ISIC_0028212.jpg
HAM10000_images_part_1,ISIC_0028213.jpg,.jpg,280087,HAM10000_images_part_1\ISIC_0028213.jpg
HAM10000_images_part_1,ISIC_0028214.jpg,.jpg,384728,HAM10000_images_part_1\ISIC_0028214.jpg
HAM10000_images_part_1,ISIC_0028215.jpg,.jpg,274243,HAM10000_images_part_1\ISIC_0028215.jpg
HAM10000_images_part_1,ISIC_0028216.jpg,.jpg,190500,HAM10000_images_part_1\ISIC_0028216.jpg
HAM10000_images_part_1,ISIC_0028217.jpg,.jpg,204016,HAM10000_images_part_1\ISIC_0028217.jpg
HAM10000_images_part_1,ISIC_0028218.jpg,.jpg,252547,HAM10000_images_part_1\ISIC_0028218.jpg
HAM10000_images_part_1,ISIC_0028219.jpg,.jpg,205278,HAM10000_images_part_1\ISIC_0028219.jpg
HAM10000_images_part_1,ISIC_0028220.jpg,.jpg,277277,HAM10000_images_part_1\ISIC_0028220.jpg
HAM10000_images_part_1,ISIC_0028221.jpg,.jpg,292018,HAM10000_images_part_1\ISIC_0028221.jpg
HAM10000_images_part_1,ISIC_0028222.jpg,.jpg,407374,HAM10000_images_part_1\ISIC_0028222.jpg
HAM10000_images_part_1,ISIC_0028223.jpg,.jpg,230265,HAM10000_images_part_1\ISIC_0028223.jpg
HAM10000_images_part_1,ISIC_0028224.jpg,.jpg,248760,HAM10000_images_part_1\ISIC_0028224.jpg
HAM10000_images_part_1,ISIC_0028225.jpg,.jpg,167016,HAM10000_images_part_1\ISIC_0028225.jpg
HAM10000_images_part_1,ISIC_0028226.jpg,.jpg,165132,HAM10000_images_part_1\ISIC_0028226.jpg
HAM10000_images_part_1,ISIC_0028227.jpg,.jpg,247969,HAM10000_images_part_1\ISIC_0028227.jpg
HAM10000_images_part_1,ISIC_0028228.jpg,.jpg,382307,HAM10000_images_part_1\ISIC_0028228.jpg
HAM10000_images_part_1,ISIC_0028229.jpg,.jpg,264874,HAM10000_images_part_1\ISIC_0028229.jpg
HAM10000_images_part_1,ISIC_0028230.jpg,.jpg,249360,HAM10000_images_part_1\ISIC_0028230.jpg
HAM10000_images_part_1,ISIC_0028231.jpg,.jpg,285502,HAM10000_images_part_1\ISIC_0028231.jpg
HAM10000_images_part_1,ISIC_0028232.jpg,.jpg,221679,HAM10000_images_part_1\ISIC_0028232.jpg
HAM10000_images_part_1,ISIC_0028233.jpg,.jpg,433820,HAM10000_images_part_1\ISIC_0028233.jpg
HAM10000_images_part_1,ISIC_0028234.jpg,.jpg,265776,HAM10000_images_part_1\ISIC_0028234.jpg
HAM10000_images_part_1,ISIC_0028235.jpg,.jpg,325188,HAM10000_images_part_1\ISIC_0028235.jpg
HAM10000_images_part_1,ISIC_0028236.jpg,.jpg,231831,HAM10000_images_part_1\ISIC_0028236.jpg
HAM10000_images_part_1,ISIC_0028237.jpg,.jpg,249012,HAM10000_images_part_1\ISIC_0028237.jpg
HAM10000_images_part_1,ISIC_0028238.jpg,.jpg,272430,HAM10000_images_part_1\ISIC_0028238.jpg
HAM10000_images_part_1,ISIC_0028239.jpg,.jpg,365854,HAM10000_images_part_1\ISIC_0028239.jpg
HAM10000_images_part_1,ISIC_0028240.jpg,.jpg,297986,HAM10000_images_part_1\ISIC_0028240.jpg
HAM10000_images_part_1,ISIC_0028241.jpg,.jpg,282028,HAM10000_images_part_1\ISIC_0028241.jpg
HAM10000_images_part_1,ISIC_0028242.jpg,.jpg,341495,HAM10000_images_part_1\ISIC_0028242.jpg
HAM10000_images_part_1,ISIC_0028243.jpg,.jpg,230318,HAM10000_images_part_1\ISIC_0028243.jpg
HAM10000_images_part_1,ISIC_0028244.jpg,.jpg,283027,HAM10000_images_part_1\ISIC_0028244.jpg
HAM10000_images_part_1,ISIC_0028245.jpg,.jpg,267758,HAM10000_images_part_1\ISIC_0028245.jpg
HAM10000_images_part_1,ISIC_0028246.jpg,.jpg,274312,HAM10000_images_part_1\ISIC_0028246.jpg
HAM10000_images_part_1,ISIC_0028247.jpg,.jpg,317689,HAM10000_images_part_1\ISIC_0028247.jpg
HAM10000_images_part_1,ISIC_0028248.jpg,.jpg,275731,HAM10000_images_part_1\ISIC_0028248.jpg
HAM10000_images_part_1,ISIC_0028249.jpg,.jpg,264932,HAM10000_images_part_1\ISIC_0028249.jpg
HAM10000_images_part_1,ISIC_0028250.jpg,.jpg,274947,HAM10000_images_part_1\ISIC_0028250.jpg
HAM10000_images_part_1,ISIC_0028251.jpg,.jpg,280464,HAM10000_images_part_1\ISIC_0028251.jpg
HAM10000_images_part_1,ISIC_0028252.jpg,.jpg,278804,HAM10000_images_part_1\ISIC_0028252.jpg
HAM10000_images_part_1,ISIC_0028253.jpg,.jpg,263461,HAM10000_images_part_1\ISIC_0028253.jpg
HAM10000_images_part_1,ISIC_0028254.jpg,.jpg,267352,HAM10000_images_part_1\ISIC_0028254.jpg
HAM10000_images_part_1,ISIC_0028255.jpg,.jpg,241450,HAM10000_images_part_1\ISIC_0028255.jpg
HAM10000_images_part_1,ISIC_0028256.jpg,.jpg,301821,HAM10000_images_part_1\ISIC_0028256.jpg
HAM10000_images_part_1,ISIC_0028257.jpg,.jpg,276616,HAM10000_images_part_1\ISIC_0028257.jpg
HAM10000_images_part_1,ISIC_0028258.jpg,.jpg,277847,HAM10000_images_part_1\ISIC_0028258.jpg
HAM10000_images_part_1,ISIC_0028259.jpg,.jpg,275363,HAM10000_images_part_1\ISIC_0028259.jpg
HAM10000_images_part_1,ISIC_0028260.jpg,.jpg,388879,HAM10000_images_part_1\ISIC_0028260.jpg
HAM10000_images_part_1,ISIC_0028261.jpg,.jpg,294706,HAM10000_images_part_1\ISIC_0028261.jpg
HAM10000_images_part_1,ISIC_0028262.jpg,.jpg,257638,HAM10000_images_part_1\ISIC_0028262.jpg
HAM10000_images_part_1,ISIC_0028263.jpg,.jpg,283658,HAM10000_images_part_1\ISIC_0028263.jpg
HAM10000_images_part_1,ISIC_0028264.jpg,.jpg,260518,HAM10000_images_part_1\ISIC_0028264.jpg
HAM10000_images_part_1,ISIC_0028265.jpg,.jpg,256895,HAM10000_images_part_1\ISIC_0028265.jpg
HAM10000_images_part_1,ISIC_0028266.jpg,.jpg,367607,HAM10000_images_part_1\ISIC_0028266.jpg
HAM10000_images_part_1,ISIC_0028267.jpg,.jpg,277397,HAM10000_images_part_1\ISIC_0028267.jpg
HAM10000_images_part_1,ISIC_0028268.jpg,.jpg,278206,HAM10000_images_part_1\ISIC_0028268.jpg
HAM10000_images_part_1,ISIC_0028269.jpg,.jpg,293154,HAM10000_images_part_1\ISIC_0028269.jpg
HAM10000_images_part_1,ISIC_0028270.jpg,.jpg,335510,HAM10000_images_part_1\ISIC_0028270.jpg
HAM10000_images_part_1,ISIC_0028271.jpg,.jpg,260672,HAM10000_images_part_1\ISIC_0028271.jpg
HAM10000_images_part_1,ISIC_0028272.jpg,.jpg,278333,HAM10000_images_part_1\ISIC_0028272.jpg
HAM10000_images_part_1,ISIC_0028273.jpg,.jpg,289858,HAM10000_images_part_1\ISIC_0028273.jpg
HAM10000_images_part_1,ISIC_0028274.jpg,.jpg,265429,HAM10000_images_part_1\ISIC_0028274.jpg
HAM10000_images_part_1,ISIC_0028275.jpg,.jpg,293801,HAM10000_images_part_1\ISIC_0028275.jpg
HAM10000_images_part_1,ISIC_0028276.jpg,.jpg,161134,HAM10000_images_part_1\ISIC_0028276.jpg
HAM10000_images_part_1,ISIC_0028277.jpg,.jpg,264981,HAM10000_images_part_1\ISIC_0028277.jpg
HAM10000_images_part_1,ISIC_0028278.jpg,.jpg,276510,HAM10000_images_part_1\ISIC_0028278.jpg
HAM10000_images_part_1,ISIC_0028279.jpg,.jpg,295723,HAM10000_images_part_1\ISIC_0028279.jpg
HAM10000_images_part_1,ISIC_0028280.jpg,.jpg,250362,HAM10000_images_part_1\ISIC_0028280.jpg
HAM10000_images_part_1,ISIC_0028281.jpg,.jpg,227303,HAM10000_images_part_1\ISIC_0028281.jpg
HAM10000_images_part_1,ISIC_0028282.jpg,.jpg,330144,HAM10000_images_part_1\ISIC_0028282.jpg
HAM10000_images_part_1,ISIC_0028283.jpg,.jpg,201767,HAM10000_images_part_1\ISIC_0028283.jpg
HAM10000_images_part_1,ISIC_0028284.jpg,.jpg,273748,HAM10000_images_part_1\ISIC_0028284.jpg
HAM10000_images_part_1,ISIC_0028285.jpg,.jpg,255397,HAM10000_images_part_1\ISIC_0028285.jpg
HAM10000_images_part_1,ISIC_0028286.jpg,.jpg,270538,HAM10000_images_part_1\ISIC_0028286.jpg
HAM10000_images_part_1,ISIC_0028287.jpg,.jpg,241392,HAM10000_images_part_1\ISIC_0028287.jpg
HAM10000_images_part_1,ISIC_0028288.jpg,.jpg,298521,HAM10000_images_part_1\ISIC_0028288.jpg
HAM10000_images_part_1,ISIC_0028289.jpg,.jpg,346610,HAM10000_images_part_1\ISIC_0028289.jpg
HAM10000_images_part_1,ISIC_0028290.jpg,.jpg,275012,HAM10000_images_part_1\ISIC_0028290.jpg
HAM10000_images_part_1,ISIC_0028291.jpg,.jpg,325445,HAM10000_images_part_1\ISIC_0028291.jpg
HAM10000_images_part_1,ISIC_0028292.jpg,.jpg,282612,HAM10000_images_part_1\ISIC_0028292.jpg
HAM10000_images_part_1,ISIC_0028293.jpg,.jpg,343808,HAM10000_images_part_1\ISIC_0028293.jpg
HAM10000_images_part_1,ISIC_0028294.jpg,.jpg,314032,HAM10000_images_part_1\ISIC_0028294.jpg
HAM10000_images_part_1,ISIC_0028295.jpg,.jpg,273679,HAM10000_images_part_1\ISIC_0028295.jpg
HAM10000_images_part_1,ISIC_0028296.jpg,.jpg,283630,HAM10000_images_part_1\ISIC_0028296.jpg
HAM10000_images_part_1,ISIC_0028297.jpg,.jpg,274600,HAM10000_images_part_1\ISIC_0028297.jpg
HAM10000_images_part_1,ISIC_0028298.jpg,.jpg,334945,HAM10000_images_part_1\ISIC_0028298.jpg
HAM10000_images_part_1,ISIC_0028299.jpg,.jpg,365047,HAM10000_images_part_1\ISIC_0028299.jpg
HAM10000_images_part_1,ISIC_0028300.jpg,.jpg,276067,HAM10000_images_part_1\ISIC_0028300.jpg
HAM10000_images_part_1,ISIC_0028301.jpg,.jpg,268504,HAM10000_images_part_1\ISIC_0028301.jpg
HAM10000_images_part_1,ISIC_0028302.jpg,.jpg,329590,HAM10000_images_part_1\ISIC_0028302.jpg
HAM10000_images_part_1,ISIC_0028303.jpg,.jpg,206539,HAM10000_images_part_1\ISIC_0028303.jpg
HAM10000_images_part_1,ISIC_0028304.jpg,.jpg,248366,HAM10000_images_part_1\ISIC_0028304.jpg
HAM10000_images_part_1,ISIC_0028305.jpg,.jpg,152367,HAM10000_images_part_1\ISIC_0028305.jpg
HAM10000_images_part_1,ISIC_0028306.jpg,.jpg,265608,HAM10000_images_part_1\ISIC_0028306.jpg
HAM10000_images_part_1,ISIC_0028307.jpg,.jpg,176738,HAM10000_images_part_1\ISIC_0028307.jpg
HAM10000_images_part_1,ISIC_0028308.jpg,.jpg,224925,HAM10000_images_part_1\ISIC_0028308.jpg
HAM10000_images_part_1,ISIC_0028309.jpg,.jpg,281280,HAM10000_images_part_1\ISIC_0028309.jpg
HAM10000_images_part_1,ISIC_0028310.jpg,.jpg,166085,HAM10000_images_part_1\ISIC_0028310.jpg
HAM10000_images_part_1,ISIC_0028311.jpg,.jpg,268180,HAM10000_images_part_1\ISIC_0028311.jpg
HAM10000_images_part_1,ISIC_0028312.jpg,.jpg,274369,HAM10000_images_part_1\ISIC_0028312.jpg
HAM10000_images_part_1,ISIC_0028313.jpg,.jpg,279051,HAM10000_images_part_1\ISIC_0028313.jpg
HAM10000_images_part_1,ISIC_0028314.jpg,.jpg,277896,HAM10000_images_part_1\ISIC_0028314.jpg
HAM10000_images_part_1,ISIC_0028315.jpg,.jpg,266636,HAM10000_images_part_1\ISIC_0028315.jpg
HAM10000_images_part_1,ISIC_0028316.jpg,.jpg,234351,HAM10000_images_part_1\ISIC_0028316.jpg
HAM10000_images_part_1,ISIC_0028317.jpg,.jpg,310046,HAM10000_images_part_1\ISIC_0028317.jpg
HAM10000_images_part_1,ISIC_0028318.jpg,.jpg,271402,HAM10000_images_part_1\ISIC_0028318.jpg
HAM10000_images_part_1,ISIC_0028319.jpg,.jpg,258220,HAM10000_images_part_1\ISIC_0028319.jpg
HAM10000_images_part_1,ISIC_0028320.jpg,.jpg,268985,HAM10000_images_part_1\ISIC_0028320.jpg
HAM10000_images_part_1,ISIC_0028321.jpg,.jpg,284217,HAM10000_images_part_1\ISIC_0028321.jpg
HAM10000_images_part_1,ISIC_0028322.jpg,.jpg,291960,HAM10000_images_part_1\ISIC_0028322.jpg
HAM10000_images_part_1,ISIC_0028323.jpg,.jpg,251339,HAM10000_images_part_1\ISIC_0028323.jpg
HAM10000_images_part_1,ISIC_0028324.jpg,.jpg,275422,HAM10000_images_part_1\ISIC_0028324.jpg
HAM10000_images_part_1,ISIC_0028325.jpg,.jpg,290835,HAM10000_images_part_1\ISIC_0028325.jpg
HAM10000_images_part_1,ISIC_0028326.jpg,.jpg,279682,HAM10000_images_part_1\ISIC_0028326.jpg
HAM10000_images_part_1,ISIC_0028327.jpg,.jpg,273966,HAM10000_images_part_1\ISIC_0028327.jpg
HAM10000_images_part_1,ISIC_0028328.jpg,.jpg,288689,HAM10000_images_part_1\ISIC_0028328.jpg
HAM10000_images_part_1,ISIC_0028329.jpg,.jpg,198895,HAM10000_images_part_1\ISIC_0028329.jpg
HAM10000_images_part_1,ISIC_0028330.jpg,.jpg,300550,HAM10000_images_part_1\ISIC_0028330.jpg
HAM10000_images_part_1,ISIC_0028331.jpg,.jpg,370024,HAM10000_images_part_1\ISIC_0028331.jpg
HAM10000_images_part_1,ISIC_0028332.jpg,.jpg,143718,HAM10000_images_part_1\ISIC_0028332.jpg
HAM10000_images_part_1,ISIC_0028333.jpg,.jpg,271368,HAM10000_images_part_1\ISIC_0028333.jpg
HAM10000_images_part_1,ISIC_0028334.jpg,.jpg,284825,HAM10000_images_part_1\ISIC_0028334.jpg
HAM10000_images_part_1,ISIC_0028335.jpg,.jpg,239770,HAM10000_images_part_1\ISIC_0028335.jpg
HAM10000_images_part_1,ISIC_0028336.jpg,.jpg,244361,HAM10000_images_part_1\ISIC_0028336.jpg
HAM10000_images_part_1,ISIC_0028337.jpg,.jpg,336208,HAM10000_images_part_1\ISIC_0028337.jpg
HAM10000_images_part_1,ISIC_0028338.jpg,.jpg,209931,HAM10000_images_part_1\ISIC_0028338.jpg
HAM10000_images_part_1,ISIC_0028339.jpg,.jpg,338963,HAM10000_images_part_1\ISIC_0028339.jpg
HAM10000_images_part_1,ISIC_0028340.jpg,.jpg,276585,HAM10000_images_part_1\ISIC_0028340.jpg
HAM10000_images_part_1,ISIC_0028341.jpg,.jpg,275361,HAM10000_images_part_1\ISIC_0028341.jpg
HAM10000_images_part_1,ISIC_0028342.jpg,.jpg,275039,HAM10000_images_part_1\ISIC_0028342.jpg
HAM10000_images_part_1,ISIC_0028343.jpg,.jpg,339925,HAM10000_images_part_1\ISIC_0028343.jpg
HAM10000_images_part_1,ISIC_0028344.jpg,.jpg,171032,HAM10000_images_part_1\ISIC_0028344.jpg
HAM10000_images_part_1,ISIC_0028345.jpg,.jpg,264257,HAM10000_images_part_1\ISIC_0028345.jpg
HAM10000_images_part_1,ISIC_0028346.jpg,.jpg,220902,HAM10000_images_part_1\ISIC_0028346.jpg
HAM10000_images_part_1,ISIC_0028347.jpg,.jpg,321836,HAM10000_images_part_1\ISIC_0028347.jpg
HAM10000_images_part_1,ISIC_0028348.jpg,.jpg,279050,HAM10000_images_part_1\ISIC_0028348.jpg
HAM10000_images_part_1,ISIC_0028349.jpg,.jpg,346394,HAM10000_images_part_1\ISIC_0028349.jpg
HAM10000_images_part_1,ISIC_0028350.jpg,.jpg,255362,HAM10000_images_part_1\ISIC_0028350.jpg
HAM10000_images_part_1,ISIC_0028351.jpg,.jpg,324006,HAM10000_images_part_1\ISIC_0028351.jpg
HAM10000_images_part_1,ISIC_0028352.jpg,.jpg,247580,HAM10000_images_part_1\ISIC_0028352.jpg
HAM10000_images_part_1,ISIC_0028353.jpg,.jpg,357471,HAM10000_images_part_1\ISIC_0028353.jpg
HAM10000_images_part_1,ISIC_0028354.jpg,.jpg,305500,HAM10000_images_part_1\ISIC_0028354.jpg
HAM10000_images_part_1,ISIC_0028355.jpg,.jpg,142399,HAM10000_images_part_1\ISIC_0028355.jpg
HAM10000_images_part_1,ISIC_0028356.jpg,.jpg,333217,HAM10000_images_part_1\ISIC_0028356.jpg
HAM10000_images_part_1,ISIC_0028357.jpg,.jpg,254663,HAM10000_images_part_1\ISIC_0028357.jpg
HAM10000_images_part_1,ISIC_0028358.jpg,.jpg,163271,HAM10000_images_part_1\ISIC_0028358.jpg
HAM10000_images_part_1,ISIC_0028359.jpg,.jpg,335455,HAM10000_images_part_1\ISIC_0028359.jpg
HAM10000_images_part_1,ISIC_0028360.jpg,.jpg,258553,HAM10000_images_part_1\ISIC_0028360.jpg
HAM10000_images_part_1,ISIC_0028361.jpg,.jpg,316366,HAM10000_images_part_1\ISIC_0028361.jpg
HAM10000_images_part_1,ISIC_0028362.jpg,.jpg,262041,HAM10000_images_part_1\ISIC_0028362.jpg
HAM10000_images_part_1,ISIC_0028363.jpg,.jpg,281111,HAM10000_images_part_1\ISIC_0028363.jpg
HAM10000_images_part_1,ISIC_0028364.jpg,.jpg,237664,HAM10000_images_part_1\ISIC_0028364.jpg
HAM10000_images_part_1,ISIC_0028365.jpg,.jpg,367960,HAM10000_images_part_1\ISIC_0028365.jpg
HAM10000_images_part_1,ISIC_0028366.jpg,.jpg,271352,HAM10000_images_part_1\ISIC_0028366.jpg
HAM10000_images_part_1,ISIC_0028367.jpg,.jpg,204632,HAM10000_images_part_1\ISIC_0028367.jpg
HAM10000_images_part_1,ISIC_0028368.jpg,.jpg,180973,HAM10000_images_part_1\ISIC_0028368.jpg
HAM10000_images_part_1,ISIC_0028369.jpg,.jpg,275104,HAM10000_images_part_1\ISIC_0028369.jpg
HAM10000_images_part_1,ISIC_0028370.jpg,.jpg,276786,HAM10000_images_part_1\ISIC_0028370.jpg
HAM10000_images_part_1,ISIC_0028371.jpg,.jpg,272913,HAM10000_images_part_1\ISIC_0028371.jpg
HAM10000_images_part_1,ISIC_0028372.jpg,.jpg,265648,HAM10000_images_part_1\ISIC_0028372.jpg
HAM10000_images_part_1,ISIC_0028373.jpg,.jpg,300817,HAM10000_images_part_1\ISIC_0028373.jpg
HAM10000_images_part_1,ISIC_0028374.jpg,.jpg,260740,HAM10000_images_part_1\ISIC_0028374.jpg
HAM10000_images_part_1,ISIC_0028375.jpg,.jpg,325847,HAM10000_images_part_1\ISIC_0028375.jpg
HAM10000_images_part_1,ISIC_0028376.jpg,.jpg,259113,HAM10000_images_part_1\ISIC_0028376.jpg
HAM10000_images_part_1,ISIC_0028377.jpg,.jpg,328729,HAM10000_images_part_1\ISIC_0028377.jpg
HAM10000_images_part_1,ISIC_0028378.jpg,.jpg,138938,HAM10000_images_part_1\ISIC_0028378.jpg
HAM10000_images_part_1,ISIC_0028379.jpg,.jpg,282450,HAM10000_images_part_1\ISIC_0028379.jpg
HAM10000_images_part_1,ISIC_0028380.jpg,.jpg,232907,HAM10000_images_part_1\ISIC_0028380.jpg
HAM10000_images_part_1,ISIC_0028381.jpg,.jpg,273193,HAM10000_images_part_1\ISIC_0028381.jpg
HAM10000_images_part_1,ISIC_0028382.jpg,.jpg,274651,HAM10000_images_part_1\ISIC_0028382.jpg
HAM10000_images_part_1,ISIC_0028383.jpg,.jpg,274986,HAM10000_images_part_1\ISIC_0028383.jpg
HAM10000_images_part_1,ISIC_0028384.jpg,.jpg,208416,HAM10000_images_part_1\ISIC_0028384.jpg
HAM10000_images_part_1,ISIC_0028385.jpg,.jpg,279836,HAM10000_images_part_1\ISIC_0028385.jpg
HAM10000_images_part_1,ISIC_0028386.jpg,.jpg,320923,HAM10000_images_part_1\ISIC_0028386.jpg
HAM10000_images_part_1,ISIC_0028387.jpg,.jpg,269312,HAM10000_images_part_1\ISIC_0028387.jpg
HAM10000_images_part_1,ISIC_0028388.jpg,.jpg,243749,HAM10000_images_part_1\ISIC_0028388.jpg
HAM10000_images_part_1,ISIC_0028389.jpg,.jpg,227193,HAM10000_images_part_1\ISIC_0028389.jpg
HAM10000_images_part_1,ISIC_0028390.jpg,.jpg,269785,HAM10000_images_part_1\ISIC_0028390.jpg
HAM10000_images_part_1,ISIC_0028391.jpg,.jpg,293908,HAM10000_images_part_1\ISIC_0028391.jpg
HAM10000_images_part_1,ISIC_0028392.jpg,.jpg,271758,HAM10000_images_part_1\ISIC_0028392.jpg
HAM10000_images_part_1,ISIC_0028393.jpg,.jpg,137789,HAM10000_images_part_1\ISIC_0028393.jpg
HAM10000_images_part_1,ISIC_0028394.jpg,.jpg,272275,HAM10000_images_part_1\ISIC_0028394.jpg
HAM10000_images_part_1,ISIC_0028395.jpg,.jpg,350031,HAM10000_images_part_1\ISIC_0028395.jpg
HAM10000_images_part_1,ISIC_0028396.jpg,.jpg,279770,HAM10000_images_part_1\ISIC_0028396.jpg
HAM10000_images_part_1,ISIC_0028397.jpg,.jpg,272182,HAM10000_images_part_1\ISIC_0028397.jpg
HAM10000_images_part_1,ISIC_0028398.jpg,.jpg,274194,HAM10000_images_part_1\ISIC_0028398.jpg
HAM10000_images_part_1,ISIC_0028399.jpg,.jpg,236341,HAM10000_images_part_1\ISIC_0028399.jpg
HAM10000_images_part_1,ISIC_0028400.jpg,.jpg,283998,HAM10000_images_part_1\ISIC_0028400.jpg
HAM10000_images_part_1,ISIC_0028401.jpg,.jpg,231981,HAM10000_images_part_1\ISIC_0028401.jpg
HAM10000_images_part_1,ISIC_0028402.jpg,.jpg,277935,HAM10000_images_part_1\ISIC_0028402.jpg
HAM10000_images_part_1,ISIC_0028403.jpg,.jpg,264574,HAM10000_images_part_1\ISIC_0028403.jpg
HAM10000_images_part_1,ISIC_0028404.jpg,.jpg,264476,HAM10000_images_part_1\ISIC_0028404.jpg
HAM10000_images_part_1,ISIC_0028405.jpg,.jpg,269490,HAM10000_images_part_1\ISIC_0028405.jpg
HAM10000_images_part_1,ISIC_0028406.jpg,.jpg,312035,HAM10000_images_part_1\ISIC_0028406.jpg
HAM10000_images_part_1,ISIC_0028407.jpg,.jpg,282759,HAM10000_images_part_1\ISIC_0028407.jpg
HAM10000_images_part_1,ISIC_0028408.jpg,.jpg,250667,HAM10000_images_part_1\ISIC_0028408.jpg
HAM10000_images_part_1,ISIC_0028409.jpg,.jpg,277243,HAM10000_images_part_1\ISIC_0028409.jpg
HAM10000_images_part_1,ISIC_0028410.jpg,.jpg,362285,HAM10000_images_part_1\ISIC_0028410.jpg
HAM10000_images_part_1,ISIC_0028411.jpg,.jpg,295236,HAM10000_images_part_1\ISIC_0028411.jpg
HAM10000_images_part_1,ISIC_0028412.jpg,.jpg,305500,HAM10000_images_part_1\ISIC_0028412.jpg
HAM10000_images_part_1,ISIC_0028413.jpg,.jpg,332136,HAM10000_images_part_1\ISIC_0028413.jpg
HAM10000_images_part_1,ISIC_0028414.jpg,.jpg,298079,HAM10000_images_part_1\ISIC_0028414.jpg
HAM10000_images_part_1,ISIC_0028415.jpg,.jpg,304683,HAM10000_images_part_1\ISIC_0028415.jpg
HAM10000_images_part_1,ISIC_0028416.jpg,.jpg,269337,HAM10000_images_part_1\ISIC_0028416.jpg
HAM10000_images_part_1,ISIC_0028417.jpg,.jpg,338998,HAM10000_images_part_1\ISIC_0028417.jpg
HAM10000_images_part_1,ISIC_0028418.jpg,.jpg,307977,HAM10000_images_part_1\ISIC_0028418.jpg
HAM10000_images_part_1,ISIC_0028419.jpg,.jpg,236926,HAM10000_images_part_1\ISIC_0028419.jpg
HAM10000_images_part_1,ISIC_0028420.jpg,.jpg,217866,HAM10000_images_part_1\ISIC_0028420.jpg
HAM10000_images_part_1,ISIC_0028421.jpg,.jpg,284648,HAM10000_images_part_1\ISIC_0028421.jpg
HAM10000_images_part_1,ISIC_0028422.jpg,.jpg,284124,HAM10000_images_part_1\ISIC_0028422.jpg
HAM10000_images_part_1,ISIC_0028423.jpg,.jpg,274055,HAM10000_images_part_1\ISIC_0028423.jpg
HAM10000_images_part_1,ISIC_0028424.jpg,.jpg,353653,HAM10000_images_part_1\ISIC_0028424.jpg
HAM10000_images_part_1,ISIC_0028425.jpg,.jpg,301449,HAM10000_images_part_1\ISIC_0028425.jpg
HAM10000_images_part_1,ISIC_0028426.jpg,.jpg,371167,HAM10000_images_part_1\ISIC_0028426.jpg
HAM10000_images_part_1,ISIC_0028427.jpg,.jpg,310172,HAM10000_images_part_1\ISIC_0028427.jpg
HAM10000_images_part_1,ISIC_0028428.jpg,.jpg,355891,HAM10000_images_part_1\ISIC_0028428.jpg
HAM10000_images_part_1,ISIC_0028429.jpg,.jpg,271576,HAM10000_images_part_1\ISIC_0028429.jpg
HAM10000_images_part_1,ISIC_0028430.jpg,.jpg,269211,HAM10000_images_part_1\ISIC_0028430.jpg
HAM10000_images_part_1,ISIC_0028431.jpg,.jpg,356945,HAM10000_images_part_1\ISIC_0028431.jpg
HAM10000_images_part_1,ISIC_0028432.jpg,.jpg,276626,HAM10000_images_part_1\ISIC_0028432.jpg
HAM10000_images_part_1,ISIC_0028433.jpg,.jpg,267136,HAM10000_images_part_1\ISIC_0028433.jpg
HAM10000_images_part_1,ISIC_0028434.jpg,.jpg,308847,HAM10000_images_part_1\ISIC_0028434.jpg
HAM10000_images_part_1,ISIC_0028435.jpg,.jpg,279336,HAM10000_images_part_1\ISIC_0028435.jpg
HAM10000_images_part_1,ISIC_0028436.jpg,.jpg,260347,HAM10000_images_part_1\ISIC_0028436.jpg
HAM10000_images_part_1,ISIC_0028437.jpg,.jpg,301643,HAM10000_images_part_1\ISIC_0028437.jpg
HAM10000_images_part_1,ISIC_0028438.jpg,.jpg,260520,HAM10000_images_part_1\ISIC_0028438.jpg
HAM10000_images_part_1,ISIC_0028439.jpg,.jpg,269433,HAM10000_images_part_1\ISIC_0028439.jpg
HAM10000_images_part_1,ISIC_0028440.jpg,.jpg,289199,HAM10000_images_part_1\ISIC_0028440.jpg
HAM10000_images_part_1,ISIC_0028441.jpg,.jpg,253523,HAM10000_images_part_1\ISIC_0028441.jpg
HAM10000_images_part_1,ISIC_0028442.jpg,.jpg,297531,HAM10000_images_part_1\ISIC_0028442.jpg
HAM10000_images_part_1,ISIC_0028443.jpg,.jpg,347189,HAM10000_images_part_1\ISIC_0028443.jpg
HAM10000_images_part_1,ISIC_0028444.jpg,.jpg,284712,HAM10000_images_part_1\ISIC_0028444.jpg
HAM10000_images_part_1,ISIC_0028445.jpg,.jpg,328392,HAM10000_images_part_1\ISIC_0028445.jpg
HAM10000_images_part_1,ISIC_0028446.jpg,.jpg,341897,HAM10000_images_part_1\ISIC_0028446.jpg
HAM10000_images_part_1,ISIC_0028447.jpg,.jpg,149439,HAM10000_images_part_1\ISIC_0028447.jpg
HAM10000_images_part_1,ISIC_0028448.jpg,.jpg,308744,HAM10000_images_part_1\ISIC_0028448.jpg
HAM10000_images_part_1,ISIC_0028449.jpg,.jpg,239207,HAM10000_images_part_1\ISIC_0028449.jpg
HAM10000_images_part_1,ISIC_0028450.jpg,.jpg,195082,HAM10000_images_part_1\ISIC_0028450.jpg
HAM10000_images_part_1,ISIC_0028451.jpg,.jpg,274184,HAM10000_images_part_1\ISIC_0028451.jpg
HAM10000_images_part_1,ISIC_0028452.jpg,.jpg,295805,HAM10000_images_part_1\ISIC_0028452.jpg
HAM10000_images_part_1,ISIC_0028453.jpg,.jpg,226785,HAM10000_images_part_1\ISIC_0028453.jpg
HAM10000_images_part_1,ISIC_0028454.jpg,.jpg,275554,HAM10000_images_part_1\ISIC_0028454.jpg
HAM10000_images_part_1,ISIC_0028455.jpg,.jpg,357567,HAM10000_images_part_1\ISIC_0028455.jpg
HAM10000_images_part_1,ISIC_0028456.jpg,.jpg,282761,HAM10000_images_part_1\ISIC_0028456.jpg
HAM10000_images_part_1,ISIC_0028457.jpg,.jpg,278699,HAM10000_images_part_1\ISIC_0028457.jpg
HAM10000_images_part_1,ISIC_0028458.jpg,.jpg,282614,HAM10000_images_part_1\ISIC_0028458.jpg
HAM10000_images_part_1,ISIC_0028459.jpg,.jpg,275907,HAM10000_images_part_1\ISIC_0028459.jpg
HAM10000_images_part_1,ISIC_0028460.jpg,.jpg,278798,HAM10000_images_part_1\ISIC_0028460.jpg
HAM10000_images_part_1,ISIC_0028461.jpg,.jpg,295663,HAM10000_images_part_1\ISIC_0028461.jpg
HAM10000_images_part_1,ISIC_0028462.jpg,.jpg,344248,HAM10000_images_part_1\ISIC_0028462.jpg
HAM10000_images_part_1,ISIC_0028463.jpg,.jpg,292244,HAM10000_images_part_1\ISIC_0028463.jpg
HAM10000_images_part_1,ISIC_0028464.jpg,.jpg,215675,HAM10000_images_part_1\ISIC_0028464.jpg
HAM10000_images_part_1,ISIC_0028465.jpg,.jpg,292636,HAM10000_images_part_1\ISIC_0028465.jpg
HAM10000_images_part_1,ISIC_0028466.jpg,.jpg,362431,HAM10000_images_part_1\ISIC_0028466.jpg
HAM10000_images_part_1,ISIC_0028467.jpg,.jpg,241635,HAM10000_images_part_1\ISIC_0028467.jpg
HAM10000_images_part_1,ISIC_0028468.jpg,.jpg,149824,HAM10000_images_part_1\ISIC_0028468.jpg
HAM10000_images_part_1,ISIC_0028469.jpg,.jpg,282892,HAM10000_images_part_1\ISIC_0028469.jpg
HAM10000_images_part_1,ISIC_0028470.jpg,.jpg,285830,HAM10000_images_part_1\ISIC_0028470.jpg
HAM10000_images_part_1,ISIC_0028471.jpg,.jpg,284498,HAM10000_images_part_1\ISIC_0028471.jpg
HAM10000_images_part_1,ISIC_0028472.jpg,.jpg,224430,HAM10000_images_part_1\ISIC_0028472.jpg
HAM10000_images_part_1,ISIC_0028473.jpg,.jpg,228265,HAM10000_images_part_1\ISIC_0028473.jpg
HAM10000_images_part_1,ISIC_0028474.jpg,.jpg,258926,HAM10000_images_part_1\ISIC_0028474.jpg
HAM10000_images_part_1,ISIC_0028475.jpg,.jpg,286076,HAM10000_images_part_1\ISIC_0028475.jpg
HAM10000_images_part_1,ISIC_0028476.jpg,.jpg,231266,HAM10000_images_part_1\ISIC_0028476.jpg
HAM10000_images_part_1,ISIC_0028477.jpg,.jpg,296077,HAM10000_images_part_1\ISIC_0028477.jpg
HAM10000_images_part_1,ISIC_0028478.jpg,.jpg,201454,HAM10000_images_part_1\ISIC_0028478.jpg
HAM10000_images_part_1,ISIC_0028479.jpg,.jpg,308302,HAM10000_images_part_1\ISIC_0028479.jpg
HAM10000_images_part_1,ISIC_0028480.jpg,.jpg,339214,HAM10000_images_part_1\ISIC_0028480.jpg
HAM10000_images_part_1,ISIC_0028481.jpg,.jpg,280879,HAM10000_images_part_1\ISIC_0028481.jpg
HAM10000_images_part_1,ISIC_0028482.jpg,.jpg,343733,HAM10000_images_part_1\ISIC_0028482.jpg
HAM10000_images_part_1,ISIC_0028483.jpg,.jpg,290740,HAM10000_images_part_1\ISIC_0028483.jpg
HAM10000_images_part_1,ISIC_0028484.jpg,.jpg,268537,HAM10000_images_part_1\ISIC_0028484.jpg
HAM10000_images_part_1,ISIC_0028485.jpg,.jpg,291170,HAM10000_images_part_1\ISIC_0028485.jpg
HAM10000_images_part_1,ISIC_0028486.jpg,.jpg,182937,HAM10000_images_part_1\ISIC_0028486.jpg
HAM10000_images_part_1,ISIC_0028487.jpg,.jpg,297341,HAM10000_images_part_1\ISIC_0028487.jpg
HAM10000_images_part_1,ISIC_0028488.jpg,.jpg,235201,HAM10000_images_part_1\ISIC_0028488.jpg
HAM10000_images_part_1,ISIC_0028489.jpg,.jpg,224737,HAM10000_images_part_1\ISIC_0028489.jpg
HAM10000_images_part_1,ISIC_0028490.jpg,.jpg,324218,HAM10000_images_part_1\ISIC_0028490.jpg
HAM10000_images_part_1,ISIC_0028491.jpg,.jpg,264396,HAM10000_images_part_1\ISIC_0028491.jpg
HAM10000_images_part_1,ISIC_0028492.jpg,.jpg,252506,HAM10000_images_part_1\ISIC_0028492.jpg
HAM10000_images_part_1,ISIC_0028493.jpg,.jpg,243407,HAM10000_images_part_1\ISIC_0028493.jpg
HAM10000_images_part_1,ISIC_0028494.jpg,.jpg,275025,HAM10000_images_part_1\ISIC_0028494.jpg
HAM10000_images_part_1,ISIC_0028495.jpg,.jpg,323280,HAM10000_images_part_1\ISIC_0028495.jpg
HAM10000_images_part_1,ISIC_0028496.jpg,.jpg,258969,HAM10000_images_part_1\ISIC_0028496.jpg
HAM10000_images_part_1,ISIC_0028497.jpg,.jpg,326364,HAM10000_images_part_1\ISIC_0028497.jpg
HAM10000_images_part_1,ISIC_0028498.jpg,.jpg,237119,HAM10000_images_part_1\ISIC_0028498.jpg
HAM10000_images_part_1,ISIC_0028499.jpg,.jpg,227203,HAM10000_images_part_1\ISIC_0028499.jpg
HAM10000_images_part_1,ISIC_0028500.jpg,.jpg,297471,HAM10000_images_part_1\ISIC_0028500.jpg
HAM10000_images_part_1,ISIC_0028501.jpg,.jpg,262733,HAM10000_images_part_1\ISIC_0028501.jpg
HAM10000_images_part_1,ISIC_0028502.jpg,.jpg,347855,HAM10000_images_part_1\ISIC_0028502.jpg
HAM10000_images_part_1,ISIC_0028503.jpg,.jpg,324673,HAM10000_images_part_1\ISIC_0028503.jpg
HAM10000_images_part_1,ISIC_0028504.jpg,.jpg,176237,HAM10000_images_part_1\ISIC_0028504.jpg
HAM10000_images_part_1,ISIC_0028505.jpg,.jpg,309018,HAM10000_images_part_1\ISIC_0028505.jpg
HAM10000_images_part_1,ISIC_0028506.jpg,.jpg,309279,HAM10000_images_part_1\ISIC_0028506.jpg
HAM10000_images_part_1,ISIC_0028507.jpg,.jpg,281377,HAM10000_images_part_1\ISIC_0028507.jpg
HAM10000_images_part_1,ISIC_0028508.jpg,.jpg,274491,HAM10000_images_part_1\ISIC_0028508.jpg
HAM10000_images_part_1,ISIC_0028509.jpg,.jpg,241604,HAM10000_images_part_1\ISIC_0028509.jpg
HAM10000_images_part_1,ISIC_0028510.jpg,.jpg,267609,HAM10000_images_part_1\ISIC_0028510.jpg
HAM10000_images_part_1,ISIC_0028511.jpg,.jpg,243777,HAM10000_images_part_1\ISIC_0028511.jpg
HAM10000_images_part_1,ISIC_0028512.jpg,.jpg,357958,HAM10000_images_part_1\ISIC_0028512.jpg
HAM10000_images_part_1,ISIC_0028513.jpg,.jpg,290069,HAM10000_images_part_1\ISIC_0028513.jpg
HAM10000_images_part_1,ISIC_0028514.jpg,.jpg,274083,HAM10000_images_part_1\ISIC_0028514.jpg
HAM10000_images_part_1,ISIC_0028515.jpg,.jpg,353249,HAM10000_images_part_1\ISIC_0028515.jpg
HAM10000_images_part_1,ISIC_0028516.jpg,.jpg,278931,HAM10000_images_part_1\ISIC_0028516.jpg
HAM10000_images_part_1,ISIC_0028517.jpg,.jpg,291589,HAM10000_images_part_1\ISIC_0028517.jpg
HAM10000_images_part_1,ISIC_0028518.jpg,.jpg,285856,HAM10000_images_part_1\ISIC_0028518.jpg
HAM10000_images_part_1,ISIC_0028519.jpg,.jpg,321930,HAM10000_images_part_1\ISIC_0028519.jpg
HAM10000_images_part_1,ISIC_0028520.jpg,.jpg,402415,HAM10000_images_part_1\ISIC_0028520.jpg
HAM10000_images_part_1,ISIC_0028521.jpg,.jpg,258204,HAM10000_images_part_1\ISIC_0028521.jpg
HAM10000_images_part_1,ISIC_0028522.jpg,.jpg,291050,HAM10000_images_part_1\ISIC_0028522.jpg
HAM10000_images_part_1,ISIC_0028523.jpg,.jpg,354704,HAM10000_images_part_1\ISIC_0028523.jpg
HAM10000_images_part_1,ISIC_0028524.jpg,.jpg,246274,HAM10000_images_part_1\ISIC_0028524.jpg
HAM10000_images_part_1,ISIC_0028525.jpg,.jpg,331621,HAM10000_images_part_1\ISIC_0028525.jpg
HAM10000_images_part_1,ISIC_0028526.jpg,.jpg,274559,HAM10000_images_part_1\ISIC_0028526.jpg
HAM10000_images_part_1,ISIC_0028527.jpg,.jpg,177162,HAM10000_images_part_1\ISIC_0028527.jpg
HAM10000_images_part_1,ISIC_0028528.jpg,.jpg,271459,HAM10000_images_part_1\ISIC_0028528.jpg
HAM10000_images_part_1,ISIC_0028529.jpg,.jpg,199993,HAM10000_images_part_1\ISIC_0028529.jpg
HAM10000_images_part_1,ISIC_0028530.jpg,.jpg,263705,HAM10000_images_part_1\ISIC_0028530.jpg
HAM10000_images_part_1,ISIC_0028531.jpg,.jpg,217492,HAM10000_images_part_1\ISIC_0028531.jpg
HAM10000_images_part_1,ISIC_0028532.jpg,.jpg,275626,HAM10000_images_part_1\ISIC_0028532.jpg
HAM10000_images_part_1,ISIC_0028533.jpg,.jpg,298973,HAM10000_images_part_1\ISIC_0028533.jpg
HAM10000_images_part_1,ISIC_0028534.jpg,.jpg,300448,HAM10000_images_part_1\ISIC_0028534.jpg
HAM10000_images_part_1,ISIC_0028535.jpg,.jpg,273021,HAM10000_images_part_1\ISIC_0028535.jpg
HAM10000_images_part_1,ISIC_0028536.jpg,.jpg,270063,HAM10000_images_part_1\ISIC_0028536.jpg
HAM10000_images_part_1,ISIC_0028537.jpg,.jpg,255629,HAM10000_images_part_1\ISIC_0028537.jpg
HAM10000_images_part_1,ISIC_0028538.jpg,.jpg,334344,HAM10000_images_part_1\ISIC_0028538.jpg
HAM10000_images_part_1,ISIC_0028539.jpg,.jpg,343248,HAM10000_images_part_1\ISIC_0028539.jpg
HAM10000_images_part_1,ISIC_0028540.jpg,.jpg,296824,HAM10000_images_part_1\ISIC_0028540.jpg
HAM10000_images_part_1,ISIC_0028541.jpg,.jpg,274641,HAM10000_images_part_1\ISIC_0028541.jpg
HAM10000_images_part_1,ISIC_0028542.jpg,.jpg,271960,HAM10000_images_part_1\ISIC_0028542.jpg
HAM10000_images_part_1,ISIC_0028543.jpg,.jpg,300626,HAM10000_images_part_1\ISIC_0028543.jpg
HAM10000_images_part_1,ISIC_0028544.jpg,.jpg,288841,HAM10000_images_part_1\ISIC_0028544.jpg
HAM10000_images_part_1,ISIC_0028545.jpg,.jpg,242377,HAM10000_images_part_1\ISIC_0028545.jpg
HAM10000_images_part_1,ISIC_0028546.jpg,.jpg,342394,HAM10000_images_part_1\ISIC_0028546.jpg
HAM10000_images_part_1,ISIC_0028547.jpg,.jpg,287135,HAM10000_images_part_1\ISIC_0028547.jpg
HAM10000_images_part_1,ISIC_0028548.jpg,.jpg,273831,HAM10000_images_part_1\ISIC_0028548.jpg
HAM10000_images_part_1,ISIC_0028549.jpg,.jpg,276874,HAM10000_images_part_1\ISIC_0028549.jpg
HAM10000_images_part_1,ISIC_0028550.jpg,.jpg,258740,HAM10000_images_part_1\ISIC_0028550.jpg
HAM10000_images_part_1,ISIC_0028551.jpg,.jpg,147543,HAM10000_images_part_1\ISIC_0028551.jpg
HAM10000_images_part_1,ISIC_0028552.jpg,.jpg,281547,HAM10000_images_part_1\ISIC_0028552.jpg
HAM10000_images_part_1,ISIC_0028553.jpg,.jpg,270983,HAM10000_images_part_1\ISIC_0028553.jpg
HAM10000_images_part_1,ISIC_0028554.jpg,.jpg,277991,HAM10000_images_part_1\ISIC_0028554.jpg
HAM10000_images_part_1,ISIC_0028555.jpg,.jpg,266610,HAM10000_images_part_1\ISIC_0028555.jpg
HAM10000_images_part_1,ISIC_0028556.jpg,.jpg,189013,HAM10000_images_part_1\ISIC_0028556.jpg
HAM10000_images_part_1,ISIC_0028557.jpg,.jpg,194685,HAM10000_images_part_1\ISIC_0028557.jpg
HAM10000_images_part_1,ISIC_0028558.jpg,.jpg,202068,HAM10000_images_part_1\ISIC_0028558.jpg
HAM10000_images_part_1,ISIC_0028559.jpg,.jpg,200279,HAM10000_images_part_1\ISIC_0028559.jpg
HAM10000_images_part_1,ISIC_0028560.jpg,.jpg,319424,HAM10000_images_part_1\ISIC_0028560.jpg
HAM10000_images_part_1,ISIC_0028561.jpg,.jpg,288928,HAM10000_images_part_1\ISIC_0028561.jpg
HAM10000_images_part_1,ISIC_0028562.jpg,.jpg,209061,HAM10000_images_part_1\ISIC_0028562.jpg
HAM10000_images_part_1,ISIC_0028563.jpg,.jpg,299510,HAM10000_images_part_1\ISIC_0028563.jpg
HAM10000_images_part_1,ISIC_0028564.jpg,.jpg,272426,HAM10000_images_part_1\ISIC_0028564.jpg
HAM10000_images_part_1,ISIC_0028565.jpg,.jpg,313070,HAM10000_images_part_1\ISIC_0028565.jpg
HAM10000_images_part_1,ISIC_0028566.jpg,.jpg,271008,HAM10000_images_part_1\ISIC_0028566.jpg
HAM10000_images_part_1,ISIC_0028567.jpg,.jpg,198675,HAM10000_images_part_1\ISIC_0028567.jpg
HAM10000_images_part_1,ISIC_0028568.jpg,.jpg,236058,HAM10000_images_part_1\ISIC_0028568.jpg
HAM10000_images_part_1,ISIC_0028569.jpg,.jpg,282142,HAM10000_images_part_1\ISIC_0028569.jpg
HAM10000_images_part_1,ISIC_0028570.jpg,.jpg,295190,HAM10000_images_part_1\ISIC_0028570.jpg
HAM10000_images_part_1,ISIC_0028571.jpg,.jpg,178695,HAM10000_images_part_1\ISIC_0028571.jpg
HAM10000_images_part_1,ISIC_0028572.jpg,.jpg,336144,HAM10000_images_part_1\ISIC_0028572.jpg
HAM10000_images_part_1,ISIC_0028573.jpg,.jpg,345228,HAM10000_images_part_1\ISIC_0028573.jpg
HAM10000_images_part_1,ISIC_0028574.jpg,.jpg,275430,HAM10000_images_part_1\ISIC_0028574.jpg
HAM10000_images_part_1,ISIC_0028575.jpg,.jpg,272795,HAM10000_images_part_1\ISIC_0028575.jpg
HAM10000_images_part_1,ISIC_0028576.jpg,.jpg,255971,HAM10000_images_part_1\ISIC_0028576.jpg
HAM10000_images_part_1,ISIC_0028577.jpg,.jpg,191682,HAM10000_images_part_1\ISIC_0028577.jpg
HAM10000_images_part_1,ISIC_0028578.jpg,.jpg,215952,HAM10000_images_part_1\ISIC_0028578.jpg
HAM10000_images_part_1,ISIC_0028579.jpg,.jpg,267591,HAM10000_images_part_1\ISIC_0028579.jpg
HAM10000_images_part_1,ISIC_0028580.jpg,.jpg,183507,HAM10000_images_part_1\ISIC_0028580.jpg
HAM10000_images_part_1,ISIC_0028581.jpg,.jpg,285098,HAM10000_images_part_1\ISIC_0028581.jpg
HAM10000_images_part_1,ISIC_0028582.jpg,.jpg,293635,HAM10000_images_part_1\ISIC_0028582.jpg
HAM10000_images_part_1,ISIC_0028583.jpg,.jpg,314773,HAM10000_images_part_1\ISIC_0028583.jpg
HAM10000_images_part_1,ISIC_0028584.jpg,.jpg,298986,HAM10000_images_part_1\ISIC_0028584.jpg
HAM10000_images_part_1,ISIC_0028585.jpg,.jpg,245123,HAM10000_images_part_1\ISIC_0028585.jpg
HAM10000_images_part_1,ISIC_0028586.jpg,.jpg,337261,HAM10000_images_part_1\ISIC_0028586.jpg
HAM10000_images_part_1,ISIC_0028587.jpg,.jpg,350685,HAM10000_images_part_1\ISIC_0028587.jpg
HAM10000_images_part_1,ISIC_0028588.jpg,.jpg,334065,HAM10000_images_part_1\ISIC_0028588.jpg
HAM10000_images_part_1,ISIC_0028589.jpg,.jpg,209224,HAM10000_images_part_1\ISIC_0028589.jpg
HAM10000_images_part_1,ISIC_0028590.jpg,.jpg,301096,HAM10000_images_part_1\ISIC_0028590.jpg
HAM10000_images_part_1,ISIC_0028591.jpg,.jpg,350004,HAM10000_images_part_1\ISIC_0028591.jpg
HAM10000_images_part_1,ISIC_0028592.jpg,.jpg,151685,HAM10000_images_part_1\ISIC_0028592.jpg
HAM10000_images_part_1,ISIC_0028593.jpg,.jpg,270673,HAM10000_images_part_1\ISIC_0028593.jpg
HAM10000_images_part_1,ISIC_0028594.jpg,.jpg,396296,HAM10000_images_part_1\ISIC_0028594.jpg
HAM10000_images_part_1,ISIC_0028595.jpg,.jpg,280187,HAM10000_images_part_1\ISIC_0028595.jpg
HAM10000_images_part_1,ISIC_0028596.jpg,.jpg,233143,HAM10000_images_part_1\ISIC_0028596.jpg
HAM10000_images_part_1,ISIC_0028597.jpg,.jpg,342042,HAM10000_images_part_1\ISIC_0028597.jpg
HAM10000_images_part_1,ISIC_0028598.jpg,.jpg,151954,HAM10000_images_part_1\ISIC_0028598.jpg
HAM10000_images_part_1,ISIC_0028599.jpg,.jpg,253155,HAM10000_images_part_1\ISIC_0028599.jpg
HAM10000_images_part_1,ISIC_0028600.jpg,.jpg,232964,HAM10000_images_part_1\ISIC_0028600.jpg
HAM10000_images_part_1,ISIC_0028601.jpg,.jpg,287520,HAM10000_images_part_1\ISIC_0028601.jpg
HAM10000_images_part_1,ISIC_0028602.jpg,.jpg,178223,HAM10000_images_part_1\ISIC_0028602.jpg
HAM10000_images_part_1,ISIC_0028603.jpg,.jpg,272247,HAM10000_images_part_1\ISIC_0028603.jpg
HAM10000_images_part_1,ISIC_0028604.jpg,.jpg,258027,HAM10000_images_part_1\ISIC_0028604.jpg
HAM10000_images_part_1,ISIC_0028605.jpg,.jpg,270815,HAM10000_images_part_1\ISIC_0028605.jpg
HAM10000_images_part_1,ISIC_0028606.jpg,.jpg,268435,HAM10000_images_part_1\ISIC_0028606.jpg
HAM10000_images_part_1,ISIC_0028607.jpg,.jpg,266982,HAM10000_images_part_1\ISIC_0028607.jpg
HAM10000_images_part_1,ISIC_0028608.jpg,.jpg,212286,HAM10000_images_part_1\ISIC_0028608.jpg
HAM10000_images_part_1,ISIC_0028609.jpg,.jpg,273114,HAM10000_images_part_1\ISIC_0028609.jpg
HAM10000_images_part_1,ISIC_0028610.jpg,.jpg,282009,HAM10000_images_part_1\ISIC_0028610.jpg
HAM10000_images_part_1,ISIC_0028611.jpg,.jpg,220229,HAM10000_images_part_1\ISIC_0028611.jpg
HAM10000_images_part_1,ISIC_0028612.jpg,.jpg,271589,HAM10000_images_part_1\ISIC_0028612.jpg
HAM10000_images_part_1,ISIC_0028613.jpg,.jpg,379378,HAM10000_images_part_1\ISIC_0028613.jpg
HAM10000_images_part_1,ISIC_0028614.jpg,.jpg,267759,HAM10000_images_part_1\ISIC_0028614.jpg
HAM10000_images_part_1,ISIC_0028615.jpg,.jpg,293240,HAM10000_images_part_1\ISIC_0028615.jpg
HAM10000_images_part_1,ISIC_0028616.jpg,.jpg,279079,HAM10000_images_part_1\ISIC_0028616.jpg
HAM10000_images_part_1,ISIC_0028617.jpg,.jpg,260453,HAM10000_images_part_1\ISIC_0028617.jpg
HAM10000_images_part_1,ISIC_0028618.jpg,.jpg,295063,HAM10000_images_part_1\ISIC_0028618.jpg
HAM10000_images_part_1,ISIC_0028619.jpg,.jpg,277489,HAM10000_images_part_1\ISIC_0028619.jpg
HAM10000_images_part_1,ISIC_0028620.jpg,.jpg,254090,HAM10000_images_part_1\ISIC_0028620.jpg
HAM10000_images_part_1,ISIC_0028621.jpg,.jpg,245406,HAM10000_images_part_1\ISIC_0028621.jpg
HAM10000_images_part_1,ISIC_0028622.jpg,.jpg,296167,HAM10000_images_part_1\ISIC_0028622.jpg
HAM10000_images_part_1,ISIC_0028623.jpg,.jpg,273930,HAM10000_images_part_1\ISIC_0028623.jpg
HAM10000_images_part_1,ISIC_0028624.jpg,.jpg,274622,HAM10000_images_part_1\ISIC_0028624.jpg
HAM10000_images_part_1,ISIC_0028625.jpg,.jpg,312782,HAM10000_images_part_1\ISIC_0028625.jpg
HAM10000_images_part_1,ISIC_0028626.jpg,.jpg,270318,HAM10000_images_part_1\ISIC_0028626.jpg
HAM10000_images_part_1,ISIC_0028627.jpg,.jpg,282326,HAM10000_images_part_1\ISIC_0028627.jpg
HAM10000_images_part_1,ISIC_0028628.jpg,.jpg,262743,HAM10000_images_part_1\ISIC_0028628.jpg
HAM10000_images_part_1,ISIC_0028629.jpg,.jpg,271124,HAM10000_images_part_1\ISIC_0028629.jpg
HAM10000_images_part_1,ISIC_0028630.jpg,.jpg,301481,HAM10000_images_part_1\ISIC_0028630.jpg
HAM10000_images_part_1,ISIC_0028631.jpg,.jpg,238803,HAM10000_images_part_1\ISIC_0028631.jpg
HAM10000_images_part_1,ISIC_0028632.jpg,.jpg,269780,HAM10000_images_part_1\ISIC_0028632.jpg
HAM10000_images_part_1,ISIC_0028633.jpg,.jpg,168893,HAM10000_images_part_1\ISIC_0028633.jpg
HAM10000_images_part_1,ISIC_0028634.jpg,.jpg,265226,HAM10000_images_part_1\ISIC_0028634.jpg
HAM10000_images_part_1,ISIC_0028635.jpg,.jpg,229273,HAM10000_images_part_1\ISIC_0028635.jpg
HAM10000_images_part_1,ISIC_0028636.jpg,.jpg,206721,HAM10000_images_part_1\ISIC_0028636.jpg
HAM10000_images_part_1,ISIC_0028637.jpg,.jpg,302619,HAM10000_images_part_1\ISIC_0028637.jpg
HAM10000_images_part_1,ISIC_0028638.jpg,.jpg,287208,HAM10000_images_part_1\ISIC_0028638.jpg
HAM10000_images_part_1,ISIC_0028639.jpg,.jpg,345895,HAM10000_images_part_1\ISIC_0028639.jpg
HAM10000_images_part_1,ISIC_0028640.jpg,.jpg,272354,HAM10000_images_part_1\ISIC_0028640.jpg
HAM10000_images_part_1,ISIC_0028641.jpg,.jpg,265868,HAM10000_images_part_1\ISIC_0028641.jpg
HAM10000_images_part_1,ISIC_0028642.jpg,.jpg,338773,HAM10000_images_part_1\ISIC_0028642.jpg
HAM10000_images_part_1,ISIC_0028643.jpg,.jpg,233939,HAM10000_images_part_1\ISIC_0028643.jpg
HAM10000_images_part_1,ISIC_0028644.jpg,.jpg,250207,HAM10000_images_part_1\ISIC_0028644.jpg
HAM10000_images_part_1,ISIC_0028645.jpg,.jpg,270686,HAM10000_images_part_1\ISIC_0028645.jpg
HAM10000_images_part_1,ISIC_0028646.jpg,.jpg,263622,HAM10000_images_part_1\ISIC_0028646.jpg
HAM10000_images_part_1,ISIC_0028647.jpg,.jpg,270182,HAM10000_images_part_1\ISIC_0028647.jpg
HAM10000_images_part_1,ISIC_0028648.jpg,.jpg,259071,HAM10000_images_part_1\ISIC_0028648.jpg
HAM10000_images_part_1,ISIC_0028649.jpg,.jpg,229962,HAM10000_images_part_1\ISIC_0028649.jpg
HAM10000_images_part_1,ISIC_0028650.jpg,.jpg,298767,HAM10000_images_part_1\ISIC_0028650.jpg
HAM10000_images_part_1,ISIC_0028651.jpg,.jpg,334774,HAM10000_images_part_1\ISIC_0028651.jpg
HAM10000_images_part_1,ISIC_0028652.jpg,.jpg,149084,HAM10000_images_part_1\ISIC_0028652.jpg
HAM10000_images_part_1,ISIC_0028653.jpg,.jpg,203482,HAM10000_images_part_1\ISIC_0028653.jpg
HAM10000_images_part_1,ISIC_0028654.jpg,.jpg,288052,HAM10000_images_part_1\ISIC_0028654.jpg
HAM10000_images_part_1,ISIC_0028655.jpg,.jpg,289525,HAM10000_images_part_1\ISIC_0028655.jpg
HAM10000_images_part_1,ISIC_0028656.jpg,.jpg,207077,HAM10000_images_part_1\ISIC_0028656.jpg
HAM10000_images_part_1,ISIC_0028657.jpg,.jpg,275987,HAM10000_images_part_1\ISIC_0028657.jpg
HAM10000_images_part_1,ISIC_0028658.jpg,.jpg,304143,HAM10000_images_part_1\ISIC_0028658.jpg
HAM10000_images_part_1,ISIC_0028659.jpg,.jpg,300903,HAM10000_images_part_1\ISIC_0028659.jpg
HAM10000_images_part_1,ISIC_0028660.jpg,.jpg,345668,HAM10000_images_part_1\ISIC_0028660.jpg
HAM10000_images_part_1,ISIC_0028661.jpg,.jpg,296487,HAM10000_images_part_1\ISIC_0028661.jpg
HAM10000_images_part_1,ISIC_0028662.jpg,.jpg,296850,HAM10000_images_part_1\ISIC_0028662.jpg
HAM10000_images_part_1,ISIC_0028663.jpg,.jpg,270739,HAM10000_images_part_1\ISIC_0028663.jpg
HAM10000_images_part_1,ISIC_0028664.jpg,.jpg,272964,HAM10000_images_part_1\ISIC_0028664.jpg
HAM10000_images_part_1,ISIC_0028665.jpg,.jpg,229364,HAM10000_images_part_1\ISIC_0028665.jpg
HAM10000_images_part_1,ISIC_0028666.jpg,.jpg,306053,HAM10000_images_part_1\ISIC_0028666.jpg
HAM10000_images_part_1,ISIC_0028667.jpg,.jpg,280783,HAM10000_images_part_1\ISIC_0028667.jpg
HAM10000_images_part_1,ISIC_0028668.jpg,.jpg,348053,HAM10000_images_part_1\ISIC_0028668.jpg
HAM10000_images_part_1,ISIC_0028669.jpg,.jpg,267547,HAM10000_images_part_1\ISIC_0028669.jpg
HAM10000_images_part_1,ISIC_0028670.jpg,.jpg,153522,HAM10000_images_part_1\ISIC_0028670.jpg
HAM10000_images_part_1,ISIC_0028671.jpg,.jpg,268032,HAM10000_images_part_1\ISIC_0028671.jpg
HAM10000_images_part_1,ISIC_0028672.jpg,.jpg,290125,HAM10000_images_part_1\ISIC_0028672.jpg
HAM10000_images_part_1,ISIC_0028673.jpg,.jpg,265623,HAM10000_images_part_1\ISIC_0028673.jpg
HAM10000_images_part_1,ISIC_0028674.jpg,.jpg,276397,HAM10000_images_part_1\ISIC_0028674.jpg
HAM10000_images_part_1,ISIC_0028675.jpg,.jpg,134506,HAM10000_images_part_1\ISIC_0028675.jpg
HAM10000_images_part_1,ISIC_0028676.jpg,.jpg,301534,HAM10000_images_part_1\ISIC_0028676.jpg
HAM10000_images_part_1,ISIC_0028677.jpg,.jpg,315361,HAM10000_images_part_1\ISIC_0028677.jpg
HAM10000_images_part_1,ISIC_0028678.jpg,.jpg,239681,HAM10000_images_part_1\ISIC_0028678.jpg
HAM10000_images_part_1,ISIC_0028679.jpg,.jpg,263432,HAM10000_images_part_1\ISIC_0028679.jpg
HAM10000_images_part_1,ISIC_0028680.jpg,.jpg,316416,HAM10000_images_part_1\ISIC_0028680.jpg
HAM10000_images_part_1,ISIC_0028681.jpg,.jpg,334341,HAM10000_images_part_1\ISIC_0028681.jpg
HAM10000_images_part_1,ISIC_0028682.jpg,.jpg,343816,HAM10000_images_part_1\ISIC_0028682.jpg
HAM10000_images_part_1,ISIC_0028683.jpg,.jpg,277003,HAM10000_images_part_1\ISIC_0028683.jpg
HAM10000_images_part_1,ISIC_0028684.jpg,.jpg,227839,HAM10000_images_part_1\ISIC_0028684.jpg
HAM10000_images_part_1,ISIC_0028685.jpg,.jpg,253758,HAM10000_images_part_1\ISIC_0028685.jpg
HAM10000_images_part_1,ISIC_0028686.jpg,.jpg,202576,HAM10000_images_part_1\ISIC_0028686.jpg
HAM10000_images_part_1,ISIC_0028687.jpg,.jpg,197533,HAM10000_images_part_1\ISIC_0028687.jpg
HAM10000_images_part_1,ISIC_0028688.jpg,.jpg,161329,HAM10000_images_part_1\ISIC_0028688.jpg
HAM10000_images_part_1,ISIC_0028689.jpg,.jpg,263858,HAM10000_images_part_1\ISIC_0028689.jpg
HAM10000_images_part_1,ISIC_0028690.jpg,.jpg,343948,HAM10000_images_part_1\ISIC_0028690.jpg
HAM10000_images_part_1,ISIC_0028691.jpg,.jpg,278307,HAM10000_images_part_1\ISIC_0028691.jpg
HAM10000_images_part_1,ISIC_0028692.jpg,.jpg,262685,HAM10000_images_part_1\ISIC_0028692.jpg
HAM10000_images_part_1,ISIC_0028693.jpg,.jpg,262546,HAM10000_images_part_1\ISIC_0028693.jpg
HAM10000_images_part_1,ISIC_0028694.jpg,.jpg,358897,HAM10000_images_part_1\ISIC_0028694.jpg
HAM10000_images_part_1,ISIC_0028695.jpg,.jpg,280687,HAM10000_images_part_1\ISIC_0028695.jpg
HAM10000_images_part_1,ISIC_0028696.jpg,.jpg,270677,HAM10000_images_part_1\ISIC_0028696.jpg
HAM10000_images_part_1,ISIC_0028697.jpg,.jpg,282939,HAM10000_images_part_1\ISIC_0028697.jpg
HAM10000_images_part_1,ISIC_0028698.jpg,.jpg,237533,HAM10000_images_part_1\ISIC_0028698.jpg
HAM10000_images_part_1,ISIC_0028699.jpg,.jpg,353757,HAM10000_images_part_1\ISIC_0028699.jpg
HAM10000_images_part_1,ISIC_0028700.jpg,.jpg,310021,HAM10000_images_part_1\ISIC_0028700.jpg
HAM10000_images_part_1,ISIC_0028701.jpg,.jpg,166703,HAM10000_images_part_1\ISIC_0028701.jpg
HAM10000_images_part_1,ISIC_0028702.jpg,.jpg,272089,HAM10000_images_part_1\ISIC_0028702.jpg
HAM10000_images_part_1,ISIC_0028703.jpg,.jpg,272094,HAM10000_images_part_1\ISIC_0028703.jpg
HAM10000_images_part_1,ISIC_0028704.jpg,.jpg,301065,HAM10000_images_part_1\ISIC_0028704.jpg
HAM10000_images_part_1,ISIC_0028705.jpg,.jpg,325448,HAM10000_images_part_1\ISIC_0028705.jpg
HAM10000_images_part_1,ISIC_0028706.jpg,.jpg,317104,HAM10000_images_part_1\ISIC_0028706.jpg
HAM10000_images_part_1,ISIC_0028707.jpg,.jpg,289941,HAM10000_images_part_1\ISIC_0028707.jpg
HAM10000_images_part_1,ISIC_0028708.jpg,.jpg,298319,HAM10000_images_part_1\ISIC_0028708.jpg
HAM10000_images_part_1,ISIC_0028709.jpg,.jpg,310075,HAM10000_images_part_1\ISIC_0028709.jpg
HAM10000_images_part_1,ISIC_0028710.jpg,.jpg,252032,HAM10000_images_part_1\ISIC_0028710.jpg
HAM10000_images_part_1,ISIC_0028711.jpg,.jpg,280983,HAM10000_images_part_1\ISIC_0028711.jpg
HAM10000_images_part_1,ISIC_0028712.jpg,.jpg,329385,HAM10000_images_part_1\ISIC_0028712.jpg
HAM10000_images_part_1,ISIC_0028713.jpg,.jpg,301381,HAM10000_images_part_1\ISIC_0028713.jpg
HAM10000_images_part_1,ISIC_0028714.jpg,.jpg,263165,HAM10000_images_part_1\ISIC_0028714.jpg
HAM10000_images_part_1,ISIC_0028715.jpg,.jpg,211802,HAM10000_images_part_1\ISIC_0028715.jpg
HAM10000_images_part_1,ISIC_0028716.jpg,.jpg,283864,HAM10000_images_part_1\ISIC_0028716.jpg
HAM10000_images_part_1,ISIC_0028717.jpg,.jpg,280375,HAM10000_images_part_1\ISIC_0028717.jpg
HAM10000_images_part_1,ISIC_0028718.jpg,.jpg,255442,HAM10000_images_part_1\ISIC_0028718.jpg
HAM10000_images_part_1,ISIC_0028719.jpg,.jpg,179474,HAM10000_images_part_1\ISIC_0028719.jpg
HAM10000_images_part_1,ISIC_0028720.jpg,.jpg,277177,HAM10000_images_part_1\ISIC_0028720.jpg
HAM10000_images_part_1,ISIC_0028721.jpg,.jpg,341813,HAM10000_images_part_1\ISIC_0028721.jpg
HAM10000_images_part_1,ISIC_0028722.jpg,.jpg,266757,HAM10000_images_part_1\ISIC_0028722.jpg
HAM10000_images_part_1,ISIC_0028723.jpg,.jpg,279894,HAM10000_images_part_1\ISIC_0028723.jpg
HAM10000_images_part_1,ISIC_0028724.jpg,.jpg,326268,HAM10000_images_part_1\ISIC_0028724.jpg
HAM10000_images_part_1,ISIC_0028725.jpg,.jpg,263719,HAM10000_images_part_1\ISIC_0028725.jpg
HAM10000_images_part_1,ISIC_0028726.jpg,.jpg,281444,HAM10000_images_part_1\ISIC_0028726.jpg
HAM10000_images_part_1,ISIC_0028727.jpg,.jpg,366099,HAM10000_images_part_1\ISIC_0028727.jpg
HAM10000_images_part_1,ISIC_0028728.jpg,.jpg,274611,HAM10000_images_part_1\ISIC_0028728.jpg
HAM10000_images_part_1,ISIC_0028729.jpg,.jpg,257174,HAM10000_images_part_1\ISIC_0028729.jpg
HAM10000_images_part_1,ISIC_0028730.jpg,.jpg,272704,HAM10000_images_part_1\ISIC_0028730.jpg
HAM10000_images_part_1,ISIC_0028731.jpg,.jpg,272847,HAM10000_images_part_1\ISIC_0028731.jpg
HAM10000_images_part_1,ISIC_0028732.jpg,.jpg,287433,HAM10000_images_part_1\ISIC_0028732.jpg
HAM10000_images_part_1,ISIC_0028733.jpg,.jpg,265094,HAM10000_images_part_1\ISIC_0028733.jpg
HAM10000_images_part_1,ISIC_0028734.jpg,.jpg,296728,HAM10000_images_part_1\ISIC_0028734.jpg
HAM10000_images_part_1,ISIC_0028735.jpg,.jpg,299373,HAM10000_images_part_1\ISIC_0028735.jpg
HAM10000_images_part_1,ISIC_0028736.jpg,.jpg,228881,HAM10000_images_part_1\ISIC_0028736.jpg
HAM10000_images_part_1,ISIC_0028737.jpg,.jpg,257897,HAM10000_images_part_1\ISIC_0028737.jpg
HAM10000_images_part_1,ISIC_0028738.jpg,.jpg,256842,HAM10000_images_part_1\ISIC_0028738.jpg
HAM10000_images_part_1,ISIC_0028739.jpg,.jpg,140680,HAM10000_images_part_1\ISIC_0028739.jpg
HAM10000_images_part_1,ISIC_0028740.jpg,.jpg,278159,HAM10000_images_part_1\ISIC_0028740.jpg
HAM10000_images_part_1,ISIC_0028741.jpg,.jpg,280404,HAM10000_images_part_1\ISIC_0028741.jpg
HAM10000_images_part_1,ISIC_0028742.jpg,.jpg,287505,HAM10000_images_part_1\ISIC_0028742.jpg
HAM10000_images_part_1,ISIC_0028743.jpg,.jpg,270992,HAM10000_images_part_1\ISIC_0028743.jpg
HAM10000_images_part_1,ISIC_0028744.jpg,.jpg,237117,HAM10000_images_part_1\ISIC_0028744.jpg
HAM10000_images_part_1,ISIC_0028745.jpg,.jpg,267586,HAM10000_images_part_1\ISIC_0028745.jpg
HAM10000_images_part_1,ISIC_0028746.jpg,.jpg,293493,HAM10000_images_part_1\ISIC_0028746.jpg
HAM10000_images_part_1,ISIC_0028747.jpg,.jpg,319530,HAM10000_images_part_1\ISIC_0028747.jpg
HAM10000_images_part_1,ISIC_0028748.jpg,.jpg,272977,HAM10000_images_part_1\ISIC_0028748.jpg
HAM10000_images_part_1,ISIC_0028749.jpg,.jpg,224697,HAM10000_images_part_1\ISIC_0028749.jpg
HAM10000_images_part_1,ISIC_0028750.jpg,.jpg,301695,HAM10000_images_part_1\ISIC_0028750.jpg
HAM10000_images_part_1,ISIC_0028751.jpg,.jpg,286127,HAM10000_images_part_1\ISIC_0028751.jpg
HAM10000_images_part_1,ISIC_0028752.jpg,.jpg,276891,HAM10000_images_part_1\ISIC_0028752.jpg
HAM10000_images_part_1,ISIC_0028753.jpg,.jpg,254226,HAM10000_images_part_1\ISIC_0028753.jpg
HAM10000_images_part_1,ISIC_0028754.jpg,.jpg,262960,HAM10000_images_part_1\ISIC_0028754.jpg
HAM10000_images_part_1,ISIC_0028755.jpg,.jpg,265068,HAM10000_images_part_1\ISIC_0028755.jpg
HAM10000_images_part_1,ISIC_0028756.jpg,.jpg,255252,HAM10000_images_part_1\ISIC_0028756.jpg
HAM10000_images_part_1,ISIC_0028757.jpg,.jpg,188939,HAM10000_images_part_1\ISIC_0028757.jpg
HAM10000_images_part_1,ISIC_0028758.jpg,.jpg,229680,HAM10000_images_part_1\ISIC_0028758.jpg
HAM10000_images_part_1,ISIC_0028759.jpg,.jpg,255723,HAM10000_images_part_1\ISIC_0028759.jpg
HAM10000_images_part_1,ISIC_0028760.jpg,.jpg,259698,HAM10000_images_part_1\ISIC_0028760.jpg
HAM10000_images_part_1,ISIC_0028761.jpg,.jpg,165308,HAM10000_images_part_1\ISIC_0028761.jpg
HAM10000_images_part_1,ISIC_0028762.jpg,.jpg,290667,HAM10000_images_part_1\ISIC_0028762.jpg
HAM10000_images_part_1,ISIC_0028763.jpg,.jpg,257684,HAM10000_images_part_1\ISIC_0028763.jpg
HAM10000_images_part_1,ISIC_0028764.jpg,.jpg,303172,HAM10000_images_part_1\ISIC_0028764.jpg
HAM10000_images_part_1,ISIC_0028765.jpg,.jpg,229409,HAM10000_images_part_1\ISIC_0028765.jpg
HAM10000_images_part_1,ISIC_0028766.jpg,.jpg,284305,HAM10000_images_part_1\ISIC_0028766.jpg
HAM10000_images_part_1,ISIC_0028767.jpg,.jpg,271576,HAM10000_images_part_1\ISIC_0028767.jpg
HAM10000_images_part_1,ISIC_0028768.jpg,.jpg,328839,HAM10000_images_part_1\ISIC_0028768.jpg
HAM10000_images_part_1,ISIC_0028769.jpg,.jpg,282745,HAM10000_images_part_1\ISIC_0028769.jpg
HAM10000_images_part_1,ISIC_0028770.jpg,.jpg,275723,HAM10000_images_part_1\ISIC_0028770.jpg
HAM10000_images_part_1,ISIC_0028771.jpg,.jpg,275426,HAM10000_images_part_1\ISIC_0028771.jpg
HAM10000_images_part_1,ISIC_0028772.jpg,.jpg,274584,HAM10000_images_part_1\ISIC_0028772.jpg
HAM10000_images_part_1,ISIC_0028773.jpg,.jpg,279338,HAM10000_images_part_1\ISIC_0028773.jpg
HAM10000_images_part_1,ISIC_0028774.jpg,.jpg,273603,HAM10000_images_part_1\ISIC_0028774.jpg
HAM10000_images_part_1,ISIC_0028775.jpg,.jpg,341590,HAM10000_images_part_1\ISIC_0028775.jpg
HAM10000_images_part_1,ISIC_0028776.jpg,.jpg,268448,HAM10000_images_part_1\ISIC_0028776.jpg
HAM10000_images_part_1,ISIC_0028777.jpg,.jpg,335736,HAM10000_images_part_1\ISIC_0028777.jpg
HAM10000_images_part_1,ISIC_0028778.jpg,.jpg,254787,HAM10000_images_part_1\ISIC_0028778.jpg
HAM10000_images_part_1,ISIC_0028779.jpg,.jpg,338873,HAM10000_images_part_1\ISIC_0028779.jpg
HAM10000_images_part_1,ISIC_0028780.jpg,.jpg,204545,HAM10000_images_part_1\ISIC_0028780.jpg
HAM10000_images_part_1,ISIC_0028781.jpg,.jpg,292036,HAM10000_images_part_1\ISIC_0028781.jpg
HAM10000_images_part_1,ISIC_0028782.jpg,.jpg,288084,HAM10000_images_part_1\ISIC_0028782.jpg
HAM10000_images_part_1,ISIC_0028783.jpg,.jpg,273447,HAM10000_images_part_1\ISIC_0028783.jpg
HAM10000_images_part_1,ISIC_0028784.jpg,.jpg,269389,HAM10000_images_part_1\ISIC_0028784.jpg
HAM10000_images_part_1,ISIC_0028785.jpg,.jpg,281015,HAM10000_images_part_1\ISIC_0028785.jpg
HAM10000_images_part_1,ISIC_0028786.jpg,.jpg,277943,HAM10000_images_part_1\ISIC_0028786.jpg
HAM10000_images_part_1,ISIC_0028787.jpg,.jpg,209289,HAM10000_images_part_1\ISIC_0028787.jpg
HAM10000_images_part_1,ISIC_0028788.jpg,.jpg,269336,HAM10000_images_part_1\ISIC_0028788.jpg
HAM10000_images_part_1,ISIC_0028789.jpg,.jpg,338067,HAM10000_images_part_1\ISIC_0028789.jpg
HAM10000_images_part_1,ISIC_0028790.jpg,.jpg,304481,HAM10000_images_part_1\ISIC_0028790.jpg
HAM10000_images_part_1,ISIC_0028791.jpg,.jpg,262820,HAM10000_images_part_1\ISIC_0028791.jpg
HAM10000_images_part_1,ISIC_0028792.jpg,.jpg,240220,HAM10000_images_part_1\ISIC_0028792.jpg
HAM10000_images_part_1,ISIC_0028793.jpg,.jpg,225522,HAM10000_images_part_1\ISIC_0028793.jpg
HAM10000_images_part_1,ISIC_0028794.jpg,.jpg,261498,HAM10000_images_part_1\ISIC_0028794.jpg
HAM10000_images_part_1,ISIC_0028795.jpg,.jpg,228723,HAM10000_images_part_1\ISIC_0028795.jpg
HAM10000_images_part_1,ISIC_0028796.jpg,.jpg,273057,HAM10000_images_part_1\ISIC_0028796.jpg
HAM10000_images_part_1,ISIC_0028797.jpg,.jpg,336016,HAM10000_images_part_1\ISIC_0028797.jpg
HAM10000_images_part_1,ISIC_0028798.jpg,.jpg,276276,HAM10000_images_part_1\ISIC_0028798.jpg
HAM10000_images_part_1,ISIC_0028799.jpg,.jpg,289469,HAM10000_images_part_1\ISIC_0028799.jpg
HAM10000_images_part_1,ISIC_0028800.jpg,.jpg,260161,HAM10000_images_part_1\ISIC_0028800.jpg
HAM10000_images_part_1,ISIC_0028801.jpg,.jpg,275480,HAM10000_images_part_1\ISIC_0028801.jpg
HAM10000_images_part_1,ISIC_0028802.jpg,.jpg,282855,HAM10000_images_part_1\ISIC_0028802.jpg
HAM10000_images_part_1,ISIC_0028803.jpg,.jpg,285149,HAM10000_images_part_1\ISIC_0028803.jpg
HAM10000_images_part_1,ISIC_0028804.jpg,.jpg,297270,HAM10000_images_part_1\ISIC_0028804.jpg
HAM10000_images_part_1,ISIC_0028805.jpg,.jpg,349314,HAM10000_images_part_1\ISIC_0028805.jpg
HAM10000_images_part_1,ISIC_0028806.jpg,.jpg,267708,HAM10000_images_part_1\ISIC_0028806.jpg
HAM10000_images_part_1,ISIC_0028807.jpg,.jpg,273342,HAM10000_images_part_1\ISIC_0028807.jpg
HAM10000_images_part_1,ISIC_0028808.jpg,.jpg,229162,HAM10000_images_part_1\ISIC_0028808.jpg
HAM10000_images_part_1,ISIC_0028809.jpg,.jpg,181732,HAM10000_images_part_1\ISIC_0028809.jpg
HAM10000_images_part_1,ISIC_0028810.jpg,.jpg,283984,HAM10000_images_part_1\ISIC_0028810.jpg
HAM10000_images_part_1,ISIC_0028811.jpg,.jpg,277405,HAM10000_images_part_1\ISIC_0028811.jpg
HAM10000_images_part_1,ISIC_0028812.jpg,.jpg,327100,HAM10000_images_part_1\ISIC_0028812.jpg
HAM10000_images_part_1,ISIC_0028813.jpg,.jpg,347061,HAM10000_images_part_1\ISIC_0028813.jpg
HAM10000_images_part_1,ISIC_0028814.jpg,.jpg,226586,HAM10000_images_part_1\ISIC_0028814.jpg
HAM10000_images_part_1,ISIC_0028815.jpg,.jpg,188961,HAM10000_images_part_1\ISIC_0028815.jpg
HAM10000_images_part_1,ISIC_0028816.jpg,.jpg,225869,HAM10000_images_part_1\ISIC_0028816.jpg
HAM10000_images_part_1,ISIC_0028817.jpg,.jpg,270446,HAM10000_images_part_1\ISIC_0028817.jpg
HAM10000_images_part_1,ISIC_0028818.jpg,.jpg,197509,HAM10000_images_part_1\ISIC_0028818.jpg
HAM10000_images_part_1,ISIC_0028819.jpg,.jpg,349812,HAM10000_images_part_1\ISIC_0028819.jpg
HAM10000_images_part_1,ISIC_0028820.jpg,.jpg,264392,HAM10000_images_part_1\ISIC_0028820.jpg
HAM10000_images_part_1,ISIC_0028821.jpg,.jpg,380914,HAM10000_images_part_1\ISIC_0028821.jpg
HAM10000_images_part_1,ISIC_0028822.jpg,.jpg,336250,HAM10000_images_part_1\ISIC_0028822.jpg
HAM10000_images_part_1,ISIC_0028823.jpg,.jpg,223344,HAM10000_images_part_1\ISIC_0028823.jpg
HAM10000_images_part_1,ISIC_0028824.jpg,.jpg,282326,HAM10000_images_part_1\ISIC_0028824.jpg
HAM10000_images_part_1,ISIC_0028825.jpg,.jpg,268403,HAM10000_images_part_1\ISIC_0028825.jpg
HAM10000_images_part_1,ISIC_0028826.jpg,.jpg,329422,HAM10000_images_part_1\ISIC_0028826.jpg
HAM10000_images_part_1,ISIC_0028827.jpg,.jpg,336174,HAM10000_images_part_1\ISIC_0028827.jpg
HAM10000_images_part_1,ISIC_0028828.jpg,.jpg,282403,HAM10000_images_part_1\ISIC_0028828.jpg
HAM10000_images_part_1,ISIC_0028829.jpg,.jpg,333157,HAM10000_images_part_1\ISIC_0028829.jpg
HAM10000_images_part_1,ISIC_0028830.jpg,.jpg,249686,HAM10000_images_part_1\ISIC_0028830.jpg
HAM10000_images_part_1,ISIC_0028831.jpg,.jpg,238916,HAM10000_images_part_1\ISIC_0028831.jpg
HAM10000_images_part_1,ISIC_0028832.jpg,.jpg,331832,HAM10000_images_part_1\ISIC_0028832.jpg
HAM10000_images_part_1,ISIC_0028833.jpg,.jpg,332483,HAM10000_images_part_1\ISIC_0028833.jpg
HAM10000_images_part_1,ISIC_0028834.jpg,.jpg,272199,HAM10000_images_part_1\ISIC_0028834.jpg
HAM10000_images_part_1,ISIC_0028835.jpg,.jpg,269281,HAM10000_images_part_1\ISIC_0028835.jpg
HAM10000_images_part_1,ISIC_0028836.jpg,.jpg,350733,HAM10000_images_part_1\ISIC_0028836.jpg
HAM10000_images_part_1,ISIC_0028837.jpg,.jpg,298155,HAM10000_images_part_1\ISIC_0028837.jpg
HAM10000_images_part_1,ISIC_0028838.jpg,.jpg,264001,HAM10000_images_part_1\ISIC_0028838.jpg
HAM10000_images_part_1,ISIC_0028839.jpg,.jpg,272731,HAM10000_images_part_1\ISIC_0028839.jpg
HAM10000_images_part_1,ISIC_0028840.jpg,.jpg,297846,HAM10000_images_part_1\ISIC_0028840.jpg
HAM10000_images_part_1,ISIC_0028841.jpg,.jpg,265658,HAM10000_images_part_1\ISIC_0028841.jpg
HAM10000_images_part_1,ISIC_0028842.jpg,.jpg,273399,HAM10000_images_part_1\ISIC_0028842.jpg
HAM10000_images_part_1,ISIC_0028843.jpg,.jpg,247098,HAM10000_images_part_1\ISIC_0028843.jpg
HAM10000_images_part_1,ISIC_0028844.jpg,.jpg,282256,HAM10000_images_part_1\ISIC_0028844.jpg
HAM10000_images_part_1,ISIC_0028845.jpg,.jpg,281563,HAM10000_images_part_1\ISIC_0028845.jpg
HAM10000_images_part_1,ISIC_0028846.jpg,.jpg,240995,HAM10000_images_part_1\ISIC_0028846.jpg
HAM10000_images_part_1,ISIC_0028847.jpg,.jpg,286768,HAM10000_images_part_1\ISIC_0028847.jpg
HAM10000_images_part_1,ISIC_0028848.jpg,.jpg,332847,HAM10000_images_part_1\ISIC_0028848.jpg
HAM10000_images_part_1,ISIC_0028849.jpg,.jpg,169397,HAM10000_images_part_1\ISIC_0028849.jpg
HAM10000_images_part_1,ISIC_0028850.jpg,.jpg,271405,HAM10000_images_part_1\ISIC_0028850.jpg
HAM10000_images_part_1,ISIC_0028851.jpg,.jpg,194081,HAM10000_images_part_1\ISIC_0028851.jpg
HAM10000_images_part_1,ISIC_0028852.jpg,.jpg,284210,HAM10000_images_part_1\ISIC_0028852.jpg
HAM10000_images_part_1,ISIC_0028853.jpg,.jpg,256773,HAM10000_images_part_1\ISIC_0028853.jpg
HAM10000_images_part_1,ISIC_0028854.jpg,.jpg,277833,HAM10000_images_part_1\ISIC_0028854.jpg
HAM10000_images_part_1,ISIC_0028855.jpg,.jpg,263106,HAM10000_images_part_1\ISIC_0028855.jpg
HAM10000_images_part_1,ISIC_0028856.jpg,.jpg,218023,HAM10000_images_part_1\ISIC_0028856.jpg
HAM10000_images_part_1,ISIC_0028857.jpg,.jpg,235146,HAM10000_images_part_1\ISIC_0028857.jpg
HAM10000_images_part_1,ISIC_0028858.jpg,.jpg,209540,HAM10000_images_part_1\ISIC_0028858.jpg
HAM10000_images_part_1,ISIC_0028859.jpg,.jpg,221584,HAM10000_images_part_1\ISIC_0028859.jpg
HAM10000_images_part_1,ISIC_0028860.jpg,.jpg,266062,HAM10000_images_part_1\ISIC_0028860.jpg
HAM10000_images_part_1,ISIC_0028861.jpg,.jpg,346744,HAM10000_images_part_1\ISIC_0028861.jpg
HAM10000_images_part_1,ISIC_0028862.jpg,.jpg,344412,HAM10000_images_part_1\ISIC_0028862.jpg
HAM10000_images_part_1,ISIC_0028863.jpg,.jpg,332071,HAM10000_images_part_1\ISIC_0028863.jpg
HAM10000_images_part_1,ISIC_0028864.jpg,.jpg,346313,HAM10000_images_part_1\ISIC_0028864.jpg
HAM10000_images_part_1,ISIC_0028865.jpg,.jpg,243145,HAM10000_images_part_1\ISIC_0028865.jpg
HAM10000_images_part_1,ISIC_0028866.jpg,.jpg,202263,HAM10000_images_part_1\ISIC_0028866.jpg
HAM10000_images_part_1,ISIC_0028867.jpg,.jpg,274574,HAM10000_images_part_1\ISIC_0028867.jpg
HAM10000_images_part_1,ISIC_0028868.jpg,.jpg,281827,HAM10000_images_part_1\ISIC_0028868.jpg
HAM10000_images_part_1,ISIC_0028869.jpg,.jpg,353401,HAM10000_images_part_1\ISIC_0028869.jpg
HAM10000_images_part_1,ISIC_0028870.jpg,.jpg,263893,HAM10000_images_part_1\ISIC_0028870.jpg
HAM10000_images_part_1,ISIC_0028871.jpg,.jpg,256584,HAM10000_images_part_1\ISIC_0028871.jpg
HAM10000_images_part_1,ISIC_0028872.jpg,.jpg,234739,HAM10000_images_part_1\ISIC_0028872.jpg
HAM10000_images_part_1,ISIC_0028873.jpg,.jpg,217951,HAM10000_images_part_1\ISIC_0028873.jpg
HAM10000_images_part_1,ISIC_0028874.jpg,.jpg,128609,HAM10000_images_part_1\ISIC_0028874.jpg
HAM10000_images_part_1,ISIC_0028875.jpg,.jpg,274386,HAM10000_images_part_1\ISIC_0028875.jpg
HAM10000_images_part_1,ISIC_0028876.jpg,.jpg,353868,HAM10000_images_part_1\ISIC_0028876.jpg
HAM10000_images_part_1,ISIC_0028877.jpg,.jpg,273763,HAM10000_images_part_1\ISIC_0028877.jpg
HAM10000_images_part_1,ISIC_0028878.jpg,.jpg,288567,HAM10000_images_part_1\ISIC_0028878.jpg
HAM10000_images_part_1,ISIC_0028879.jpg,.jpg,324251,HAM10000_images_part_1\ISIC_0028879.jpg
HAM10000_images_part_1,ISIC_0028880.jpg,.jpg,319869,HAM10000_images_part_1\ISIC_0028880.jpg
HAM10000_images_part_1,ISIC_0028881.jpg,.jpg,234641,HAM10000_images_part_1\ISIC_0028881.jpg
HAM10000_images_part_1,ISIC_0028882.jpg,.jpg,221269,HAM10000_images_part_1\ISIC_0028882.jpg
HAM10000_images_part_1,ISIC_0028883.jpg,.jpg,256166,HAM10000_images_part_1\ISIC_0028883.jpg
HAM10000_images_part_1,ISIC_0028884.jpg,.jpg,295883,HAM10000_images_part_1\ISIC_0028884.jpg
HAM10000_images_part_1,ISIC_0028885.jpg,.jpg,313124,HAM10000_images_part_1\ISIC_0028885.jpg
HAM10000_images_part_1,ISIC_0028886.jpg,.jpg,273068,HAM10000_images_part_1\ISIC_0028886.jpg
HAM10000_images_part_1,ISIC_0028887.jpg,.jpg,144644,HAM10000_images_part_1\ISIC_0028887.jpg
HAM10000_images_part_1,ISIC_0028888.jpg,.jpg,425055,HAM10000_images_part_1\ISIC_0028888.jpg
HAM10000_images_part_1,ISIC_0028889.jpg,.jpg,346262,HAM10000_images_part_1\ISIC_0028889.jpg
HAM10000_images_part_1,ISIC_0028890.jpg,.jpg,330818,HAM10000_images_part_1\ISIC_0028890.jpg
HAM10000_images_part_1,ISIC_0028891.jpg,.jpg,246287,HAM10000_images_part_1\ISIC_0028891.jpg
HAM10000_images_part_1,ISIC_0028892.jpg,.jpg,292715,HAM10000_images_part_1\ISIC_0028892.jpg
HAM10000_images_part_1,ISIC_0028893.jpg,.jpg,263949,HAM10000_images_part_1\ISIC_0028893.jpg
HAM10000_images_part_1,ISIC_0028894.jpg,.jpg,313211,HAM10000_images_part_1\ISIC_0028894.jpg
HAM10000_images_part_1,ISIC_0028895.jpg,.jpg,272604,HAM10000_images_part_1\ISIC_0028895.jpg
HAM10000_images_part_1,ISIC_0028896.jpg,.jpg,294774,HAM10000_images_part_1\ISIC_0028896.jpg
HAM10000_images_part_1,ISIC_0028897.jpg,.jpg,310490,HAM10000_images_part_1\ISIC_0028897.jpg
HAM10000_images_part_1,ISIC_0028898.jpg,.jpg,265097,HAM10000_images_part_1\ISIC_0028898.jpg
HAM10000_images_part_1,ISIC_0028899.jpg,.jpg,270195,HAM10000_images_part_1\ISIC_0028899.jpg
HAM10000_images_part_1,ISIC_0028900.jpg,.jpg,270726,HAM10000_images_part_1\ISIC_0028900.jpg
HAM10000_images_part_1,ISIC_0028901.jpg,.jpg,252473,HAM10000_images_part_1\ISIC_0028901.jpg
HAM10000_images_part_1,ISIC_0028902.jpg,.jpg,275249,HAM10000_images_part_1\ISIC_0028902.jpg
HAM10000_images_part_1,ISIC_0028903.jpg,.jpg,314515,HAM10000_images_part_1\ISIC_0028903.jpg
HAM10000_images_part_1,ISIC_0028904.jpg,.jpg,282465,HAM10000_images_part_1\ISIC_0028904.jpg
HAM10000_images_part_1,ISIC_0028905.jpg,.jpg,189962,HAM10000_images_part_1\ISIC_0028905.jpg
HAM10000_images_part_1,ISIC_0028906.jpg,.jpg,270184,HAM10000_images_part_1\ISIC_0028906.jpg
HAM10000_images_part_1,ISIC_0028907.jpg,.jpg,278683,HAM10000_images_part_1\ISIC_0028907.jpg
HAM10000_images_part_1,ISIC_0028908.jpg,.jpg,264874,HAM10000_images_part_1\ISIC_0028908.jpg
HAM10000_images_part_1,ISIC_0028909.jpg,.jpg,232847,HAM10000_images_part_1\ISIC_0028909.jpg
HAM10000_images_part_1,ISIC_0028910.jpg,.jpg,264930,HAM10000_images_part_1\ISIC_0028910.jpg
HAM10000_images_part_1,ISIC_0028911.jpg,.jpg,262959,HAM10000_images_part_1\ISIC_0028911.jpg
HAM10000_images_part_1,ISIC_0028912.jpg,.jpg,270186,HAM10000_images_part_1\ISIC_0028912.jpg
HAM10000_images_part_1,ISIC_0028913.jpg,.jpg,257627,HAM10000_images_part_1\ISIC_0028913.jpg
HAM10000_images_part_1,ISIC_0028914.jpg,.jpg,330587,HAM10000_images_part_1\ISIC_0028914.jpg
HAM10000_images_part_1,ISIC_0028915.jpg,.jpg,252168,HAM10000_images_part_1\ISIC_0028915.jpg
HAM10000_images_part_1,ISIC_0028916.jpg,.jpg,342402,HAM10000_images_part_1\ISIC_0028916.jpg
HAM10000_images_part_1,ISIC_0028917.jpg,.jpg,350512,HAM10000_images_part_1\ISIC_0028917.jpg
HAM10000_images_part_1,ISIC_0028918.jpg,.jpg,238195,HAM10000_images_part_1\ISIC_0028918.jpg
HAM10000_images_part_1,ISIC_0028919.jpg,.jpg,262501,HAM10000_images_part_1\ISIC_0028919.jpg
HAM10000_images_part_1,ISIC_0028920.jpg,.jpg,240231,HAM10000_images_part_1\ISIC_0028920.jpg
HAM10000_images_part_1,ISIC_0028921.jpg,.jpg,346514,HAM10000_images_part_1\ISIC_0028921.jpg
HAM10000_images_part_1,ISIC_0028922.jpg,.jpg,288824,HAM10000_images_part_1\ISIC_0028922.jpg
HAM10000_images_part_1,ISIC_0028923.jpg,.jpg,251986,HAM10000_images_part_1\ISIC_0028923.jpg
HAM10000_images_part_1,ISIC_0028924.jpg,.jpg,328190,HAM10000_images_part_1\ISIC_0028924.jpg
HAM10000_images_part_1,ISIC_0028925.jpg,.jpg,322367,HAM10000_images_part_1\ISIC_0028925.jpg
HAM10000_images_part_1,ISIC_0028926.jpg,.jpg,237585,HAM10000_images_part_1\ISIC_0028926.jpg
HAM10000_images_part_1,ISIC_0028927.jpg,.jpg,278127,HAM10000_images_part_1\ISIC_0028927.jpg
HAM10000_images_part_1,ISIC_0028928.jpg,.jpg,171873,HAM10000_images_part_1\ISIC_0028928.jpg
HAM10000_images_part_1,ISIC_0028929.jpg,.jpg,235427,HAM10000_images_part_1\ISIC_0028929.jpg
HAM10000_images_part_1,ISIC_0028930.jpg,.jpg,139545,HAM10000_images_part_1\ISIC_0028930.jpg
HAM10000_images_part_1,ISIC_0028931.jpg,.jpg,251824,HAM10000_images_part_1\ISIC_0028931.jpg
HAM10000_images_part_1,ISIC_0028932.jpg,.jpg,353033,HAM10000_images_part_1\ISIC_0028932.jpg
HAM10000_images_part_1,ISIC_0028933.jpg,.jpg,356679,HAM10000_images_part_1\ISIC_0028933.jpg
HAM10000_images_part_1,ISIC_0028934.jpg,.jpg,281953,HAM10000_images_part_1\ISIC_0028934.jpg
HAM10000_images_part_1,ISIC_0028935.jpg,.jpg,371077,HAM10000_images_part_1\ISIC_0028935.jpg
HAM10000_images_part_1,ISIC_0028936.jpg,.jpg,281476,HAM10000_images_part_1\ISIC_0028936.jpg
HAM10000_images_part_1,ISIC_0028937.jpg,.jpg,305044,HAM10000_images_part_1\ISIC_0028937.jpg
HAM10000_images_part_1,ISIC_0028938.jpg,.jpg,292921,HAM10000_images_part_1\ISIC_0028938.jpg
HAM10000_images_part_1,ISIC_0028939.jpg,.jpg,254730,HAM10000_images_part_1\ISIC_0028939.jpg
HAM10000_images_part_1,ISIC_0028940.jpg,.jpg,268502,HAM10000_images_part_1\ISIC_0028940.jpg
HAM10000_images_part_1,ISIC_0028941.jpg,.jpg,344623,HAM10000_images_part_1\ISIC_0028941.jpg
HAM10000_images_part_1,ISIC_0028942.jpg,.jpg,253210,HAM10000_images_part_1\ISIC_0028942.jpg
HAM10000_images_part_1,ISIC_0028943.jpg,.jpg,292714,HAM10000_images_part_1\ISIC_0028943.jpg
HAM10000_images_part_1,ISIC_0028944.jpg,.jpg,254002,HAM10000_images_part_1\ISIC_0028944.jpg
HAM10000_images_part_1,ISIC_0028945.jpg,.jpg,306644,HAM10000_images_part_1\ISIC_0028945.jpg
HAM10000_images_part_1,ISIC_0028946.jpg,.jpg,268392,HAM10000_images_part_1\ISIC_0028946.jpg
HAM10000_images_part_1,ISIC_0028947.jpg,.jpg,98335,HAM10000_images_part_1\ISIC_0028947.jpg
HAM10000_images_part_1,ISIC_0028948.jpg,.jpg,281608,HAM10000_images_part_1\ISIC_0028948.jpg
HAM10000_images_part_1,ISIC_0028949.jpg,.jpg,308023,HAM10000_images_part_1\ISIC_0028949.jpg
HAM10000_images_part_1,ISIC_0028950.jpg,.jpg,285070,HAM10000_images_part_1\ISIC_0028950.jpg
HAM10000_images_part_1,ISIC_0028951.jpg,.jpg,249908,HAM10000_images_part_1\ISIC_0028951.jpg
HAM10000_images_part_1,ISIC_0028952.jpg,.jpg,260249,HAM10000_images_part_1\ISIC_0028952.jpg
HAM10000_images_part_1,ISIC_0028953.jpg,.jpg,271520,HAM10000_images_part_1\ISIC_0028953.jpg
HAM10000_images_part_1,ISIC_0028954.jpg,.jpg,285765,HAM10000_images_part_1\ISIC_0028954.jpg
HAM10000_images_part_1,ISIC_0028955.jpg,.jpg,276326,HAM10000_images_part_1\ISIC_0028955.jpg
HAM10000_images_part_1,ISIC_0028956.jpg,.jpg,264789,HAM10000_images_part_1\ISIC_0028956.jpg
HAM10000_images_part_1,ISIC_0028957.jpg,.jpg,253912,HAM10000_images_part_1\ISIC_0028957.jpg
HAM10000_images_part_1,ISIC_0028958.jpg,.jpg,312858,HAM10000_images_part_1\ISIC_0028958.jpg
HAM10000_images_part_1,ISIC_0028959.jpg,.jpg,289172,HAM10000_images_part_1\ISIC_0028959.jpg
HAM10000_images_part_1,ISIC_0028960.jpg,.jpg,252219,HAM10000_images_part_1\ISIC_0028960.jpg
HAM10000_images_part_1,ISIC_0028961.jpg,.jpg,216054,HAM10000_images_part_1\ISIC_0028961.jpg
HAM10000_images_part_1,ISIC_0028962.jpg,.jpg,333158,HAM10000_images_part_1\ISIC_0028962.jpg
HAM10000_images_part_1,ISIC_0028963.jpg,.jpg,206043,HAM10000_images_part_1\ISIC_0028963.jpg
HAM10000_images_part_1,ISIC_0028964.jpg,.jpg,265023,HAM10000_images_part_1\ISIC_0028964.jpg
HAM10000_images_part_1,ISIC_0028965.jpg,.jpg,350211,HAM10000_images_part_1\ISIC_0028965.jpg
HAM10000_images_part_1,ISIC_0028966.jpg,.jpg,289878,HAM10000_images_part_1\ISIC_0028966.jpg
HAM10000_images_part_1,ISIC_0028967.jpg,.jpg,340587,HAM10000_images_part_1\ISIC_0028967.jpg
HAM10000_images_part_1,ISIC_0028968.jpg,.jpg,292584,HAM10000_images_part_1\ISIC_0028968.jpg
HAM10000_images_part_1,ISIC_0028969.jpg,.jpg,279848,HAM10000_images_part_1\ISIC_0028969.jpg
HAM10000_images_part_1,ISIC_0028970.jpg,.jpg,297298,HAM10000_images_part_1\ISIC_0028970.jpg
HAM10000_images_part_1,ISIC_0028971.jpg,.jpg,238105,HAM10000_images_part_1\ISIC_0028971.jpg
HAM10000_images_part_1,ISIC_0028972.jpg,.jpg,323438,HAM10000_images_part_1\ISIC_0028972.jpg
HAM10000_images_part_1,ISIC_0028973.jpg,.jpg,182605,HAM10000_images_part_1\ISIC_0028973.jpg
HAM10000_images_part_1,ISIC_0028974.jpg,.jpg,281808,HAM10000_images_part_1\ISIC_0028974.jpg
HAM10000_images_part_1,ISIC_0028975.jpg,.jpg,354996,HAM10000_images_part_1\ISIC_0028975.jpg
HAM10000_images_part_1,ISIC_0028976.jpg,.jpg,275240,HAM10000_images_part_1\ISIC_0028976.jpg
HAM10000_images_part_1,ISIC_0028977.jpg,.jpg,294044,HAM10000_images_part_1\ISIC_0028977.jpg
HAM10000_images_part_1,ISIC_0028978.jpg,.jpg,290390,HAM10000_images_part_1\ISIC_0028978.jpg
HAM10000_images_part_1,ISIC_0028979.jpg,.jpg,277960,HAM10000_images_part_1\ISIC_0028979.jpg
HAM10000_images_part_1,ISIC_0028980.jpg,.jpg,221521,HAM10000_images_part_1\ISIC_0028980.jpg
HAM10000_images_part_1,ISIC_0028981.jpg,.jpg,307050,HAM10000_images_part_1\ISIC_0028981.jpg
HAM10000_images_part_1,ISIC_0028982.jpg,.jpg,116756,HAM10000_images_part_1\ISIC_0028982.jpg
HAM10000_images_part_1,ISIC_0028983.jpg,.jpg,265431,HAM10000_images_part_1\ISIC_0028983.jpg
HAM10000_images_part_1,ISIC_0028984.jpg,.jpg,245524,HAM10000_images_part_1\ISIC_0028984.jpg
HAM10000_images_part_1,ISIC_0028985.jpg,.jpg,344930,HAM10000_images_part_1\ISIC_0028985.jpg
HAM10000_images_part_1,ISIC_0028986.jpg,.jpg,268663,HAM10000_images_part_1\ISIC_0028986.jpg
HAM10000_images_part_1,ISIC_0028987.jpg,.jpg,202449,HAM10000_images_part_1\ISIC_0028987.jpg
HAM10000_images_part_1,ISIC_0028988.jpg,.jpg,306731,HAM10000_images_part_1\ISIC_0028988.jpg
HAM10000_images_part_1,ISIC_0028989.jpg,.jpg,157871,HAM10000_images_part_1\ISIC_0028989.jpg
HAM10000_images_part_1,ISIC_0028990.jpg,.jpg,272732,HAM10000_images_part_1\ISIC_0028990.jpg
HAM10000_images_part_1,ISIC_0028991.jpg,.jpg,279508,HAM10000_images_part_1\ISIC_0028991.jpg
HAM10000_images_part_1,ISIC_0028992.jpg,.jpg,191205,HAM10000_images_part_1\ISIC_0028992.jpg
HAM10000_images_part_1,ISIC_0028993.jpg,.jpg,205336,HAM10000_images_part_1\ISIC_0028993.jpg
HAM10000_images_part_1,ISIC_0028994.jpg,.jpg,305277,HAM10000_images_part_1\ISIC_0028994.jpg
HAM10000_images_part_1,ISIC_0028995.jpg,.jpg,183559,HAM10000_images_part_1\ISIC_0028995.jpg
HAM10000_images_part_1,ISIC_0028996.jpg,.jpg,280856,HAM10000_images_part_1\ISIC_0028996.jpg
HAM10000_images_part_1,ISIC_0028997.jpg,.jpg,319348,HAM10000_images_part_1\ISIC_0028997.jpg
HAM10000_images_part_1,ISIC_0028998.jpg,.jpg,274057,HAM10000_images_part_1\ISIC_0028998.jpg
HAM10000_images_part_1,ISIC_0028999.jpg,.jpg,317370,HAM10000_images_part_1\ISIC_0028999.jpg
HAM10000_images_part_1,ISIC_0029000.jpg,.jpg,330266,HAM10000_images_part_1\ISIC_0029000.jpg
HAM10000_images_part_1,ISIC_0029001.jpg,.jpg,195186,HAM10000_images_part_1\ISIC_0029001.jpg
HAM10000_images_part_1,ISIC_0029002.jpg,.jpg,264100,HAM10000_images_part_1\ISIC_0029002.jpg
HAM10000_images_part_1,ISIC_0029003.jpg,.jpg,193923,HAM10000_images_part_1\ISIC_0029003.jpg
HAM10000_images_part_1,ISIC_0029004.jpg,.jpg,267224,HAM10000_images_part_1\ISIC_0029004.jpg
HAM10000_images_part_1,ISIC_0029005.jpg,.jpg,261716,HAM10000_images_part_1\ISIC_0029005.jpg
HAM10000_images_part_1,ISIC_0029006.jpg,.jpg,262890,HAM10000_images_part_1\ISIC_0029006.jpg
HAM10000_images_part_1,ISIC_0029007.jpg,.jpg,339743,HAM10000_images_part_1\ISIC_0029007.jpg
HAM10000_images_part_1,ISIC_0029008.jpg,.jpg,339355,HAM10000_images_part_1\ISIC_0029008.jpg
HAM10000_images_part_1,ISIC_0029009.jpg,.jpg,281221,HAM10000_images_part_1\ISIC_0029009.jpg
HAM10000_images_part_1,ISIC_0029010.jpg,.jpg,260956,HAM10000_images_part_1\ISIC_0029010.jpg
HAM10000_images_part_1,ISIC_0029011.jpg,.jpg,284365,HAM10000_images_part_1\ISIC_0029011.jpg
HAM10000_images_part_1,ISIC_0029012.jpg,.jpg,300781,HAM10000_images_part_1\ISIC_0029012.jpg
HAM10000_images_part_1,ISIC_0029013.jpg,.jpg,288172,HAM10000_images_part_1\ISIC_0029013.jpg
HAM10000_images_part_1,ISIC_0029014.jpg,.jpg,276964,HAM10000_images_part_1\ISIC_0029014.jpg
HAM10000_images_part_1,ISIC_0029015.jpg,.jpg,328863,HAM10000_images_part_1\ISIC_0029015.jpg
HAM10000_images_part_1,ISIC_0029016.jpg,.jpg,271877,HAM10000_images_part_1\ISIC_0029016.jpg
HAM10000_images_part_1,ISIC_0029017.jpg,.jpg,312779,HAM10000_images_part_1\ISIC_0029017.jpg
HAM10000_images_part_1,ISIC_0029018.jpg,.jpg,225687,HAM10000_images_part_1\ISIC_0029018.jpg
HAM10000_images_part_1,ISIC_0029019.jpg,.jpg,296570,HAM10000_images_part_1\ISIC_0029019.jpg
HAM10000_images_part_1,ISIC_0029020.jpg,.jpg,265641,HAM10000_images_part_1\ISIC_0029020.jpg
HAM10000_images_part_1,ISIC_0029021.jpg,.jpg,327509,HAM10000_images_part_1\ISIC_0029021.jpg
HAM10000_images_part_1,ISIC_0029022.jpg,.jpg,296085,HAM10000_images_part_1\ISIC_0029022.jpg
HAM10000_images_part_1,ISIC_0029023.jpg,.jpg,349146,HAM10000_images_part_1\ISIC_0029023.jpg
HAM10000_images_part_1,ISIC_0029024.jpg,.jpg,274032,HAM10000_images_part_1\ISIC_0029024.jpg
HAM10000_images_part_1,ISIC_0029025.jpg,.jpg,265137,HAM10000_images_part_1\ISIC_0029025.jpg
HAM10000_images_part_1,ISIC_0029026.jpg,.jpg,159936,HAM10000_images_part_1\ISIC_0029026.jpg
HAM10000_images_part_1,ISIC_0029027.jpg,.jpg,276627,HAM10000_images_part_1\ISIC_0029027.jpg
HAM10000_images_part_1,ISIC_0029028.jpg,.jpg,299142,HAM10000_images_part_1\ISIC_0029028.jpg
HAM10000_images_part_1,ISIC_0029029.jpg,.jpg,208986,HAM10000_images_part_1\ISIC_0029029.jpg
HAM10000_images_part_1,ISIC_0029030.jpg,.jpg,287957,HAM10000_images_part_1\ISIC_0029030.jpg
HAM10000_images_part_1,ISIC_0029031.jpg,.jpg,299331,HAM10000_images_part_1\ISIC_0029031.jpg
HAM10000_images_part_1,ISIC_0029032.jpg,.jpg,220274,HAM10000_images_part_1\ISIC_0029032.jpg
HAM10000_images_part_1,ISIC_0029033.jpg,.jpg,220118,HAM10000_images_part_1\ISIC_0029033.jpg
HAM10000_images_part_1,ISIC_0029034.jpg,.jpg,312005,HAM10000_images_part_1\ISIC_0029034.jpg
HAM10000_images_part_1,ISIC_0029035.jpg,.jpg,144951,HAM10000_images_part_1\ISIC_0029035.jpg
HAM10000_images_part_1,ISIC_0029036.jpg,.jpg,278394,HAM10000_images_part_1\ISIC_0029036.jpg
HAM10000_images_part_1,ISIC_0029037.jpg,.jpg,280944,HAM10000_images_part_1\ISIC_0029037.jpg
HAM10000_images_part_1,ISIC_0029038.jpg,.jpg,316641,HAM10000_images_part_1\ISIC_0029038.jpg
HAM10000_images_part_1,ISIC_0029039.jpg,.jpg,157002,HAM10000_images_part_1\ISIC_0029039.jpg
HAM10000_images_part_1,ISIC_0029040.jpg,.jpg,214744,HAM10000_images_part_1\ISIC_0029040.jpg
HAM10000_images_part_1,ISIC_0029041.jpg,.jpg,284743,HAM10000_images_part_1\ISIC_0029041.jpg
HAM10000_images_part_1,ISIC_0029042.jpg,.jpg,281738,HAM10000_images_part_1\ISIC_0029042.jpg
HAM10000_images_part_1,ISIC_0029043.jpg,.jpg,229607,HAM10000_images_part_1\ISIC_0029043.jpg
HAM10000_images_part_1,ISIC_0029044.jpg,.jpg,330888,HAM10000_images_part_1\ISIC_0029044.jpg
HAM10000_images_part_1,ISIC_0029045.jpg,.jpg,283290,HAM10000_images_part_1\ISIC_0029045.jpg
HAM10000_images_part_1,ISIC_0029046.jpg,.jpg,232336,HAM10000_images_part_1\ISIC_0029046.jpg
HAM10000_images_part_1,ISIC_0029047.jpg,.jpg,272829,HAM10000_images_part_1\ISIC_0029047.jpg
HAM10000_images_part_1,ISIC_0029048.jpg,.jpg,342983,HAM10000_images_part_1\ISIC_0029048.jpg
HAM10000_images_part_1,ISIC_0029049.jpg,.jpg,231112,HAM10000_images_part_1\ISIC_0029049.jpg
HAM10000_images_part_1,ISIC_0029050.jpg,.jpg,282250,HAM10000_images_part_1\ISIC_0029050.jpg
HAM10000_images_part_1,ISIC_0029051.jpg,.jpg,381169,HAM10000_images_part_1\ISIC_0029051.jpg
HAM10000_images_part_1,ISIC_0029052.jpg,.jpg,321451,HAM10000_images_part_1\ISIC_0029052.jpg
HAM10000_images_part_1,ISIC_0029053.jpg,.jpg,276281,HAM10000_images_part_1\ISIC_0029053.jpg
HAM10000_images_part_1,ISIC_0029054.jpg,.jpg,235200,HAM10000_images_part_1\ISIC_0029054.jpg
HAM10000_images_part_1,ISIC_0029055.jpg,.jpg,252269,HAM10000_images_part_1\ISIC_0029055.jpg
HAM10000_images_part_1,ISIC_0029056.jpg,.jpg,206816,HAM10000_images_part_1\ISIC_0029056.jpg
HAM10000_images_part_1,ISIC_0029057.jpg,.jpg,264063,HAM10000_images_part_1\ISIC_0029057.jpg
HAM10000_images_part_1,ISIC_0029058.jpg,.jpg,273012,HAM10000_images_part_1\ISIC_0029058.jpg
HAM10000_images_part_1,ISIC_0029059.jpg,.jpg,243570,HAM10000_images_part_1\ISIC_0029059.jpg
HAM10000_images_part_1,ISIC_0029060.jpg,.jpg,278938,HAM10000_images_part_1\ISIC_0029060.jpg
HAM10000_images_part_1,ISIC_0029061.jpg,.jpg,298782,HAM10000_images_part_1\ISIC_0029061.jpg
HAM10000_images_part_1,ISIC_0029062.jpg,.jpg,254966,HAM10000_images_part_1\ISIC_0029062.jpg
HAM10000_images_part_1,ISIC_0029063.jpg,.jpg,279323,HAM10000_images_part_1\ISIC_0029063.jpg
HAM10000_images_part_1,ISIC_0029064.jpg,.jpg,270943,HAM10000_images_part_1\ISIC_0029064.jpg
HAM10000_images_part_1,ISIC_0029065.jpg,.jpg,280957,HAM10000_images_part_1\ISIC_0029065.jpg
HAM10000_images_part_1,ISIC_0029066.jpg,.jpg,277889,HAM10000_images_part_1\ISIC_0029066.jpg
HAM10000_images_part_1,ISIC_0029067.jpg,.jpg,280082,HAM10000_images_part_1\ISIC_0029067.jpg
HAM10000_images_part_1,ISIC_0029068.jpg,.jpg,299713,HAM10000_images_part_1\ISIC_0029068.jpg
HAM10000_images_part_1,ISIC_0029069.jpg,.jpg,275771,HAM10000_images_part_1\ISIC_0029069.jpg
HAM10000_images_part_1,ISIC_0029070.jpg,.jpg,326032,HAM10000_images_part_1\ISIC_0029070.jpg
HAM10000_images_part_1,ISIC_0029071.jpg,.jpg,269454,HAM10000_images_part_1\ISIC_0029071.jpg
HAM10000_images_part_1,ISIC_0029072.jpg,.jpg,273189,HAM10000_images_part_1\ISIC_0029072.jpg
HAM10000_images_part_1,ISIC_0029073.jpg,.jpg,277358,HAM10000_images_part_1\ISIC_0029073.jpg
HAM10000_images_part_1,ISIC_0029074.jpg,.jpg,272291,HAM10000_images_part_1\ISIC_0029074.jpg
HAM10000_images_part_1,ISIC_0029075.jpg,.jpg,143306,HAM10000_images_part_1\ISIC_0029075.jpg
HAM10000_images_part_1,ISIC_0029076.jpg,.jpg,276266,HAM10000_images_part_1\ISIC_0029076.jpg
HAM10000_images_part_1,ISIC_0029077.jpg,.jpg,268566,HAM10000_images_part_1\ISIC_0029077.jpg
HAM10000_images_part_1,ISIC_0029078.jpg,.jpg,280650,HAM10000_images_part_1\ISIC_0029078.jpg
HAM10000_images_part_1,ISIC_0029079.jpg,.jpg,173470,HAM10000_images_part_1\ISIC_0029079.jpg
HAM10000_images_part_1,ISIC_0029080.jpg,.jpg,228045,HAM10000_images_part_1\ISIC_0029080.jpg
HAM10000_images_part_1,ISIC_0029081.jpg,.jpg,335211,HAM10000_images_part_1\ISIC_0029081.jpg
HAM10000_images_part_1,ISIC_0029082.jpg,.jpg,198738,HAM10000_images_part_1\ISIC_0029082.jpg
HAM10000_images_part_1,ISIC_0029083.jpg,.jpg,142258,HAM10000_images_part_1\ISIC_0029083.jpg
HAM10000_images_part_1,ISIC_0029084.jpg,.jpg,270033,HAM10000_images_part_1\ISIC_0029084.jpg
HAM10000_images_part_1,ISIC_0029085.jpg,.jpg,330317,HAM10000_images_part_1\ISIC_0029085.jpg
HAM10000_images_part_1,ISIC_0029086.jpg,.jpg,262542,HAM10000_images_part_1\ISIC_0029086.jpg
HAM10000_images_part_1,ISIC_0029087.jpg,.jpg,261561,HAM10000_images_part_1\ISIC_0029087.jpg
HAM10000_images_part_1,ISIC_0029088.jpg,.jpg,279157,HAM10000_images_part_1\ISIC_0029088.jpg
HAM10000_images_part_1,ISIC_0029089.jpg,.jpg,282642,HAM10000_images_part_1\ISIC_0029089.jpg
HAM10000_images_part_1,ISIC_0029090.jpg,.jpg,293089,HAM10000_images_part_1\ISIC_0029090.jpg
HAM10000_images_part_1,ISIC_0029091.jpg,.jpg,335112,HAM10000_images_part_1\ISIC_0029091.jpg
HAM10000_images_part_1,ISIC_0029092.jpg,.jpg,281306,HAM10000_images_part_1\ISIC_0029092.jpg
HAM10000_images_part_1,ISIC_0029093.jpg,.jpg,312951,HAM10000_images_part_1\ISIC_0029093.jpg
HAM10000_images_part_1,ISIC_0029094.jpg,.jpg,287804,HAM10000_images_part_1\ISIC_0029094.jpg
HAM10000_images_part_1,ISIC_0029095.jpg,.jpg,146950,HAM10000_images_part_1\ISIC_0029095.jpg
HAM10000_images_part_1,ISIC_0029096.jpg,.jpg,272019,HAM10000_images_part_1\ISIC_0029096.jpg
HAM10000_images_part_1,ISIC_0029097.jpg,.jpg,292496,HAM10000_images_part_1\ISIC_0029097.jpg
HAM10000_images_part_1,ISIC_0029098.jpg,.jpg,268290,HAM10000_images_part_1\ISIC_0029098.jpg
HAM10000_images_part_1,ISIC_0029099.jpg,.jpg,220504,HAM10000_images_part_1\ISIC_0029099.jpg
HAM10000_images_part_1,ISIC_0029100.jpg,.jpg,268224,HAM10000_images_part_1\ISIC_0029100.jpg
HAM10000_images_part_1,ISIC_0029101.jpg,.jpg,245047,HAM10000_images_part_1\ISIC_0029101.jpg
HAM10000_images_part_1,ISIC_0029102.jpg,.jpg,316463,HAM10000_images_part_1\ISIC_0029102.jpg
HAM10000_images_part_1,ISIC_0029103.jpg,.jpg,263306,HAM10000_images_part_1\ISIC_0029103.jpg
HAM10000_images_part_1,ISIC_0029104.jpg,.jpg,192404,HAM10000_images_part_1\ISIC_0029104.jpg
HAM10000_images_part_1,ISIC_0029105.jpg,.jpg,334095,HAM10000_images_part_1\ISIC_0029105.jpg
HAM10000_images_part_1,ISIC_0029106.jpg,.jpg,262005,HAM10000_images_part_1\ISIC_0029106.jpg
HAM10000_images_part_1,ISIC_0029107.jpg,.jpg,332311,HAM10000_images_part_1\ISIC_0029107.jpg
HAM10000_images_part_1,ISIC_0029108.jpg,.jpg,225368,HAM10000_images_part_1\ISIC_0029108.jpg
HAM10000_images_part_1,ISIC_0029109.jpg,.jpg,262153,HAM10000_images_part_1\ISIC_0029109.jpg
HAM10000_images_part_1,ISIC_0029110.jpg,.jpg,282403,HAM10000_images_part_1\ISIC_0029110.jpg
HAM10000_images_part_1,ISIC_0029111.jpg,.jpg,322261,HAM10000_images_part_1\ISIC_0029111.jpg
HAM10000_images_part_1,ISIC_0029112.jpg,.jpg,328904,HAM10000_images_part_1\ISIC_0029112.jpg
HAM10000_images_part_1,ISIC_0029113.jpg,.jpg,305918,HAM10000_images_part_1\ISIC_0029113.jpg
HAM10000_images_part_1,ISIC_0029114.jpg,.jpg,259846,HAM10000_images_part_1\ISIC_0029114.jpg
HAM10000_images_part_1,ISIC_0029115.jpg,.jpg,285989,HAM10000_images_part_1\ISIC_0029115.jpg
HAM10000_images_part_1,ISIC_0029116.jpg,.jpg,269369,HAM10000_images_part_1\ISIC_0029116.jpg
HAM10000_images_part_1,ISIC_0029117.jpg,.jpg,277716,HAM10000_images_part_1\ISIC_0029117.jpg
HAM10000_images_part_1,ISIC_0029118.jpg,.jpg,348208,HAM10000_images_part_1\ISIC_0029118.jpg
HAM10000_images_part_1,ISIC_0029119.jpg,.jpg,244917,HAM10000_images_part_1\ISIC_0029119.jpg
HAM10000_images_part_1,ISIC_0029120.jpg,.jpg,297085,HAM10000_images_part_1\ISIC_0029120.jpg
HAM10000_images_part_1,ISIC_0029121.jpg,.jpg,250940,HAM10000_images_part_1\ISIC_0029121.jpg
HAM10000_images_part_1,ISIC_0029122.jpg,.jpg,273262,HAM10000_images_part_1\ISIC_0029122.jpg
HAM10000_images_part_1,ISIC_0029123.jpg,.jpg,275577,HAM10000_images_part_1\ISIC_0029123.jpg
HAM10000_images_part_1,ISIC_0029124.jpg,.jpg,253821,HAM10000_images_part_1\ISIC_0029124.jpg
HAM10000_images_part_1,ISIC_0029125.jpg,.jpg,279596,HAM10000_images_part_1\ISIC_0029125.jpg
HAM10000_images_part_1,ISIC_0029126.jpg,.jpg,249448,HAM10000_images_part_1\ISIC_0029126.jpg
HAM10000_images_part_1,ISIC_0029127.jpg,.jpg,309446,HAM10000_images_part_1\ISIC_0029127.jpg
HAM10000_images_part_1,ISIC_0029128.jpg,.jpg,280489,HAM10000_images_part_1\ISIC_0029128.jpg
HAM10000_images_part_1,ISIC_0029129.jpg,.jpg,225938,HAM10000_images_part_1\ISIC_0029129.jpg
HAM10000_images_part_1,ISIC_0029130.jpg,.jpg,323772,HAM10000_images_part_1\ISIC_0029130.jpg
HAM10000_images_part_1,ISIC_0029131.jpg,.jpg,320903,HAM10000_images_part_1\ISIC_0029131.jpg
HAM10000_images_part_1,ISIC_0029132.jpg,.jpg,349360,HAM10000_images_part_1\ISIC_0029132.jpg
HAM10000_images_part_1,ISIC_0029133.jpg,.jpg,299074,HAM10000_images_part_1\ISIC_0029133.jpg
HAM10000_images_part_1,ISIC_0029134.jpg,.jpg,279666,HAM10000_images_part_1\ISIC_0029134.jpg
HAM10000_images_part_1,ISIC_0029135.jpg,.jpg,259989,HAM10000_images_part_1\ISIC_0029135.jpg
HAM10000_images_part_1,ISIC_0029136.jpg,.jpg,281784,HAM10000_images_part_1\ISIC_0029136.jpg
HAM10000_images_part_1,ISIC_0029137.jpg,.jpg,252985,HAM10000_images_part_1\ISIC_0029137.jpg
HAM10000_images_part_1,ISIC_0029138.jpg,.jpg,198617,HAM10000_images_part_1\ISIC_0029138.jpg
HAM10000_images_part_1,ISIC_0029139.jpg,.jpg,245560,HAM10000_images_part_1\ISIC_0029139.jpg
HAM10000_images_part_1,ISIC_0029140.jpg,.jpg,283264,HAM10000_images_part_1\ISIC_0029140.jpg
HAM10000_images_part_1,ISIC_0029141.jpg,.jpg,236708,HAM10000_images_part_1\ISIC_0029141.jpg
HAM10000_images_part_1,ISIC_0029142.jpg,.jpg,355633,HAM10000_images_part_1\ISIC_0029142.jpg
HAM10000_images_part_1,ISIC_0029143.jpg,.jpg,223537,HAM10000_images_part_1\ISIC_0029143.jpg
HAM10000_images_part_1,ISIC_0029144.jpg,.jpg,260613,HAM10000_images_part_1\ISIC_0029144.jpg
HAM10000_images_part_1,ISIC_0029145.jpg,.jpg,232962,HAM10000_images_part_1\ISIC_0029145.jpg
HAM10000_images_part_1,ISIC_0029146.jpg,.jpg,284230,HAM10000_images_part_1\ISIC_0029146.jpg
HAM10000_images_part_1,ISIC_0029147.jpg,.jpg,223343,HAM10000_images_part_1\ISIC_0029147.jpg
HAM10000_images_part_1,ISIC_0029148.jpg,.jpg,279233,HAM10000_images_part_1\ISIC_0029148.jpg
HAM10000_images_part_1,ISIC_0029149.jpg,.jpg,346800,HAM10000_images_part_1\ISIC_0029149.jpg
HAM10000_images_part_1,ISIC_0029150.jpg,.jpg,259954,HAM10000_images_part_1\ISIC_0029150.jpg
HAM10000_images_part_1,ISIC_0029151.jpg,.jpg,275004,HAM10000_images_part_1\ISIC_0029151.jpg
HAM10000_images_part_1,ISIC_0029152.jpg,.jpg,257662,HAM10000_images_part_1\ISIC_0029152.jpg
HAM10000_images_part_1,ISIC_0029153.jpg,.jpg,396552,HAM10000_images_part_1\ISIC_0029153.jpg
HAM10000_images_part_1,ISIC_0029154.jpg,.jpg,277039,HAM10000_images_part_1\ISIC_0029154.jpg
HAM10000_images_part_1,ISIC_0029155.jpg,.jpg,282324,HAM10000_images_part_1\ISIC_0029155.jpg
HAM10000_images_part_1,ISIC_0029156.jpg,.jpg,259902,HAM10000_images_part_1\ISIC_0029156.jpg
HAM10000_images_part_1,ISIC_0029157.jpg,.jpg,262078,HAM10000_images_part_1\ISIC_0029157.jpg
HAM10000_images_part_1,ISIC_0029158.jpg,.jpg,260254,HAM10000_images_part_1\ISIC_0029158.jpg
HAM10000_images_part_1,ISIC_0029159.jpg,.jpg,266363,HAM10000_images_part_1\ISIC_0029159.jpg
HAM10000_images_part_1,ISIC_0029160.jpg,.jpg,215712,HAM10000_images_part_1\ISIC_0029160.jpg
HAM10000_images_part_1,ISIC_0029161.jpg,.jpg,267899,HAM10000_images_part_1\ISIC_0029161.jpg
HAM10000_images_part_1,ISIC_0029162.jpg,.jpg,237689,HAM10000_images_part_1\ISIC_0029162.jpg
HAM10000_images_part_1,ISIC_0029163.jpg,.jpg,307918,HAM10000_images_part_1\ISIC_0029163.jpg
HAM10000_images_part_1,ISIC_0029164.jpg,.jpg,284528,HAM10000_images_part_1\ISIC_0029164.jpg
HAM10000_images_part_1,ISIC_0029165.jpg,.jpg,278697,HAM10000_images_part_1\ISIC_0029165.jpg
HAM10000_images_part_1,ISIC_0029166.jpg,.jpg,257066,HAM10000_images_part_1\ISIC_0029166.jpg
HAM10000_images_part_1,ISIC_0029167.jpg,.jpg,270130,HAM10000_images_part_1\ISIC_0029167.jpg
HAM10000_images_part_1,ISIC_0029168.jpg,.jpg,279986,HAM10000_images_part_1\ISIC_0029168.jpg
HAM10000_images_part_1,ISIC_0029169.jpg,.jpg,183735,HAM10000_images_part_1\ISIC_0029169.jpg
HAM10000_images_part_1,ISIC_0029170.jpg,.jpg,231298,HAM10000_images_part_1\ISIC_0029170.jpg
HAM10000_images_part_1,ISIC_0029171.jpg,.jpg,288409,HAM10000_images_part_1\ISIC_0029171.jpg
HAM10000_images_part_1,ISIC_0029172.jpg,.jpg,271529,HAM10000_images_part_1\ISIC_0029172.jpg
HAM10000_images_part_1,ISIC_0029173.jpg,.jpg,272433,HAM10000_images_part_1\ISIC_0029173.jpg
HAM10000_images_part_1,ISIC_0029174.jpg,.jpg,259535,HAM10000_images_part_1\ISIC_0029174.jpg
HAM10000_images_part_1,ISIC_0029175.jpg,.jpg,263221,HAM10000_images_part_1\ISIC_0029175.jpg
HAM10000_images_part_1,ISIC_0029176.jpg,.jpg,266602,HAM10000_images_part_1\ISIC_0029176.jpg
HAM10000_images_part_1,ISIC_0029177.jpg,.jpg,332012,HAM10000_images_part_1\ISIC_0029177.jpg
HAM10000_images_part_1,ISIC_0029178.jpg,.jpg,271727,HAM10000_images_part_1\ISIC_0029178.jpg
HAM10000_images_part_1,ISIC_0029179.jpg,.jpg,266847,HAM10000_images_part_1\ISIC_0029179.jpg
HAM10000_images_part_1,ISIC_0029180.jpg,.jpg,276763,HAM10000_images_part_1\ISIC_0029180.jpg
HAM10000_images_part_1,ISIC_0029181.jpg,.jpg,270353,HAM10000_images_part_1\ISIC_0029181.jpg
HAM10000_images_part_1,ISIC_0029182.jpg,.jpg,238726,HAM10000_images_part_1\ISIC_0029182.jpg
HAM10000_images_part_1,ISIC_0029183.jpg,.jpg,173658,HAM10000_images_part_1\ISIC_0029183.jpg
HAM10000_images_part_1,ISIC_0029184.jpg,.jpg,338416,HAM10000_images_part_1\ISIC_0029184.jpg
HAM10000_images_part_1,ISIC_0029185.jpg,.jpg,271121,HAM10000_images_part_1\ISIC_0029185.jpg
HAM10000_images_part_1,ISIC_0029186.jpg,.jpg,299347,HAM10000_images_part_1\ISIC_0029186.jpg
HAM10000_images_part_1,ISIC_0029187.jpg,.jpg,198621,HAM10000_images_part_1\ISIC_0029187.jpg
HAM10000_images_part_1,ISIC_0029188.jpg,.jpg,232095,HAM10000_images_part_1\ISIC_0029188.jpg
HAM10000_images_part_1,ISIC_0029189.jpg,.jpg,268553,HAM10000_images_part_1\ISIC_0029189.jpg
HAM10000_images_part_1,ISIC_0029190.jpg,.jpg,266651,HAM10000_images_part_1\ISIC_0029190.jpg
HAM10000_images_part_1,ISIC_0029191.jpg,.jpg,180042,HAM10000_images_part_1\ISIC_0029191.jpg
HAM10000_images_part_1,ISIC_0029192.jpg,.jpg,301282,HAM10000_images_part_1\ISIC_0029192.jpg
HAM10000_images_part_1,ISIC_0029193.jpg,.jpg,315540,HAM10000_images_part_1\ISIC_0029193.jpg
HAM10000_images_part_1,ISIC_0029194.jpg,.jpg,249649,HAM10000_images_part_1\ISIC_0029194.jpg
HAM10000_images_part_1,ISIC_0029195.jpg,.jpg,323318,HAM10000_images_part_1\ISIC_0029195.jpg
HAM10000_images_part_1,ISIC_0029196.jpg,.jpg,220391,HAM10000_images_part_1\ISIC_0029196.jpg
HAM10000_images_part_1,ISIC_0029197.jpg,.jpg,124213,HAM10000_images_part_1\ISIC_0029197.jpg
HAM10000_images_part_1,ISIC_0029198.jpg,.jpg,277531,HAM10000_images_part_1\ISIC_0029198.jpg
HAM10000_images_part_1,ISIC_0029199.jpg,.jpg,251725,HAM10000_images_part_1\ISIC_0029199.jpg
HAM10000_images_part_1,ISIC_0029200.jpg,.jpg,289440,HAM10000_images_part_1\ISIC_0029200.jpg
HAM10000_images_part_1,ISIC_0029201.jpg,.jpg,261586,HAM10000_images_part_1\ISIC_0029201.jpg
HAM10000_images_part_1,ISIC_0029202.jpg,.jpg,316748,HAM10000_images_part_1\ISIC_0029202.jpg
HAM10000_images_part_1,ISIC_0029203.jpg,.jpg,225837,HAM10000_images_part_1\ISIC_0029203.jpg
HAM10000_images_part_1,ISIC_0029204.jpg,.jpg,280222,HAM10000_images_part_1\ISIC_0029204.jpg
HAM10000_images_part_1,ISIC_0029205.jpg,.jpg,274189,HAM10000_images_part_1\ISIC_0029205.jpg
HAM10000_images_part_1,ISIC_0029206.jpg,.jpg,270484,HAM10000_images_part_1\ISIC_0029206.jpg
HAM10000_images_part_1,ISIC_0029207.jpg,.jpg,273669,HAM10000_images_part_1\ISIC_0029207.jpg
HAM10000_images_part_1,ISIC_0029208.jpg,.jpg,129044,HAM10000_images_part_1\ISIC_0029208.jpg
HAM10000_images_part_1,ISIC_0029209.jpg,.jpg,294978,HAM10000_images_part_1\ISIC_0029209.jpg
HAM10000_images_part_1,ISIC_0029210.jpg,.jpg,272501,HAM10000_images_part_1\ISIC_0029210.jpg
HAM10000_images_part_1,ISIC_0029211.jpg,.jpg,353766,HAM10000_images_part_1\ISIC_0029211.jpg
HAM10000_images_part_1,ISIC_0029212.jpg,.jpg,300286,HAM10000_images_part_1\ISIC_0029212.jpg
HAM10000_images_part_1,ISIC_0029213.jpg,.jpg,290430,HAM10000_images_part_1\ISIC_0029213.jpg
HAM10000_images_part_1,ISIC_0029214.jpg,.jpg,233702,HAM10000_images_part_1\ISIC_0029214.jpg
HAM10000_images_part_1,ISIC_0029215.jpg,.jpg,278158,HAM10000_images_part_1\ISIC_0029215.jpg
HAM10000_images_part_1,ISIC_0029216.jpg,.jpg,288816,HAM10000_images_part_1\ISIC_0029216.jpg
HAM10000_images_part_1,ISIC_0029217.jpg,.jpg,229748,HAM10000_images_part_1\ISIC_0029217.jpg
HAM10000_images_part_1,ISIC_0029218.jpg,.jpg,263346,HAM10000_images_part_1\ISIC_0029218.jpg
HAM10000_images_part_1,ISIC_0029219.jpg,.jpg,274688,HAM10000_images_part_1\ISIC_0029219.jpg
HAM10000_images_part_1,ISIC_0029220.jpg,.jpg,220542,HAM10000_images_part_1\ISIC_0029220.jpg
HAM10000_images_part_1,ISIC_0029221.jpg,.jpg,255046,HAM10000_images_part_1\ISIC_0029221.jpg
HAM10000_images_part_1,ISIC_0029222.jpg,.jpg,304097,HAM10000_images_part_1\ISIC_0029222.jpg
HAM10000_images_part_1,ISIC_0029223.jpg,.jpg,259273,HAM10000_images_part_1\ISIC_0029223.jpg
HAM10000_images_part_1,ISIC_0029224.jpg,.jpg,284526,HAM10000_images_part_1\ISIC_0029224.jpg
HAM10000_images_part_1,ISIC_0029225.jpg,.jpg,300428,HAM10000_images_part_1\ISIC_0029225.jpg
HAM10000_images_part_1,ISIC_0029226.jpg,.jpg,303666,HAM10000_images_part_1\ISIC_0029226.jpg
HAM10000_images_part_1,ISIC_0029227.jpg,.jpg,355724,HAM10000_images_part_1\ISIC_0029227.jpg
HAM10000_images_part_1,ISIC_0029228.jpg,.jpg,267210,HAM10000_images_part_1\ISIC_0029228.jpg
HAM10000_images_part_1,ISIC_0029229.jpg,.jpg,282063,HAM10000_images_part_1\ISIC_0029229.jpg
HAM10000_images_part_1,ISIC_0029230.jpg,.jpg,195680,HAM10000_images_part_1\ISIC_0029230.jpg
HAM10000_images_part_1,ISIC_0029231.jpg,.jpg,220361,HAM10000_images_part_1\ISIC_0029231.jpg
HAM10000_images_part_1,ISIC_0029232.jpg,.jpg,303237,HAM10000_images_part_1\ISIC_0029232.jpg
HAM10000_images_part_1,ISIC_0029233.jpg,.jpg,315380,HAM10000_images_part_1\ISIC_0029233.jpg
HAM10000_images_part_1,ISIC_0029234.jpg,.jpg,289029,HAM10000_images_part_1\ISIC_0029234.jpg
HAM10000_images_part_1,ISIC_0029235.jpg,.jpg,309663,HAM10000_images_part_1\ISIC_0029235.jpg
HAM10000_images_part_1,ISIC_0029236.jpg,.jpg,283022,HAM10000_images_part_1\ISIC_0029236.jpg
HAM10000_images_part_1,ISIC_0029237.jpg,.jpg,250482,HAM10000_images_part_1\ISIC_0029237.jpg
HAM10000_images_part_1,ISIC_0029238.jpg,.jpg,276233,HAM10000_images_part_1\ISIC_0029238.jpg
HAM10000_images_part_1,ISIC_0029239.jpg,.jpg,357142,HAM10000_images_part_1\ISIC_0029239.jpg
HAM10000_images_part_1,ISIC_0029240.jpg,.jpg,265535,HAM10000_images_part_1\ISIC_0029240.jpg
HAM10000_images_part_1,ISIC_0029241.jpg,.jpg,401315,HAM10000_images_part_1\ISIC_0029241.jpg
HAM10000_images_part_1,ISIC_0029242.jpg,.jpg,263404,HAM10000_images_part_1\ISIC_0029242.jpg
HAM10000_images_part_1,ISIC_0029243.jpg,.jpg,283888,HAM10000_images_part_1\ISIC_0029243.jpg
HAM10000_images_part_1,ISIC_0029244.jpg,.jpg,277311,HAM10000_images_part_1\ISIC_0029244.jpg
HAM10000_images_part_1,ISIC_0029245.jpg,.jpg,271051,HAM10000_images_part_1\ISIC_0029245.jpg
HAM10000_images_part_1,ISIC_0029246.jpg,.jpg,281361,HAM10000_images_part_1\ISIC_0029246.jpg
HAM10000_images_part_1,ISIC_0029247.jpg,.jpg,262013,HAM10000_images_part_1\ISIC_0029247.jpg
HAM10000_images_part_1,ISIC_0029248.jpg,.jpg,293639,HAM10000_images_part_1\ISIC_0029248.jpg
HAM10000_images_part_1,ISIC_0029249.jpg,.jpg,274976,HAM10000_images_part_1\ISIC_0029249.jpg
HAM10000_images_part_1,ISIC_0029250.jpg,.jpg,265473,HAM10000_images_part_1\ISIC_0029250.jpg
HAM10000_images_part_1,ISIC_0029251.jpg,.jpg,332153,HAM10000_images_part_1\ISIC_0029251.jpg
HAM10000_images_part_1,ISIC_0029252.jpg,.jpg,133499,HAM10000_images_part_1\ISIC_0029252.jpg
HAM10000_images_part_1,ISIC_0029253.jpg,.jpg,271182,HAM10000_images_part_1\ISIC_0029253.jpg
HAM10000_images_part_1,ISIC_0029254.jpg,.jpg,273703,HAM10000_images_part_1\ISIC_0029254.jpg
HAM10000_images_part_1,ISIC_0029255.jpg,.jpg,271895,HAM10000_images_part_1\ISIC_0029255.jpg
HAM10000_images_part_1,ISIC_0029256.jpg,.jpg,282661,HAM10000_images_part_1\ISIC_0029256.jpg
HAM10000_images_part_1,ISIC_0029257.jpg,.jpg,266129,HAM10000_images_part_1\ISIC_0029257.jpg
HAM10000_images_part_1,ISIC_0029258.jpg,.jpg,343747,HAM10000_images_part_1\ISIC_0029258.jpg
HAM10000_images_part_1,ISIC_0029259.jpg,.jpg,274063,HAM10000_images_part_1\ISIC_0029259.jpg
HAM10000_images_part_1,ISIC_0029260.jpg,.jpg,294726,HAM10000_images_part_1\ISIC_0029260.jpg
HAM10000_images_part_1,ISIC_0029261.jpg,.jpg,274141,HAM10000_images_part_1\ISIC_0029261.jpg
HAM10000_images_part_1,ISIC_0029262.jpg,.jpg,283156,HAM10000_images_part_1\ISIC_0029262.jpg
HAM10000_images_part_1,ISIC_0029263.jpg,.jpg,228891,HAM10000_images_part_1\ISIC_0029263.jpg
HAM10000_images_part_1,ISIC_0029264.jpg,.jpg,265558,HAM10000_images_part_1\ISIC_0029264.jpg
HAM10000_images_part_1,ISIC_0029265.jpg,.jpg,295984,HAM10000_images_part_1\ISIC_0029265.jpg
HAM10000_images_part_1,ISIC_0029266.jpg,.jpg,335988,HAM10000_images_part_1\ISIC_0029266.jpg
HAM10000_images_part_1,ISIC_0029267.jpg,.jpg,268948,HAM10000_images_part_1\ISIC_0029267.jpg
HAM10000_images_part_1,ISIC_0029268.jpg,.jpg,272883,HAM10000_images_part_1\ISIC_0029268.jpg
HAM10000_images_part_1,ISIC_0029269.jpg,.jpg,238556,HAM10000_images_part_1\ISIC_0029269.jpg
HAM10000_images_part_1,ISIC_0029270.jpg,.jpg,290238,HAM10000_images_part_1\ISIC_0029270.jpg
HAM10000_images_part_1,ISIC_0029271.jpg,.jpg,301585,HAM10000_images_part_1\ISIC_0029271.jpg
HAM10000_images_part_1,ISIC_0029272.jpg,.jpg,191440,HAM10000_images_part_1\ISIC_0029272.jpg
HAM10000_images_part_1,ISIC_0029273.jpg,.jpg,348354,HAM10000_images_part_1\ISIC_0029273.jpg
HAM10000_images_part_1,ISIC_0029274.jpg,.jpg,351554,HAM10000_images_part_1\ISIC_0029274.jpg
HAM10000_images_part_1,ISIC_0029275.jpg,.jpg,285313,HAM10000_images_part_1\ISIC_0029275.jpg
HAM10000_images_part_1,ISIC_0029276.jpg,.jpg,332558,HAM10000_images_part_1\ISIC_0029276.jpg
HAM10000_images_part_1,ISIC_0029277.jpg,.jpg,219425,HAM10000_images_part_1\ISIC_0029277.jpg
HAM10000_images_part_1,ISIC_0029278.jpg,.jpg,220487,HAM10000_images_part_1\ISIC_0029278.jpg
HAM10000_images_part_1,ISIC_0029279.jpg,.jpg,275578,HAM10000_images_part_1\ISIC_0029279.jpg
HAM10000_images_part_1,ISIC_0029280.jpg,.jpg,280278,HAM10000_images_part_1\ISIC_0029280.jpg
HAM10000_images_part_1,ISIC_0029281.jpg,.jpg,295751,HAM10000_images_part_1\ISIC_0029281.jpg
HAM10000_images_part_1,ISIC_0029282.jpg,.jpg,304436,HAM10000_images_part_1\ISIC_0029282.jpg
HAM10000_images_part_1,ISIC_0029283.jpg,.jpg,288944,HAM10000_images_part_1\ISIC_0029283.jpg
HAM10000_images_part_1,ISIC_0029284.jpg,.jpg,289670,HAM10000_images_part_1\ISIC_0029284.jpg
HAM10000_images_part_1,ISIC_0029285.jpg,.jpg,284494,HAM10000_images_part_1\ISIC_0029285.jpg
HAM10000_images_part_1,ISIC_0029286.jpg,.jpg,167872,HAM10000_images_part_1\ISIC_0029286.jpg
HAM10000_images_part_1,ISIC_0029287.jpg,.jpg,266289,HAM10000_images_part_1\ISIC_0029287.jpg
HAM10000_images_part_1,ISIC_0029288.jpg,.jpg,305901,HAM10000_images_part_1\ISIC_0029288.jpg
HAM10000_images_part_1,ISIC_0029289.jpg,.jpg,263211,HAM10000_images_part_1\ISIC_0029289.jpg
HAM10000_images_part_1,ISIC_0029290.jpg,.jpg,351104,HAM10000_images_part_1\ISIC_0029290.jpg
HAM10000_images_part_1,ISIC_0029291.jpg,.jpg,282391,HAM10000_images_part_1\ISIC_0029291.jpg
HAM10000_images_part_1,ISIC_0029292.jpg,.jpg,258412,HAM10000_images_part_1\ISIC_0029292.jpg
HAM10000_images_part_1,ISIC_0029293.jpg,.jpg,349461,HAM10000_images_part_1\ISIC_0029293.jpg
HAM10000_images_part_1,ISIC_0029294.jpg,.jpg,272813,HAM10000_images_part_1\ISIC_0029294.jpg
HAM10000_images_part_1,ISIC_0029295.jpg,.jpg,286803,HAM10000_images_part_1\ISIC_0029295.jpg
HAM10000_images_part_1,ISIC_0029296.jpg,.jpg,223057,HAM10000_images_part_1\ISIC_0029296.jpg
HAM10000_images_part_1,ISIC_0029297.jpg,.jpg,335796,HAM10000_images_part_1\ISIC_0029297.jpg
HAM10000_images_part_1,ISIC_0029298.jpg,.jpg,194074,HAM10000_images_part_1\ISIC_0029298.jpg
HAM10000_images_part_1,ISIC_0029299.jpg,.jpg,280600,HAM10000_images_part_1\ISIC_0029299.jpg
HAM10000_images_part_1,ISIC_0029300.jpg,.jpg,371713,HAM10000_images_part_1\ISIC_0029300.jpg
HAM10000_images_part_1,ISIC_0029301.jpg,.jpg,334037,HAM10000_images_part_1\ISIC_0029301.jpg
HAM10000_images_part_1,ISIC_0029302.jpg,.jpg,229780,HAM10000_images_part_1\ISIC_0029302.jpg
HAM10000_images_part_1,ISIC_0029303.jpg,.jpg,366597,HAM10000_images_part_1\ISIC_0029303.jpg
HAM10000_images_part_1,ISIC_0029304.jpg,.jpg,285119,HAM10000_images_part_1\ISIC_0029304.jpg
HAM10000_images_part_1,ISIC_0029305.jpg,.jpg,354412,HAM10000_images_part_1\ISIC_0029305.jpg
HAM10000_images_part_2,ISIC_0029306.jpg,.jpg,231244,HAM10000_images_part_2\ISIC_0029306.jpg
HAM10000_images_part_2,ISIC_0029307.jpg,.jpg,272818,HAM10000_images_part_2\ISIC_0029307.jpg
HAM10000_images_part_2,ISIC_0029308.jpg,.jpg,290878,HAM10000_images_part_2\ISIC_0029308.jpg
HAM10000_images_part_2,ISIC_0029309.jpg,.jpg,151296,HAM10000_images_part_2\ISIC_0029309.jpg
HAM10000_images_part_2,ISIC_0029310.jpg,.jpg,290375,HAM10000_images_part_2\ISIC_0029310.jpg
HAM10000_images_part_2,ISIC_0029311.jpg,.jpg,204109,HAM10000_images_part_2\ISIC_0029311.jpg
HAM10000_images_part_2,ISIC_0029312.jpg,.jpg,272589,HAM10000_images_part_2\ISIC_0029312.jpg
HAM10000_images_part_2,ISIC_0029313.jpg,.jpg,221116,HAM10000_images_part_2\ISIC_0029313.jpg
HAM10000_images_part_2,ISIC_0029314.jpg,.jpg,270229,HAM10000_images_part_2\ISIC_0029314.jpg
HAM10000_images_part_2,ISIC_0029315.jpg,.jpg,215033,HAM10000_images_part_2\ISIC_0029315.jpg
HAM10000_images_part_2,ISIC_0029316.jpg,.jpg,311640,HAM10000_images_part_2\ISIC_0029316.jpg
HAM10000_images_part_2,ISIC_0029317.jpg,.jpg,268927,HAM10000_images_part_2\ISIC_0029317.jpg
HAM10000_images_part_2,ISIC_0029318.jpg,.jpg,261327,HAM10000_images_part_2\ISIC_0029318.jpg
HAM10000_images_part_2,ISIC_0029319.jpg,.jpg,294489,HAM10000_images_part_2\ISIC_0029319.jpg
HAM10000_images_part_2,ISIC_0029320.jpg,.jpg,266744,HAM10000_images_part_2\ISIC_0029320.jpg
HAM10000_images_part_2,ISIC_0029321.jpg,.jpg,287848,HAM10000_images_part_2\ISIC_0029321.jpg
HAM10000_images_part_2,ISIC_0029322.jpg,.jpg,255859,HAM10000_images_part_2\ISIC_0029322.jpg
HAM10000_images_part_2,ISIC_0029323.jpg,.jpg,233488,HAM10000_images_part_2\ISIC_0029323.jpg
HAM10000_images_part_2,ISIC_0029324.jpg,.jpg,266055,HAM10000_images_part_2\ISIC_0029324.jpg
HAM10000_images_part_2,ISIC_0029325.jpg,.jpg,261492,HAM10000_images_part_2\ISIC_0029325.jpg
HAM10000_images_part_2,ISIC_0029326.jpg,.jpg,270434,HAM10000_images_part_2\ISIC_0029326.jpg
HAM10000_images_part_2,ISIC_0029327.jpg,.jpg,266059,HAM10000_images_part_2\ISIC_0029327.jpg
HAM10000_images_part_2,ISIC_0029328.jpg,.jpg,333512,HAM10000_images_part_2\ISIC_0029328.jpg
HAM10000_images_part_2,ISIC_0029329.jpg,.jpg,332516,HAM10000_images_part_2\ISIC_0029329.jpg
HAM10000_images_part_2,ISIC_0029330.jpg,.jpg,268040,HAM10000_images_part_2\ISIC_0029330.jpg
HAM10000_images_part_2,ISIC_0029331.jpg,.jpg,225809,HAM10000_images_part_2\ISIC_0029331.jpg
HAM10000_images_part_2,ISIC_0029332.jpg,.jpg,181347,HAM10000_images_part_2\ISIC_0029332.jpg
HAM10000_images_part_2,ISIC_0029333.jpg,.jpg,263479,HAM10000_images_part_2\ISIC_0029333.jpg
HAM10000_images_part_2,ISIC_0029334.jpg,.jpg,274836,HAM10000_images_part_2\ISIC_0029334.jpg
HAM10000_images_part_2,ISIC_0029335.jpg,.jpg,334517,HAM10000_images_part_2\ISIC_0029335.jpg
HAM10000_images_part_2,ISIC_0029336.jpg,.jpg,341039,HAM10000_images_part_2\ISIC_0029336.jpg
HAM10000_images_part_2,ISIC_0029337.jpg,.jpg,236365,HAM10000_images_part_2\ISIC_0029337.jpg
HAM10000_images_part_2,ISIC_0029338.jpg,.jpg,277695,HAM10000_images_part_2\ISIC_0029338.jpg
HAM10000_images_part_2,ISIC_0029339.jpg,.jpg,273694,HAM10000_images_part_2\ISIC_0029339.jpg
HAM10000_images_part_2,ISIC_0029340.jpg,.jpg,214285,HAM10000_images_part_2\ISIC_0029340.jpg
HAM10000_images_part_2,ISIC_0029341.jpg,.jpg,238377,HAM10000_images_part_2\ISIC_0029341.jpg
HAM10000_images_part_2,ISIC_0029342.jpg,.jpg,116624,HAM10000_images_part_2\ISIC_0029342.jpg
HAM10000_images_part_2,ISIC_0029343.jpg,.jpg,270674,HAM10000_images_part_2\ISIC_0029343.jpg
HAM10000_images_part_2,ISIC_0029344.jpg,.jpg,187765,HAM10000_images_part_2\ISIC_0029344.jpg
HAM10000_images_part_2,ISIC_0029345.jpg,.jpg,327187,HAM10000_images_part_2\ISIC_0029345.jpg
HAM10000_images_part_2,ISIC_0029346.jpg,.jpg,282799,HAM10000_images_part_2\ISIC_0029346.jpg
HAM10000_images_part_2,ISIC_0029347.jpg,.jpg,367419,HAM10000_images_part_2\ISIC_0029347.jpg
HAM10000_images_part_2,ISIC_0029348.jpg,.jpg,264510,HAM10000_images_part_2\ISIC_0029348.jpg
HAM10000_images_part_2,ISIC_0029349.jpg,.jpg,194199,HAM10000_images_part_2\ISIC_0029349.jpg
HAM10000_images_part_2,ISIC_0029350.jpg,.jpg,274546,HAM10000_images_part_2\ISIC_0029350.jpg
HAM10000_images_part_2,ISIC_0029351.jpg,.jpg,373796,HAM10000_images_part_2\ISIC_0029351.jpg
HAM10000_images_part_2,ISIC_0029352.jpg,.jpg,210608,HAM10000_images_part_2\ISIC_0029352.jpg
HAM10000_images_part_2,ISIC_0029353.jpg,.jpg,292778,HAM10000_images_part_2\ISIC_0029353.jpg
HAM10000_images_part_2,ISIC_0029354.jpg,.jpg,249130,HAM10000_images_part_2\ISIC_0029354.jpg
HAM10000_images_part_2,ISIC_0029355.jpg,.jpg,261974,HAM10000_images_part_2\ISIC_0029355.jpg
HAM10000_images_part_2,ISIC_0029356.jpg,.jpg,276672,HAM10000_images_part_2\ISIC_0029356.jpg
HAM10000_images_part_2,ISIC_0029357.jpg,.jpg,242122,HAM10000_images_part_2\ISIC_0029357.jpg
HAM10000_images_part_2,ISIC_0029358.jpg,.jpg,275194,HAM10000_images_part_2\ISIC_0029358.jpg
HAM10000_images_part_2,ISIC_0029359.jpg,.jpg,239927,HAM10000_images_part_2\ISIC_0029359.jpg
HAM10000_images_part_2,ISIC_0029360.jpg,.jpg,278107,HAM10000_images_part_2\ISIC_0029360.jpg
HAM10000_images_part_2,ISIC_0029361.jpg,.jpg,268813,HAM10000_images_part_2\ISIC_0029361.jpg
HAM10000_images_part_2,ISIC_0029362.jpg,.jpg,253613,HAM10000_images_part_2\ISIC_0029362.jpg
HAM10000_images_part_2,ISIC_0029363.jpg,.jpg,323973,HAM10000_images_part_2\ISIC_0029363.jpg
HAM10000_images_part_2,ISIC_0029364.jpg,.jpg,252938,HAM10000_images_part_2\ISIC_0029364.jpg
HAM10000_images_part_2,ISIC_0029365.jpg,.jpg,301957,HAM10000_images_part_2\ISIC_0029365.jpg
HAM10000_images_part_2,ISIC_0029366.jpg,.jpg,356507,HAM10000_images_part_2\ISIC_0029366.jpg
HAM10000_images_part_2,ISIC_0029367.jpg,.jpg,277562,HAM10000_images_part_2\ISIC_0029367.jpg
HAM10000_images_part_2,ISIC_0029368.jpg,.jpg,250196,HAM10000_images_part_2\ISIC_0029368.jpg
HAM10000_images_part_2,ISIC_0029369.jpg,.jpg,237765,HAM10000_images_part_2\ISIC_0029369.jpg
HAM10000_images_part_2,ISIC_0029370.jpg,.jpg,313077,HAM10000_images_part_2\ISIC_0029370.jpg
HAM10000_images_part_2,ISIC_0029371.jpg,.jpg,200883,HAM10000_images_part_2\ISIC_0029371.jpg
HAM10000_images_part_2,ISIC_0029372.jpg,.jpg,284251,HAM10000_images_part_2\ISIC_0029372.jpg
HAM10000_images_part_2,ISIC_0029373.jpg,.jpg,342621,HAM10000_images_part_2\ISIC_0029373.jpg
HAM10000_images_part_2,ISIC_0029374.jpg,.jpg,284421,HAM10000_images_part_2\ISIC_0029374.jpg
HAM10000_images_part_2,ISIC_0029375.jpg,.jpg,284566,HAM10000_images_part_2\ISIC_0029375.jpg
HAM10000_images_part_2,ISIC_0029376.jpg,.jpg,273952,HAM10000_images_part_2\ISIC_0029376.jpg
HAM10000_images_part_2,ISIC_0029377.jpg,.jpg,303078,HAM10000_images_part_2\ISIC_0029377.jpg
HAM10000_images_part_2,ISIC_0029378.jpg,.jpg,270091,HAM10000_images_part_2\ISIC_0029378.jpg
HAM10000_images_part_2,ISIC_0029379.jpg,.jpg,279079,HAM10000_images_part_2\ISIC_0029379.jpg
HAM10000_images_part_2,ISIC_0029380.jpg,.jpg,265394,HAM10000_images_part_2\ISIC_0029380.jpg
HAM10000_images_part_2,ISIC_0029381.jpg,.jpg,349169,HAM10000_images_part_2\ISIC_0029381.jpg
HAM10000_images_part_2,ISIC_0029382.jpg,.jpg,256104,HAM10000_images_part_2\ISIC_0029382.jpg
HAM10000_images_part_2,ISIC_0029383.jpg,.jpg,281028,HAM10000_images_part_2\ISIC_0029383.jpg
HAM10000_images_part_2,ISIC_0029384.jpg,.jpg,169478,HAM10000_images_part_2\ISIC_0029384.jpg
HAM10000_images_part_2,ISIC_0029385.jpg,.jpg,359337,HAM10000_images_part_2\ISIC_0029385.jpg
HAM10000_images_part_2,ISIC_0029386.jpg,.jpg,338171,HAM10000_images_part_2\ISIC_0029386.jpg
HAM10000_images_part_2,ISIC_0029387.jpg,.jpg,265241,HAM10000_images_part_2\ISIC_0029387.jpg
HAM10000_images_part_2,ISIC_0029388.jpg,.jpg,264582,HAM10000_images_part_2\ISIC_0029388.jpg
HAM10000_images_part_2,ISIC_0029389.jpg,.jpg,251832,HAM10000_images_part_2\ISIC_0029389.jpg
HAM10000_images_part_2,ISIC_0029390.jpg,.jpg,201645,HAM10000_images_part_2\ISIC_0029390.jpg
HAM10000_images_part_2,ISIC_0029391.jpg,.jpg,210976,HAM10000_images_part_2\ISIC_0029391.jpg
HAM10000_images_part_2,ISIC_0029392.jpg,.jpg,253832,HAM10000_images_part_2\ISIC_0029392.jpg
HAM10000_images_part_2,ISIC_0029393.jpg,.jpg,292030,HAM10000_images_part_2\ISIC_0029393.jpg
HAM10000_images_part_2,ISIC_0029394.jpg,.jpg,241365,HAM10000_images_part_2\ISIC_0029394.jpg
HAM10000_images_part_2,ISIC_0029395.jpg,.jpg,280978,HAM10000_images_part_2\ISIC_0029395.jpg
HAM10000_images_part_2,ISIC_0029396.jpg,.jpg,266077,HAM10000_images_part_2\ISIC_0029396.jpg
HAM10000_images_part_2,ISIC_0029397.jpg,.jpg,357470,HAM10000_images_part_2\ISIC_0029397.jpg
HAM10000_images_part_2,ISIC_0029398.jpg,.jpg,274899,HAM10000_images_part_2\ISIC_0029398.jpg
HAM10000_images_part_2,ISIC_0029399.jpg,.jpg,264762,HAM10000_images_part_2\ISIC_0029399.jpg
HAM10000_images_part_2,ISIC_0029400.jpg,.jpg,281130,HAM10000_images_part_2\ISIC_0029400.jpg
HAM10000_images_part_2,ISIC_0029401.jpg,.jpg,153794,HAM10000_images_part_2\ISIC_0029401.jpg
HAM10000_images_part_2,ISIC_0029402.jpg,.jpg,242270,HAM10000_images_part_2\ISIC_0029402.jpg
HAM10000_images_part_2,ISIC_0029403.jpg,.jpg,304298,HAM10000_images_part_2\ISIC_0029403.jpg
HAM10000_images_part_2,ISIC_0029404.jpg,.jpg,249642,HAM10000_images_part_2\ISIC_0029404.jpg
HAM10000_images_part_2,ISIC_0029405.jpg,.jpg,278625,HAM10000_images_part_2\ISIC_0029405.jpg
HAM10000_images_part_2,ISIC_0029406.jpg,.jpg,284699,HAM10000_images_part_2\ISIC_0029406.jpg
HAM10000_images_part_2,ISIC_0029407.jpg,.jpg,281828,HAM10000_images_part_2\ISIC_0029407.jpg
HAM10000_images_part_2,ISIC_0029408.jpg,.jpg,270115,HAM10000_images_part_2\ISIC_0029408.jpg
HAM10000_images_part_2,ISIC_0029409.jpg,.jpg,235659,HAM10000_images_part_2\ISIC_0029409.jpg
HAM10000_images_part_2,ISIC_0029410.jpg,.jpg,332203,HAM10000_images_part_2\ISIC_0029410.jpg
HAM10000_images_part_2,ISIC_0029411.jpg,.jpg,288975,HAM10000_images_part_2\ISIC_0029411.jpg
HAM10000_images_part_2,ISIC_0029412.jpg,.jpg,270874,HAM10000_images_part_2\ISIC_0029412.jpg
HAM10000_images_part_2,ISIC_0029413.jpg,.jpg,348047,HAM10000_images_part_2\ISIC_0029413.jpg
HAM10000_images_part_2,ISIC_0029414.jpg,.jpg,311535,HAM10000_images_part_2\ISIC_0029414.jpg
HAM10000_images_part_2,ISIC_0029415.jpg,.jpg,290346,HAM10000_images_part_2\ISIC_0029415.jpg
HAM10000_images_part_2,ISIC_0029416.jpg,.jpg,273838,HAM10000_images_part_2\ISIC_0029416.jpg
HAM10000_images_part_2,ISIC_0029417.jpg,.jpg,293650,HAM10000_images_part_2\ISIC_0029417.jpg
HAM10000_images_part_2,ISIC_0029418.jpg,.jpg,186558,HAM10000_images_part_2\ISIC_0029418.jpg
HAM10000_images_part_2,ISIC_0029419.jpg,.jpg,269564,HAM10000_images_part_2\ISIC_0029419.jpg
HAM10000_images_part_2,ISIC_0029420.jpg,.jpg,291201,HAM10000_images_part_2\ISIC_0029420.jpg
HAM10000_images_part_2,ISIC_0029421.jpg,.jpg,287161,HAM10000_images_part_2\ISIC_0029421.jpg
HAM10000_images_part_2,ISIC_0029422.jpg,.jpg,258730,HAM10000_images_part_2\ISIC_0029422.jpg
HAM10000_images_part_2,ISIC_0029423.jpg,.jpg,257808,HAM10000_images_part_2\ISIC_0029423.jpg
HAM10000_images_part_2,ISIC_0029424.jpg,.jpg,267473,HAM10000_images_part_2\ISIC_0029424.jpg
HAM10000_images_part_2,ISIC_0029425.jpg,.jpg,291356,HAM10000_images_part_2\ISIC_0029425.jpg
HAM10000_images_part_2,ISIC_0029426.jpg,.jpg,329465,HAM10000_images_part_2\ISIC_0029426.jpg
HAM10000_images_part_2,ISIC_0029427.jpg,.jpg,268971,HAM10000_images_part_2\ISIC_0029427.jpg
HAM10000_images_part_2,ISIC_0029428.jpg,.jpg,281295,HAM10000_images_part_2\ISIC_0029428.jpg
HAM10000_images_part_2,ISIC_0029429.jpg,.jpg,282310,HAM10000_images_part_2\ISIC_0029429.jpg
HAM10000_images_part_2,ISIC_0029430.jpg,.jpg,240607,HAM10000_images_part_2\ISIC_0029430.jpg
HAM10000_images_part_2,ISIC_0029431.jpg,.jpg,272658,HAM10000_images_part_2\ISIC_0029431.jpg
HAM10000_images_part_2,ISIC_0029432.jpg,.jpg,229440,HAM10000_images_part_2\ISIC_0029432.jpg
HAM10000_images_part_2,ISIC_0029433.jpg,.jpg,278488,HAM10000_images_part_2\ISIC_0029433.jpg
HAM10000_images_part_2,ISIC_0029434.jpg,.jpg,275401,HAM10000_images_part_2\ISIC_0029434.jpg
HAM10000_images_part_2,ISIC_0029435.jpg,.jpg,256190,HAM10000_images_part_2\ISIC_0029435.jpg
HAM10000_images_part_2,ISIC_0029436.jpg,.jpg,313867,HAM10000_images_part_2\ISIC_0029436.jpg
HAM10000_images_part_2,ISIC_0029437.jpg,.jpg,293333,HAM10000_images_part_2\ISIC_0029437.jpg
HAM10000_images_part_2,ISIC_0029438.jpg,.jpg,220390,HAM10000_images_part_2\ISIC_0029438.jpg
HAM10000_images_part_2,ISIC_0029439.jpg,.jpg,297267,HAM10000_images_part_2\ISIC_0029439.jpg
HAM10000_images_part_2,ISIC_0029440.jpg,.jpg,291012,HAM10000_images_part_2\ISIC_0029440.jpg
HAM10000_images_part_2,ISIC_0029441.jpg,.jpg,283990,HAM10000_images_part_2\ISIC_0029441.jpg
HAM10000_images_part_2,ISIC_0029442.jpg,.jpg,261509,HAM10000_images_part_2\ISIC_0029442.jpg
HAM10000_images_part_2,ISIC_0029443.jpg,.jpg,244400,HAM10000_images_part_2\ISIC_0029443.jpg
HAM10000_images_part_2,ISIC_0029444.jpg,.jpg,257363,HAM10000_images_part_2\ISIC_0029444.jpg
HAM10000_images_part_2,ISIC_0029445.jpg,.jpg,263422,HAM10000_images_part_2\ISIC_0029445.jpg
HAM10000_images_part_2,ISIC_0029446.jpg,.jpg,291053,HAM10000_images_part_2\ISIC_0029446.jpg
HAM10000_images_part_2,ISIC_0029447.jpg,.jpg,285232,HAM10000_images_part_2\ISIC_0029447.jpg
HAM10000_images_part_2,ISIC_0029448.jpg,.jpg,270106,HAM10000_images_part_2\ISIC_0029448.jpg
HAM10000_images_part_2,ISIC_0029449.jpg,.jpg,273398,HAM10000_images_part_2\ISIC_0029449.jpg
HAM10000_images_part_2,ISIC_0029450.jpg,.jpg,253810,HAM10000_images_part_2\ISIC_0029450.jpg
HAM10000_images_part_2,ISIC_0029451.jpg,.jpg,264076,HAM10000_images_part_2\ISIC_0029451.jpg
HAM10000_images_part_2,ISIC_0029452.jpg,.jpg,327331,HAM10000_images_part_2\ISIC_0029452.jpg
HAM10000_images_part_2,ISIC_0029453.jpg,.jpg,336479,HAM10000_images_part_2\ISIC_0029453.jpg
HAM10000_images_part_2,ISIC_0029454.jpg,.jpg,310462,HAM10000_images_part_2\ISIC_0029454.jpg
HAM10000_images_part_2,ISIC_0029455.jpg,.jpg,332129,HAM10000_images_part_2\ISIC_0029455.jpg
HAM10000_images_part_2,ISIC_0029456.jpg,.jpg,281328,HAM10000_images_part_2\ISIC_0029456.jpg
HAM10000_images_part_2,ISIC_0029457.jpg,.jpg,183286,HAM10000_images_part_2\ISIC_0029457.jpg
HAM10000_images_part_2,ISIC_0029458.jpg,.jpg,290980,HAM10000_images_part_2\ISIC_0029458.jpg
HAM10000_images_part_2,ISIC_0029459.jpg,.jpg,255005,HAM10000_images_part_2\ISIC_0029459.jpg
HAM10000_images_part_2,ISIC_0029460.jpg,.jpg,303583,HAM10000_images_part_2\ISIC_0029460.jpg
HAM10000_images_part_2,ISIC_0029461.jpg,.jpg,268331,HAM10000_images_part_2\ISIC_0029461.jpg
HAM10000_images_part_2,ISIC_0029462.jpg,.jpg,245509,HAM10000_images_part_2\ISIC_0029462.jpg
HAM10000_images_part_2,ISIC_0029463.jpg,.jpg,374744,HAM10000_images_part_2\ISIC_0029463.jpg
HAM10000_images_part_2,ISIC_0029464.jpg,.jpg,250810,HAM10000_images_part_2\ISIC_0029464.jpg
HAM10000_images_part_2,ISIC_0029465.jpg,.jpg,189024,HAM10000_images_part_2\ISIC_0029465.jpg
HAM10000_images_part_2,ISIC_0029466.jpg,.jpg,375238,HAM10000_images_part_2\ISIC_0029466.jpg
HAM10000_images_part_2,ISIC_0029467.jpg,.jpg,278503,HAM10000_images_part_2\ISIC_0029467.jpg
HAM10000_images_part_2,ISIC_0029468.jpg,.jpg,279025,HAM10000_images_part_2\ISIC_0029468.jpg
HAM10000_images_part_2,ISIC_0029469.jpg,.jpg,342543,HAM10000_images_part_2\ISIC_0029469.jpg
HAM10000_images_part_2,ISIC_0029470.jpg,.jpg,237306,HAM10000_images_part_2\ISIC_0029470.jpg
HAM10000_images_part_2,ISIC_0029471.jpg,.jpg,330017,HAM10000_images_part_2\ISIC_0029471.jpg
HAM10000_images_part_2,ISIC_0029472.jpg,.jpg,333844,HAM10000_images_part_2\ISIC_0029472.jpg
HAM10000_images_part_2,ISIC_0029473.jpg,.jpg,350836,HAM10000_images_part_2\ISIC_0029473.jpg
HAM10000_images_part_2,ISIC_0029474.jpg,.jpg,296535,HAM10000_images_part_2\ISIC_0029474.jpg
HAM10000_images_part_2,ISIC_0029475.jpg,.jpg,252280,HAM10000_images_part_2\ISIC_0029475.jpg
HAM10000_images_part_2,ISIC_0029476.jpg,.jpg,170528,HAM10000_images_part_2\ISIC_0029476.jpg
HAM10000_images_part_2,ISIC_0029477.jpg,.jpg,268835,HAM10000_images_part_2\ISIC_0029477.jpg
HAM10000_images_part_2,ISIC_0029478.jpg,.jpg,270614,HAM10000_images_part_2\ISIC_0029478.jpg
HAM10000_images_part_2,ISIC_0029479.jpg,.jpg,213913,HAM10000_images_part_2\ISIC_0029479.jpg
HAM10000_images_part_2,ISIC_0029480.jpg,.jpg,200830,HAM10000_images_part_2\ISIC_0029480.jpg
HAM10000_images_part_2,ISIC_0029481.jpg,.jpg,294216,HAM10000_images_part_2\ISIC_0029481.jpg
HAM10000_images_part_2,ISIC_0029482.jpg,.jpg,287723,HAM10000_images_part_2\ISIC_0029482.jpg
HAM10000_images_part_2,ISIC_0029483.jpg,.jpg,264596,HAM10000_images_part_2\ISIC_0029483.jpg
HAM10000_images_part_2,ISIC_0029484.jpg,.jpg,283301,HAM10000_images_part_2\ISIC_0029484.jpg
HAM10000_images_part_2,ISIC_0029485.jpg,.jpg,305844,HAM10000_images_part_2\ISIC_0029485.jpg
HAM10000_images_part_2,ISIC_0029486.jpg,.jpg,281662,HAM10000_images_part_2\ISIC_0029486.jpg
HAM10000_images_part_2,ISIC_0029487.jpg,.jpg,286611,HAM10000_images_part_2\ISIC_0029487.jpg
HAM10000_images_part_2,ISIC_0029488.jpg,.jpg,244713,HAM10000_images_part_2\ISIC_0029488.jpg
HAM10000_images_part_2,ISIC_0029489.jpg,.jpg,242445,HAM10000_images_part_2\ISIC_0029489.jpg
HAM10000_images_part_2,ISIC_0029490.jpg,.jpg,287431,HAM10000_images_part_2\ISIC_0029490.jpg
HAM10000_images_part_2,ISIC_0029491.jpg,.jpg,297944,HAM10000_images_part_2\ISIC_0029491.jpg
HAM10000_images_part_2,ISIC_0029492.jpg,.jpg,276712,HAM10000_images_part_2\ISIC_0029492.jpg
HAM10000_images_part_2,ISIC_0029493.jpg,.jpg,268574,HAM10000_images_part_2\ISIC_0029493.jpg
HAM10000_images_part_2,ISIC_0029494.jpg,.jpg,305573,HAM10000_images_part_2\ISIC_0029494.jpg
HAM10000_images_part_2,ISIC_0029495.jpg,.jpg,156657,HAM10000_images_part_2\ISIC_0029495.jpg
HAM10000_images_part_2,ISIC_0029496.jpg,.jpg,324633,HAM10000_images_part_2\ISIC_0029496.jpg
HAM10000_images_part_2,ISIC_0029497.jpg,.jpg,282024,HAM10000_images_part_2\ISIC_0029497.jpg
HAM10000_images_part_2,ISIC_0029498.jpg,.jpg,217771,HAM10000_images_part_2\ISIC_0029498.jpg
HAM10000_images_part_2,ISIC_0029499.jpg,.jpg,318234,HAM10000_images_part_2\ISIC_0029499.jpg
HAM10000_images_part_2,ISIC_0029500.jpg,.jpg,282664,HAM10000_images_part_2\ISIC_0029500.jpg
HAM10000_images_part_2,ISIC_0029501.jpg,.jpg,241737,HAM10000_images_part_2\ISIC_0029501.jpg
HAM10000_images_part_2,ISIC_0029502.jpg,.jpg,292429,HAM10000_images_part_2\ISIC_0029502.jpg
HAM10000_images_part_2,ISIC_0029503.jpg,.jpg,280448,HAM10000_images_part_2\ISIC_0029503.jpg
HAM10000_images_part_2,ISIC_0029504.jpg,.jpg,239987,HAM10000_images_part_2\ISIC_0029504.jpg
HAM10000_images_part_2,ISIC_0029505.jpg,.jpg,253184,HAM10000_images_part_2\ISIC_0029505.jpg
HAM10000_images_part_2,ISIC_0029506.jpg,.jpg,271173,HAM10000_images_part_2\ISIC_0029506.jpg
HAM10000_images_part_2,ISIC_0029507.jpg,.jpg,276916,HAM10000_images_part_2\ISIC_0029507.jpg
HAM10000_images_part_2,ISIC_0029508.jpg,.jpg,272372,HAM10000_images_part_2\ISIC_0029508.jpg
HAM10000_images_part_2,ISIC_0029509.jpg,.jpg,313169,HAM10000_images_part_2\ISIC_0029509.jpg
HAM10000_images_part_2,ISIC_0029510.jpg,.jpg,276751,HAM10000_images_part_2\ISIC_0029510.jpg
HAM10000_images_part_2,ISIC_0029511.jpg,.jpg,275096,HAM10000_images_part_2\ISIC_0029511.jpg
HAM10000_images_part_2,ISIC_0029512.jpg,.jpg,308637,HAM10000_images_part_2\ISIC_0029512.jpg
HAM10000_images_part_2,ISIC_0029513.jpg,.jpg,297129,HAM10000_images_part_2\ISIC_0029513.jpg
HAM10000_images_part_2,ISIC_0029514.jpg,.jpg,264322,HAM10000_images_part_2\ISIC_0029514.jpg
HAM10000_images_part_2,ISIC_0029515.jpg,.jpg,322972,HAM10000_images_part_2\ISIC_0029515.jpg
HAM10000_images_part_2,ISIC_0029516.jpg,.jpg,245366,HAM10000_images_part_2\ISIC_0029516.jpg
HAM10000_images_part_2,ISIC_0029517.jpg,.jpg,289111,HAM10000_images_part_2\ISIC_0029517.jpg
HAM10000_images_part_2,ISIC_0029518.jpg,.jpg,259850,HAM10000_images_part_2\ISIC_0029518.jpg
HAM10000_images_part_2,ISIC_0029519.jpg,.jpg,319606,HAM10000_images_part_2\ISIC_0029519.jpg
HAM10000_images_part_2,ISIC_0029520.jpg,.jpg,311407,HAM10000_images_part_2\ISIC_0029520.jpg
HAM10000_images_part_2,ISIC_0029521.jpg,.jpg,258424,HAM10000_images_part_2\ISIC_0029521.jpg
HAM10000_images_part_2,ISIC_0029522.jpg,.jpg,260926,HAM10000_images_part_2\ISIC_0029522.jpg
HAM10000_images_part_2,ISIC_0029523.jpg,.jpg,346459,HAM10000_images_part_2\ISIC_0029523.jpg
HAM10000_images_part_2,ISIC_0029524.jpg,.jpg,243395,HAM10000_images_part_2\ISIC_0029524.jpg
HAM10000_images_part_2,ISIC_0029525.jpg,.jpg,259880,HAM10000_images_part_2\ISIC_0029525.jpg
HAM10000_images_part_2,ISIC_0029526.jpg,.jpg,342916,HAM10000_images_part_2\ISIC_0029526.jpg
HAM10000_images_part_2,ISIC_0029527.jpg,.jpg,349303,HAM10000_images_part_2\ISIC_0029527.jpg
HAM10000_images_part_2,ISIC_0029528.jpg,.jpg,218938,HAM10000_images_part_2\ISIC_0029528.jpg
HAM10000_images_part_2,ISIC_0029529.jpg,.jpg,257137,HAM10000_images_part_2\ISIC_0029529.jpg
HAM10000_images_part_2,ISIC_0029530.jpg,.jpg,287164,HAM10000_images_part_2\ISIC_0029530.jpg
HAM10000_images_part_2,ISIC_0029531.jpg,.jpg,335027,HAM10000_images_part_2\ISIC_0029531.jpg
HAM10000_images_part_2,ISIC_0029532.jpg,.jpg,275231,HAM10000_images_part_2\ISIC_0029532.jpg
HAM10000_images_part_2,ISIC_0029533.jpg,.jpg,231443,HAM10000_images_part_2\ISIC_0029533.jpg
HAM10000_images_part_2,ISIC_0029534.jpg,.jpg,214629,HAM10000_images_part_2\ISIC_0029534.jpg
HAM10000_images_part_2,ISIC_0029535.jpg,.jpg,271684,HAM10000_images_part_2\ISIC_0029535.jpg
HAM10000_images_part_2,ISIC_0029536.jpg,.jpg,266785,HAM10000_images_part_2\ISIC_0029536.jpg
HAM10000_images_part_2,ISIC_0029537.jpg,.jpg,236833,HAM10000_images_part_2\ISIC_0029537.jpg
HAM10000_images_part_2,ISIC_0029538.jpg,.jpg,235723,HAM10000_images_part_2\ISIC_0029538.jpg
HAM10000_images_part_2,ISIC_0029539.jpg,.jpg,133842,HAM10000_images_part_2\ISIC_0029539.jpg
HAM10000_images_part_2,ISIC_0029540.jpg,.jpg,333674,HAM10000_images_part_2\ISIC_0029540.jpg
HAM10000_images_part_2,ISIC_0029541.jpg,.jpg,249134,HAM10000_images_part_2\ISIC_0029541.jpg
HAM10000_images_part_2,ISIC_0029542.jpg,.jpg,273700,HAM10000_images_part_2\ISIC_0029542.jpg
HAM10000_images_part_2,ISIC_0029543.jpg,.jpg,168210,HAM10000_images_part_2\ISIC_0029543.jpg
HAM10000_images_part_2,ISIC_0029544.jpg,.jpg,228411,HAM10000_images_part_2\ISIC_0029544.jpg
HAM10000_images_part_2,ISIC_0029545.jpg,.jpg,247053,HAM10000_images_part_2\ISIC_0029545.jpg
HAM10000_images_part_2,ISIC_0029546.jpg,.jpg,246127,HAM10000_images_part_2\ISIC_0029546.jpg
HAM10000_images_part_2,ISIC_0029547.jpg,.jpg,313555,HAM10000_images_part_2\ISIC_0029547.jpg
HAM10000_images_part_2,ISIC_0029548.jpg,.jpg,254385,HAM10000_images_part_2\ISIC_0029548.jpg
HAM10000_images_part_2,ISIC_0029549.jpg,.jpg,260924,HAM10000_images_part_2\ISIC_0029549.jpg
HAM10000_images_part_2,ISIC_0029550.jpg,.jpg,256581,HAM10000_images_part_2\ISIC_0029550.jpg
HAM10000_images_part_2,ISIC_0029551.jpg,.jpg,286891,HAM10000_images_part_2\ISIC_0029551.jpg
HAM10000_images_part_2,ISIC_0029552.jpg,.jpg,284277,HAM10000_images_part_2\ISIC_0029552.jpg
HAM10000_images_part_2,ISIC_0029553.jpg,.jpg,195308,HAM10000_images_part_2\ISIC_0029553.jpg
HAM10000_images_part_2,ISIC_0029554.jpg,.jpg,140039,HAM10000_images_part_2\ISIC_0029554.jpg
HAM10000_images_part_2,ISIC_0029555.jpg,.jpg,279327,HAM10000_images_part_2\ISIC_0029555.jpg
HAM10000_images_part_2,ISIC_0029556.jpg,.jpg,277193,HAM10000_images_part_2\ISIC_0029556.jpg
HAM10000_images_part_2,ISIC_0029557.jpg,.jpg,189528,HAM10000_images_part_2\ISIC_0029557.jpg
HAM10000_images_part_2,ISIC_0029558.jpg,.jpg,344339,HAM10000_images_part_2\ISIC_0029558.jpg
HAM10000_images_part_2,ISIC_0029559.jpg,.jpg,234112,HAM10000_images_part_2\ISIC_0029559.jpg
HAM10000_images_part_2,ISIC_0029560.jpg,.jpg,143169,HAM10000_images_part_2\ISIC_0029560.jpg
HAM10000_images_part_2,ISIC_0029561.jpg,.jpg,343298,HAM10000_images_part_2\ISIC_0029561.jpg
HAM10000_images_part_2,ISIC_0029562.jpg,.jpg,363643,HAM10000_images_part_2\ISIC_0029562.jpg
HAM10000_images_part_2,ISIC_0029563.jpg,.jpg,277903,HAM10000_images_part_2\ISIC_0029563.jpg
HAM10000_images_part_2,ISIC_0029564.jpg,.jpg,329452,HAM10000_images_part_2\ISIC_0029564.jpg
HAM10000_images_part_2,ISIC_0029565.jpg,.jpg,275292,HAM10000_images_part_2\ISIC_0029565.jpg
HAM10000_images_part_2,ISIC_0029566.jpg,.jpg,235808,HAM10000_images_part_2\ISIC_0029566.jpg
HAM10000_images_part_2,ISIC_0029567.jpg,.jpg,234475,HAM10000_images_part_2\ISIC_0029567.jpg
HAM10000_images_part_2,ISIC_0029568.jpg,.jpg,255552,HAM10000_images_part_2\ISIC_0029568.jpg
HAM10000_images_part_2,ISIC_0029569.jpg,.jpg,342939,HAM10000_images_part_2\ISIC_0029569.jpg
HAM10000_images_part_2,ISIC_0029570.jpg,.jpg,252518,HAM10000_images_part_2\ISIC_0029570.jpg
HAM10000_images_part_2,ISIC_0029571.jpg,.jpg,282837,HAM10000_images_part_2\ISIC_0029571.jpg
HAM10000_images_part_2,ISIC_0029572.jpg,.jpg,284371,HAM10000_images_part_2\ISIC_0029572.jpg
HAM10000_images_part_2,ISIC_0029573.jpg,.jpg,298774,HAM10000_images_part_2\ISIC_0029573.jpg
HAM10000_images_part_2,ISIC_0029574.jpg,.jpg,303768,HAM10000_images_part_2\ISIC_0029574.jpg
HAM10000_images_part_2,ISIC_0029575.jpg,.jpg,331876,HAM10000_images_part_2\ISIC_0029575.jpg
HAM10000_images_part_2,ISIC_0029576.jpg,.jpg,287848,HAM10000_images_part_2\ISIC_0029576.jpg
HAM10000_images_part_2,ISIC_0029577.jpg,.jpg,218120,HAM10000_images_part_2\ISIC_0029577.jpg
HAM10000_images_part_2,ISIC_0029578.jpg,.jpg,279848,HAM10000_images_part_2\ISIC_0029578.jpg
HAM10000_images_part_2,ISIC_0029579.jpg,.jpg,276819,HAM10000_images_part_2\ISIC_0029579.jpg
HAM10000_images_part_2,ISIC_0029580.jpg,.jpg,247566,HAM10000_images_part_2\ISIC_0029580.jpg
HAM10000_images_part_2,ISIC_0029581.jpg,.jpg,320893,HAM10000_images_part_2\ISIC_0029581.jpg
HAM10000_images_part_2,ISIC_0029582.jpg,.jpg,214737,HAM10000_images_part_2\ISIC_0029582.jpg
HAM10000_images_part_2,ISIC_0029583.jpg,.jpg,240624,HAM10000_images_part_2\ISIC_0029583.jpg
HAM10000_images_part_2,ISIC_0029584.jpg,.jpg,286928,HAM10000_images_part_2\ISIC_0029584.jpg
HAM10000_images_part_2,ISIC_0029585.jpg,.jpg,238452,HAM10000_images_part_2\ISIC_0029585.jpg
HAM10000_images_part_2,ISIC_0029586.jpg,.jpg,279546,HAM10000_images_part_2\ISIC_0029586.jpg
HAM10000_images_part_2,ISIC_0029587.jpg,.jpg,269012,HAM10000_images_part_2\ISIC_0029587.jpg
HAM10000_images_part_2,ISIC_0029588.jpg,.jpg,216744,HAM10000_images_part_2\ISIC_0029588.jpg
HAM10000_images_part_2,ISIC_0029589.jpg,.jpg,247692,HAM10000_images_part_2\ISIC_0029589.jpg
HAM10000_images_part_2,ISIC_0029590.jpg,.jpg,264460,HAM10000_images_part_2\ISIC_0029590.jpg
HAM10000_images_part_2,ISIC_0029591.jpg,.jpg,315393,HAM10000_images_part_2\ISIC_0029591.jpg
HAM10000_images_part_2,ISIC_0029592.jpg,.jpg,244291,HAM10000_images_part_2\ISIC_0029592.jpg
HAM10000_images_part_2,ISIC_0029593.jpg,.jpg,288889,HAM10000_images_part_2\ISIC_0029593.jpg
HAM10000_images_part_2,ISIC_0029594.jpg,.jpg,332056,HAM10000_images_part_2\ISIC_0029594.jpg
HAM10000_images_part_2,ISIC_0029595.jpg,.jpg,247116,HAM10000_images_part_2\ISIC_0029595.jpg
HAM10000_images_part_2,ISIC_0029596.jpg,.jpg,262322,HAM10000_images_part_2\ISIC_0029596.jpg
HAM10000_images_part_2,ISIC_0029597.jpg,.jpg,158703,HAM10000_images_part_2\ISIC_0029597.jpg
HAM10000_images_part_2,ISIC_0029598.jpg,.jpg,251396,HAM10000_images_part_2\ISIC_0029598.jpg
HAM10000_images_part_2,ISIC_0029599.jpg,.jpg,286600,HAM10000_images_part_2\ISIC_0029599.jpg
HAM10000_images_part_2,ISIC_0029600.jpg,.jpg,241324,HAM10000_images_part_2\ISIC_0029600.jpg
HAM10000_images_part_2,ISIC_0029601.jpg,.jpg,270578,HAM10000_images_part_2\ISIC_0029601.jpg
HAM10000_images_part_2,ISIC_0029602.jpg,.jpg,221775,HAM10000_images_part_2\ISIC_0029602.jpg
HAM10000_images_part_2,ISIC_0029603.jpg,.jpg,286897,HAM10000_images_part_2\ISIC_0029603.jpg
HAM10000_images_part_2,ISIC_0029604.jpg,.jpg,332972,HAM10000_images_part_2\ISIC_0029604.jpg
HAM10000_images_part_2,ISIC_0029605.jpg,.jpg,271262,HAM10000_images_part_2\ISIC_0029605.jpg
HAM10000_images_part_2,ISIC_0029606.jpg,.jpg,275320,HAM10000_images_part_2\ISIC_0029606.jpg
HAM10000_images_part_2,ISIC_0029607.jpg,.jpg,296132,HAM10000_images_part_2\ISIC_0029607.jpg
HAM10000_images_part_2,ISIC_0029608.jpg,.jpg,219557,HAM10000_images_part_2\ISIC_0029608.jpg
HAM10000_images_part_2,ISIC_0029609.jpg,.jpg,306133,HAM10000_images_part_2\ISIC_0029609.jpg
HAM10000_images_part_2,ISIC_0029610.jpg,.jpg,256951,HAM10000_images_part_2\ISIC_0029610.jpg
HAM10000_images_part_2,ISIC_0029611.jpg,.jpg,310221,HAM10000_images_part_2\ISIC_0029611.jpg
HAM10000_images_part_2,ISIC_0029612.jpg,.jpg,255670,HAM10000_images_part_2\ISIC_0029612.jpg
HAM10000_images_part_2,ISIC_0029613.jpg,.jpg,355243,HAM10000_images_part_2\ISIC_0029613.jpg
HAM10000_images_part_2,ISIC_0029614.jpg,.jpg,194439,HAM10000_images_part_2\ISIC_0029614.jpg
HAM10000_images_part_2,ISIC_0029615.jpg,.jpg,310154,HAM10000_images_part_2\ISIC_0029615.jpg
HAM10000_images_part_2,ISIC_0029616.jpg,.jpg,260773,HAM10000_images_part_2\ISIC_0029616.jpg
HAM10000_images_part_2,ISIC_0029617.jpg,.jpg,191481,HAM10000_images_part_2\ISIC_0029617.jpg
HAM10000_images_part_2,ISIC_0029618.jpg,.jpg,351773,HAM10000_images_part_2\ISIC_0029618.jpg
HAM10000_images_part_2,ISIC_0029619.jpg,.jpg,337446,HAM10000_images_part_2\ISIC_0029619.jpg
HAM10000_images_part_2,ISIC_0029620.jpg,.jpg,289096,HAM10000_images_part_2\ISIC_0029620.jpg
HAM10000_images_part_2,ISIC_0029621.jpg,.jpg,303110,HAM10000_images_part_2\ISIC_0029621.jpg
HAM10000_images_part_2,ISIC_0029622.jpg,.jpg,281204,HAM10000_images_part_2\ISIC_0029622.jpg
HAM10000_images_part_2,ISIC_0029623.jpg,.jpg,292282,HAM10000_images_part_2\ISIC_0029623.jpg
HAM10000_images_part_2,ISIC_0029624.jpg,.jpg,342982,HAM10000_images_part_2\ISIC_0029624.jpg
HAM10000_images_part_2,ISIC_0029625.jpg,.jpg,272495,HAM10000_images_part_2\ISIC_0029625.jpg
HAM10000_images_part_2,ISIC_0029626.jpg,.jpg,273211,HAM10000_images_part_2\ISIC_0029626.jpg
HAM10000_images_part_2,ISIC_0029627.jpg,.jpg,174382,HAM10000_images_part_2\ISIC_0029627.jpg
HAM10000_images_part_2,ISIC_0029628.jpg,.jpg,285119,HAM10000_images_part_2\ISIC_0029628.jpg
HAM10000_images_part_2,ISIC_0029629.jpg,.jpg,278816,HAM10000_images_part_2\ISIC_0029629.jpg
HAM10000_images_part_2,ISIC_0029630.jpg,.jpg,332202,HAM10000_images_part_2\ISIC_0029630.jpg
HAM10000_images_part_2,ISIC_0029631.jpg,.jpg,275644,HAM10000_images_part_2\ISIC_0029631.jpg
HAM10000_images_part_2,ISIC_0029632.jpg,.jpg,327596,HAM10000_images_part_2\ISIC_0029632.jpg
HAM10000_images_part_2,ISIC_0029633.jpg,.jpg,375258,HAM10000_images_part_2\ISIC_0029633.jpg
HAM10000_images_part_2,ISIC_0029634.jpg,.jpg,307687,HAM10000_images_part_2\ISIC_0029634.jpg
HAM10000_images_part_2,ISIC_0029635.jpg,.jpg,261502,HAM10000_images_part_2\ISIC_0029635.jpg
HAM10000_images_part_2,ISIC_0029636.jpg,.jpg,277888,HAM10000_images_part_2\ISIC_0029636.jpg
HAM10000_images_part_2,ISIC_0029637.jpg,.jpg,344774,HAM10000_images_part_2\ISIC_0029637.jpg
HAM10000_images_part_2,ISIC_0029638.jpg,.jpg,236038,HAM10000_images_part_2\ISIC_0029638.jpg
HAM10000_images_part_2,ISIC_0029639.jpg,.jpg,269131,HAM10000_images_part_2\ISIC_0029639.jpg
HAM10000_images_part_2,ISIC_0029640.jpg,.jpg,261898,HAM10000_images_part_2\ISIC_0029640.jpg
HAM10000_images_part_2,ISIC_0029641.jpg,.jpg,203878,HAM10000_images_part_2\ISIC_0029641.jpg
HAM10000_images_part_2,ISIC_0029642.jpg,.jpg,254226,HAM10000_images_part_2\ISIC_0029642.jpg
HAM10000_images_part_2,ISIC_0029643.jpg,.jpg,288973,HAM10000_images_part_2\ISIC_0029643.jpg
HAM10000_images_part_2,ISIC_0029644.jpg,.jpg,230886,HAM10000_images_part_2\ISIC_0029644.jpg
HAM10000_images_part_2,ISIC_0029645.jpg,.jpg,209162,HAM10000_images_part_2\ISIC_0029645.jpg
HAM10000_images_part_2,ISIC_0029646.jpg,.jpg,269718,HAM10000_images_part_2\ISIC_0029646.jpg
HAM10000_images_part_2,ISIC_0029647.jpg,.jpg,353317,HAM10000_images_part_2\ISIC_0029647.jpg
HAM10000_images_part_2,ISIC_0029648.jpg,.jpg,284504,HAM10000_images_part_2\ISIC_0029648.jpg
HAM10000_images_part_2,ISIC_0029649.jpg,.jpg,275669,HAM10000_images_part_2\ISIC_0029649.jpg
HAM10000_images_part_2,ISIC_0029650.jpg,.jpg,299974,HAM10000_images_part_2\ISIC_0029650.jpg
HAM10000_images_part_2,ISIC_0029651.jpg,.jpg,289751,HAM10000_images_part_2\ISIC_0029651.jpg
HAM10000_images_part_2,ISIC_0029652.jpg,.jpg,254471,HAM10000_images_part_2\ISIC_0029652.jpg
HAM10000_images_part_2,ISIC_0029653.jpg,.jpg,296774,HAM10000_images_part_2\ISIC_0029653.jpg
HAM10000_images_part_2,ISIC_0029654.jpg,.jpg,284871,HAM10000_images_part_2\ISIC_0029654.jpg
HAM10000_images_part_2,ISIC_0029655.jpg,.jpg,233224,HAM10000_images_part_2\ISIC_0029655.jpg
HAM10000_images_part_2,ISIC_0029656.jpg,.jpg,303382,HAM10000_images_part_2\ISIC_0029656.jpg
HAM10000_images_part_2,ISIC_0029657.jpg,.jpg,343967,HAM10000_images_part_2\ISIC_0029657.jpg
HAM10000_images_part_2,ISIC_0029658.jpg,.jpg,291870,HAM10000_images_part_2\ISIC_0029658.jpg
HAM10000_images_part_2,ISIC_0029659.jpg,.jpg,267895,HAM10000_images_part_2\ISIC_0029659.jpg
HAM10000_images_part_2,ISIC_0029660.jpg,.jpg,282855,HAM10000_images_part_2\ISIC_0029660.jpg
HAM10000_images_part_2,ISIC_0029661.jpg,.jpg,284609,HAM10000_images_part_2\ISIC_0029661.jpg
HAM10000_images_part_2,ISIC_0029662.jpg,.jpg,165358,HAM10000_images_part_2\ISIC_0029662.jpg
HAM10000_images_part_2,ISIC_0029663.jpg,.jpg,279423,HAM10000_images_part_2\ISIC_0029663.jpg
HAM10000_images_part_2,ISIC_0029664.jpg,.jpg,290648,HAM10000_images_part_2\ISIC_0029664.jpg
HAM10000_images_part_2,ISIC_0029665.jpg,.jpg,210110,HAM10000_images_part_2\ISIC_0029665.jpg
HAM10000_images_part_2,ISIC_0029666.jpg,.jpg,257804,HAM10000_images_part_2\ISIC_0029666.jpg
HAM10000_images_part_2,ISIC_0029667.jpg,.jpg,239307,HAM10000_images_part_2\ISIC_0029667.jpg
HAM10000_images_part_2,ISIC_0029668.jpg,.jpg,344900,HAM10000_images_part_2\ISIC_0029668.jpg
HAM10000_images_part_2,ISIC_0029669.jpg,.jpg,231413,HAM10000_images_part_2\ISIC_0029669.jpg
HAM10000_images_part_2,ISIC_0029670.jpg,.jpg,298294,HAM10000_images_part_2\ISIC_0029670.jpg
HAM10000_images_part_2,ISIC_0029671.jpg,.jpg,206235,HAM10000_images_part_2\ISIC_0029671.jpg
HAM10000_images_part_2,ISIC_0029672.jpg,.jpg,268797,HAM10000_images_part_2\ISIC_0029672.jpg
HAM10000_images_part_2,ISIC_0029673.jpg,.jpg,291818,HAM10000_images_part_2\ISIC_0029673.jpg
HAM10000_images_part_2,ISIC_0029674.jpg,.jpg,247370,HAM10000_images_part_2\ISIC_0029674.jpg
HAM10000_images_part_2,ISIC_0029675.jpg,.jpg,345549,HAM10000_images_part_2\ISIC_0029675.jpg
HAM10000_images_part_2,ISIC_0029676.jpg,.jpg,352446,HAM10000_images_part_2\ISIC_0029676.jpg
HAM10000_images_part_2,ISIC_0029677.jpg,.jpg,271994,HAM10000_images_part_2\ISIC_0029677.jpg
HAM10000_images_part_2,ISIC_0029678.jpg,.jpg,231952,HAM10000_images_part_2\ISIC_0029678.jpg
HAM10000_images_part_2,ISIC_0029679.jpg,.jpg,268496,HAM10000_images_part_2\ISIC_0029679.jpg
HAM10000_images_part_2,ISIC_0029680.jpg,.jpg,245551,HAM10000_images_part_2\ISIC_0029680.jpg
HAM10000_images_part_2,ISIC_0029681.jpg,.jpg,278388,HAM10000_images_part_2\ISIC_0029681.jpg
HAM10000_images_part_2,ISIC_0029682.jpg,.jpg,330607,HAM10000_images_part_2\ISIC_0029682.jpg
HAM10000_images_part_2,ISIC_0029683.jpg,.jpg,291576,HAM10000_images_part_2\ISIC_0029683.jpg
HAM10000_images_part_2,ISIC_0029684.jpg,.jpg,272101,HAM10000_images_part_2\ISIC_0029684.jpg
HAM10000_images_part_2,ISIC_0029685.jpg,.jpg,341483,HAM10000_images_part_2\ISIC_0029685.jpg
HAM10000_images_part_2,ISIC_0029686.jpg,.jpg,278190,HAM10000_images_part_2\ISIC_0029686.jpg
HAM10000_images_part_2,ISIC_0029687.jpg,.jpg,271640,HAM10000_images_part_2\ISIC_0029687.jpg
HAM10000_images_part_2,ISIC_0029688.jpg,.jpg,294933,HAM10000_images_part_2\ISIC_0029688.jpg
HAM10000_images_part_2,ISIC_0029689.jpg,.jpg,286981,HAM10000_images_part_2\ISIC_0029689.jpg
HAM10000_images_part_2,ISIC_0029690.jpg,.jpg,286839,HAM10000_images_part_2\ISIC_0029690.jpg
HAM10000_images_part_2,ISIC_0029691.jpg,.jpg,275589,HAM10000_images_part_2\ISIC_0029691.jpg
HAM10000_images_part_2,ISIC_0029692.jpg,.jpg,281790,HAM10000_images_part_2\ISIC_0029692.jpg
HAM10000_images_part_2,ISIC_0029693.jpg,.jpg,190440,HAM10000_images_part_2\ISIC_0029693.jpg
HAM10000_images_part_2,ISIC_0029694.jpg,.jpg,298957,HAM10000_images_part_2\ISIC_0029694.jpg
HAM10000_images_part_2,ISIC_0029695.jpg,.jpg,277995,HAM10000_images_part_2\ISIC_0029695.jpg
HAM10000_images_part_2,ISIC_0029696.jpg,.jpg,239320,HAM10000_images_part_2\ISIC_0029696.jpg
HAM10000_images_part_2,ISIC_0029697.jpg,.jpg,334609,HAM10000_images_part_2\ISIC_0029697.jpg
HAM10000_images_part_2,ISIC_0029698.jpg,.jpg,235562,HAM10000_images_part_2\ISIC_0029698.jpg
HAM10000_images_part_2,ISIC_0029699.jpg,.jpg,334814,HAM10000_images_part_2\ISIC_0029699.jpg
HAM10000_images_part_2,ISIC_0029700.jpg,.jpg,275910,HAM10000_images_part_2\ISIC_0029700.jpg
HAM10000_images_part_2,ISIC_0029701.jpg,.jpg,355274,HAM10000_images_part_2\ISIC_0029701.jpg
HAM10000_images_part_2,ISIC_0029702.jpg,.jpg,262675,HAM10000_images_part_2\ISIC_0029702.jpg
HAM10000_images_part_2,ISIC_0029703.jpg,.jpg,382739,HAM10000_images_part_2\ISIC_0029703.jpg
HAM10000_images_part_2,ISIC_0029704.jpg,.jpg,245959,HAM10000_images_part_2\ISIC_0029704.jpg
HAM10000_images_part_2,ISIC_0029705.jpg,.jpg,251241,HAM10000_images_part_2\ISIC_0029705.jpg
HAM10000_images_part_2,ISIC_0029706.jpg,.jpg,274728,HAM10000_images_part_2\ISIC_0029706.jpg
HAM10000_images_part_2,ISIC_0029707.jpg,.jpg,281447,HAM10000_images_part_2\ISIC_0029707.jpg
HAM10000_images_part_2,ISIC_0029708.jpg,.jpg,327376,HAM10000_images_part_2\ISIC_0029708.jpg
HAM10000_images_part_2,ISIC_0029709.jpg,.jpg,263616,HAM10000_images_part_2\ISIC_0029709.jpg
HAM10000_images_part_2,ISIC_0029710.jpg,.jpg,271615,HAM10000_images_part_2\ISIC_0029710.jpg
HAM10000_images_part_2,ISIC_0029711.jpg,.jpg,269020,HAM10000_images_part_2\ISIC_0029711.jpg
HAM10000_images_part_2,ISIC_0029712.jpg,.jpg,282252,HAM10000_images_part_2\ISIC_0029712.jpg
HAM10000_images_part_2,ISIC_0029713.jpg,.jpg,261130,HAM10000_images_part_2\ISIC_0029713.jpg
HAM10000_images_part_2,ISIC_0029714.jpg,.jpg,281409,HAM10000_images_part_2\ISIC_0029714.jpg
HAM10000_images_part_2,ISIC_0029715.jpg,.jpg,263673,HAM10000_images_part_2\ISIC_0029715.jpg
HAM10000_images_part_2,ISIC_0029716.jpg,.jpg,272007,HAM10000_images_part_2\ISIC_0029716.jpg
HAM10000_images_part_2,ISIC_0029717.jpg,.jpg,333771,HAM10000_images_part_2\ISIC_0029717.jpg
HAM10000_images_part_2,ISIC_0029718.jpg,.jpg,276512,HAM10000_images_part_2\ISIC_0029718.jpg
HAM10000_images_part_2,ISIC_0029719.jpg,.jpg,122867,HAM10000_images_part_2\ISIC_0029719.jpg
HAM10000_images_part_2,ISIC_0029720.jpg,.jpg,193658,HAM10000_images_part_2\ISIC_0029720.jpg
HAM10000_images_part_2,ISIC_0029721.jpg,.jpg,263730,HAM10000_images_part_2\ISIC_0029721.jpg
HAM10000_images_part_2,ISIC_0029722.jpg,.jpg,268991,HAM10000_images_part_2\ISIC_0029722.jpg
HAM10000_images_part_2,ISIC_0029723.jpg,.jpg,285272,HAM10000_images_part_2\ISIC_0029723.jpg
HAM10000_images_part_2,ISIC_0029724.jpg,.jpg,264338,HAM10000_images_part_2\ISIC_0029724.jpg
HAM10000_images_part_2,ISIC_0029725.jpg,.jpg,262171,HAM10000_images_part_2\ISIC_0029725.jpg
HAM10000_images_part_2,ISIC_0029726.jpg,.jpg,355461,HAM10000_images_part_2\ISIC_0029726.jpg
HAM10000_images_part_2,ISIC_0029727.jpg,.jpg,269150,HAM10000_images_part_2\ISIC_0029727.jpg
HAM10000_images_part_2,ISIC_0029728.jpg,.jpg,232249,HAM10000_images_part_2\ISIC_0029728.jpg
HAM10000_images_part_2,ISIC_0029729.jpg,.jpg,350088,HAM10000_images_part_2\ISIC_0029729.jpg
HAM10000_images_part_2,ISIC_0029730.jpg,.jpg,319997,HAM10000_images_part_2\ISIC_0029730.jpg
HAM10000_images_part_2,ISIC_0029731.jpg,.jpg,317096,HAM10000_images_part_2\ISIC_0029731.jpg
HAM10000_images_part_2,ISIC_0029732.jpg,.jpg,265366,HAM10000_images_part_2\ISIC_0029732.jpg
HAM10000_images_part_2,ISIC_0029733.jpg,.jpg,149424,HAM10000_images_part_2\ISIC_0029733.jpg
HAM10000_images_part_2,ISIC_0029734.jpg,.jpg,286702,HAM10000_images_part_2\ISIC_0029734.jpg
HAM10000_images_part_2,ISIC_0029735.jpg,.jpg,208888,HAM10000_images_part_2\ISIC_0029735.jpg
HAM10000_images_part_2,ISIC_0029736.jpg,.jpg,155900,HAM10000_images_part_2\ISIC_0029736.jpg
HAM10000_images_part_2,ISIC_0029737.jpg,.jpg,286637,HAM10000_images_part_2\ISIC_0029737.jpg
HAM10000_images_part_2,ISIC_0029738.jpg,.jpg,259546,HAM10000_images_part_2\ISIC_0029738.jpg
HAM10000_images_part_2,ISIC_0029739.jpg,.jpg,278305,HAM10000_images_part_2\ISIC_0029739.jpg
HAM10000_images_part_2,ISIC_0029740.jpg,.jpg,325357,HAM10000_images_part_2\ISIC_0029740.jpg
HAM10000_images_part_2,ISIC_0029741.jpg,.jpg,322847,HAM10000_images_part_2\ISIC_0029741.jpg
HAM10000_images_part_2,ISIC_0029742.jpg,.jpg,315187,HAM10000_images_part_2\ISIC_0029742.jpg
HAM10000_images_part_2,ISIC_0029743.jpg,.jpg,259614,HAM10000_images_part_2\ISIC_0029743.jpg
HAM10000_images_part_2,ISIC_0029744.jpg,.jpg,305062,HAM10000_images_part_2\ISIC_0029744.jpg
HAM10000_images_part_2,ISIC_0029745.jpg,.jpg,231141,HAM10000_images_part_2\ISIC_0029745.jpg
HAM10000_images_part_2,ISIC_0029746.jpg,.jpg,230160,HAM10000_images_part_2\ISIC_0029746.jpg
HAM10000_images_part_2,ISIC_0029747.jpg,.jpg,276547,HAM10000_images_part_2\ISIC_0029747.jpg
HAM10000_images_part_2,ISIC_0029748.jpg,.jpg,272680,HAM10000_images_part_2\ISIC_0029748.jpg
HAM10000_images_part_2,ISIC_0029749.jpg,.jpg,216291,HAM10000_images_part_2\ISIC_0029749.jpg
HAM10000_images_part_2,ISIC_0029750.jpg,.jpg,267000,HAM10000_images_part_2\ISIC_0029750.jpg
HAM10000_images_part_2,ISIC_0029751.jpg,.jpg,285449,HAM10000_images_part_2\ISIC_0029751.jpg
HAM10000_images_part_2,ISIC_0029752.jpg,.jpg,293020,HAM10000_images_part_2\ISIC_0029752.jpg
HAM10000_images_part_2,ISIC_0029753.jpg,.jpg,293683,HAM10000_images_part_2\ISIC_0029753.jpg
HAM10000_images_part_2,ISIC_0029754.jpg,.jpg,272481,HAM10000_images_part_2\ISIC_0029754.jpg
HAM10000_images_part_2,ISIC_0029755.jpg,.jpg,280006,HAM10000_images_part_2\ISIC_0029755.jpg
HAM10000_images_part_2,ISIC_0029756.jpg,.jpg,256734,HAM10000_images_part_2\ISIC_0029756.jpg
HAM10000_images_part_2,ISIC_0029757.jpg,.jpg,309316,HAM10000_images_part_2\ISIC_0029757.jpg
HAM10000_images_part_2,ISIC_0029758.jpg,.jpg,254726,HAM10000_images_part_2\ISIC_0029758.jpg
HAM10000_images_part_2,ISIC_0029759.jpg,.jpg,258366,HAM10000_images_part_2\ISIC_0029759.jpg
HAM10000_images_part_2,ISIC_0029760.jpg,.jpg,245912,HAM10000_images_part_2\ISIC_0029760.jpg
HAM10000_images_part_2,ISIC_0029761.jpg,.jpg,272266,HAM10000_images_part_2\ISIC_0029761.jpg
HAM10000_images_part_2,ISIC_0029762.jpg,.jpg,256619,HAM10000_images_part_2\ISIC_0029762.jpg
HAM10000_images_part_2,ISIC_0029763.jpg,.jpg,292813,HAM10000_images_part_2\ISIC_0029763.jpg
HAM10000_images_part_2,ISIC_0029764.jpg,.jpg,307191,HAM10000_images_part_2\ISIC_0029764.jpg
HAM10000_images_part_2,ISIC_0029765.jpg,.jpg,274213,HAM10000_images_part_2\ISIC_0029765.jpg
HAM10000_images_part_2,ISIC_0029766.jpg,.jpg,282773,HAM10000_images_part_2\ISIC_0029766.jpg
HAM10000_images_part_2,ISIC_0029767.jpg,.jpg,268754,HAM10000_images_part_2\ISIC_0029767.jpg
HAM10000_images_part_2,ISIC_0029768.jpg,.jpg,284929,HAM10000_images_part_2\ISIC_0029768.jpg
HAM10000_images_part_2,ISIC_0029769.jpg,.jpg,282116,HAM10000_images_part_2\ISIC_0029769.jpg
HAM10000_images_part_2,ISIC_0029770.jpg,.jpg,275064,HAM10000_images_part_2\ISIC_0029770.jpg
HAM10000_images_part_2,ISIC_0029771.jpg,.jpg,206905,HAM10000_images_part_2\ISIC_0029771.jpg
HAM10000_images_part_2,ISIC_0029772.jpg,.jpg,268695,HAM10000_images_part_2\ISIC_0029772.jpg
HAM10000_images_part_2,ISIC_0029773.jpg,.jpg,233224,HAM10000_images_part_2\ISIC_0029773.jpg
HAM10000_images_part_2,ISIC_0029774.jpg,.jpg,280471,HAM10000_images_part_2\ISIC_0029774.jpg
HAM10000_images_part_2,ISIC_0029775.jpg,.jpg,339375,HAM10000_images_part_2\ISIC_0029775.jpg
HAM10000_images_part_2,ISIC_0029776.jpg,.jpg,250518,HAM10000_images_part_2\ISIC_0029776.jpg
HAM10000_images_part_2,ISIC_0029777.jpg,.jpg,279148,HAM10000_images_part_2\ISIC_0029777.jpg
HAM10000_images_part_2,ISIC_0029778.jpg,.jpg,283324,HAM10000_images_part_2\ISIC_0029778.jpg
HAM10000_images_part_2,ISIC_0029779.jpg,.jpg,269322,HAM10000_images_part_2\ISIC_0029779.jpg
HAM10000_images_part_2,ISIC_0029780.jpg,.jpg,334811,HAM10000_images_part_2\ISIC_0029780.jpg
HAM10000_images_part_2,ISIC_0029781.jpg,.jpg,237032,HAM10000_images_part_2\ISIC_0029781.jpg
HAM10000_images_part_2,ISIC_0029782.jpg,.jpg,268026,HAM10000_images_part_2\ISIC_0029782.jpg
HAM10000_images_part_2,ISIC_0029783.jpg,.jpg,217085,HAM10000_images_part_2\ISIC_0029783.jpg
HAM10000_images_part_2,ISIC_0029784.jpg,.jpg,344783,HAM10000_images_part_2\ISIC_0029784.jpg
HAM10000_images_part_2,ISIC_0029785.jpg,.jpg,283994,HAM10000_images_part_2\ISIC_0029785.jpg
HAM10000_images_part_2,ISIC_0029786.jpg,.jpg,235004,HAM10000_images_part_2\ISIC_0029786.jpg
HAM10000_images_part_2,ISIC_0029787.jpg,.jpg,292373,HAM10000_images_part_2\ISIC_0029787.jpg
HAM10000_images_part_2,ISIC_0029788.jpg,.jpg,263613,HAM10000_images_part_2\ISIC_0029788.jpg
HAM10000_images_part_2,ISIC_0029789.jpg,.jpg,270552,HAM10000_images_part_2\ISIC_0029789.jpg
HAM10000_images_part_2,ISIC_0029790.jpg,.jpg,263270,HAM10000_images_part_2\ISIC_0029790.jpg
HAM10000_images_part_2,ISIC_0029791.jpg,.jpg,287757,HAM10000_images_part_2\ISIC_0029791.jpg
HAM10000_images_part_2,ISIC_0029792.jpg,.jpg,178982,HAM10000_images_part_2\ISIC_0029792.jpg
HAM10000_images_part_2,ISIC_0029793.jpg,.jpg,325284,HAM10000_images_part_2\ISIC_0029793.jpg
HAM10000_images_part_2,ISIC_0029794.jpg,.jpg,289715,HAM10000_images_part_2\ISIC_0029794.jpg
HAM10000_images_part_2,ISIC_0029795.jpg,.jpg,280997,HAM10000_images_part_2\ISIC_0029795.jpg
HAM10000_images_part_2,ISIC_0029796.jpg,.jpg,280042,HAM10000_images_part_2\ISIC_0029796.jpg
HAM10000_images_part_2,ISIC_0029797.jpg,.jpg,289667,HAM10000_images_part_2\ISIC_0029797.jpg
HAM10000_images_part_2,ISIC_0029798.jpg,.jpg,315978,HAM10000_images_part_2\ISIC_0029798.jpg
HAM10000_images_part_2,ISIC_0029799.jpg,.jpg,322327,HAM10000_images_part_2\ISIC_0029799.jpg
HAM10000_images_part_2,ISIC_0029800.jpg,.jpg,273248,HAM10000_images_part_2\ISIC_0029800.jpg
HAM10000_images_part_2,ISIC_0029801.jpg,.jpg,318463,HAM10000_images_part_2\ISIC_0029801.jpg
HAM10000_images_part_2,ISIC_0029802.jpg,.jpg,315503,HAM10000_images_part_2\ISIC_0029802.jpg
HAM10000_images_part_2,ISIC_0029803.jpg,.jpg,239308,HAM10000_images_part_2\ISIC_0029803.jpg
HAM10000_images_part_2,ISIC_0029804.jpg,.jpg,273091,HAM10000_images_part_2\ISIC_0029804.jpg
HAM10000_images_part_2,ISIC_0029805.jpg,.jpg,203463,HAM10000_images_part_2\ISIC_0029805.jpg
HAM10000_images_part_2,ISIC_0029806.jpg,.jpg,271213,HAM10000_images_part_2\ISIC_0029806.jpg
HAM10000_images_part_2,ISIC_0029807.jpg,.jpg,257114,HAM10000_images_part_2\ISIC_0029807.jpg
HAM10000_images_part_2,ISIC_0029808.jpg,.jpg,236187,HAM10000_images_part_2\ISIC_0029808.jpg
HAM10000_images_part_2,ISIC_0029809.jpg,.jpg,282850,HAM10000_images_part_2\ISIC_0029809.jpg
HAM10000_images_part_2,ISIC_0029810.jpg,.jpg,224894,HAM10000_images_part_2\ISIC_0029810.jpg
HAM10000_images_part_2,ISIC_0029811.jpg,.jpg,241926,HAM10000_images_part_2\ISIC_0029811.jpg
HAM10000_images_part_2,ISIC_0029812.jpg,.jpg,190135,HAM10000_images_part_2\ISIC_0029812.jpg
HAM10000_images_part_2,ISIC_0029813.jpg,.jpg,275767,HAM10000_images_part_2\ISIC_0029813.jpg
HAM10000_images_part_2,ISIC_0029814.jpg,.jpg,309801,HAM10000_images_part_2\ISIC_0029814.jpg
HAM10000_images_part_2,ISIC_0029815.jpg,.jpg,374710,HAM10000_images_part_2\ISIC_0029815.jpg
HAM10000_images_part_2,ISIC_0029816.jpg,.jpg,261965,HAM10000_images_part_2\ISIC_0029816.jpg
HAM10000_images_part_2,ISIC_0029817.jpg,.jpg,271873,HAM10000_images_part_2\ISIC_0029817.jpg
HAM10000_images_part_2,ISIC_0029818.jpg,.jpg,271460,HAM10000_images_part_2\ISIC_0029818.jpg
HAM10000_images_part_2,ISIC_0029819.jpg,.jpg,273353,HAM10000_images_part_2\ISIC_0029819.jpg
HAM10000_images_part_2,ISIC_0029820.jpg,.jpg,272983,HAM10000_images_part_2\ISIC_0029820.jpg
HAM10000_images_part_2,ISIC_0029821.jpg,.jpg,273046,HAM10000_images_part_2\ISIC_0029821.jpg
HAM10000_images_part_2,ISIC_0029822.jpg,.jpg,296179,HAM10000_images_part_2\ISIC_0029822.jpg
HAM10000_images_part_2,ISIC_0029823.jpg,.jpg,266795,HAM10000_images_part_2\ISIC_0029823.jpg
HAM10000_images_part_2,ISIC_0029824.jpg,.jpg,310568,HAM10000_images_part_2\ISIC_0029824.jpg
HAM10000_images_part_2,ISIC_0029825.jpg,.jpg,302995,HAM10000_images_part_2\ISIC_0029825.jpg
HAM10000_images_part_2,ISIC_0029826.jpg,.jpg,215644,HAM10000_images_part_2\ISIC_0029826.jpg
HAM10000_images_part_2,ISIC_0029827.jpg,.jpg,230782,HAM10000_images_part_2\ISIC_0029827.jpg
HAM10000_images_part_2,ISIC_0029828.jpg,.jpg,292312,HAM10000_images_part_2\ISIC_0029828.jpg
HAM10000_images_part_2,ISIC_0029829.jpg,.jpg,316013,HAM10000_images_part_2\ISIC_0029829.jpg
HAM10000_images_part_2,ISIC_0029830.jpg,.jpg,259913,HAM10000_images_part_2\ISIC_0029830.jpg
HAM10000_images_part_2,ISIC_0029831.jpg,.jpg,129182,HAM10000_images_part_2\ISIC_0029831.jpg
HAM10000_images_part_2,ISIC_0029832.jpg,.jpg,300332,HAM10000_images_part_2\ISIC_0029832.jpg
HAM10000_images_part_2,ISIC_0029833.jpg,.jpg,222572,HAM10000_images_part_2\ISIC_0029833.jpg
HAM10000_images_part_2,ISIC_0029834.jpg,.jpg,256156,HAM10000_images_part_2\ISIC_0029834.jpg
HAM10000_images_part_2,ISIC_0029835.jpg,.jpg,251013,HAM10000_images_part_2\ISIC_0029835.jpg
HAM10000_images_part_2,ISIC_0029836.jpg,.jpg,317816,HAM10000_images_part_2\ISIC_0029836.jpg
HAM10000_images_part_2,ISIC_0029837.jpg,.jpg,281172,HAM10000_images_part_2\ISIC_0029837.jpg
HAM10000_images_part_2,ISIC_0029838.jpg,.jpg,277351,HAM10000_images_part_2\ISIC_0029838.jpg
HAM10000_images_part_2,ISIC_0029839.jpg,.jpg,226767,HAM10000_images_part_2\ISIC_0029839.jpg
HAM10000_images_part_2,ISIC_0029840.jpg,.jpg,262884,HAM10000_images_part_2\ISIC_0029840.jpg
HAM10000_images_part_2,ISIC_0029841.jpg,.jpg,226513,HAM10000_images_part_2\ISIC_0029841.jpg
HAM10000_images_part_2,ISIC_0029842.jpg,.jpg,285234,HAM10000_images_part_2\ISIC_0029842.jpg
HAM10000_images_part_2,ISIC_0029843.jpg,.jpg,291653,HAM10000_images_part_2\ISIC_0029843.jpg
HAM10000_images_part_2,ISIC_0029844.jpg,.jpg,275353,HAM10000_images_part_2\ISIC_0029844.jpg
HAM10000_images_part_2,ISIC_0029845.jpg,.jpg,248870,HAM10000_images_part_2\ISIC_0029845.jpg
HAM10000_images_part_2,ISIC_0029846.jpg,.jpg,169116,HAM10000_images_part_2\ISIC_0029846.jpg
HAM10000_images_part_2,ISIC_0029847.jpg,.jpg,315447,HAM10000_images_part_2\ISIC_0029847.jpg
HAM10000_images_part_2,ISIC_0029848.jpg,.jpg,343461,HAM10000_images_part_2\ISIC_0029848.jpg
HAM10000_images_part_2,ISIC_0029849.jpg,.jpg,252046,HAM10000_images_part_2\ISIC_0029849.jpg
HAM10000_images_part_2,ISIC_0029850.jpg,.jpg,285462,HAM10000_images_part_2\ISIC_0029850.jpg
HAM10000_images_part_2,ISIC_0029851.jpg,.jpg,296575,HAM10000_images_part_2\ISIC_0029851.jpg
HAM10000_images_part_2,ISIC_0029852.jpg,.jpg,268595,HAM10000_images_part_2\ISIC_0029852.jpg
HAM10000_images_part_2,ISIC_0029853.jpg,.jpg,275478,HAM10000_images_part_2\ISIC_0029853.jpg
HAM10000_images_part_2,ISIC_0029854.jpg,.jpg,231708,HAM10000_images_part_2\ISIC_0029854.jpg
HAM10000_images_part_2,ISIC_0029855.jpg,.jpg,221479,HAM10000_images_part_2\ISIC_0029855.jpg
HAM10000_images_part_2,ISIC_0029856.jpg,.jpg,227306,HAM10000_images_part_2\ISIC_0029856.jpg
HAM10000_images_part_2,ISIC_0029857.jpg,.jpg,226721,HAM10000_images_part_2\ISIC_0029857.jpg
HAM10000_images_part_2,ISIC_0029858.jpg,.jpg,277810,HAM10000_images_part_2\ISIC_0029858.jpg
HAM10000_images_part_2,ISIC_0029859.jpg,.jpg,285503,HAM10000_images_part_2\ISIC_0029859.jpg
HAM10000_images_part_2,ISIC_0029860.jpg,.jpg,243232,HAM10000_images_part_2\ISIC_0029860.jpg
HAM10000_images_part_2,ISIC_0029861.jpg,.jpg,255190,HAM10000_images_part_2\ISIC_0029861.jpg
HAM10000_images_part_2,ISIC_0029862.jpg,.jpg,183107,HAM10000_images_part_2\ISIC_0029862.jpg
HAM10000_images_part_2,ISIC_0029863.jpg,.jpg,265764,HAM10000_images_part_2\ISIC_0029863.jpg
HAM10000_images_part_2,ISIC_0029864.jpg,.jpg,274082,HAM10000_images_part_2\ISIC_0029864.jpg
HAM10000_images_part_2,ISIC_0029865.jpg,.jpg,251279,HAM10000_images_part_2\ISIC_0029865.jpg
HAM10000_images_part_2,ISIC_0029866.jpg,.jpg,266517,HAM10000_images_part_2\ISIC_0029866.jpg
HAM10000_images_part_2,ISIC_0029867.jpg,.jpg,169828,HAM10000_images_part_2\ISIC_0029867.jpg
HAM10000_images_part_2,ISIC_0029868.jpg,.jpg,262471,HAM10000_images_part_2\ISIC_0029868.jpg
HAM10000_images_part_2,ISIC_0029869.jpg,.jpg,325095,HAM10000_images_part_2\ISIC_0029869.jpg
HAM10000_images_part_2,ISIC_0029870.jpg,.jpg,282058,HAM10000_images_part_2\ISIC_0029870.jpg
HAM10000_images_part_2,ISIC_0029871.jpg,.jpg,272947,HAM10000_images_part_2\ISIC_0029871.jpg
HAM10000_images_part_2,ISIC_0029872.jpg,.jpg,251767,HAM10000_images_part_2\ISIC_0029872.jpg
HAM10000_images_part_2,ISIC_0029873.jpg,.jpg,263143,HAM10000_images_part_2\ISIC_0029873.jpg
HAM10000_images_part_2,ISIC_0029874.jpg,.jpg,276174,HAM10000_images_part_2\ISIC_0029874.jpg
HAM10000_images_part_2,ISIC_0029875.jpg,.jpg,286776,HAM10000_images_part_2\ISIC_0029875.jpg
HAM10000_images_part_2,ISIC_0029876.jpg,.jpg,352584,HAM10000_images_part_2\ISIC_0029876.jpg
HAM10000_images_part_2,ISIC_0029877.jpg,.jpg,344794,HAM10000_images_part_2\ISIC_0029877.jpg
HAM10000_images_part_2,ISIC_0029878.jpg,.jpg,198186,HAM10000_images_part_2\ISIC_0029878.jpg
HAM10000_images_part_2,ISIC_0029879.jpg,.jpg,318075,HAM10000_images_part_2\ISIC_0029879.jpg
HAM10000_images_part_2,ISIC_0029880.jpg,.jpg,276264,HAM10000_images_part_2\ISIC_0029880.jpg
HAM10000_images_part_2,ISIC_0029881.jpg,.jpg,257293,HAM10000_images_part_2\ISIC_0029881.jpg
HAM10000_images_part_2,ISIC_0029882.jpg,.jpg,292764,HAM10000_images_part_2\ISIC_0029882.jpg
HAM10000_images_part_2,ISIC_0029883.jpg,.jpg,326907,HAM10000_images_part_2\ISIC_0029883.jpg
HAM10000_images_part_2,ISIC_0029884.jpg,.jpg,311604,HAM10000_images_part_2\ISIC_0029884.jpg
HAM10000_images_part_2,ISIC_0029885.jpg,.jpg,212521,HAM10000_images_part_2\ISIC_0029885.jpg
HAM10000_images_part_2,ISIC_0029886.jpg,.jpg,263500,HAM10000_images_part_2\ISIC_0029886.jpg
HAM10000_images_part_2,ISIC_0029887.jpg,.jpg,265296,HAM10000_images_part_2\ISIC_0029887.jpg
HAM10000_images_part_2,ISIC_0029888.jpg,.jpg,351433,HAM10000_images_part_2\ISIC_0029888.jpg
HAM10000_images_part_2,ISIC_0029889.jpg,.jpg,224214,HAM10000_images_part_2\ISIC_0029889.jpg
HAM10000_images_part_2,ISIC_0029890.jpg,.jpg,263371,HAM10000_images_part_2\ISIC_0029890.jpg
HAM10000_images_part_2,ISIC_0029891.jpg,.jpg,245903,HAM10000_images_part_2\ISIC_0029891.jpg
HAM10000_images_part_2,ISIC_0029892.jpg,.jpg,335303,HAM10000_images_part_2\ISIC_0029892.jpg
HAM10000_images_part_2,ISIC_0029893.jpg,.jpg,283086,HAM10000_images_part_2\ISIC_0029893.jpg
HAM10000_images_part_2,ISIC_0029894.jpg,.jpg,282586,HAM10000_images_part_2\ISIC_0029894.jpg
HAM10000_images_part_2,ISIC_0029895.jpg,.jpg,234621,HAM10000_images_part_2\ISIC_0029895.jpg
HAM10000_images_part_2,ISIC_0029896.jpg,.jpg,253566,HAM10000_images_part_2\ISIC_0029896.jpg
HAM10000_images_part_2,ISIC_0029897.jpg,.jpg,352214,HAM10000_images_part_2\ISIC_0029897.jpg
HAM10000_images_part_2,ISIC_0029898.jpg,.jpg,179929,HAM10000_images_part_2\ISIC_0029898.jpg
HAM10000_images_part_2,ISIC_0029899.jpg,.jpg,274817,HAM10000_images_part_2\ISIC_0029899.jpg
HAM10000_images_part_2,ISIC_0029900.jpg,.jpg,283848,HAM10000_images_part_2\ISIC_0029900.jpg
HAM10000_images_part_2,ISIC_0029901.jpg,.jpg,277950,HAM10000_images_part_2\ISIC_0029901.jpg
HAM10000_images_part_2,ISIC_0029902.jpg,.jpg,209056,HAM10000_images_part_2\ISIC_0029902.jpg
HAM10000_images_part_2,ISIC_0029903.jpg,.jpg,290754,HAM10000_images_part_2\ISIC_0029903.jpg
HAM10000_images_part_2,ISIC_0029904.jpg,.jpg,292431,HAM10000_images_part_2\ISIC_0029904.jpg
HAM10000_images_part_2,ISIC_0029905.jpg,.jpg,230932,HAM10000_images_part_2\ISIC_0029905.jpg
HAM10000_images_part_2,ISIC_0029906.jpg,.jpg,281936,HAM10000_images_part_2\ISIC_0029906.jpg
HAM10000_images_part_2,ISIC_0029907.jpg,.jpg,277320,HAM10000_images_part_2\ISIC_0029907.jpg
HAM10000_images_part_2,ISIC_0029908.jpg,.jpg,295606,HAM10000_images_part_2\ISIC_0029908.jpg
HAM10000_images_part_2,ISIC_0029909.jpg,.jpg,303233,HAM10000_images_part_2\ISIC_0029909.jpg
HAM10000_images_part_2,ISIC_0029910.jpg,.jpg,272126,HAM10000_images_part_2\ISIC_0029910.jpg
HAM10000_images_part_2,ISIC_0029911.jpg,.jpg,327245,HAM10000_images_part_2\ISIC_0029911.jpg
HAM10000_images_part_2,ISIC_0029912.jpg,.jpg,245349,HAM10000_images_part_2\ISIC_0029912.jpg
HAM10000_images_part_2,ISIC_0029913.jpg,.jpg,267681,HAM10000_images_part_2\ISIC_0029913.jpg
HAM10000_images_part_2,ISIC_0029914.jpg,.jpg,295000,HAM10000_images_part_2\ISIC_0029914.jpg
HAM10000_images_part_2,ISIC_0029915.jpg,.jpg,250844,HAM10000_images_part_2\ISIC_0029915.jpg
HAM10000_images_part_2,ISIC_0029916.jpg,.jpg,283267,HAM10000_images_part_2\ISIC_0029916.jpg
HAM10000_images_part_2,ISIC_0029917.jpg,.jpg,207419,HAM10000_images_part_2\ISIC_0029917.jpg
HAM10000_images_part_2,ISIC_0029918.jpg,.jpg,377319,HAM10000_images_part_2\ISIC_0029918.jpg
HAM10000_images_part_2,ISIC_0029919.jpg,.jpg,276926,HAM10000_images_part_2\ISIC_0029919.jpg
HAM10000_images_part_2,ISIC_0029920.jpg,.jpg,223032,HAM10000_images_part_2\ISIC_0029920.jpg
HAM10000_images_part_2,ISIC_0029921.jpg,.jpg,258369,HAM10000_images_part_2\ISIC_0029921.jpg
HAM10000_images_part_2,ISIC_0029922.jpg,.jpg,287645,HAM10000_images_part_2\ISIC_0029922.jpg
HAM10000_images_part_2,ISIC_0029923.jpg,.jpg,290085,HAM10000_images_part_2\ISIC_0029923.jpg
HAM10000_images_part_2,ISIC_0029924.jpg,.jpg,253754,HAM10000_images_part_2\ISIC_0029924.jpg
HAM10000_images_part_2,ISIC_0029925.jpg,.jpg,265440,HAM10000_images_part_2\ISIC_0029925.jpg
HAM10000_images_part_2,ISIC_0029926.jpg,.jpg,137084,HAM10000_images_part_2\ISIC_0029926.jpg
HAM10000_images_part_2,ISIC_0029927.jpg,.jpg,299616,HAM10000_images_part_2\ISIC_0029927.jpg
HAM10000_images_part_2,ISIC_0029928.jpg,.jpg,274565,HAM10000_images_part_2\ISIC_0029928.jpg
HAM10000_images_part_2,ISIC_0029929.jpg,.jpg,264642,HAM10000_images_part_2\ISIC_0029929.jpg
HAM10000_images_part_2,ISIC_0029930.jpg,.jpg,272544,HAM10000_images_part_2\ISIC_0029930.jpg
HAM10000_images_part_2,ISIC_0029931.jpg,.jpg,336599,HAM10000_images_part_2\ISIC_0029931.jpg
HAM10000_images_part_2,ISIC_0029932.jpg,.jpg,315106,HAM10000_images_part_2\ISIC_0029932.jpg
HAM10000_images_part_2,ISIC_0029933.jpg,.jpg,284495,HAM10000_images_part_2\ISIC_0029933.jpg
HAM10000_images_part_2,ISIC_0029934.jpg,.jpg,273710,HAM10000_images_part_2\ISIC_0029934.jpg
HAM10000_images_part_2,ISIC_0029935.jpg,.jpg,256691,HAM10000_images_part_2\ISIC_0029935.jpg
HAM10000_images_part_2,ISIC_0029936.jpg,.jpg,269598,HAM10000_images_part_2\ISIC_0029936.jpg
HAM10000_images_part_2,ISIC_0029937.jpg,.jpg,282747,HAM10000_images_part_2\ISIC_0029937.jpg
HAM10000_images_part_2,ISIC_0029938.jpg,.jpg,218552,HAM10000_images_part_2\ISIC_0029938.jpg
HAM10000_images_part_2,ISIC_0029939.jpg,.jpg,279115,HAM10000_images_part_2\ISIC_0029939.jpg
HAM10000_images_part_2,ISIC_0029940.jpg,.jpg,281356,HAM10000_images_part_2\ISIC_0029940.jpg
HAM10000_images_part_2,ISIC_0029941.jpg,.jpg,285695,HAM10000_images_part_2\ISIC_0029941.jpg
HAM10000_images_part_2,ISIC_0029942.jpg,.jpg,273550,HAM10000_images_part_2\ISIC_0029942.jpg
HAM10000_images_part_2,ISIC_0029943.jpg,.jpg,329986,HAM10000_images_part_2\ISIC_0029943.jpg
HAM10000_images_part_2,ISIC_0029944.jpg,.jpg,259646,HAM10000_images_part_2\ISIC_0029944.jpg
HAM10000_images_part_2,ISIC_0029945.jpg,.jpg,278001,HAM10000_images_part_2\ISIC_0029945.jpg
HAM10000_images_part_2,ISIC_0029946.jpg,.jpg,277279,HAM10000_images_part_2\ISIC_0029946.jpg
HAM10000_images_part_2,ISIC_0029947.jpg,.jpg,284686,HAM10000_images_part_2\ISIC_0029947.jpg
HAM10000_images_part_2,ISIC_0029948.jpg,.jpg,262380,HAM10000_images_part_2\ISIC_0029948.jpg
HAM10000_images_part_2,ISIC_0029949.jpg,.jpg,298642,HAM10000_images_part_2\ISIC_0029949.jpg
HAM10000_images_part_2,ISIC_0029950.jpg,.jpg,335837,HAM10000_images_part_2\ISIC_0029950.jpg
HAM10000_images_part_2,ISIC_0029951.jpg,.jpg,230905,HAM10000_images_part_2\ISIC_0029951.jpg
HAM10000_images_part_2,ISIC_0029952.jpg,.jpg,264254,HAM10000_images_part_2\ISIC_0029952.jpg
HAM10000_images_part_2,ISIC_0029953.jpg,.jpg,147716,HAM10000_images_part_2\ISIC_0029953.jpg
HAM10000_images_part_2,ISIC_0029954.jpg,.jpg,315563,HAM10000_images_part_2\ISIC_0029954.jpg
HAM10000_images_part_2,ISIC_0029955.jpg,.jpg,270731,HAM10000_images_part_2\ISIC_0029955.jpg
HAM10000_images_part_2,ISIC_0029956.jpg,.jpg,258718,HAM10000_images_part_2\ISIC_0029956.jpg
HAM10000_images_part_2,ISIC_0029957.jpg,.jpg,288854,HAM10000_images_part_2\ISIC_0029957.jpg
HAM10000_images_part_2,ISIC_0029958.jpg,.jpg,305086,HAM10000_images_part_2\ISIC_0029958.jpg
HAM10000_images_part_2,ISIC_0029959.jpg,.jpg,281096,HAM10000_images_part_2\ISIC_0029959.jpg
HAM10000_images_part_2,ISIC_0029960.jpg,.jpg,269993,HAM10000_images_part_2\ISIC_0029960.jpg
HAM10000_images_part_2,ISIC_0029961.jpg,.jpg,360311,HAM10000_images_part_2\ISIC_0029961.jpg
HAM10000_images_part_2,ISIC_0029962.jpg,.jpg,230221,HAM10000_images_part_2\ISIC_0029962.jpg
HAM10000_images_part_2,ISIC_0029963.jpg,.jpg,234438,HAM10000_images_part_2\ISIC_0029963.jpg
HAM10000_images_part_2,ISIC_0029964.jpg,.jpg,293770,HAM10000_images_part_2\ISIC_0029964.jpg
HAM10000_images_part_2,ISIC_0029965.jpg,.jpg,279416,HAM10000_images_part_2\ISIC_0029965.jpg
HAM10000_images_part_2,ISIC_0029966.jpg,.jpg,357140,HAM10000_images_part_2\ISIC_0029966.jpg
HAM10000_images_part_2,ISIC_0029967.jpg,.jpg,222477,HAM10000_images_part_2\ISIC_0029967.jpg
HAM10000_images_part_2,ISIC_0029968.jpg,.jpg,281610,HAM10000_images_part_2\ISIC_0029968.jpg
HAM10000_images_part_2,ISIC_0029969.jpg,.jpg,276728,HAM10000_images_part_2\ISIC_0029969.jpg
HAM10000_images_part_2,ISIC_0029970.jpg,.jpg,236300,HAM10000_images_part_2\ISIC_0029970.jpg
HAM10000_images_part_2,ISIC_0029971.jpg,.jpg,275869,HAM10000_images_part_2\ISIC_0029971.jpg
HAM10000_images_part_2,ISIC_0029972.jpg,.jpg,267202,HAM10000_images_part_2\ISIC_0029972.jpg
HAM10000_images_part_2,ISIC_0029973.jpg,.jpg,322464,HAM10000_images_part_2\ISIC_0029973.jpg
HAM10000_images_part_2,ISIC_0029974.jpg,.jpg,269850,HAM10000_images_part_2\ISIC_0029974.jpg
HAM10000_images_part_2,ISIC_0029975.jpg,.jpg,158494,HAM10000_images_part_2\ISIC_0029975.jpg
HAM10000_images_part_2,ISIC_0029976.jpg,.jpg,290908,HAM10000_images_part_2\ISIC_0029976.jpg
HAM10000_images_part_2,ISIC_0029977.jpg,.jpg,269853,HAM10000_images_part_2\ISIC_0029977.jpg
HAM10000_images_part_2,ISIC_0029978.jpg,.jpg,275997,HAM10000_images_part_2\ISIC_0029978.jpg
HAM10000_images_part_2,ISIC_0029979.jpg,.jpg,332366,HAM10000_images_part_2\ISIC_0029979.jpg
HAM10000_images_part_2,ISIC_0029980.jpg,.jpg,270478,HAM10000_images_part_2\ISIC_0029980.jpg
HAM10000_images_part_2,ISIC_0029981.jpg,.jpg,271888,HAM10000_images_part_2\ISIC_0029981.jpg
HAM10000_images_part_2,ISIC_0029982.jpg,.jpg,304660,HAM10000_images_part_2\ISIC_0029982.jpg
HAM10000_images_part_2,ISIC_0029983.jpg,.jpg,217959,HAM10000_images_part_2\ISIC_0029983.jpg
HAM10000_images_part_2,ISIC_0029984.jpg,.jpg,340061,HAM10000_images_part_2\ISIC_0029984.jpg
HAM10000_images_part_2,ISIC_0029985.jpg,.jpg,402851,HAM10000_images_part_2\ISIC_0029985.jpg
HAM10000_images_part_2,ISIC_0029986.jpg,.jpg,290875,HAM10000_images_part_2\ISIC_0029986.jpg
HAM10000_images_part_2,ISIC_0029987.jpg,.jpg,267135,HAM10000_images_part_2\ISIC_0029987.jpg
HAM10000_images_part_2,ISIC_0029988.jpg,.jpg,283052,HAM10000_images_part_2\ISIC_0029988.jpg
HAM10000_images_part_2,ISIC_0029989.jpg,.jpg,287981,HAM10000_images_part_2\ISIC_0029989.jpg
HAM10000_images_part_2,ISIC_0029990.jpg,.jpg,275702,HAM10000_images_part_2\ISIC_0029990.jpg
HAM10000_images_part_2,ISIC_0029991.jpg,.jpg,235780,HAM10000_images_part_2\ISIC_0029991.jpg
HAM10000_images_part_2,ISIC_0029992.jpg,.jpg,277711,HAM10000_images_part_2\ISIC_0029992.jpg
HAM10000_images_part_2,ISIC_0029993.jpg,.jpg,243938,HAM10000_images_part_2\ISIC_0029993.jpg
HAM10000_images_part_2,ISIC_0029994.jpg,.jpg,270027,HAM10000_images_part_2\ISIC_0029994.jpg
HAM10000_images_part_2,ISIC_0029995.jpg,.jpg,288496,HAM10000_images_part_2\ISIC_0029995.jpg
HAM10000_images_part_2,ISIC_0029996.jpg,.jpg,274511,HAM10000_images_part_2\ISIC_0029996.jpg
HAM10000_images_part_2,ISIC_0029997.jpg,.jpg,329351,HAM10000_images_part_2\ISIC_0029997.jpg
HAM10000_images_part_2,ISIC_0029998.jpg,.jpg,355205,HAM10000_images_part_2\ISIC_0029998.jpg
HAM10000_images_part_2,ISIC_0029999.jpg,.jpg,279934,HAM10000_images_part_2\ISIC_0029999.jpg
HAM10000_images_part_2,ISIC_0030000.jpg,.jpg,341553,HAM10000_images_part_2\ISIC_0030000.jpg
HAM10000_images_part_2,ISIC_0030001.jpg,.jpg,274577,HAM10000_images_part_2\ISIC_0030001.jpg
HAM10000_images_part_2,ISIC_0030002.jpg,.jpg,246572,HAM10000_images_part_2\ISIC_0030002.jpg
HAM10000_images_part_2,ISIC_0030003.jpg,.jpg,350050,HAM10000_images_part_2\ISIC_0030003.jpg
HAM10000_images_part_2,ISIC_0030004.jpg,.jpg,286241,HAM10000_images_part_2\ISIC_0030004.jpg
HAM10000_images_part_2,ISIC_0030005.jpg,.jpg,269836,HAM10000_images_part_2\ISIC_0030005.jpg
HAM10000_images_part_2,ISIC_0030006.jpg,.jpg,424891,HAM10000_images_part_2\ISIC_0030006.jpg
HAM10000_images_part_2,ISIC_0030007.jpg,.jpg,244592,HAM10000_images_part_2\ISIC_0030007.jpg
HAM10000_images_part_2,ISIC_0030008.jpg,.jpg,246263,HAM10000_images_part_2\ISIC_0030008.jpg
HAM10000_images_part_2,ISIC_0030009.jpg,.jpg,290783,HAM10000_images_part_2\ISIC_0030009.jpg
HAM10000_images_part_2,ISIC_0030010.jpg,.jpg,295214,HAM10000_images_part_2\ISIC_0030010.jpg
HAM10000_images_part_2,ISIC_0030011.jpg,.jpg,325484,HAM10000_images_part_2\ISIC_0030011.jpg
HAM10000_images_part_2,ISIC_0030012.jpg,.jpg,267299,HAM10000_images_part_2\ISIC_0030012.jpg
HAM10000_images_part_2,ISIC_0030013.jpg,.jpg,363774,HAM10000_images_part_2\ISIC_0030013.jpg
HAM10000_images_part_2,ISIC_0030014.jpg,.jpg,302924,HAM10000_images_part_2\ISIC_0030014.jpg
HAM10000_images_part_2,ISIC_0030015.jpg,.jpg,239124,HAM10000_images_part_2\ISIC_0030015.jpg
HAM10000_images_part_2,ISIC_0030016.jpg,.jpg,366122,HAM10000_images_part_2\ISIC_0030016.jpg
HAM10000_images_part_2,ISIC_0030017.jpg,.jpg,268539,HAM10000_images_part_2\ISIC_0030017.jpg
HAM10000_images_part_2,ISIC_0030018.jpg,.jpg,276576,HAM10000_images_part_2\ISIC_0030018.jpg
HAM10000_images_part_2,ISIC_0030019.jpg,.jpg,303781,HAM10000_images_part_2\ISIC_0030019.jpg
HAM10000_images_part_2,ISIC_0030020.jpg,.jpg,290399,HAM10000_images_part_2\ISIC_0030020.jpg
HAM10000_images_part_2,ISIC_0030021.jpg,.jpg,263083,HAM10000_images_part_2\ISIC_0030021.jpg
HAM10000_images_part_2,ISIC_0030022.jpg,.jpg,276047,HAM10000_images_part_2\ISIC_0030022.jpg
HAM10000_images_part_2,ISIC_0030023.jpg,.jpg,256390,HAM10000_images_part_2\ISIC_0030023.jpg
HAM10000_images_part_2,ISIC_0030024.jpg,.jpg,274695,HAM10000_images_part_2\ISIC_0030024.jpg
HAM10000_images_part_2,ISIC_0030025.jpg,.jpg,270458,HAM10000_images_part_2\ISIC_0030025.jpg
HAM10000_images_part_2,ISIC_0030026.jpg,.jpg,296684,HAM10000_images_part_2\ISIC_0030026.jpg
HAM10000_images_part_2,ISIC_0030027.jpg,.jpg,277984,HAM10000_images_part_2\ISIC_0030027.jpg
HAM10000_images_part_2,ISIC_0030028.jpg,.jpg,270141,HAM10000_images_part_2\ISIC_0030028.jpg
HAM10000_images_part_2,ISIC_0030029.jpg,.jpg,257076,HAM10000_images_part_2\ISIC_0030029.jpg
HAM10000_images_part_2,ISIC_0030030.jpg,.jpg,295854,HAM10000_images_part_2\ISIC_0030030.jpg
HAM10000_images_part_2,ISIC_0030031.jpg,.jpg,276743,HAM10000_images_part_2\ISIC_0030031.jpg
HAM10000_images_part_2,ISIC_0030032.jpg,.jpg,319435,HAM10000_images_part_2\ISIC_0030032.jpg
HAM10000_images_part_2,ISIC_0030033.jpg,.jpg,275909,HAM10000_images_part_2\ISIC_0030033.jpg
HAM10000_images_part_2,ISIC_0030034.jpg,.jpg,331982,HAM10000_images_part_2\ISIC_0030034.jpg
HAM10000_images_part_2,ISIC_0030035.jpg,.jpg,345110,HAM10000_images_part_2\ISIC_0030035.jpg
HAM10000_images_part_2,ISIC_0030036.jpg,.jpg,232825,HAM10000_images_part_2\ISIC_0030036.jpg
HAM10000_images_part_2,ISIC_0030037.jpg,.jpg,291433,HAM10000_images_part_2\ISIC_0030037.jpg
HAM10000_images_part_2,ISIC_0030038.jpg,.jpg,257400,HAM10000_images_part_2\ISIC_0030038.jpg
HAM10000_images_part_2,ISIC_0030039.jpg,.jpg,245305,HAM10000_images_part_2\ISIC_0030039.jpg
HAM10000_images_part_2,ISIC_0030040.jpg,.jpg,259711,HAM10000_images_part_2\ISIC_0030040.jpg
HAM10000_images_part_2,ISIC_0030041.jpg,.jpg,341606,HAM10000_images_part_2\ISIC_0030041.jpg
HAM10000_images_part_2,ISIC_0030042.jpg,.jpg,278972,HAM10000_images_part_2\ISIC_0030042.jpg
HAM10000_images_part_2,ISIC_0030043.jpg,.jpg,275120,HAM10000_images_part_2\ISIC_0030043.jpg
HAM10000_images_part_2,ISIC_0030044.jpg,.jpg,273472,HAM10000_images_part_2\ISIC_0030044.jpg
HAM10000_images_part_2,ISIC_0030045.jpg,.jpg,316082,HAM10000_images_part_2\ISIC_0030045.jpg
HAM10000_images_part_2,ISIC_0030046.jpg,.jpg,259049,HAM10000_images_part_2\ISIC_0030046.jpg
HAM10000_images_part_2,ISIC_0030047.jpg,.jpg,235753,HAM10000_images_part_2\ISIC_0030047.jpg
HAM10000_images_part_2,ISIC_0030048.jpg,.jpg,300167,HAM10000_images_part_2\ISIC_0030048.jpg
HAM10000_images_part_2,ISIC_0030049.jpg,.jpg,322090,HAM10000_images_part_2\ISIC_0030049.jpg
HAM10000_images_part_2,ISIC_0030050.jpg,.jpg,346156,HAM10000_images_part_2\ISIC_0030050.jpg
HAM10000_images_part_2,ISIC_0030051.jpg,.jpg,289783,HAM10000_images_part_2\ISIC_0030051.jpg
HAM10000_images_part_2,ISIC_0030052.jpg,.jpg,286332,HAM10000_images_part_2\ISIC_0030052.jpg
HAM10000_images_part_2,ISIC_0030053.jpg,.jpg,294264,HAM10000_images_part_2\ISIC_0030053.jpg
HAM10000_images_part_2,ISIC_0030054.jpg,.jpg,272981,HAM10000_images_part_2\ISIC_0030054.jpg
HAM10000_images_part_2,ISIC_0030055.jpg,.jpg,294395,HAM10000_images_part_2\ISIC_0030055.jpg
HAM10000_images_part_2,ISIC_0030056.jpg,.jpg,337066,HAM10000_images_part_2\ISIC_0030056.jpg
HAM10000_images_part_2,ISIC_0030057.jpg,.jpg,256660,HAM10000_images_part_2\ISIC_0030057.jpg
HAM10000_images_part_2,ISIC_0030058.jpg,.jpg,226381,HAM10000_images_part_2\ISIC_0030058.jpg
HAM10000_images_part_2,ISIC_0030059.jpg,.jpg,354108,HAM10000_images_part_2\ISIC_0030059.jpg
HAM10000_images_part_2,ISIC_0030060.jpg,.jpg,300289,HAM10000_images_part_2\ISIC_0030060.jpg
HAM10000_images_part_2,ISIC_0030061.jpg,.jpg,242521,HAM10000_images_part_2\ISIC_0030061.jpg
HAM10000_images_part_2,ISIC_0030062.jpg,.jpg,276632,HAM10000_images_part_2\ISIC_0030062.jpg
HAM10000_images_part_2,ISIC_0030063.jpg,.jpg,294171,HAM10000_images_part_2\ISIC_0030063.jpg
HAM10000_images_part_2,ISIC_0030064.jpg,.jpg,215139,HAM10000_images_part_2\ISIC_0030064.jpg
HAM10000_images_part_2,ISIC_0030065.jpg,.jpg,259640,HAM10000_images_part_2\ISIC_0030065.jpg
HAM10000_images_part_2,ISIC_0030066.jpg,.jpg,274612,HAM10000_images_part_2\ISIC_0030066.jpg
HAM10000_images_part_2,ISIC_0030067.jpg,.jpg,360173,HAM10000_images_part_2\ISIC_0030067.jpg
HAM10000_images_part_2,ISIC_0030068.jpg,.jpg,284634,HAM10000_images_part_2\ISIC_0030068.jpg
HAM10000_images_part_2,ISIC_0030069.jpg,.jpg,215383,HAM10000_images_part_2\ISIC_0030069.jpg
HAM10000_images_part_2,ISIC_0030070.jpg,.jpg,204797,HAM10000_images_part_2\ISIC_0030070.jpg
HAM10000_images_part_2,ISIC_0030071.jpg,.jpg,262829,HAM10000_images_part_2\ISIC_0030071.jpg
HAM10000_images_part_2,ISIC_0030072.jpg,.jpg,384435,HAM10000_images_part_2\ISIC_0030072.jpg
HAM10000_images_part_2,ISIC_0030073.jpg,.jpg,286651,HAM10000_images_part_2\ISIC_0030073.jpg
HAM10000_images_part_2,ISIC_0030074.jpg,.jpg,270278,HAM10000_images_part_2\ISIC_0030074.jpg
HAM10000_images_part_2,ISIC_0030075.jpg,.jpg,271526,HAM10000_images_part_2\ISIC_0030075.jpg
HAM10000_images_part_2,ISIC_0030076.jpg,.jpg,269215,HAM10000_images_part_2\ISIC_0030076.jpg
HAM10000_images_part_2,ISIC_0030077.jpg,.jpg,270360,HAM10000_images_part_2\ISIC_0030077.jpg
HAM10000_images_part_2,ISIC_0030078.jpg,.jpg,267116,HAM10000_images_part_2\ISIC_0030078.jpg
HAM10000_images_part_2,ISIC_0030079.jpg,.jpg,257213,HAM10000_images_part_2\ISIC_0030079.jpg
HAM10000_images_part_2,ISIC_0030080.jpg,.jpg,350475,HAM10000_images_part_2\ISIC_0030080.jpg
HAM10000_images_part_2,ISIC_0030081.jpg,.jpg,254267,HAM10000_images_part_2\ISIC_0030081.jpg
HAM10000_images_part_2,ISIC_0030082.jpg,.jpg,199459,HAM10000_images_part_2\ISIC_0030082.jpg
HAM10000_images_part_2,ISIC_0030083.jpg,.jpg,299691,HAM10000_images_part_2\ISIC_0030083.jpg
HAM10000_images_part_2,ISIC_0030084.jpg,.jpg,284792,HAM10000_images_part_2\ISIC_0030084.jpg
HAM10000_images_part_2,ISIC_0030085.jpg,.jpg,283959,HAM10000_images_part_2\ISIC_0030085.jpg
HAM10000_images_part_2,ISIC_0030086.jpg,.jpg,262393,HAM10000_images_part_2\ISIC_0030086.jpg
HAM10000_images_part_2,ISIC_0030087.jpg,.jpg,282983,HAM10000_images_part_2\ISIC_0030087.jpg
HAM10000_images_part_2,ISIC_0030088.jpg,.jpg,339500,HAM10000_images_part_2\ISIC_0030088.jpg
HAM10000_images_part_2,ISIC_0030089.jpg,.jpg,295742,HAM10000_images_part_2\ISIC_0030089.jpg
HAM10000_images_part_2,ISIC_0030090.jpg,.jpg,268807,HAM10000_images_part_2\ISIC_0030090.jpg
HAM10000_images_part_2,ISIC_0030091.jpg,.jpg,345682,HAM10000_images_part_2\ISIC_0030091.jpg
HAM10000_images_part_2,ISIC_0030092.jpg,.jpg,343510,HAM10000_images_part_2\ISIC_0030092.jpg
HAM10000_images_part_2,ISIC_0030093.jpg,.jpg,269949,HAM10000_images_part_2\ISIC_0030093.jpg
HAM10000_images_part_2,ISIC_0030094.jpg,.jpg,248510,HAM10000_images_part_2\ISIC_0030094.jpg
HAM10000_images_part_2,ISIC_0030095.jpg,.jpg,298629,HAM10000_images_part_2\ISIC_0030095.jpg
HAM10000_images_part_2,ISIC_0030096.jpg,.jpg,222795,HAM10000_images_part_2\ISIC_0030096.jpg
HAM10000_images_part_2,ISIC_0030097.jpg,.jpg,307149,HAM10000_images_part_2\ISIC_0030097.jpg
HAM10000_images_part_2,ISIC_0030098.jpg,.jpg,268649,HAM10000_images_part_2\ISIC_0030098.jpg
HAM10000_images_part_2,ISIC_0030099.jpg,.jpg,270615,HAM10000_images_part_2\ISIC_0030099.jpg
HAM10000_images_part_2,ISIC_0030100.jpg,.jpg,282733,HAM10000_images_part_2\ISIC_0030100.jpg
HAM10000_images_part_2,ISIC_0030101.jpg,.jpg,279878,HAM10000_images_part_2\ISIC_0030101.jpg
HAM10000_images_part_2,ISIC_0030102.jpg,.jpg,257926,HAM10000_images_part_2\ISIC_0030102.jpg
HAM10000_images_part_2,ISIC_0030103.jpg,.jpg,277564,HAM10000_images_part_2\ISIC_0030103.jpg
HAM10000_images_part_2,ISIC_0030104.jpg,.jpg,310657,HAM10000_images_part_2\ISIC_0030104.jpg
HAM10000_images_part_2,ISIC_0030105.jpg,.jpg,287323,HAM10000_images_part_2\ISIC_0030105.jpg
HAM10000_images_part_2,ISIC_0030106.jpg,.jpg,298973,HAM10000_images_part_2\ISIC_0030106.jpg
HAM10000_images_part_2,ISIC_0030107.jpg,.jpg,200804,HAM10000_images_part_2\ISIC_0030107.jpg
HAM10000_images_part_2,ISIC_0030108.jpg,.jpg,267905,HAM10000_images_part_2\ISIC_0030108.jpg
HAM10000_images_part_2,ISIC_0030109.jpg,.jpg,272635,HAM10000_images_part_2\ISIC_0030109.jpg
HAM10000_images_part_2,ISIC_0030110.jpg,.jpg,329572,HAM10000_images_part_2\ISIC_0030110.jpg
HAM10000_images_part_2,ISIC_0030111.jpg,.jpg,271805,HAM10000_images_part_2\ISIC_0030111.jpg
HAM10000_images_part_2,ISIC_0030112.jpg,.jpg,281884,HAM10000_images_part_2\ISIC_0030112.jpg
HAM10000_images_part_2,ISIC_0030113.jpg,.jpg,279911,HAM10000_images_part_2\ISIC_0030113.jpg
HAM10000_images_part_2,ISIC_0030114.jpg,.jpg,187237,HAM10000_images_part_2\ISIC_0030114.jpg
HAM10000_images_part_2,ISIC_0030115.jpg,.jpg,259407,HAM10000_images_part_2\ISIC_0030115.jpg
HAM10000_images_part_2,ISIC_0030116.jpg,.jpg,290986,HAM10000_images_part_2\ISIC_0030116.jpg
HAM10000_images_part_2,ISIC_0030117.jpg,.jpg,181194,HAM10000_images_part_2\ISIC_0030117.jpg
HAM10000_images_part_2,ISIC_0030118.jpg,.jpg,360553,HAM10000_images_part_2\ISIC_0030118.jpg
HAM10000_images_part_2,ISIC_0030119.jpg,.jpg,148529,HAM10000_images_part_2\ISIC_0030119.jpg
HAM10000_images_part_2,ISIC_0030120.jpg,.jpg,420149,HAM10000_images_part_2\ISIC_0030120.jpg
HAM10000_images_part_2,ISIC_0030121.jpg,.jpg,214633,HAM10000_images_part_2\ISIC_0030121.jpg
HAM10000_images_part_2,ISIC_0030122.jpg,.jpg,212515,HAM10000_images_part_2\ISIC_0030122.jpg
HAM10000_images_part_2,ISIC_0030123.jpg,.jpg,231332,HAM10000_images_part_2\ISIC_0030123.jpg
HAM10000_images_part_2,ISIC_0030124.jpg,.jpg,313273,HAM10000_images_part_2\ISIC_0030124.jpg
HAM10000_images_part_2,ISIC_0030125.jpg,.jpg,282995,HAM10000_images_part_2\ISIC_0030125.jpg
HAM10000_images_part_2,ISIC_0030126.jpg,.jpg,344332,HAM10000_images_part_2\ISIC_0030126.jpg
HAM10000_images_part_2,ISIC_0030127.jpg,.jpg,420769,HAM10000_images_part_2\ISIC_0030127.jpg
HAM10000_images_part_2,ISIC_0030128.jpg,.jpg,263048,HAM10000_images_part_2\ISIC_0030128.jpg
HAM10000_images_part_2,ISIC_0030129.jpg,.jpg,314528,HAM10000_images_part_2\ISIC_0030129.jpg
HAM10000_images_part_2,ISIC_0030130.jpg,.jpg,302202,HAM10000_images_part_2\ISIC_0030130.jpg
HAM10000_images_part_2,ISIC_0030131.jpg,.jpg,267370,HAM10000_images_part_2\ISIC_0030131.jpg
HAM10000_images_part_2,ISIC_0030132.jpg,.jpg,305663,HAM10000_images_part_2\ISIC_0030132.jpg
HAM10000_images_part_2,ISIC_0030133.jpg,.jpg,251845,HAM10000_images_part_2\ISIC_0030133.jpg
HAM10000_images_part_2,ISIC_0030134.jpg,.jpg,281244,HAM10000_images_part_2\ISIC_0030134.jpg
HAM10000_images_part_2,ISIC_0030135.jpg,.jpg,257672,HAM10000_images_part_2\ISIC_0030135.jpg
HAM10000_images_part_2,ISIC_0030136.jpg,.jpg,275289,HAM10000_images_part_2\ISIC_0030136.jpg
HAM10000_images_part_2,ISIC_0030137.jpg,.jpg,256649,HAM10000_images_part_2\ISIC_0030137.jpg
HAM10000_images_part_2,ISIC_0030138.jpg,.jpg,198894,HAM10000_images_part_2\ISIC_0030138.jpg
HAM10000_images_part_2,ISIC_0030139.jpg,.jpg,314383,HAM10000_images_part_2\ISIC_0030139.jpg
HAM10000_images_part_2,ISIC_0030140.jpg,.jpg,189486,HAM10000_images_part_2\ISIC_0030140.jpg
HAM10000_images_part_2,ISIC_0030141.jpg,.jpg,254405,HAM10000_images_part_2\ISIC_0030141.jpg
HAM10000_images_part_2,ISIC_0030142.jpg,.jpg,251316,HAM10000_images_part_2\ISIC_0030142.jpg
HAM10000_images_part_2,ISIC_0030143.jpg,.jpg,243527,HAM10000_images_part_2\ISIC_0030143.jpg
HAM10000_images_part_2,ISIC_0030144.jpg,.jpg,249362,HAM10000_images_part_2\ISIC_0030144.jpg
HAM10000_images_part_2,ISIC_0030145.jpg,.jpg,312459,HAM10000_images_part_2\ISIC_0030145.jpg
HAM10000_images_part_2,ISIC_0030146.jpg,.jpg,276290,HAM10000_images_part_2\ISIC_0030146.jpg
HAM10000_images_part_2,ISIC_0030147.jpg,.jpg,292399,HAM10000_images_part_2\ISIC_0030147.jpg
HAM10000_images_part_2,ISIC_0030148.jpg,.jpg,333206,HAM10000_images_part_2\ISIC_0030148.jpg
HAM10000_images_part_2,ISIC_0030149.jpg,.jpg,284475,HAM10000_images_part_2\ISIC_0030149.jpg
HAM10000_images_part_2,ISIC_0030150.jpg,.jpg,280046,HAM10000_images_part_2\ISIC_0030150.jpg
HAM10000_images_part_2,ISIC_0030151.jpg,.jpg,228612,HAM10000_images_part_2\ISIC_0030151.jpg
HAM10000_images_part_2,ISIC_0030152.jpg,.jpg,287983,HAM10000_images_part_2\ISIC_0030152.jpg
HAM10000_images_part_2,ISIC_0030153.jpg,.jpg,270973,HAM10000_images_part_2\ISIC_0030153.jpg
HAM10000_images_part_2,ISIC_0030154.jpg,.jpg,267065,HAM10000_images_part_2\ISIC_0030154.jpg
HAM10000_images_part_2,ISIC_0030155.jpg,.jpg,250625,HAM10000_images_part_2\ISIC_0030155.jpg
HAM10000_images_part_2,ISIC_0030156.jpg,.jpg,276285,HAM10000_images_part_2\ISIC_0030156.jpg
HAM10000_images_part_2,ISIC_0030157.jpg,.jpg,274643,HAM10000_images_part_2\ISIC_0030157.jpg
HAM10000_images_part_2,ISIC_0030158.jpg,.jpg,255254,HAM10000_images_part_2\ISIC_0030158.jpg
HAM10000_images_part_2,ISIC_0030159.jpg,.jpg,164180,HAM10000_images_part_2\ISIC_0030159.jpg
HAM10000_images_part_2,ISIC_0030160.jpg,.jpg,341902,HAM10000_images_part_2\ISIC_0030160.jpg
HAM10000_images_part_2,ISIC_0030161.jpg,.jpg,285820,HAM10000_images_part_2\ISIC_0030161.jpg
HAM10000_images_part_2,ISIC_0030162.jpg,.jpg,265301,HAM10000_images_part_2\ISIC_0030162.jpg
HAM10000_images_part_2,ISIC_0030163.jpg,.jpg,266277,HAM10000_images_part_2\ISIC_0030163.jpg
HAM10000_images_part_2,ISIC_0030164.jpg,.jpg,328354,HAM10000_images_part_2\ISIC_0030164.jpg
HAM10000_images_part_2,ISIC_0030165.jpg,.jpg,324036,HAM10000_images_part_2\ISIC_0030165.jpg
HAM10000_images_part_2,ISIC_0030166.jpg,.jpg,274060,HAM10000_images_part_2\ISIC_0030166.jpg
HAM10000_images_part_2,ISIC_0030167.jpg,.jpg,380240,HAM10000_images_part_2\ISIC_0030167.jpg
HAM10000_images_part_2,ISIC_0030168.jpg,.jpg,367106,HAM10000_images_part_2\ISIC_0030168.jpg
HAM10000_images_part_2,ISIC_0030169.jpg,.jpg,308475,HAM10000_images_part_2\ISIC_0030169.jpg
HAM10000_images_part_2,ISIC_0030170.jpg,.jpg,339560,HAM10000_images_part_2\ISIC_0030170.jpg
HAM10000_images_part_2,ISIC_0030171.jpg,.jpg,312703,HAM10000_images_part_2\ISIC_0030171.jpg
HAM10000_images_part_2,ISIC_0030172.jpg,.jpg,228343,HAM10000_images_part_2\ISIC_0030172.jpg
HAM10000_images_part_2,ISIC_0030173.jpg,.jpg,319139,HAM10000_images_part_2\ISIC_0030173.jpg
HAM10000_images_part_2,ISIC_0030174.jpg,.jpg,279909,HAM10000_images_part_2\ISIC_0030174.jpg
HAM10000_images_part_2,ISIC_0030175.jpg,.jpg,247545,HAM10000_images_part_2\ISIC_0030175.jpg
HAM10000_images_part_2,ISIC_0030176.jpg,.jpg,106640,HAM10000_images_part_2\ISIC_0030176.jpg
HAM10000_images_part_2,ISIC_0030177.jpg,.jpg,233652,HAM10000_images_part_2\ISIC_0030177.jpg
HAM10000_images_part_2,ISIC_0030178.jpg,.jpg,266067,HAM10000_images_part_2\ISIC_0030178.jpg
HAM10000_images_part_2,ISIC_0030179.jpg,.jpg,256383,HAM10000_images_part_2\ISIC_0030179.jpg
HAM10000_images_part_2,ISIC_0030180.jpg,.jpg,195963,HAM10000_images_part_2\ISIC_0030180.jpg
HAM10000_images_part_2,ISIC_0030181.jpg,.jpg,233069,HAM10000_images_part_2\ISIC_0030181.jpg
HAM10000_images_part_2,ISIC_0030182.jpg,.jpg,349761,HAM10000_images_part_2\ISIC_0030182.jpg
HAM10000_images_part_2,ISIC_0030183.jpg,.jpg,275648,HAM10000_images_part_2\ISIC_0030183.jpg
HAM10000_images_part_2,ISIC_0030184.jpg,.jpg,234085,HAM10000_images_part_2\ISIC_0030184.jpg
HAM10000_images_part_2,ISIC_0030185.jpg,.jpg,283234,HAM10000_images_part_2\ISIC_0030185.jpg
HAM10000_images_part_2,ISIC_0030186.jpg,.jpg,268957,HAM10000_images_part_2\ISIC_0030186.jpg
HAM10000_images_part_2,ISIC_0030187.jpg,.jpg,311065,HAM10000_images_part_2\ISIC_0030187.jpg
HAM10000_images_part_2,ISIC_0030188.jpg,.jpg,272850,HAM10000_images_part_2\ISIC_0030188.jpg
HAM10000_images_part_2,ISIC_0030189.jpg,.jpg,307738,HAM10000_images_part_2\ISIC_0030189.jpg
HAM10000_images_part_2,ISIC_0030190.jpg,.jpg,269115,HAM10000_images_part_2\ISIC_0030190.jpg
HAM10000_images_part_2,ISIC_0030191.jpg,.jpg,249733,HAM10000_images_part_2\ISIC_0030191.jpg
HAM10000_images_part_2,ISIC_0030192.jpg,.jpg,303338,HAM10000_images_part_2\ISIC_0030192.jpg
HAM10000_images_part_2,ISIC_0030193.jpg,.jpg,330804,HAM10000_images_part_2\ISIC_0030193.jpg
HAM10000_images_part_2,ISIC_0030194.jpg,.jpg,262161,HAM10000_images_part_2\ISIC_0030194.jpg
HAM10000_images_part_2,ISIC_0030195.jpg,.jpg,287594,HAM10000_images_part_2\ISIC_0030195.jpg
HAM10000_images_part_2,ISIC_0030196.jpg,.jpg,299169,HAM10000_images_part_2\ISIC_0030196.jpg
HAM10000_images_part_2,ISIC_0030197.jpg,.jpg,279261,HAM10000_images_part_2\ISIC_0030197.jpg
HAM10000_images_part_2,ISIC_0030198.jpg,.jpg,195386,HAM10000_images_part_2\ISIC_0030198.jpg
HAM10000_images_part_2,ISIC_0030199.jpg,.jpg,277319,HAM10000_images_part_2\ISIC_0030199.jpg
HAM10000_images_part_2,ISIC_0030200.jpg,.jpg,269888,HAM10000_images_part_2\ISIC_0030200.jpg
HAM10000_images_part_2,ISIC_0030201.jpg,.jpg,294933,HAM10000_images_part_2\ISIC_0030201.jpg
HAM10000_images_part_2,ISIC_0030202.jpg,.jpg,336403,HAM10000_images_part_2\ISIC_0030202.jpg
HAM10000_images_part_2,ISIC_0030203.jpg,.jpg,317143,HAM10000_images_part_2\ISIC_0030203.jpg
HAM10000_images_part_2,ISIC_0030204.jpg,.jpg,339317,HAM10000_images_part_2\ISIC_0030204.jpg
HAM10000_images_part_2,ISIC_0030205.jpg,.jpg,278621,HAM10000_images_part_2\ISIC_0030205.jpg
HAM10000_images_part_2,ISIC_0030206.jpg,.jpg,349722,HAM10000_images_part_2\ISIC_0030206.jpg
HAM10000_images_part_2,ISIC_0030207.jpg,.jpg,315024,HAM10000_images_part_2\ISIC_0030207.jpg
HAM10000_images_part_2,ISIC_0030208.jpg,.jpg,270030,HAM10000_images_part_2\ISIC_0030208.jpg
HAM10000_images_part_2,ISIC_0030209.jpg,.jpg,193668,HAM10000_images_part_2\ISIC_0030209.jpg
HAM10000_images_part_2,ISIC_0030210.jpg,.jpg,95797,HAM10000_images_part_2\ISIC_0030210.jpg
HAM10000_images_part_2,ISIC_0030211.jpg,.jpg,322749,HAM10000_images_part_2\ISIC_0030211.jpg
HAM10000_images_part_2,ISIC_0030212.jpg,.jpg,252965,HAM10000_images_part_2\ISIC_0030212.jpg
HAM10000_images_part_2,ISIC_0030213.jpg,.jpg,275843,HAM10000_images_part_2\ISIC_0030213.jpg
HAM10000_images_part_2,ISIC_0030214.jpg,.jpg,350062,HAM10000_images_part_2\ISIC_0030214.jpg
HAM10000_images_part_2,ISIC_0030215.jpg,.jpg,267282,HAM10000_images_part_2\ISIC_0030215.jpg
HAM10000_images_part_2,ISIC_0030216.jpg,.jpg,259752,HAM10000_images_part_2\ISIC_0030216.jpg
HAM10000_images_part_2,ISIC_0030217.jpg,.jpg,288648,HAM10000_images_part_2\ISIC_0030217.jpg
HAM10000_images_part_2,ISIC_0030218.jpg,.jpg,299477,HAM10000_images_part_2\ISIC_0030218.jpg
HAM10000_images_part_2,ISIC_0030219.jpg,.jpg,257878,HAM10000_images_part_2\ISIC_0030219.jpg
HAM10000_images_part_2,ISIC_0030220.jpg,.jpg,266397,HAM10000_images_part_2\ISIC_0030220.jpg
HAM10000_images_part_2,ISIC_0030221.jpg,.jpg,285353,HAM10000_images_part_2\ISIC_0030221.jpg
HAM10000_images_part_2,ISIC_0030222.jpg,.jpg,286654,HAM10000_images_part_2\ISIC_0030222.jpg
HAM10000_images_part_2,ISIC_0030223.jpg,.jpg,308162,HAM10000_images_part_2\ISIC_0030223.jpg
HAM10000_images_part_2,ISIC_0030224.jpg,.jpg,271582,HAM10000_images_part_2\ISIC_0030224.jpg
HAM10000_images_part_2,ISIC_0030225.jpg,.jpg,264934,HAM10000_images_part_2\ISIC_0030225.jpg
HAM10000_images_part_2,ISIC_0030226.jpg,.jpg,319325,HAM10000_images_part_2\ISIC_0030226.jpg
HAM10000_images_part_2,ISIC_0030227.jpg,.jpg,251810,HAM10000_images_part_2\ISIC_0030227.jpg
HAM10000_images_part_2,ISIC_0030228.jpg,.jpg,280823,HAM10000_images_part_2\ISIC_0030228.jpg
HAM10000_images_part_2,ISIC_0030229.jpg,.jpg,314457,HAM10000_images_part_2\ISIC_0030229.jpg
HAM10000_images_part_2,ISIC_0030230.jpg,.jpg,245908,HAM10000_images_part_2\ISIC_0030230.jpg
HAM10000_images_part_2,ISIC_0030231.jpg,.jpg,280389,HAM10000_images_part_2\ISIC_0030231.jpg
HAM10000_images_part_2,ISIC_0030232.jpg,.jpg,327340,HAM10000_images_part_2\ISIC_0030232.jpg
HAM10000_images_part_2,ISIC_0030233.jpg,.jpg,243286,HAM10000_images_part_2\ISIC_0030233.jpg
HAM10000_images_part_2,ISIC_0030234.jpg,.jpg,306172,HAM10000_images_part_2\ISIC_0030234.jpg
HAM10000_images_part_2,ISIC_0030235.jpg,.jpg,349874,HAM10000_images_part_2\ISIC_0030235.jpg
HAM10000_images_part_2,ISIC_0030236.jpg,.jpg,297904,HAM10000_images_part_2\ISIC_0030236.jpg
HAM10000_images_part_2,ISIC_0030237.jpg,.jpg,285492,HAM10000_images_part_2\ISIC_0030237.jpg
HAM10000_images_part_2,ISIC_0030238.jpg,.jpg,307072,HAM10000_images_part_2\ISIC_0030238.jpg
HAM10000_images_part_2,ISIC_0030239.jpg,.jpg,273200,HAM10000_images_part_2\ISIC_0030239.jpg
HAM10000_images_part_2,ISIC_0030240.jpg,.jpg,264289,HAM10000_images_part_2\ISIC_0030240.jpg
HAM10000_images_part_2,ISIC_0030241.jpg,.jpg,280328,HAM10000_images_part_2\ISIC_0030241.jpg
HAM10000_images_part_2,ISIC_0030242.jpg,.jpg,261827,HAM10000_images_part_2\ISIC_0030242.jpg
HAM10000_images_part_2,ISIC_0030243.jpg,.jpg,301940,HAM10000_images_part_2\ISIC_0030243.jpg
HAM10000_images_part_2,ISIC_0030244.jpg,.jpg,255812,HAM10000_images_part_2\ISIC_0030244.jpg
HAM10000_images_part_2,ISIC_0030245.jpg,.jpg,204694,HAM10000_images_part_2\ISIC_0030245.jpg
HAM10000_images_part_2,ISIC_0030246.jpg,.jpg,303831,HAM10000_images_part_2\ISIC_0030246.jpg
HAM10000_images_part_2,ISIC_0030247.jpg,.jpg,286299,HAM10000_images_part_2\ISIC_0030247.jpg
HAM10000_images_part_2,ISIC_0030248.jpg,.jpg,268605,HAM10000_images_part_2\ISIC_0030248.jpg
HAM10000_images_part_2,ISIC_0030249.jpg,.jpg,216781,HAM10000_images_part_2\ISIC_0030249.jpg
HAM10000_images_part_2,ISIC_0030250.jpg,.jpg,296014,HAM10000_images_part_2\ISIC_0030250.jpg
HAM10000_images_part_2,ISIC_0030251.jpg,.jpg,168503,HAM10000_images_part_2\ISIC_0030251.jpg
HAM10000_images_part_2,ISIC_0030252.jpg,.jpg,269839,HAM10000_images_part_2\ISIC_0030252.jpg
HAM10000_images_part_2,ISIC_0030253.jpg,.jpg,269195,HAM10000_images_part_2\ISIC_0030253.jpg
HAM10000_images_part_2,ISIC_0030254.jpg,.jpg,282211,HAM10000_images_part_2\ISIC_0030254.jpg
HAM10000_images_part_2,ISIC_0030255.jpg,.jpg,144616,HAM10000_images_part_2\ISIC_0030255.jpg
HAM10000_images_part_2,ISIC_0030256.jpg,.jpg,261220,HAM10000_images_part_2\ISIC_0030256.jpg
HAM10000_images_part_2,ISIC_0030257.jpg,.jpg,259477,HAM10000_images_part_2\ISIC_0030257.jpg
HAM10000_images_part_2,ISIC_0030258.jpg,.jpg,259148,HAM10000_images_part_2\ISIC_0030258.jpg
HAM10000_images_part_2,ISIC_0030259.jpg,.jpg,278900,HAM10000_images_part_2\ISIC_0030259.jpg
HAM10000_images_part_2,ISIC_0030260.jpg,.jpg,189575,HAM10000_images_part_2\ISIC_0030260.jpg
HAM10000_images_part_2,ISIC_0030261.jpg,.jpg,244020,HAM10000_images_part_2\ISIC_0030261.jpg
HAM10000_images_part_2,ISIC_0030262.jpg,.jpg,265264,HAM10000_images_part_2\ISIC_0030262.jpg
HAM10000_images_part_2,ISIC_0030263.jpg,.jpg,144444,HAM10000_images_part_2\ISIC_0030263.jpg
HAM10000_images_part_2,ISIC_0030264.jpg,.jpg,292791,HAM10000_images_part_2\ISIC_0030264.jpg
HAM10000_images_part_2,ISIC_0030265.jpg,.jpg,271226,HAM10000_images_part_2\ISIC_0030265.jpg
HAM10000_images_part_2,ISIC_0030266.jpg,.jpg,293158,HAM10000_images_part_2\ISIC_0030266.jpg
HAM10000_images_part_2,ISIC_0030267.jpg,.jpg,272468,HAM10000_images_part_2\ISIC_0030267.jpg
HAM10000_images_part_2,ISIC_0030268.jpg,.jpg,298066,HAM10000_images_part_2\ISIC_0030268.jpg
HAM10000_images_part_2,ISIC_0030269.jpg,.jpg,293862,HAM10000_images_part_2\ISIC_0030269.jpg
HAM10000_images_part_2,ISIC_0030270.jpg,.jpg,299489,HAM10000_images_part_2\ISIC_0030270.jpg
HAM10000_images_part_2,ISIC_0030271.jpg,.jpg,333309,HAM10000_images_part_2\ISIC_0030271.jpg
HAM10000_images_part_2,ISIC_0030272.jpg,.jpg,247465,HAM10000_images_part_2\ISIC_0030272.jpg
HAM10000_images_part_2,ISIC_0030273.jpg,.jpg,306672,HAM10000_images_part_2\ISIC_0030273.jpg
HAM10000_images_part_2,ISIC_0030274.jpg,.jpg,281701,HAM10000_images_part_2\ISIC_0030274.jpg
HAM10000_images_part_2,ISIC_0030275.jpg,.jpg,231342,HAM10000_images_part_2\ISIC_0030275.jpg
HAM10000_images_part_2,ISIC_0030276.jpg,.jpg,290040,HAM10000_images_part_2\ISIC_0030276.jpg
HAM10000_images_part_2,ISIC_0030277.jpg,.jpg,311213,HAM10000_images_part_2\ISIC_0030277.jpg
HAM10000_images_part_2,ISIC_0030278.jpg,.jpg,259415,HAM10000_images_part_2\ISIC_0030278.jpg
HAM10000_images_part_2,ISIC_0030279.jpg,.jpg,185691,HAM10000_images_part_2\ISIC_0030279.jpg
HAM10000_images_part_2,ISIC_0030280.jpg,.jpg,265640,HAM10000_images_part_2\ISIC_0030280.jpg
HAM10000_images_part_2,ISIC_0030281.jpg,.jpg,256347,HAM10000_images_part_2\ISIC_0030281.jpg
HAM10000_images_part_2,ISIC_0030282.jpg,.jpg,373979,HAM10000_images_part_2\ISIC_0030282.jpg
HAM10000_images_part_2,ISIC_0030283.jpg,.jpg,303371,HAM10000_images_part_2\ISIC_0030283.jpg
HAM10000_images_part_2,ISIC_0030284.jpg,.jpg,319165,HAM10000_images_part_2\ISIC_0030284.jpg
HAM10000_images_part_2,ISIC_0030285.jpg,.jpg,258370,HAM10000_images_part_2\ISIC_0030285.jpg
HAM10000_images_part_2,ISIC_0030286.jpg,.jpg,299432,HAM10000_images_part_2\ISIC_0030286.jpg
HAM10000_images_part_2,ISIC_0030287.jpg,.jpg,352499,HAM10000_images_part_2\ISIC_0030287.jpg
HAM10000_images_part_2,ISIC_0030288.jpg,.jpg,262305,HAM10000_images_part_2\ISIC_0030288.jpg
HAM10000_images_part_2,ISIC_0030289.jpg,.jpg,368548,HAM10000_images_part_2\ISIC_0030289.jpg
HAM10000_images_part_2,ISIC_0030290.jpg,.jpg,262718,HAM10000_images_part_2\ISIC_0030290.jpg
HAM10000_images_part_2,ISIC_0030291.jpg,.jpg,244083,HAM10000_images_part_2\ISIC_0030291.jpg
HAM10000_images_part_2,ISIC_0030292.jpg,.jpg,324722,HAM10000_images_part_2\ISIC_0030292.jpg
HAM10000_images_part_2,ISIC_0030293.jpg,.jpg,340601,HAM10000_images_part_2\ISIC_0030293.jpg
HAM10000_images_part_2,ISIC_0030294.jpg,.jpg,266891,HAM10000_images_part_2\ISIC_0030294.jpg
HAM10000_images_part_2,ISIC_0030295.jpg,.jpg,271430,HAM10000_images_part_2\ISIC_0030295.jpg
HAM10000_images_part_2,ISIC_0030296.jpg,.jpg,276378,HAM10000_images_part_2\ISIC_0030296.jpg
HAM10000_images_part_2,ISIC_0030297.jpg,.jpg,275897,HAM10000_images_part_2\ISIC_0030297.jpg
HAM10000_images_part_2,ISIC_0030298.jpg,.jpg,264729,HAM10000_images_part_2\ISIC_0030298.jpg
HAM10000_images_part_2,ISIC_0030299.jpg,.jpg,282248,HAM10000_images_part_2\ISIC_0030299.jpg
HAM10000_images_part_2,ISIC_0030300.jpg,.jpg,243868,HAM10000_images_part_2\ISIC_0030300.jpg
HAM10000_images_part_2,ISIC_0030301.jpg,.jpg,277635,HAM10000_images_part_2\ISIC_0030301.jpg
HAM10000_images_part_2,ISIC_0030302.jpg,.jpg,341714,HAM10000_images_part_2\ISIC_0030302.jpg
HAM10000_images_part_2,ISIC_0030303.jpg,.jpg,288679,HAM10000_images_part_2\ISIC_0030303.jpg
HAM10000_images_part_2,ISIC_0030304.jpg,.jpg,279640,HAM10000_images_part_2\ISIC_0030304.jpg
HAM10000_images_part_2,ISIC_0030305.jpg,.jpg,321005,HAM10000_images_part_2\ISIC_0030305.jpg
HAM10000_images_part_2,ISIC_0030306.jpg,.jpg,333113,HAM10000_images_part_2\ISIC_0030306.jpg
HAM10000_images_part_2,ISIC_0030307.jpg,.jpg,284620,HAM10000_images_part_2\ISIC_0030307.jpg
HAM10000_images_part_2,ISIC_0030308.jpg,.jpg,337038,HAM10000_images_part_2\ISIC_0030308.jpg
HAM10000_images_part_2,ISIC_0030309.jpg,.jpg,262669,HAM10000_images_part_2\ISIC_0030309.jpg
HAM10000_images_part_2,ISIC_0030310.jpg,.jpg,277085,HAM10000_images_part_2\ISIC_0030310.jpg
HAM10000_images_part_2,ISIC_0030311.jpg,.jpg,244104,HAM10000_images_part_2\ISIC_0030311.jpg
HAM10000_images_part_2,ISIC_0030312.jpg,.jpg,253334,HAM10000_images_part_2\ISIC_0030312.jpg
HAM10000_images_part_2,ISIC_0030313.jpg,.jpg,217796,HAM10000_images_part_2\ISIC_0030313.jpg
HAM10000_images_part_2,ISIC_0030314.jpg,.jpg,290690,HAM10000_images_part_2\ISIC_0030314.jpg
HAM10000_images_part_2,ISIC_0030315.jpg,.jpg,348198,HAM10000_images_part_2\ISIC_0030315.jpg
HAM10000_images_part_2,ISIC_0030316.jpg,.jpg,314696,HAM10000_images_part_2\ISIC_0030316.jpg
HAM10000_images_part_2,ISIC_0030317.jpg,.jpg,267270,HAM10000_images_part_2\ISIC_0030317.jpg
HAM10000_images_part_2,ISIC_0030318.jpg,.jpg,227564,HAM10000_images_part_2\ISIC_0030318.jpg
HAM10000_images_part_2,ISIC_0030319.jpg,.jpg,326933,HAM10000_images_part_2\ISIC_0030319.jpg
HAM10000_images_part_2,ISIC_0030320.jpg,.jpg,294023,HAM10000_images_part_2\ISIC_0030320.jpg
HAM10000_images_part_2,ISIC_0030321.jpg,.jpg,137491,HAM10000_images_part_2\ISIC_0030321.jpg
HAM10000_images_part_2,ISIC_0030322.jpg,.jpg,352894,HAM10000_images_part_2\ISIC_0030322.jpg
HAM10000_images_part_2,ISIC_0030323.jpg,.jpg,314315,HAM10000_images_part_2\ISIC_0030323.jpg
HAM10000_images_part_2,ISIC_0030324.jpg,.jpg,326779,HAM10000_images_part_2\ISIC_0030324.jpg
HAM10000_images_part_2,ISIC_0030325.jpg,.jpg,280532,HAM10000_images_part_2\ISIC_0030325.jpg
HAM10000_images_part_2,ISIC_0030326.jpg,.jpg,286814,HAM10000_images_part_2\ISIC_0030326.jpg
HAM10000_images_part_2,ISIC_0030327.jpg,.jpg,286445,HAM10000_images_part_2\ISIC_0030327.jpg
HAM10000_images_part_2,ISIC_0030328.jpg,.jpg,250044,HAM10000_images_part_2\ISIC_0030328.jpg
HAM10000_images_part_2,ISIC_0030329.jpg,.jpg,216621,HAM10000_images_part_2\ISIC_0030329.jpg
HAM10000_images_part_2,ISIC_0030330.jpg,.jpg,300989,HAM10000_images_part_2\ISIC_0030330.jpg
HAM10000_images_part_2,ISIC_0030331.jpg,.jpg,279636,HAM10000_images_part_2\ISIC_0030331.jpg
HAM10000_images_part_2,ISIC_0030332.jpg,.jpg,349964,HAM10000_images_part_2\ISIC_0030332.jpg
HAM10000_images_part_2,ISIC_0030333.jpg,.jpg,304852,HAM10000_images_part_2\ISIC_0030333.jpg
HAM10000_images_part_2,ISIC_0030334.jpg,.jpg,240864,HAM10000_images_part_2\ISIC_0030334.jpg
HAM10000_images_part_2,ISIC_0030335.jpg,.jpg,281000,HAM10000_images_part_2\ISIC_0030335.jpg
HAM10000_images_part_2,ISIC_0030336.jpg,.jpg,297352,HAM10000_images_part_2\ISIC_0030336.jpg
HAM10000_images_part_2,ISIC_0030337.jpg,.jpg,271709,HAM10000_images_part_2\ISIC_0030337.jpg
HAM10000_images_part_2,ISIC_0030338.jpg,.jpg,355888,HAM10000_images_part_2\ISIC_0030338.jpg
HAM10000_images_part_2,ISIC_0030339.jpg,.jpg,199214,HAM10000_images_part_2\ISIC_0030339.jpg
HAM10000_images_part_2,ISIC_0030340.jpg,.jpg,223357,HAM10000_images_part_2\ISIC_0030340.jpg
HAM10000_images_part_2,ISIC_0030341.jpg,.jpg,262711,HAM10000_images_part_2\ISIC_0030341.jpg
HAM10000_images_part_2,ISIC_0030342.jpg,.jpg,260631,HAM10000_images_part_2\ISIC_0030342.jpg
HAM10000_images_part_2,ISIC_0030343.jpg,.jpg,298086,HAM10000_images_part_2\ISIC_0030343.jpg
HAM10000_images_part_2,ISIC_0030344.jpg,.jpg,260844,HAM10000_images_part_2\ISIC_0030344.jpg
HAM10000_images_part_2,ISIC_0030345.jpg,.jpg,256923,HAM10000_images_part_2\ISIC_0030345.jpg
HAM10000_images_part_2,ISIC_0030346.jpg,.jpg,238566,HAM10000_images_part_2\ISIC_0030346.jpg
HAM10000_images_part_2,ISIC_0030347.jpg,.jpg,269594,HAM10000_images_part_2\ISIC_0030347.jpg
HAM10000_images_part_2,ISIC_0030348.jpg,.jpg,239824,HAM10000_images_part_2\ISIC_0030348.jpg
HAM10000_images_part_2,ISIC_0030349.jpg,.jpg,286693,HAM10000_images_part_2\ISIC_0030349.jpg
HAM10000_images_part_2,ISIC_0030350.jpg,.jpg,277550,HAM10000_images_part_2\ISIC_0030350.jpg
HAM10000_images_part_2,ISIC_0030351.jpg,.jpg,336082,HAM10000_images_part_2\ISIC_0030351.jpg
HAM10000_images_part_2,ISIC_0030352.jpg,.jpg,184148,HAM10000_images_part_2\ISIC_0030352.jpg
HAM10000_images_part_2,ISIC_0030353.jpg,.jpg,293808,HAM10000_images_part_2\ISIC_0030353.jpg
HAM10000_images_part_2,ISIC_0030354.jpg,.jpg,187978,HAM10000_images_part_2\ISIC_0030354.jpg
HAM10000_images_part_2,ISIC_0030355.jpg,.jpg,162932,HAM10000_images_part_2\ISIC_0030355.jpg
HAM10000_images_part_2,ISIC_0030356.jpg,.jpg,306494,HAM10000_images_part_2\ISIC_0030356.jpg
HAM10000_images_part_2,ISIC_0030357.jpg,.jpg,272225,HAM10000_images_part_2\ISIC_0030357.jpg
HAM10000_images_part_2,ISIC_0030358.jpg,.jpg,278484,HAM10000_images_part_2\ISIC_0030358.jpg
HAM10000_images_part_2,ISIC_0030359.jpg,.jpg,277992,HAM10000_images_part_2\ISIC_0030359.jpg
HAM10000_images_part_2,ISIC_0030360.jpg,.jpg,258655,HAM10000_images_part_2\ISIC_0030360.jpg
HAM10000_images_part_2,ISIC_0030361.jpg,.jpg,330597,HAM10000_images_part_2\ISIC_0030361.jpg
HAM10000_images_part_2,ISIC_0030362.jpg,.jpg,301161,HAM10000_images_part_2\ISIC_0030362.jpg
HAM10000_images_part_2,ISIC_0030363.jpg,.jpg,271101,HAM10000_images_part_2\ISIC_0030363.jpg
HAM10000_images_part_2,ISIC_0030364.jpg,.jpg,288633,HAM10000_images_part_2\ISIC_0030364.jpg
HAM10000_images_part_2,ISIC_0030365.jpg,.jpg,266997,HAM10000_images_part_2\ISIC_0030365.jpg
HAM10000_images_part_2,ISIC_0030366.jpg,.jpg,296155,HAM10000_images_part_2\ISIC_0030366.jpg
HAM10000_images_part_2,ISIC_0030367.jpg,.jpg,282641,HAM10000_images_part_2\ISIC_0030367.jpg
HAM10000_images_part_2,ISIC_0030368.jpg,.jpg,288153,HAM10000_images_part_2\ISIC_0030368.jpg
HAM10000_images_part_2,ISIC_0030369.jpg,.jpg,338207,HAM10000_images_part_2\ISIC_0030369.jpg
HAM10000_images_part_2,ISIC_0030370.jpg,.jpg,188151,HAM10000_images_part_2\ISIC_0030370.jpg
HAM10000_images_part_2,ISIC_0030371.jpg,.jpg,209894,HAM10000_images_part_2\ISIC_0030371.jpg
HAM10000_images_part_2,ISIC_0030372.jpg,.jpg,253698,HAM10000_images_part_2\ISIC_0030372.jpg
HAM10000_images_part_2,ISIC_0030373.jpg,.jpg,278182,HAM10000_images_part_2\ISIC_0030373.jpg
HAM10000_images_part_2,ISIC_0030374.jpg,.jpg,363234,HAM10000_images_part_2\ISIC_0030374.jpg
HAM10000_images_part_2,ISIC_0030375.jpg,.jpg,266811,HAM10000_images_part_2\ISIC_0030375.jpg
HAM10000_images_part_2,ISIC_0030376.jpg,.jpg,340008,HAM10000_images_part_2\ISIC_0030376.jpg
HAM10000_images_part_2,ISIC_0030377.jpg,.jpg,378400,HAM10000_images_part_2\ISIC_0030377.jpg
HAM10000_images_part_2,ISIC_0030378.jpg,.jpg,318473,HAM10000_images_part_2\ISIC_0030378.jpg
HAM10000_images_part_2,ISIC_0030379.jpg,.jpg,278079,HAM10000_images_part_2\ISIC_0030379.jpg
HAM10000_images_part_2,ISIC_0030380.jpg,.jpg,273065,HAM10000_images_part_2\ISIC_0030380.jpg
HAM10000_images_part_2,ISIC_0030381.jpg,.jpg,293609,HAM10000_images_part_2\ISIC_0030381.jpg
HAM10000_images_part_2,ISIC_0030382.jpg,.jpg,311420,HAM10000_images_part_2\ISIC_0030382.jpg
HAM10000_images_part_2,ISIC_0030383.jpg,.jpg,288844,HAM10000_images_part_2\ISIC_0030383.jpg
HAM10000_images_part_2,ISIC_0030384.jpg,.jpg,318023,HAM10000_images_part_2\ISIC_0030384.jpg
HAM10000_images_part_2,ISIC_0030385.jpg,.jpg,280671,HAM10000_images_part_2\ISIC_0030385.jpg
HAM10000_images_part_2,ISIC_0030386.jpg,.jpg,282846,HAM10000_images_part_2\ISIC_0030386.jpg
HAM10000_images_part_2,ISIC_0030387.jpg,.jpg,208576,HAM10000_images_part_2\ISIC_0030387.jpg
HAM10000_images_part_2,ISIC_0030388.jpg,.jpg,273392,HAM10000_images_part_2\ISIC_0030388.jpg
HAM10000_images_part_2,ISIC_0030389.jpg,.jpg,281908,HAM10000_images_part_2\ISIC_0030389.jpg
HAM10000_images_part_2,ISIC_0030390.jpg,.jpg,288206,HAM10000_images_part_2\ISIC_0030390.jpg
HAM10000_images_part_2,ISIC_0030391.jpg,.jpg,227377,HAM10000_images_part_2\ISIC_0030391.jpg
HAM10000_images_part_2,ISIC_0030392.jpg,.jpg,288437,HAM10000_images_part_2\ISIC_0030392.jpg
HAM10000_images_part_2,ISIC_0030393.jpg,.jpg,284065,HAM10000_images_part_2\ISIC_0030393.jpg
HAM10000_images_part_2,ISIC_0030394.jpg,.jpg,289544,HAM10000_images_part_2\ISIC_0030394.jpg
HAM10000_images_part_2,ISIC_0030395.jpg,.jpg,270335,HAM10000_images_part_2\ISIC_0030395.jpg
HAM10000_images_part_2,ISIC_0030396.jpg,.jpg,242120,HAM10000_images_part_2\ISIC_0030396.jpg
HAM10000_images_part_2,ISIC_0030397.jpg,.jpg,319297,HAM10000_images_part_2\ISIC_0030397.jpg
HAM10000_images_part_2,ISIC_0030398.jpg,.jpg,279632,HAM10000_images_part_2\ISIC_0030398.jpg
HAM10000_images_part_2,ISIC_0030399.jpg,.jpg,275429,HAM10000_images_part_2\ISIC_0030399.jpg
HAM10000_images_part_2,ISIC_0030400.jpg,.jpg,354516,HAM10000_images_part_2\ISIC_0030400.jpg
HAM10000_images_part_2,ISIC_0030401.jpg,.jpg,297122,HAM10000_images_part_2\ISIC_0030401.jpg
HAM10000_images_part_2,ISIC_0030402.jpg,.jpg,292784,HAM10000_images_part_2\ISIC_0030402.jpg
HAM10000_images_part_2,ISIC_0030403.jpg,.jpg,241324,HAM10000_images_part_2\ISIC_0030403.jpg
HAM10000_images_part_2,ISIC_0030404.jpg,.jpg,223056,HAM10000_images_part_2\ISIC_0030404.jpg
HAM10000_images_part_2,ISIC_0030405.jpg,.jpg,280035,HAM10000_images_part_2\ISIC_0030405.jpg
HAM10000_images_part_2,ISIC_0030406.jpg,.jpg,183457,HAM10000_images_part_2\ISIC_0030406.jpg
HAM10000_images_part_2,ISIC_0030407.jpg,.jpg,273036,HAM10000_images_part_2\ISIC_0030407.jpg
HAM10000_images_part_2,ISIC_0030408.jpg,.jpg,310797,HAM10000_images_part_2\ISIC_0030408.jpg
HAM10000_images_part_2,ISIC_0030409.jpg,.jpg,278930,HAM10000_images_part_2\ISIC_0030409.jpg
HAM10000_images_part_2,ISIC_0030410.jpg,.jpg,243831,HAM10000_images_part_2\ISIC_0030410.jpg
HAM10000_images_part_2,ISIC_0030411.jpg,.jpg,361303,HAM10000_images_part_2\ISIC_0030411.jpg
HAM10000_images_part_2,ISIC_0030412.jpg,.jpg,269185,HAM10000_images_part_2\ISIC_0030412.jpg
HAM10000_images_part_2,ISIC_0030413.jpg,.jpg,294077,HAM10000_images_part_2\ISIC_0030413.jpg
HAM10000_images_part_2,ISIC_0030414.jpg,.jpg,270535,HAM10000_images_part_2\ISIC_0030414.jpg
HAM10000_images_part_2,ISIC_0030415.jpg,.jpg,272121,HAM10000_images_part_2\ISIC_0030415.jpg
HAM10000_images_part_2,ISIC_0030416.jpg,.jpg,272475,HAM10000_images_part_2\ISIC_0030416.jpg
HAM10000_images_part_2,ISIC_0030417.jpg,.jpg,276569,HAM10000_images_part_2\ISIC_0030417.jpg
HAM10000_images_part_2,ISIC_0030418.jpg,.jpg,265159,HAM10000_images_part_2\ISIC_0030418.jpg
HAM10000_images_part_2,ISIC_0030419.jpg,.jpg,272604,HAM10000_images_part_2\ISIC_0030419.jpg
HAM10000_images_part_2,ISIC_0030420.jpg,.jpg,363491,HAM10000_images_part_2\ISIC_0030420.jpg
HAM10000_images_part_2,ISIC_0030421.jpg,.jpg,322649,HAM10000_images_part_2\ISIC_0030421.jpg
HAM10000_images_part_2,ISIC_0030422.jpg,.jpg,226283,HAM10000_images_part_2\ISIC_0030422.jpg
HAM10000_images_part_2,ISIC_0030423.jpg,.jpg,326060,HAM10000_images_part_2\ISIC_0030423.jpg
HAM10000_images_part_2,ISIC_0030424.jpg,.jpg,274444,HAM10000_images_part_2\ISIC_0030424.jpg
HAM10000_images_part_2,ISIC_0030425.jpg,.jpg,183376,HAM10000_images_part_2\ISIC_0030425.jpg
HAM10000_images_part_2,ISIC_0030426.jpg,.jpg,267917,HAM10000_images_part_2\ISIC_0030426.jpg
HAM10000_images_part_2,ISIC_0030427.jpg,.jpg,314301,HAM10000_images_part_2\ISIC_0030427.jpg
HAM10000_images_part_2,ISIC_0030428.jpg,.jpg,337856,HAM10000_images_part_2\ISIC_0030428.jpg
HAM10000_images_part_2,ISIC_0030429.jpg,.jpg,217848,HAM10000_images_part_2\ISIC_0030429.jpg
HAM10000_images_part_2,ISIC_0030430.jpg,.jpg,250813,HAM10000_images_part_2\ISIC_0030430.jpg
HAM10000_images_part_2,ISIC_0030431.jpg,.jpg,248733,HAM10000_images_part_2\ISIC_0030431.jpg
HAM10000_images_part_2,ISIC_0030432.jpg,.jpg,286394,HAM10000_images_part_2\ISIC_0030432.jpg
HAM10000_images_part_2,ISIC_0030433.jpg,.jpg,259517,HAM10000_images_part_2\ISIC_0030433.jpg
HAM10000_images_part_2,ISIC_0030434.jpg,.jpg,193081,HAM10000_images_part_2\ISIC_0030434.jpg
HAM10000_images_part_2,ISIC_0030435.jpg,.jpg,360356,HAM10000_images_part_2\ISIC_0030435.jpg
HAM10000_images_part_2,ISIC_0030436.jpg,.jpg,272117,HAM10000_images_part_2\ISIC_0030436.jpg
HAM10000_images_part_2,ISIC_0030437.jpg,.jpg,267359,HAM10000_images_part_2\ISIC_0030437.jpg
HAM10000_images_part_2,ISIC_0030438.jpg,.jpg,266249,HAM10000_images_part_2\ISIC_0030438.jpg
HAM10000_images_part_2,ISIC_0030439.jpg,.jpg,282744,HAM10000_images_part_2\ISIC_0030439.jpg
HAM10000_images_part_2,ISIC_0030440.jpg,.jpg,240074,HAM10000_images_part_2\ISIC_0030440.jpg
HAM10000_images_part_2,ISIC_0030441.jpg,.jpg,284921,HAM10000_images_part_2\ISIC_0030441.jpg
HAM10000_images_part_2,ISIC_0030442.jpg,.jpg,296612,HAM10000_images_part_2\ISIC_0030442.jpg
HAM10000_images_part_2,ISIC_0030443.jpg,.jpg,317220,HAM10000_images_part_2\ISIC_0030443.jpg
HAM10000_images_part_2,ISIC_0030444.jpg,.jpg,244704,HAM10000_images_part_2\ISIC_0030444.jpg
HAM10000_images_part_2,ISIC_0030445.jpg,.jpg,269601,HAM10000_images_part_2\ISIC_0030445.jpg
HAM10000_images_part_2,ISIC_0030446.jpg,.jpg,417099,HAM10000_images_part_2\ISIC_0030446.jpg
HAM10000_images_part_2,ISIC_0030447.jpg,.jpg,159499,HAM10000_images_part_2\ISIC_0030447.jpg
HAM10000_images_part_2,ISIC_0030448.jpg,.jpg,345171,HAM10000_images_part_2\ISIC_0030448.jpg
HAM10000_images_part_2,ISIC_0030449.jpg,.jpg,272597,HAM10000_images_part_2\ISIC_0030449.jpg
HAM10000_images_part_2,ISIC_0030450.jpg,.jpg,278004,HAM10000_images_part_2\ISIC_0030450.jpg
HAM10000_images_part_2,ISIC_0030451.jpg,.jpg,215236,HAM10000_images_part_2\ISIC_0030451.jpg
HAM10000_images_part_2,ISIC_0030452.jpg,.jpg,257253,HAM10000_images_part_2\ISIC_0030452.jpg
HAM10000_images_part_2,ISIC_0030453.jpg,.jpg,269121,HAM10000_images_part_2\ISIC_0030453.jpg
HAM10000_images_part_2,ISIC_0030454.jpg,.jpg,285873,HAM10000_images_part_2\ISIC_0030454.jpg
HAM10000_images_part_2,ISIC_0030455.jpg,.jpg,266733,HAM10000_images_part_2\ISIC_0030455.jpg
HAM10000_images_part_2,ISIC_0030456.jpg,.jpg,204532,HAM10000_images_part_2\ISIC_0030456.jpg
HAM10000_images_part_2,ISIC_0030457.jpg,.jpg,356770,HAM10000_images_part_2\ISIC_0030457.jpg
HAM10000_images_part_2,ISIC_0030458.jpg,.jpg,243337,HAM10000_images_part_2\ISIC_0030458.jpg
HAM10000_images_part_2,ISIC_0030459.jpg,.jpg,262702,HAM10000_images_part_2\ISIC_0030459.jpg
HAM10000_images_part_2,ISIC_0030460.jpg,.jpg,208214,HAM10000_images_part_2\ISIC_0030460.jpg
HAM10000_images_part_2,ISIC_0030461.jpg,.jpg,278350,HAM10000_images_part_2\ISIC_0030461.jpg
HAM10000_images_part_2,ISIC_0030462.jpg,.jpg,244075,HAM10000_images_part_2\ISIC_0030462.jpg
HAM10000_images_part_2,ISIC_0030463.jpg,.jpg,273201,HAM10000_images_part_2\ISIC_0030463.jpg
HAM10000_images_part_2,ISIC_0030464.jpg,.jpg,201514,HAM10000_images_part_2\ISIC_0030464.jpg
HAM10000_images_part_2,ISIC_0030465.jpg,.jpg,304564,HAM10000_images_part_2\ISIC_0030465.jpg
HAM10000_images_part_2,ISIC_0030466.jpg,.jpg,258997,HAM10000_images_part_2\ISIC_0030466.jpg
HAM10000_images_part_2,ISIC_0030467.jpg,.jpg,272707,HAM10000_images_part_2\ISIC_0030467.jpg
HAM10000_images_part_2,ISIC_0030468.jpg,.jpg,264168,HAM10000_images_part_2\ISIC_0030468.jpg
HAM10000_images_part_2,ISIC_0030469.jpg,.jpg,365109,HAM10000_images_part_2\ISIC_0030469.jpg
HAM10000_images_part_2,ISIC_0030470.jpg,.jpg,349242,HAM10000_images_part_2\ISIC_0030470.jpg
HAM10000_images_part_2,ISIC_0030471.jpg,.jpg,270539,HAM10000_images_part_2\ISIC_0030471.jpg
HAM10000_images_part_2,ISIC_0030472.jpg,.jpg,283502,HAM10000_images_part_2\ISIC_0030472.jpg
HAM10000_images_part_2,ISIC_0030473.jpg,.jpg,283638,HAM10000_images_part_2\ISIC_0030473.jpg
HAM10000_images_part_2,ISIC_0030474.jpg,.jpg,271902,HAM10000_images_part_2\ISIC_0030474.jpg
HAM10000_images_part_2,ISIC_0030475.jpg,.jpg,277438,HAM10000_images_part_2\ISIC_0030475.jpg
HAM10000_images_part_2,ISIC_0030476.jpg,.jpg,258347,HAM10000_images_part_2\ISIC_0030476.jpg
HAM10000_images_part_2,ISIC_0030477.jpg,.jpg,327100,HAM10000_images_part_2\ISIC_0030477.jpg
HAM10000_images_part_2,ISIC_0030478.jpg,.jpg,366407,HAM10000_images_part_2\ISIC_0030478.jpg
HAM10000_images_part_2,ISIC_0030479.jpg,.jpg,261158,HAM10000_images_part_2\ISIC_0030479.jpg
HAM10000_images_part_2,ISIC_0030480.jpg,.jpg,290945,HAM10000_images_part_2\ISIC_0030480.jpg
HAM10000_images_part_2,ISIC_0030481.jpg,.jpg,261875,HAM10000_images_part_2\ISIC_0030481.jpg
HAM10000_images_part_2,ISIC_0030482.jpg,.jpg,265141,HAM10000_images_part_2\ISIC_0030482.jpg
HAM10000_images_part_2,ISIC_0030483.jpg,.jpg,355952,HAM10000_images_part_2\ISIC_0030483.jpg
HAM10000_images_part_2,ISIC_0030484.jpg,.jpg,281122,HAM10000_images_part_2\ISIC_0030484.jpg
HAM10000_images_part_2,ISIC_0030485.jpg,.jpg,247979,HAM10000_images_part_2\ISIC_0030485.jpg
HAM10000_images_part_2,ISIC_0030486.jpg,.jpg,298292,HAM10000_images_part_2\ISIC_0030486.jpg
HAM10000_images_part_2,ISIC_0030487.jpg,.jpg,275869,HAM10000_images_part_2\ISIC_0030487.jpg
HAM10000_images_part_2,ISIC_0030488.jpg,.jpg,250392,HAM10000_images_part_2\ISIC_0030488.jpg
HAM10000_images_part_2,ISIC_0030489.jpg,.jpg,267701,HAM10000_images_part_2\ISIC_0030489.jpg
HAM10000_images_part_2,ISIC_0030490.jpg,.jpg,281164,HAM10000_images_part_2\ISIC_0030490.jpg
HAM10000_images_part_2,ISIC_0030491.jpg,.jpg,275021,HAM10000_images_part_2\ISIC_0030491.jpg
HAM10000_images_part_2,ISIC_0030492.jpg,.jpg,200345,HAM10000_images_part_2\ISIC_0030492.jpg
HAM10000_images_part_2,ISIC_0030493.jpg,.jpg,267062,HAM10000_images_part_2\ISIC_0030493.jpg
HAM10000_images_part_2,ISIC_0030494.jpg,.jpg,275962,HAM10000_images_part_2\ISIC_0030494.jpg
HAM10000_images_part_2,ISIC_0030495.jpg,.jpg,277407,HAM10000_images_part_2\ISIC_0030495.jpg
HAM10000_images_part_2,ISIC_0030496.jpg,.jpg,298099,HAM10000_images_part_2\ISIC_0030496.jpg
HAM10000_images_part_2,ISIC_0030497.jpg,.jpg,279250,HAM10000_images_part_2\ISIC_0030497.jpg
HAM10000_images_part_2,ISIC_0030498.jpg,.jpg,289590,HAM10000_images_part_2\ISIC_0030498.jpg
HAM10000_images_part_2,ISIC_0030499.jpg,.jpg,274021,HAM10000_images_part_2\ISIC_0030499.jpg
HAM10000_images_part_2,ISIC_0030500.jpg,.jpg,301415,HAM10000_images_part_2\ISIC_0030500.jpg
HAM10000_images_part_2,ISIC_0030501.jpg,.jpg,239969,HAM10000_images_part_2\ISIC_0030501.jpg
HAM10000_images_part_2,ISIC_0030502.jpg,.jpg,271450,HAM10000_images_part_2\ISIC_0030502.jpg
HAM10000_images_part_2,ISIC_0030503.jpg,.jpg,269306,HAM10000_images_part_2\ISIC_0030503.jpg
HAM10000_images_part_2,ISIC_0030504.jpg,.jpg,303290,HAM10000_images_part_2\ISIC_0030504.jpg
HAM10000_images_part_2,ISIC_0030505.jpg,.jpg,302007,HAM10000_images_part_2\ISIC_0030505.jpg
HAM10000_images_part_2,ISIC_0030506.jpg,.jpg,306841,HAM10000_images_part_2\ISIC_0030506.jpg
HAM10000_images_part_2,ISIC_0030507.jpg,.jpg,249769,HAM10000_images_part_2\ISIC_0030507.jpg
HAM10000_images_part_2,ISIC_0030508.jpg,.jpg,220135,HAM10000_images_part_2\ISIC_0030508.jpg
HAM10000_images_part_2,ISIC_0030509.jpg,.jpg,247620,HAM10000_images_part_2\ISIC_0030509.jpg
HAM10000_images_part_2,ISIC_0030510.jpg,.jpg,275882,HAM10000_images_part_2\ISIC_0030510.jpg
HAM10000_images_part_2,ISIC_0030511.jpg,.jpg,284584,HAM10000_images_part_2\ISIC_0030511.jpg
HAM10000_images_part_2,ISIC_0030512.jpg,.jpg,220091,HAM10000_images_part_2\ISIC_0030512.jpg
HAM10000_images_part_2,ISIC_0030513.jpg,.jpg,273418,HAM10000_images_part_2\ISIC_0030513.jpg
HAM10000_images_part_2,ISIC_0030514.jpg,.jpg,221201,HAM10000_images_part_2\ISIC_0030514.jpg
HAM10000_images_part_2,ISIC_0030515.jpg,.jpg,280551,HAM10000_images_part_2\ISIC_0030515.jpg
HAM10000_images_part_2,ISIC_0030516.jpg,.jpg,277423,HAM10000_images_part_2\ISIC_0030516.jpg
HAM10000_images_part_2,ISIC_0030517.jpg,.jpg,335641,HAM10000_images_part_2\ISIC_0030517.jpg
HAM10000_images_part_2,ISIC_0030518.jpg,.jpg,272263,HAM10000_images_part_2\ISIC_0030518.jpg
HAM10000_images_part_2,ISIC_0030519.jpg,.jpg,353772,HAM10000_images_part_2\ISIC_0030519.jpg
HAM10000_images_part_2,ISIC_0030520.jpg,.jpg,251422,HAM10000_images_part_2\ISIC_0030520.jpg
HAM10000_images_part_2,ISIC_0030521.jpg,.jpg,244208,HAM10000_images_part_2\ISIC_0030521.jpg
HAM10000_images_part_2,ISIC_0030522.jpg,.jpg,334206,HAM10000_images_part_2\ISIC_0030522.jpg
HAM10000_images_part_2,ISIC_0030523.jpg,.jpg,356589,HAM10000_images_part_2\ISIC_0030523.jpg
HAM10000_images_part_2,ISIC_0030524.jpg,.jpg,368452,HAM10000_images_part_2\ISIC_0030524.jpg
HAM10000_images_part_2,ISIC_0030525.jpg,.jpg,142042,HAM10000_images_part_2\ISIC_0030525.jpg
HAM10000_images_part_2,ISIC_0030526.jpg,.jpg,272014,HAM10000_images_part_2\ISIC_0030526.jpg
HAM10000_images_part_2,ISIC_0030527.jpg,.jpg,278996,HAM10000_images_part_2\ISIC_0030527.jpg
HAM10000_images_part_2,ISIC_0030528.jpg,.jpg,298007,HAM10000_images_part_2\ISIC_0030528.jpg
HAM10000_images_part_2,ISIC_0030529.jpg,.jpg,272953,HAM10000_images_part_2\ISIC_0030529.jpg
HAM10000_images_part_2,ISIC_0030530.jpg,.jpg,281665,HAM10000_images_part_2\ISIC_0030530.jpg
HAM10000_images_part_2,ISIC_0030531.jpg,.jpg,282491,HAM10000_images_part_2\ISIC_0030531.jpg
HAM10000_images_part_2,ISIC_0030532.jpg,.jpg,305222,HAM10000_images_part_2\ISIC_0030532.jpg
HAM10000_images_part_2,ISIC_0030533.jpg,.jpg,216488,HAM10000_images_part_2\ISIC_0030533.jpg
HAM10000_images_part_2,ISIC_0030534.jpg,.jpg,138333,HAM10000_images_part_2\ISIC_0030534.jpg
HAM10000_images_part_2,ISIC_0030535.jpg,.jpg,269043,HAM10000_images_part_2\ISIC_0030535.jpg
HAM10000_images_part_2,ISIC_0030536.jpg,.jpg,352061,HAM10000_images_part_2\ISIC_0030536.jpg
HAM10000_images_part_2,ISIC_0030537.jpg,.jpg,317300,HAM10000_images_part_2\ISIC_0030537.jpg
HAM10000_images_part_2,ISIC_0030538.jpg,.jpg,326512,HAM10000_images_part_2\ISIC_0030538.jpg
HAM10000_images_part_2,ISIC_0030539.jpg,.jpg,273974,HAM10000_images_part_2\ISIC_0030539.jpg
HAM10000_images_part_2,ISIC_0030540.jpg,.jpg,343652,HAM10000_images_part_2\ISIC_0030540.jpg
HAM10000_images_part_2,ISIC_0030541.jpg,.jpg,263919,HAM10000_images_part_2\ISIC_0030541.jpg
HAM10000_images_part_2,ISIC_0030542.jpg,.jpg,242415,HAM10000_images_part_2\ISIC_0030542.jpg
HAM10000_images_part_2,ISIC_0030543.jpg,.jpg,337853,HAM10000_images_part_2\ISIC_0030543.jpg
HAM10000_images_part_2,ISIC_0030544.jpg,.jpg,218418,HAM10000_images_part_2\ISIC_0030544.jpg
HAM10000_images_part_2,ISIC_0030545.jpg,.jpg,269629,HAM10000_images_part_2\ISIC_0030545.jpg
HAM10000_images_part_2,ISIC_0030546.jpg,.jpg,253472,HAM10000_images_part_2\ISIC_0030546.jpg
HAM10000_images_part_2,ISIC_0030547.jpg,.jpg,332652,HAM10000_images_part_2\ISIC_0030547.jpg
HAM10000_images_part_2,ISIC_0030548.jpg,.jpg,293988,HAM10000_images_part_2\ISIC_0030548.jpg
HAM10000_images_part_2,ISIC_0030549.jpg,.jpg,204505,HAM10000_images_part_2\ISIC_0030549.jpg
HAM10000_images_part_2,ISIC_0030550.jpg,.jpg,321574,HAM10000_images_part_2\ISIC_0030550.jpg
HAM10000_images_part_2,ISIC_0030551.jpg,.jpg,315901,HAM10000_images_part_2\ISIC_0030551.jpg
HAM10000_images_part_2,ISIC_0030552.jpg,.jpg,255461,HAM10000_images_part_2\ISIC_0030552.jpg
HAM10000_images_part_2,ISIC_0030553.jpg,.jpg,196734,HAM10000_images_part_2\ISIC_0030553.jpg
HAM10000_images_part_2,ISIC_0030554.jpg,.jpg,278546,HAM10000_images_part_2\ISIC_0030554.jpg
HAM10000_images_part_2,ISIC_0030555.jpg,.jpg,257732,HAM10000_images_part_2\ISIC_0030555.jpg
HAM10000_images_part_2,ISIC_0030556.jpg,.jpg,263774,HAM10000_images_part_2\ISIC_0030556.jpg
HAM10000_images_part_2,ISIC_0030557.jpg,.jpg,256132,HAM10000_images_part_2\ISIC_0030557.jpg
HAM10000_images_part_2,ISIC_0030558.jpg,.jpg,275127,HAM10000_images_part_2\ISIC_0030558.jpg
HAM10000_images_part_2,ISIC_0030559.jpg,.jpg,280414,HAM10000_images_part_2\ISIC_0030559.jpg
HAM10000_images_part_2,ISIC_0030560.jpg,.jpg,270152,HAM10000_images_part_2\ISIC_0030560.jpg
HAM10000_images_part_2,ISIC_0030561.jpg,.jpg,232273,HAM10000_images_part_2\ISIC_0030561.jpg
HAM10000_images_part_2,ISIC_0030562.jpg,.jpg,273582,HAM10000_images_part_2\ISIC_0030562.jpg
HAM10000_images_part_2,ISIC_0030563.jpg,.jpg,288274,HAM10000_images_part_2\ISIC_0030563.jpg
HAM10000_images_part_2,ISIC_0030564.jpg,.jpg,289679,HAM10000_images_part_2\ISIC_0030564.jpg
HAM10000_images_part_2,ISIC_0030565.jpg,.jpg,266702,HAM10000_images_part_2\ISIC_0030565.jpg
HAM10000_images_part_2,ISIC_0030566.jpg,.jpg,364449,HAM10000_images_part_2\ISIC_0030566.jpg
HAM10000_images_part_2,ISIC_0030567.jpg,.jpg,250492,HAM10000_images_part_2\ISIC_0030567.jpg
HAM10000_images_part_2,ISIC_0030568.jpg,.jpg,276500,HAM10000_images_part_2\ISIC_0030568.jpg
HAM10000_images_part_2,ISIC_0030569.jpg,.jpg,350476,HAM10000_images_part_2\ISIC_0030569.jpg
HAM10000_images_part_2,ISIC_0030570.jpg,.jpg,334611,HAM10000_images_part_2\ISIC_0030570.jpg
HAM10000_images_part_2,ISIC_0030571.jpg,.jpg,287768,HAM10000_images_part_2\ISIC_0030571.jpg
HAM10000_images_part_2,ISIC_0030572.jpg,.jpg,279576,HAM10000_images_part_2\ISIC_0030572.jpg
HAM10000_images_part_2,ISIC_0030573.jpg,.jpg,344963,HAM10000_images_part_2\ISIC_0030573.jpg
HAM10000_images_part_2,ISIC_0030574.jpg,.jpg,318391,HAM10000_images_part_2\ISIC_0030574.jpg
HAM10000_images_part_2,ISIC_0030575.jpg,.jpg,260121,HAM10000_images_part_2\ISIC_0030575.jpg
HAM10000_images_part_2,ISIC_0030576.jpg,.jpg,281304,HAM10000_images_part_2\ISIC_0030576.jpg
HAM10000_images_part_2,ISIC_0030577.jpg,.jpg,272594,HAM10000_images_part_2\ISIC_0030577.jpg
HAM10000_images_part_2,ISIC_0030578.jpg,.jpg,282954,HAM10000_images_part_2\ISIC_0030578.jpg
HAM10000_images_part_2,ISIC_0030579.jpg,.jpg,254921,HAM10000_images_part_2\ISIC_0030579.jpg
HAM10000_images_part_2,ISIC_0030580.jpg,.jpg,250401,HAM10000_images_part_2\ISIC_0030580.jpg
HAM10000_images_part_2,ISIC_0030581.jpg,.jpg,273935,HAM10000_images_part_2\ISIC_0030581.jpg
HAM10000_images_part_2,ISIC_0030582.jpg,.jpg,179332,HAM10000_images_part_2\ISIC_0030582.jpg
HAM10000_images_part_2,ISIC_0030583.jpg,.jpg,323343,HAM10000_images_part_2\ISIC_0030583.jpg
HAM10000_images_part_2,ISIC_0030584.jpg,.jpg,261855,HAM10000_images_part_2\ISIC_0030584.jpg
HAM10000_images_part_2,ISIC_0030585.jpg,.jpg,214074,HAM10000_images_part_2\ISIC_0030585.jpg
HAM10000_images_part_2,ISIC_0030586.jpg,.jpg,295788,HAM10000_images_part_2\ISIC_0030586.jpg
HAM10000_images_part_2,ISIC_0030587.jpg,.jpg,284638,HAM10000_images_part_2\ISIC_0030587.jpg
HAM10000_images_part_2,ISIC_0030588.jpg,.jpg,275451,HAM10000_images_part_2\ISIC_0030588.jpg
HAM10000_images_part_2,ISIC_0030589.jpg,.jpg,390185,HAM10000_images_part_2\ISIC_0030589.jpg
HAM10000_images_part_2,ISIC_0030590.jpg,.jpg,276863,HAM10000_images_part_2\ISIC_0030590.jpg
HAM10000_images_part_2,ISIC_0030591.jpg,.jpg,241684,HAM10000_images_part_2\ISIC_0030591.jpg
HAM10000_images_part_2,ISIC_0030592.jpg,.jpg,253793,HAM10000_images_part_2\ISIC_0030592.jpg
HAM10000_images_part_2,ISIC_0030593.jpg,.jpg,209984,HAM10000_images_part_2\ISIC_0030593.jpg
HAM10000_images_part_2,ISIC_0030594.jpg,.jpg,300918,HAM10000_images_part_2\ISIC_0030594.jpg
HAM10000_images_part_2,ISIC_0030595.jpg,.jpg,264248,HAM10000_images_part_2\ISIC_0030595.jpg
HAM10000_images_part_2,ISIC_0030596.jpg,.jpg,261344,HAM10000_images_part_2\ISIC_0030596.jpg
HAM10000_images_part_2,ISIC_0030597.jpg,.jpg,229392,HAM10000_images_part_2\ISIC_0030597.jpg
HAM10000_images_part_2,ISIC_0030598.jpg,.jpg,240602,HAM10000_images_part_2\ISIC_0030598.jpg
HAM10000_images_part_2,ISIC_0030599.jpg,.jpg,357354,HAM10000_images_part_2\ISIC_0030599.jpg
HAM10000_images_part_2,ISIC_0030600.jpg,.jpg,267983,HAM10000_images_part_2\ISIC_0030600.jpg
HAM10000_images_part_2,ISIC_0030601.jpg,.jpg,271383,HAM10000_images_part_2\ISIC_0030601.jpg
HAM10000_images_part_2,ISIC_0030602.jpg,.jpg,272241,HAM10000_images_part_2\ISIC_0030602.jpg
HAM10000_images_part_2,ISIC_0030603.jpg,.jpg,258010,HAM10000_images_part_2\ISIC_0030603.jpg
HAM10000_images_part_2,ISIC_0030604.jpg,.jpg,309268,HAM10000_images_part_2\ISIC_0030604.jpg
HAM10000_images_part_2,ISIC_0030605.jpg,.jpg,258907,HAM10000_images_part_2\ISIC_0030605.jpg
HAM10000_images_part_2,ISIC_0030606.jpg,.jpg,206798,HAM10000_images_part_2\ISIC_0030606.jpg
HAM10000_images_part_2,ISIC_0030607.jpg,.jpg,274088,HAM10000_images_part_2\ISIC_0030607.jpg
HAM10000_images_part_2,ISIC_0030608.jpg,.jpg,374741,HAM10000_images_part_2\ISIC_0030608.jpg
HAM10000_images_part_2,ISIC_0030609.jpg,.jpg,258796,HAM10000_images_part_2\ISIC_0030609.jpg
HAM10000_images_part_2,ISIC_0030610.jpg,.jpg,273274,HAM10000_images_part_2\ISIC_0030610.jpg
HAM10000_images_part_2,ISIC_0030611.jpg,.jpg,278831,HAM10000_images_part_2\ISIC_0030611.jpg
HAM10000_images_part_2,ISIC_0030612.jpg,.jpg,268754,HAM10000_images_part_2\ISIC_0030612.jpg
HAM10000_images_part_2,ISIC_0030613.jpg,.jpg,275211,HAM10000_images_part_2\ISIC_0030613.jpg
HAM10000_images_part_2,ISIC_0030614.jpg,.jpg,272297,HAM10000_images_part_2\ISIC_0030614.jpg
HAM10000_images_part_2,ISIC_0030615.jpg,.jpg,231922,HAM10000_images_part_2\ISIC_0030615.jpg
HAM10000_images_part_2,ISIC_0030616.jpg,.jpg,300586,HAM10000_images_part_2\ISIC_0030616.jpg
HAM10000_images_part_2,ISIC_0030617.jpg,.jpg,339596,HAM10000_images_part_2\ISIC_0030617.jpg
HAM10000_images_part_2,ISIC_0030618.jpg,.jpg,293299,HAM10000_images_part_2\ISIC_0030618.jpg
HAM10000_images_part_2,ISIC_0030619.jpg,.jpg,266493,HAM10000_images_part_2\ISIC_0030619.jpg
HAM10000_images_part_2,ISIC_0030620.jpg,.jpg,220812,HAM10000_images_part_2\ISIC_0030620.jpg
HAM10000_images_part_2,ISIC_0030621.jpg,.jpg,192646,HAM10000_images_part_2\ISIC_0030621.jpg
HAM10000_images_part_2,ISIC_0030622.jpg,.jpg,266275,HAM10000_images_part_2\ISIC_0030622.jpg
HAM10000_images_part_2,ISIC_0030623.jpg,.jpg,266075,HAM10000_images_part_2\ISIC_0030623.jpg
HAM10000_images_part_2,ISIC_0030624.jpg,.jpg,282382,HAM10000_images_part_2\ISIC_0030624.jpg
HAM10000_images_part_2,ISIC_0030625.jpg,.jpg,185841,HAM10000_images_part_2\ISIC_0030625.jpg
HAM10000_images_part_2,ISIC_0030626.jpg,.jpg,294543,HAM10000_images_part_2\ISIC_0030626.jpg
HAM10000_images_part_2,ISIC_0030627.jpg,.jpg,275355,HAM10000_images_part_2\ISIC_0030627.jpg
HAM10000_images_part_2,ISIC_0030628.jpg,.jpg,287728,HAM10000_images_part_2\ISIC_0030628.jpg
HAM10000_images_part_2,ISIC_0030629.jpg,.jpg,231596,HAM10000_images_part_2\ISIC_0030629.jpg
HAM10000_images_part_2,ISIC_0030630.jpg,.jpg,245777,HAM10000_images_part_2\ISIC_0030630.jpg
HAM10000_images_part_2,ISIC_0030631.jpg,.jpg,282255,HAM10000_images_part_2\ISIC_0030631.jpg
HAM10000_images_part_2,ISIC_0030632.jpg,.jpg,273452,HAM10000_images_part_2\ISIC_0030632.jpg
HAM10000_images_part_2,ISIC_0030633.jpg,.jpg,283560,HAM10000_images_part_2\ISIC_0030633.jpg
HAM10000_images_part_2,ISIC_0030634.jpg,.jpg,301289,HAM10000_images_part_2\ISIC_0030634.jpg
HAM10000_images_part_2,ISIC_0030635.jpg,.jpg,86841,HAM10000_images_part_2\ISIC_0030635.jpg
HAM10000_images_part_2,ISIC_0030636.jpg,.jpg,255903,HAM10000_images_part_2\ISIC_0030636.jpg
HAM10000_images_part_2,ISIC_0030637.jpg,.jpg,277681,HAM10000_images_part_2\ISIC_0030637.jpg
HAM10000_images_part_2,ISIC_0030638.jpg,.jpg,306377,HAM10000_images_part_2\ISIC_0030638.jpg
HAM10000_images_part_2,ISIC_0030639.jpg,.jpg,208073,HAM10000_images_part_2\ISIC_0030639.jpg
HAM10000_images_part_2,ISIC_0030640.jpg,.jpg,294980,HAM10000_images_part_2\ISIC_0030640.jpg
HAM10000_images_part_2,ISIC_0030641.jpg,.jpg,280487,HAM10000_images_part_2\ISIC_0030641.jpg
HAM10000_images_part_2,ISIC_0030642.jpg,.jpg,336647,HAM10000_images_part_2\ISIC_0030642.jpg
HAM10000_images_part_2,ISIC_0030643.jpg,.jpg,303280,HAM10000_images_part_2\ISIC_0030643.jpg
HAM10000_images_part_2,ISIC_0030644.jpg,.jpg,138527,HAM10000_images_part_2\ISIC_0030644.jpg
HAM10000_images_part_2,ISIC_0030645.jpg,.jpg,306808,HAM10000_images_part_2\ISIC_0030645.jpg
HAM10000_images_part_2,ISIC_0030646.jpg,.jpg,331235,HAM10000_images_part_2\ISIC_0030646.jpg
HAM10000_images_part_2,ISIC_0030647.jpg,.jpg,281322,HAM10000_images_part_2\ISIC_0030647.jpg
HAM10000_images_part_2,ISIC_0030648.jpg,.jpg,305046,HAM10000_images_part_2\ISIC_0030648.jpg
HAM10000_images_part_2,ISIC_0030649.jpg,.jpg,212384,HAM10000_images_part_2\ISIC_0030649.jpg
HAM10000_images_part_2,ISIC_0030650.jpg,.jpg,268930,HAM10000_images_part_2\ISIC_0030650.jpg
HAM10000_images_part_2,ISIC_0030651.jpg,.jpg,269065,HAM10000_images_part_2\ISIC_0030651.jpg
HAM10000_images_part_2,ISIC_0030652.jpg,.jpg,229269,HAM10000_images_part_2\ISIC_0030652.jpg
HAM10000_images_part_2,ISIC_0030653.jpg,.jpg,241272,HAM10000_images_part_2\ISIC_0030653.jpg
HAM10000_images_part_2,ISIC_0030654.jpg,.jpg,262000,HAM10000_images_part_2\ISIC_0030654.jpg
HAM10000_images_part_2,ISIC_0030655.jpg,.jpg,283441,HAM10000_images_part_2\ISIC_0030655.jpg
HAM10000_images_part_2,ISIC_0030656.jpg,.jpg,277061,HAM10000_images_part_2\ISIC_0030656.jpg
HAM10000_images_part_2,ISIC_0030657.jpg,.jpg,293306,HAM10000_images_part_2\ISIC_0030657.jpg
HAM10000_images_part_2,ISIC_0030658.jpg,.jpg,275990,HAM10000_images_part_2\ISIC_0030658.jpg
HAM10000_images_part_2,ISIC_0030659.jpg,.jpg,257261,HAM10000_images_part_2\ISIC_0030659.jpg
HAM10000_images_part_2,ISIC_0030660.jpg,.jpg,259393,HAM10000_images_part_2\ISIC_0030660.jpg
HAM10000_images_part_2,ISIC_0030661.jpg,.jpg,256914,HAM10000_images_part_2\ISIC_0030661.jpg
HAM10000_images_part_2,ISIC_0030662.jpg,.jpg,257486,HAM10000_images_part_2\ISIC_0030662.jpg
HAM10000_images_part_2,ISIC_0030663.jpg,.jpg,218210,HAM10000_images_part_2\ISIC_0030663.jpg
HAM10000_images_part_2,ISIC_0030664.jpg,.jpg,240661,HAM10000_images_part_2\ISIC_0030664.jpg
HAM10000_images_part_2,ISIC_0030665.jpg,.jpg,339714,HAM10000_images_part_2\ISIC_0030665.jpg
HAM10000_images_part_2,ISIC_0030666.jpg,.jpg,248197,HAM10000_images_part_2\ISIC_0030666.jpg
HAM10000_images_part_2,ISIC_0030667.jpg,.jpg,286368,HAM10000_images_part_2\ISIC_0030667.jpg
HAM10000_images_part_2,ISIC_0030668.jpg,.jpg,252066,HAM10000_images_part_2\ISIC_0030668.jpg
HAM10000_images_part_2,ISIC_0030669.jpg,.jpg,276195,HAM10000_images_part_2\ISIC_0030669.jpg
HAM10000_images_part_2,ISIC_0030670.jpg,.jpg,284338,HAM10000_images_part_2\ISIC_0030670.jpg
HAM10000_images_part_2,ISIC_0030671.jpg,.jpg,281939,HAM10000_images_part_2\ISIC_0030671.jpg
HAM10000_images_part_2,ISIC_0030672.jpg,.jpg,269246,HAM10000_images_part_2\ISIC_0030672.jpg
HAM10000_images_part_2,ISIC_0030673.jpg,.jpg,293587,HAM10000_images_part_2\ISIC_0030673.jpg
HAM10000_images_part_2,ISIC_0030674.jpg,.jpg,205260,HAM10000_images_part_2\ISIC_0030674.jpg
HAM10000_images_part_2,ISIC_0030675.jpg,.jpg,163773,HAM10000_images_part_2\ISIC_0030675.jpg
HAM10000_images_part_2,ISIC_0030676.jpg,.jpg,245833,HAM10000_images_part_2\ISIC_0030676.jpg
HAM10000_images_part_2,ISIC_0030677.jpg,.jpg,312337,HAM10000_images_part_2\ISIC_0030677.jpg
HAM10000_images_part_2,ISIC_0030678.jpg,.jpg,272255,HAM10000_images_part_2\ISIC_0030678.jpg
HAM10000_images_part_2,ISIC_0030679.jpg,.jpg,335661,HAM10000_images_part_2\ISIC_0030679.jpg
HAM10000_images_part_2,ISIC_0030680.jpg,.jpg,311909,HAM10000_images_part_2\ISIC_0030680.jpg
HAM10000_images_part_2,ISIC_0030681.jpg,.jpg,308319,HAM10000_images_part_2\ISIC_0030681.jpg
HAM10000_images_part_2,ISIC_0030682.jpg,.jpg,330151,HAM10000_images_part_2\ISIC_0030682.jpg
HAM10000_images_part_2,ISIC_0030683.jpg,.jpg,211595,HAM10000_images_part_2\ISIC_0030683.jpg
HAM10000_images_part_2,ISIC_0030684.jpg,.jpg,287945,HAM10000_images_part_2\ISIC_0030684.jpg
HAM10000_images_part_2,ISIC_0030685.jpg,.jpg,268929,HAM10000_images_part_2\ISIC_0030685.jpg
HAM10000_images_part_2,ISIC_0030686.jpg,.jpg,265492,HAM10000_images_part_2\ISIC_0030686.jpg
HAM10000_images_part_2,ISIC_0030687.jpg,.jpg,304479,HAM10000_images_part_2\ISIC_0030687.jpg
HAM10000_images_part_2,ISIC_0030688.jpg,.jpg,204729,HAM10000_images_part_2\ISIC_0030688.jpg
HAM10000_images_part_2,ISIC_0030689.jpg,.jpg,260952,HAM10000_images_part_2\ISIC_0030689.jpg
HAM10000_images_part_2,ISIC_0030690.jpg,.jpg,226769,HAM10000_images_part_2\ISIC_0030690.jpg
HAM10000_images_part_2,ISIC_0030691.jpg,.jpg,279522,HAM10000_images_part_2\ISIC_0030691.jpg
HAM10000_images_part_2,ISIC_0030692.jpg,.jpg,296881,HAM10000_images_part_2\ISIC_0030692.jpg
HAM10000_images_part_2,ISIC_0030693.jpg,.jpg,314007,HAM10000_images_part_2\ISIC_0030693.jpg
HAM10000_images_part_2,ISIC_0030694.jpg,.jpg,184395,HAM10000_images_part_2\ISIC_0030694.jpg
HAM10000_images_part_2,ISIC_0030695.jpg,.jpg,291383,HAM10000_images_part_2\ISIC_0030695.jpg
HAM10000_images_part_2,ISIC_0030696.jpg,.jpg,271441,HAM10000_images_part_2\ISIC_0030696.jpg
HAM10000_images_part_2,ISIC_0030697.jpg,.jpg,265540,HAM10000_images_part_2\ISIC_0030697.jpg
HAM10000_images_part_2,ISIC_0030698.jpg,.jpg,264936,HAM10000_images_part_2\ISIC_0030698.jpg
HAM10000_images_part_2,ISIC_0030699.jpg,.jpg,293477,HAM10000_images_part_2\ISIC_0030699.jpg
HAM10000_images_part_2,ISIC_0030700.jpg,.jpg,287967,HAM10000_images_part_2\ISIC_0030700.jpg
HAM10000_images_part_2,ISIC_0030701.jpg,.jpg,264238,HAM10000_images_part_2\ISIC_0030701.jpg
HAM10000_images_part_2,ISIC_0030702.jpg,.jpg,274359,HAM10000_images_part_2\ISIC_0030702.jpg
HAM10000_images_part_2,ISIC_0030703.jpg,.jpg,266461,HAM10000_images_part_2\ISIC_0030703.jpg
HAM10000_images_part_2,ISIC_0030704.jpg,.jpg,283389,HAM10000_images_part_2\ISIC_0030704.jpg
HAM10000_images_part_2,ISIC_0030705.jpg,.jpg,266671,HAM10000_images_part_2\ISIC_0030705.jpg
HAM10000_images_part_2,ISIC_0030706.jpg,.jpg,278135,HAM10000_images_part_2\ISIC_0030706.jpg
HAM10000_images_part_2,ISIC_0030707.jpg,.jpg,307150,HAM10000_images_part_2\ISIC_0030707.jpg
HAM10000_images_part_2,ISIC_0030708.jpg,.jpg,272285,HAM10000_images_part_2\ISIC_0030708.jpg
HAM10000_images_part_2,ISIC_0030709.jpg,.jpg,221795,HAM10000_images_part_2\ISIC_0030709.jpg
HAM10000_images_part_2,ISIC_0030710.jpg,.jpg,288632,HAM10000_images_part_2\ISIC_0030710.jpg
HAM10000_images_part_2,ISIC_0030711.jpg,.jpg,282189,HAM10000_images_part_2\ISIC_0030711.jpg
HAM10000_images_part_2,ISIC_0030712.jpg,.jpg,278600,HAM10000_images_part_2\ISIC_0030712.jpg
HAM10000_images_part_2,ISIC_0030713.jpg,.jpg,277002,HAM10000_images_part_2\ISIC_0030713.jpg
HAM10000_images_part_2,ISIC_0030714.jpg,.jpg,221302,HAM10000_images_part_2\ISIC_0030714.jpg
HAM10000_images_part_2,ISIC_0030715.jpg,.jpg,268585,HAM10000_images_part_2\ISIC_0030715.jpg
HAM10000_images_part_2,ISIC_0030716.jpg,.jpg,276969,HAM10000_images_part_2\ISIC_0030716.jpg
HAM10000_images_part_2,ISIC_0030717.jpg,.jpg,269081,HAM10000_images_part_2\ISIC_0030717.jpg
HAM10000_images_part_2,ISIC_0030718.jpg,.jpg,283622,HAM10000_images_part_2\ISIC_0030718.jpg
HAM10000_images_part_2,ISIC_0030719.jpg,.jpg,269046,HAM10000_images_part_2\ISIC_0030719.jpg
HAM10000_images_part_2,ISIC_0030720.jpg,.jpg,262020,HAM10000_images_part_2\ISIC_0030720.jpg
HAM10000_images_part_2,ISIC_0030721.jpg,.jpg,273661,HAM10000_images_part_2\ISIC_0030721.jpg
HAM10000_images_part_2,ISIC_0030722.jpg,.jpg,237156,HAM10000_images_part_2\ISIC_0030722.jpg
HAM10000_images_part_2,ISIC_0030723.jpg,.jpg,264379,HAM10000_images_part_2\ISIC_0030723.jpg
HAM10000_images_part_2,ISIC_0030724.jpg,.jpg,281820,HAM10000_images_part_2\ISIC_0030724.jpg
HAM10000_images_part_2,ISIC_0030725.jpg,.jpg,264709,HAM10000_images_part_2\ISIC_0030725.jpg
HAM10000_images_part_2,ISIC_0030726.jpg,.jpg,284861,HAM10000_images_part_2\ISIC_0030726.jpg
HAM10000_images_part_2,ISIC_0030727.jpg,.jpg,274820,HAM10000_images_part_2\ISIC_0030727.jpg
HAM10000_images_part_2,ISIC_0030728.jpg,.jpg,264600,HAM10000_images_part_2\ISIC_0030728.jpg
HAM10000_images_part_2,ISIC_0030729.jpg,.jpg,353072,HAM10000_images_part_2\ISIC_0030729.jpg
HAM10000_images_part_2,ISIC_0030730.jpg,.jpg,221154,HAM10000_images_part_2\ISIC_0030730.jpg
HAM10000_images_part_2,ISIC_0030731.jpg,.jpg,331589,HAM10000_images_part_2\ISIC_0030731.jpg
HAM10000_images_part_2,ISIC_0030732.jpg,.jpg,148391,HAM10000_images_part_2\ISIC_0030732.jpg
HAM10000_images_part_2,ISIC_0030733.jpg,.jpg,262645,HAM10000_images_part_2\ISIC_0030733.jpg
HAM10000_images_part_2,ISIC_0030734.jpg,.jpg,348717,HAM10000_images_part_2\ISIC_0030734.jpg
HAM10000_images_part_2,ISIC_0030735.jpg,.jpg,274264,HAM10000_images_part_2\ISIC_0030735.jpg
HAM10000_images_part_2,ISIC_0030736.jpg,.jpg,342979,HAM10000_images_part_2\ISIC_0030736.jpg
HAM10000_images_part_2,ISIC_0030737.jpg,.jpg,269776,HAM10000_images_part_2\ISIC_0030737.jpg
HAM10000_images_part_2,ISIC_0030738.jpg,.jpg,289021,HAM10000_images_part_2\ISIC_0030738.jpg
HAM10000_images_part_2,ISIC_0030739.jpg,.jpg,270666,HAM10000_images_part_2\ISIC_0030739.jpg
HAM10000_images_part_2,ISIC_0030740.jpg,.jpg,204626,HAM10000_images_part_2\ISIC_0030740.jpg
HAM10000_images_part_2,ISIC_0030741.jpg,.jpg,225520,HAM10000_images_part_2\ISIC_0030741.jpg
HAM10000_images_part_2,ISIC_0030742.jpg,.jpg,256097,HAM10000_images_part_2\ISIC_0030742.jpg
HAM10000_images_part_2,ISIC_0030743.jpg,.jpg,347953,HAM10000_images_part_2\ISIC_0030743.jpg
HAM10000_images_part_2,ISIC_0030744.jpg,.jpg,203392,HAM10000_images_part_2\ISIC_0030744.jpg
HAM10000_images_part_2,ISIC_0030745.jpg,.jpg,259940,HAM10000_images_part_2\ISIC_0030745.jpg
HAM10000_images_part_2,ISIC_0030746.jpg,.jpg,211371,HAM10000_images_part_2\ISIC_0030746.jpg
HAM10000_images_part_2,ISIC_0030747.jpg,.jpg,224874,HAM10000_images_part_2\ISIC_0030747.jpg
HAM10000_images_part_2,ISIC_0030748.jpg,.jpg,297808,HAM10000_images_part_2\ISIC_0030748.jpg
HAM10000_images_part_2,ISIC_0030749.jpg,.jpg,272722,HAM10000_images_part_2\ISIC_0030749.jpg
HAM10000_images_part_2,ISIC_0030750.jpg,.jpg,272443,HAM10000_images_part_2\ISIC_0030750.jpg
HAM10000_images_part_2,ISIC_0030751.jpg,.jpg,265219,HAM10000_images_part_2\ISIC_0030751.jpg
HAM10000_images_part_2,ISIC_0030752.jpg,.jpg,261012,HAM10000_images_part_2\ISIC_0030752.jpg
HAM10000_images_part_2,ISIC_0030753.jpg,.jpg,280309,HAM10000_images_part_2\ISIC_0030753.jpg
HAM10000_images_part_2,ISIC_0030754.jpg,.jpg,384479,HAM10000_images_part_2\ISIC_0030754.jpg
HAM10000_images_part_2,ISIC_0030755.jpg,.jpg,281174,HAM10000_images_part_2\ISIC_0030755.jpg
HAM10000_images_part_2,ISIC_0030756.jpg,.jpg,329453,HAM10000_images_part_2\ISIC_0030756.jpg
HAM10000_images_part_2,ISIC_0030757.jpg,.jpg,256573,HAM10000_images_part_2\ISIC_0030757.jpg
HAM10000_images_part_2,ISIC_0030758.jpg,.jpg,280724,HAM10000_images_part_2\ISIC_0030758.jpg
HAM10000_images_part_2,ISIC_0030759.jpg,.jpg,308101,HAM10000_images_part_2\ISIC_0030759.jpg
HAM10000_images_part_2,ISIC_0030760.jpg,.jpg,307009,HAM10000_images_part_2\ISIC_0030760.jpg
HAM10000_images_part_2,ISIC_0030761.jpg,.jpg,322682,HAM10000_images_part_2\ISIC_0030761.jpg
HAM10000_images_part_2,ISIC_0030762.jpg,.jpg,270791,HAM10000_images_part_2\ISIC_0030762.jpg
HAM10000_images_part_2,ISIC_0030763.jpg,.jpg,282370,HAM10000_images_part_2\ISIC_0030763.jpg
HAM10000_images_part_2,ISIC_0030764.jpg,.jpg,282246,HAM10000_images_part_2\ISIC_0030764.jpg
HAM10000_images_part_2,ISIC_0030765.jpg,.jpg,271996,HAM10000_images_part_2\ISIC_0030765.jpg
HAM10000_images_part_2,ISIC_0030766.jpg,.jpg,323121,HAM10000_images_part_2\ISIC_0030766.jpg
HAM10000_images_part_2,ISIC_0030767.jpg,.jpg,322316,HAM10000_images_part_2\ISIC_0030767.jpg
HAM10000_images_part_2,ISIC_0030768.jpg,.jpg,297967,HAM10000_images_part_2\ISIC_0030768.jpg
HAM10000_images_part_2,ISIC_0030769.jpg,.jpg,284606,HAM10000_images_part_2\ISIC_0030769.jpg
HAM10000_images_part_2,ISIC_0030770.jpg,.jpg,258129,HAM10000_images_part_2\ISIC_0030770.jpg
HAM10000_images_part_2,ISIC_0030771.jpg,.jpg,296323,HAM10000_images_part_2\ISIC_0030771.jpg
HAM10000_images_part_2,ISIC_0030772.jpg,.jpg,151522,HAM10000_images_part_2\ISIC_0030772.jpg
HAM10000_images_part_2,ISIC_0030773.jpg,.jpg,242426,HAM10000_images_part_2\ISIC_0030773.jpg
HAM10000_images_part_2,ISIC_0030774.jpg,.jpg,381117,HAM10000_images_part_2\ISIC_0030774.jpg
HAM10000_images_part_2,ISIC_0030775.jpg,.jpg,257287,HAM10000_images_part_2\ISIC_0030775.jpg
HAM10000_images_part_2,ISIC_0030776.jpg,.jpg,273967,HAM10000_images_part_2\ISIC_0030776.jpg
HAM10000_images_part_2,ISIC_0030777.jpg,.jpg,281617,HAM10000_images_part_2\ISIC_0030777.jpg
HAM10000_images_part_2,ISIC_0030778.jpg,.jpg,276264,HAM10000_images_part_2\ISIC_0030778.jpg
HAM10000_images_part_2,ISIC_0030779.jpg,.jpg,267516,HAM10000_images_part_2\ISIC_0030779.jpg
HAM10000_images_part_2,ISIC_0030780.jpg,.jpg,272368,HAM10000_images_part_2\ISIC_0030780.jpg
HAM10000_images_part_2,ISIC_0030781.jpg,.jpg,283956,HAM10000_images_part_2\ISIC_0030781.jpg
HAM10000_images_part_2,ISIC_0030782.jpg,.jpg,275987,HAM10000_images_part_2\ISIC_0030782.jpg
HAM10000_images_part_2,ISIC_0030783.jpg,.jpg,300986,HAM10000_images_part_2\ISIC_0030783.jpg
HAM10000_images_part_2,ISIC_0030784.jpg,.jpg,334628,HAM10000_images_part_2\ISIC_0030784.jpg
HAM10000_images_part_2,ISIC_0030785.jpg,.jpg,256909,HAM10000_images_part_2\ISIC_0030785.jpg
HAM10000_images_part_2,ISIC_0030786.jpg,.jpg,239426,HAM10000_images_part_2\ISIC_0030786.jpg
HAM10000_images_part_2,ISIC_0030787.jpg,.jpg,368303,HAM10000_images_part_2\ISIC_0030787.jpg
HAM10000_images_part_2,ISIC_0030788.jpg,.jpg,284064,HAM10000_images_part_2\ISIC_0030788.jpg
HAM10000_images_part_2,ISIC_0030789.jpg,.jpg,349794,HAM10000_images_part_2\ISIC_0030789.jpg
HAM10000_images_part_2,ISIC_0030790.jpg,.jpg,221765,HAM10000_images_part_2\ISIC_0030790.jpg
HAM10000_images_part_2,ISIC_0030791.jpg,.jpg,345890,HAM10000_images_part_2\ISIC_0030791.jpg
HAM10000_images_part_2,ISIC_0030792.jpg,.jpg,132516,HAM10000_images_part_2\ISIC_0030792.jpg
HAM10000_images_part_2,ISIC_0030793.jpg,.jpg,287264,HAM10000_images_part_2\ISIC_0030793.jpg
HAM10000_images_part_2,ISIC_0030794.jpg,.jpg,270375,HAM10000_images_part_2\ISIC_0030794.jpg
HAM10000_images_part_2,ISIC_0030795.jpg,.jpg,253874,HAM10000_images_part_2\ISIC_0030795.jpg
HAM10000_images_part_2,ISIC_0030796.jpg,.jpg,219229,HAM10000_images_part_2\ISIC_0030796.jpg
HAM10000_images_part_2,ISIC_0030797.jpg,.jpg,270662,HAM10000_images_part_2\ISIC_0030797.jpg
HAM10000_images_part_2,ISIC_0030798.jpg,.jpg,262149,HAM10000_images_part_2\ISIC_0030798.jpg
HAM10000_images_part_2,ISIC_0030799.jpg,.jpg,275226,HAM10000_images_part_2\ISIC_0030799.jpg
HAM10000_images_part_2,ISIC_0030800.jpg,.jpg,342827,HAM10000_images_part_2\ISIC_0030800.jpg
HAM10000_images_part_2,ISIC_0030801.jpg,.jpg,271352,HAM10000_images_part_2\ISIC_0030801.jpg
HAM10000_images_part_2,ISIC_0030802.jpg,.jpg,204734,HAM10000_images_part_2\ISIC_0030802.jpg
HAM10000_images_part_2,ISIC_0030803.jpg,.jpg,227834,HAM10000_images_part_2\ISIC_0030803.jpg
HAM10000_images_part_2,ISIC_0030804.jpg,.jpg,355590,HAM10000_images_part_2\ISIC_0030804.jpg
HAM10000_images_part_2,ISIC_0030805.jpg,.jpg,273528,HAM10000_images_part_2\ISIC_0030805.jpg
HAM10000_images_part_2,ISIC_0030806.jpg,.jpg,244569,HAM10000_images_part_2\ISIC_0030806.jpg
HAM10000_images_part_2,ISIC_0030807.jpg,.jpg,267634,HAM10000_images_part_2\ISIC_0030807.jpg
HAM10000_images_part_2,ISIC_0030808.jpg,.jpg,266636,HAM10000_images_part_2\ISIC_0030808.jpg
HAM10000_images_part_2,ISIC_0030809.jpg,.jpg,251892,HAM10000_images_part_2\ISIC_0030809.jpg
HAM10000_images_part_2,ISIC_0030810.jpg,.jpg,239957,HAM10000_images_part_2\ISIC_0030810.jpg
HAM10000_images_part_2,ISIC_0030811.jpg,.jpg,269738,HAM10000_images_part_2\ISIC_0030811.jpg
HAM10000_images_part_2,ISIC_0030812.jpg,.jpg,286232,HAM10000_images_part_2\ISIC_0030812.jpg
HAM10000_images_part_2,ISIC_0030813.jpg,.jpg,231121,HAM10000_images_part_2\ISIC_0030813.jpg
HAM10000_images_part_2,ISIC_0030814.jpg,.jpg,354219,HAM10000_images_part_2\ISIC_0030814.jpg
HAM10000_images_part_2,ISIC_0030815.jpg,.jpg,274464,HAM10000_images_part_2\ISIC_0030815.jpg
HAM10000_images_part_2,ISIC_0030816.jpg,.jpg,245989,HAM10000_images_part_2\ISIC_0030816.jpg
HAM10000_images_part_2,ISIC_0030817.jpg,.jpg,226363,HAM10000_images_part_2\ISIC_0030817.jpg
HAM10000_images_part_2,ISIC_0030818.jpg,.jpg,284677,HAM10000_images_part_2\ISIC_0030818.jpg
HAM10000_images_part_2,ISIC_0030819.jpg,.jpg,151441,HAM10000_images_part_2\ISIC_0030819.jpg
HAM10000_images_part_2,ISIC_0030820.jpg,.jpg,349514,HAM10000_images_part_2\ISIC_0030820.jpg
HAM10000_images_part_2,ISIC_0030821.jpg,.jpg,238722,HAM10000_images_part_2\ISIC_0030821.jpg
HAM10000_images_part_2,ISIC_0030822.jpg,.jpg,238915,HAM10000_images_part_2\ISIC_0030822.jpg
HAM10000_images_part_2,ISIC_0030823.jpg,.jpg,280104,HAM10000_images_part_2\ISIC_0030823.jpg
HAM10000_images_part_2,ISIC_0030824.jpg,.jpg,328791,HAM10000_images_part_2\ISIC_0030824.jpg
HAM10000_images_part_2,ISIC_0030825.jpg,.jpg,244411,HAM10000_images_part_2\ISIC_0030825.jpg
HAM10000_images_part_2,ISIC_0030826.jpg,.jpg,262736,HAM10000_images_part_2\ISIC_0030826.jpg
HAM10000_images_part_2,ISIC_0030827.jpg,.jpg,292517,HAM10000_images_part_2\ISIC_0030827.jpg
HAM10000_images_part_2,ISIC_0030828.jpg,.jpg,205201,HAM10000_images_part_2\ISIC_0030828.jpg
HAM10000_images_part_2,ISIC_0030829.jpg,.jpg,156609,HAM10000_images_part_2\ISIC_0030829.jpg
HAM10000_images_part_2,ISIC_0030830.jpg,.jpg,370062,HAM10000_images_part_2\ISIC_0030830.jpg
HAM10000_images_part_2,ISIC_0030831.jpg,.jpg,277554,HAM10000_images_part_2\ISIC_0030831.jpg
HAM10000_images_part_2,ISIC_0030832.jpg,.jpg,270895,HAM10000_images_part_2\ISIC_0030832.jpg
HAM10000_images_part_2,ISIC_0030833.jpg,.jpg,217412,HAM10000_images_part_2\ISIC_0030833.jpg
HAM10000_images_part_2,ISIC_0030834.jpg,.jpg,273447,HAM10000_images_part_2\ISIC_0030834.jpg
HAM10000_images_part_2,ISIC_0030835.jpg,.jpg,273748,HAM10000_images_part_2\ISIC_0030835.jpg
HAM10000_images_part_2,ISIC_0030836.jpg,.jpg,339493,HAM10000_images_part_2\ISIC_0030836.jpg
HAM10000_images_part_2,ISIC_0030837.jpg,.jpg,284315,HAM10000_images_part_2\ISIC_0030837.jpg
HAM10000_images_part_2,ISIC_0030838.jpg,.jpg,327416,HAM10000_images_part_2\ISIC_0030838.jpg
HAM10000_images_part_2,ISIC_0030839.jpg,.jpg,168262,HAM10000_images_part_2\ISIC_0030839.jpg
HAM10000_images_part_2,ISIC_0030840.jpg,.jpg,206579,HAM10000_images_part_2\ISIC_0030840.jpg
HAM10000_images_part_2,ISIC_0030841.jpg,.jpg,306899,HAM10000_images_part_2\ISIC_0030841.jpg
HAM10000_images_part_2,ISIC_0030842.jpg,.jpg,260165,HAM10000_images_part_2\ISIC_0030842.jpg
HAM10000_images_part_2,ISIC_0030843.jpg,.jpg,246879,HAM10000_images_part_2\ISIC_0030843.jpg
HAM10000_images_part_2,ISIC_0030844.jpg,.jpg,266695,HAM10000_images_part_2\ISIC_0030844.jpg
HAM10000_images_part_2,ISIC_0030845.jpg,.jpg,232757,HAM10000_images_part_2\ISIC_0030845.jpg
HAM10000_images_part_2,ISIC_0030846.jpg,.jpg,349386,HAM10000_images_part_2\ISIC_0030846.jpg
HAM10000_images_part_2,ISIC_0030847.jpg,.jpg,195858,HAM10000_images_part_2\ISIC_0030847.jpg
HAM10000_images_part_2,ISIC_0030848.jpg,.jpg,251145,HAM10000_images_part_2\ISIC_0030848.jpg
HAM10000_images_part_2,ISIC_0030849.jpg,.jpg,250671,HAM10000_images_part_2\ISIC_0030849.jpg
HAM10000_images_part_2,ISIC_0030850.jpg,.jpg,281674,HAM10000_images_part_2\ISIC_0030850.jpg
HAM10000_images_part_2,ISIC_0030851.jpg,.jpg,204512,HAM10000_images_part_2\ISIC_0030851.jpg
HAM10000_images_part_2,ISIC_0030852.jpg,.jpg,230354,HAM10000_images_part_2\ISIC_0030852.jpg
HAM10000_images_part_2,ISIC_0030853.jpg,.jpg,280226,HAM10000_images_part_2\ISIC_0030853.jpg
HAM10000_images_part_2,ISIC_0030854.jpg,.jpg,278829,HAM10000_images_part_2\ISIC_0030854.jpg
HAM10000_images_part_2,ISIC_0030855.jpg,.jpg,274021,HAM10000_images_part_2\ISIC_0030855.jpg
HAM10000_images_part_2,ISIC_0030856.jpg,.jpg,203799,HAM10000_images_part_2\ISIC_0030856.jpg
HAM10000_images_part_2,ISIC_0030857.jpg,.jpg,280670,HAM10000_images_part_2\ISIC_0030857.jpg
HAM10000_images_part_2,ISIC_0030858.jpg,.jpg,237715,HAM10000_images_part_2\ISIC_0030858.jpg
HAM10000_images_part_2,ISIC_0030859.jpg,.jpg,190420,HAM10000_images_part_2\ISIC_0030859.jpg
HAM10000_images_part_2,ISIC_0030860.jpg,.jpg,284953,HAM10000_images_part_2\ISIC_0030860.jpg
HAM10000_images_part_2,ISIC_0030861.jpg,.jpg,269595,HAM10000_images_part_2\ISIC_0030861.jpg
HAM10000_images_part_2,ISIC_0030862.jpg,.jpg,350047,HAM10000_images_part_2\ISIC_0030862.jpg
HAM10000_images_part_2,ISIC_0030863.jpg,.jpg,273353,HAM10000_images_part_2\ISIC_0030863.jpg
HAM10000_images_part_2,ISIC_0030864.jpg,.jpg,258944,HAM10000_images_part_2\ISIC_0030864.jpg
HAM10000_images_part_2,ISIC_0030865.jpg,.jpg,270130,HAM10000_images_part_2\ISIC_0030865.jpg
HAM10000_images_part_2,ISIC_0030866.jpg,.jpg,263537,HAM10000_images_part_2\ISIC_0030866.jpg
HAM10000_images_part_2,ISIC_0030867.jpg,.jpg,267115,HAM10000_images_part_2\ISIC_0030867.jpg
HAM10000_images_part_2,ISIC_0030868.jpg,.jpg,280943,HAM10000_images_part_2\ISIC_0030868.jpg
HAM10000_images_part_2,ISIC_0030869.jpg,.jpg,281070,HAM10000_images_part_2\ISIC_0030869.jpg
HAM10000_images_part_2,ISIC_0030870.jpg,.jpg,348993,HAM10000_images_part_2\ISIC_0030870.jpg
HAM10000_images_part_2,ISIC_0030871.jpg,.jpg,339323,HAM10000_images_part_2\ISIC_0030871.jpg
HAM10000_images_part_2,ISIC_0030872.jpg,.jpg,300177,HAM10000_images_part_2\ISIC_0030872.jpg
HAM10000_images_part_2,ISIC_0030873.jpg,.jpg,242980,HAM10000_images_part_2\ISIC_0030873.jpg
HAM10000_images_part_2,ISIC_0030874.jpg,.jpg,244121,HAM10000_images_part_2\ISIC_0030874.jpg
HAM10000_images_part_2,ISIC_0030875.jpg,.jpg,336201,HAM10000_images_part_2\ISIC_0030875.jpg
HAM10000_images_part_2,ISIC_0030876.jpg,.jpg,204822,HAM10000_images_part_2\ISIC_0030876.jpg
HAM10000_images_part_2,ISIC_0030877.jpg,.jpg,162932,HAM10000_images_part_2\ISIC_0030877.jpg
HAM10000_images_part_2,ISIC_0030878.jpg,.jpg,290716,HAM10000_images_part_2\ISIC_0030878.jpg
HAM10000_images_part_2,ISIC_0030879.jpg,.jpg,280571,HAM10000_images_part_2\ISIC_0030879.jpg
HAM10000_images_part_2,ISIC_0030880.jpg,.jpg,396615,HAM10000_images_part_2\ISIC_0030880.jpg
HAM10000_images_part_2,ISIC_0030881.jpg,.jpg,317669,HAM10000_images_part_2\ISIC_0030881.jpg
HAM10000_images_part_2,ISIC_0030882.jpg,.jpg,267312,HAM10000_images_part_2\ISIC_0030882.jpg
HAM10000_images_part_2,ISIC_0030883.jpg,.jpg,272020,HAM10000_images_part_2\ISIC_0030883.jpg
HAM10000_images_part_2,ISIC_0030884.jpg,.jpg,280303,HAM10000_images_part_2\ISIC_0030884.jpg
HAM10000_images_part_2,ISIC_0030885.jpg,.jpg,354208,HAM10000_images_part_2\ISIC_0030885.jpg
HAM10000_images_part_2,ISIC_0030886.jpg,.jpg,274680,HAM10000_images_part_2\ISIC_0030886.jpg
HAM10000_images_part_2,ISIC_0030887.jpg,.jpg,269295,HAM10000_images_part_2\ISIC_0030887.jpg
HAM10000_images_part_2,ISIC_0030888.jpg,.jpg,364809,HAM10000_images_part_2\ISIC_0030888.jpg
HAM10000_images_part_2,ISIC_0030889.jpg,.jpg,274754,HAM10000_images_part_2\ISIC_0030889.jpg
HAM10000_images_part_2,ISIC_0030890.jpg,.jpg,305455,HAM10000_images_part_2\ISIC_0030890.jpg
HAM10000_images_part_2,ISIC_0030891.jpg,.jpg,328477,HAM10000_images_part_2\ISIC_0030891.jpg
HAM10000_images_part_2,ISIC_0030892.jpg,.jpg,249191,HAM10000_images_part_2\ISIC_0030892.jpg
HAM10000_images_part_2,ISIC_0030893.jpg,.jpg,299108,HAM10000_images_part_2\ISIC_0030893.jpg
HAM10000_images_part_2,ISIC_0030894.jpg,.jpg,289329,HAM10000_images_part_2\ISIC_0030894.jpg
HAM10000_images_part_2,ISIC_0030895.jpg,.jpg,265990,HAM10000_images_part_2\ISIC_0030895.jpg
HAM10000_images_part_2,ISIC_0030896.jpg,.jpg,298443,HAM10000_images_part_2\ISIC_0030896.jpg
HAM10000_images_part_2,ISIC_0030897.jpg,.jpg,274239,HAM10000_images_part_2\ISIC_0030897.jpg
HAM10000_images_part_2,ISIC_0030898.jpg,.jpg,299363,HAM10000_images_part_2\ISIC_0030898.jpg
HAM10000_images_part_2,ISIC_0030899.jpg,.jpg,251874,HAM10000_images_part_2\ISIC_0030899.jpg
HAM10000_images_part_2,ISIC_0030900.jpg,.jpg,292702,HAM10000_images_part_2\ISIC_0030900.jpg
HAM10000_images_part_2,ISIC_0030901.jpg,.jpg,307398,HAM10000_images_part_2\ISIC_0030901.jpg
HAM10000_images_part_2,ISIC_0030902.jpg,.jpg,272178,HAM10000_images_part_2\ISIC_0030902.jpg
HAM10000_images_part_2,ISIC_0030903.jpg,.jpg,332892,HAM10000_images_part_2\ISIC_0030903.jpg
HAM10000_images_part_2,ISIC_0030904.jpg,.jpg,345873,HAM10000_images_part_2\ISIC_0030904.jpg
HAM10000_images_part_2,ISIC_0030905.jpg,.jpg,272833,HAM10000_images_part_2\ISIC_0030905.jpg
HAM10000_images_part_2,ISIC_0030906.jpg,.jpg,338151,HAM10000_images_part_2\ISIC_0030906.jpg
HAM10000_images_part_2,ISIC_0030907.jpg,.jpg,289100,HAM10000_images_part_2\ISIC_0030907.jpg
HAM10000_images_part_2,ISIC_0030908.jpg,.jpg,268442,HAM10000_images_part_2\ISIC_0030908.jpg
HAM10000_images_part_2,ISIC_0030909.jpg,.jpg,220476,HAM10000_images_part_2\ISIC_0030909.jpg
HAM10000_images_part_2,ISIC_0030910.jpg,.jpg,315826,HAM10000_images_part_2\ISIC_0030910.jpg
HAM10000_images_part_2,ISIC_0030911.jpg,.jpg,334187,HAM10000_images_part_2\ISIC_0030911.jpg
HAM10000_images_part_2,ISIC_0030912.jpg,.jpg,193203,HAM10000_images_part_2\ISIC_0030912.jpg
HAM10000_images_part_2,ISIC_0030913.jpg,.jpg,284989,HAM10000_images_part_2\ISIC_0030913.jpg
HAM10000_images_part_2,ISIC_0030914.jpg,.jpg,183802,HAM10000_images_part_2\ISIC_0030914.jpg
HAM10000_images_part_2,ISIC_0030915.jpg,.jpg,281315,HAM10000_images_part_2\ISIC_0030915.jpg
HAM10000_images_part_2,ISIC_0030916.jpg,.jpg,269704,HAM10000_images_part_2\ISIC_0030916.jpg
HAM10000_images_part_2,ISIC_0030917.jpg,.jpg,277919,HAM10000_images_part_2\ISIC_0030917.jpg
HAM10000_images_part_2,ISIC_0030918.jpg,.jpg,380529,HAM10000_images_part_2\ISIC_0030918.jpg
HAM10000_images_part_2,ISIC_0030919.jpg,.jpg,205240,HAM10000_images_part_2\ISIC_0030919.jpg
HAM10000_images_part_2,ISIC_0030920.jpg,.jpg,163903,HAM10000_images_part_2\ISIC_0030920.jpg
HAM10000_images_part_2,ISIC_0030921.jpg,.jpg,274627,HAM10000_images_part_2\ISIC_0030921.jpg
HAM10000_images_part_2,ISIC_0030922.jpg,.jpg,257336,HAM10000_images_part_2\ISIC_0030922.jpg
HAM10000_images_part_2,ISIC_0030923.jpg,.jpg,193812,HAM10000_images_part_2\ISIC_0030923.jpg
HAM10000_images_part_2,ISIC_0030924.jpg,.jpg,321807,HAM10000_images_part_2\ISIC_0030924.jpg
HAM10000_images_part_2,ISIC_0030925.jpg,.jpg,253920,HAM10000_images_part_2\ISIC_0030925.jpg
HAM10000_images_part_2,ISIC_0030926.jpg,.jpg,249891,HAM10000_images_part_2\ISIC_0030926.jpg
HAM10000_images_part_2,ISIC_0030927.jpg,.jpg,258479,HAM10000_images_part_2\ISIC_0030927.jpg
HAM10000_images_part_2,ISIC_0030928.jpg,.jpg,259439,HAM10000_images_part_2\ISIC_0030928.jpg
HAM10000_images_part_2,ISIC_0030929.jpg,.jpg,324836,HAM10000_images_part_2\ISIC_0030929.jpg
HAM10000_images_part_2,ISIC_0030930.jpg,.jpg,227922,HAM10000_images_part_2\ISIC_0030930.jpg
HAM10000_images_part_2,ISIC_0030931.jpg,.jpg,279994,HAM10000_images_part_2\ISIC_0030931.jpg
HAM10000_images_part_2,ISIC_0030932.jpg,.jpg,303768,HAM10000_images_part_2\ISIC_0030932.jpg
HAM10000_images_part_2,ISIC_0030933.jpg,.jpg,265312,HAM10000_images_part_2\ISIC_0030933.jpg
HAM10000_images_part_2,ISIC_0030934.jpg,.jpg,266225,HAM10000_images_part_2\ISIC_0030934.jpg
HAM10000_images_part_2,ISIC_0030935.jpg,.jpg,283245,HAM10000_images_part_2\ISIC_0030935.jpg
HAM10000_images_part_2,ISIC_0030936.jpg,.jpg,338361,HAM10000_images_part_2\ISIC_0030936.jpg
HAM10000_images_part_2,ISIC_0030937.jpg,.jpg,224414,HAM10000_images_part_2\ISIC_0030937.jpg
HAM10000_images_part_2,ISIC_0030938.jpg,.jpg,278843,HAM10000_images_part_2\ISIC_0030938.jpg
HAM10000_images_part_2,ISIC_0030939.jpg,.jpg,282717,HAM10000_images_part_2\ISIC_0030939.jpg
HAM10000_images_part_2,ISIC_0030940.jpg,.jpg,202999,HAM10000_images_part_2\ISIC_0030940.jpg
HAM10000_images_part_2,ISIC_0030941.jpg,.jpg,253551,HAM10000_images_part_2\ISIC_0030941.jpg
HAM10000_images_part_2,ISIC_0030942.jpg,.jpg,208878,HAM10000_images_part_2\ISIC_0030942.jpg
HAM10000_images_part_2,ISIC_0030943.jpg,.jpg,341465,HAM10000_images_part_2\ISIC_0030943.jpg
HAM10000_images_part_2,ISIC_0030944.jpg,.jpg,356626,HAM10000_images_part_2\ISIC_0030944.jpg
HAM10000_images_part_2,ISIC_0030945.jpg,.jpg,211927,HAM10000_images_part_2\ISIC_0030945.jpg
HAM10000_images_part_2,ISIC_0030946.jpg,.jpg,270068,HAM10000_images_part_2\ISIC_0030946.jpg
HAM10000_images_part_2,ISIC_0030947.jpg,.jpg,293364,HAM10000_images_part_2\ISIC_0030947.jpg
HAM10000_images_part_2,ISIC_0030948.jpg,.jpg,279242,HAM10000_images_part_2\ISIC_0030948.jpg
HAM10000_images_part_2,ISIC_0030949.jpg,.jpg,273400,HAM10000_images_part_2\ISIC_0030949.jpg
HAM10000_images_part_2,ISIC_0030950.jpg,.jpg,331814,HAM10000_images_part_2\ISIC_0030950.jpg
HAM10000_images_part_2,ISIC_0030951.jpg,.jpg,243845,HAM10000_images_part_2\ISIC_0030951.jpg
HAM10000_images_part_2,ISIC_0030952.jpg,.jpg,279837,HAM10000_images_part_2\ISIC_0030952.jpg
HAM10000_images_part_2,ISIC_0030953.jpg,.jpg,262871,HAM10000_images_part_2\ISIC_0030953.jpg
HAM10000_images_part_2,ISIC_0030954.jpg,.jpg,146105,HAM10000_images_part_2\ISIC_0030954.jpg
HAM10000_images_part_2,ISIC_0030955.jpg,.jpg,349366,HAM10000_images_part_2\ISIC_0030955.jpg
HAM10000_images_part_2,ISIC_0030956.jpg,.jpg,264548,HAM10000_images_part_2\ISIC_0030956.jpg
HAM10000_images_part_2,ISIC_0030957.jpg,.jpg,335923,HAM10000_images_part_2\ISIC_0030957.jpg
HAM10000_images_part_2,ISIC_0030958.jpg,.jpg,247514,HAM10000_images_part_2\ISIC_0030958.jpg
HAM10000_images_part_2,ISIC_0030959.jpg,.jpg,310671,HAM10000_images_part_2\ISIC_0030959.jpg
HAM10000_images_part_2,ISIC_0030960.jpg,.jpg,237484,HAM10000_images_part_2\ISIC_0030960.jpg
HAM10000_images_part_2,ISIC_0030961.jpg,.jpg,330686,HAM10000_images_part_2\ISIC_0030961.jpg
HAM10000_images_part_2,ISIC_0030962.jpg,.jpg,140665,HAM10000_images_part_2\ISIC_0030962.jpg
HAM10000_images_part_2,ISIC_0030963.jpg,.jpg,338283,HAM10000_images_part_2\ISIC_0030963.jpg
HAM10000_images_part_2,ISIC_0030964.jpg,.jpg,242189,HAM10000_images_part_2\ISIC_0030964.jpg
HAM10000_images_part_2,ISIC_0030965.jpg,.jpg,279899,HAM10000_images_part_2\ISIC_0030965.jpg
HAM10000_images_part_2,ISIC_0030966.jpg,.jpg,249707,HAM10000_images_part_2\ISIC_0030966.jpg
HAM10000_images_part_2,ISIC_0030967.jpg,.jpg,213881,HAM10000_images_part_2\ISIC_0030967.jpg
HAM10000_images_part_2,ISIC_0030968.jpg,.jpg,342546,HAM10000_images_part_2\ISIC_0030968.jpg
HAM10000_images_part_2,ISIC_0030969.jpg,.jpg,271433,HAM10000_images_part_2\ISIC_0030969.jpg
HAM10000_images_part_2,ISIC_0030970.jpg,.jpg,309456,HAM10000_images_part_2\ISIC_0030970.jpg
HAM10000_images_part_2,ISIC_0030971.jpg,.jpg,272995,HAM10000_images_part_2\ISIC_0030971.jpg
HAM10000_images_part_2,ISIC_0030972.jpg,.jpg,264917,HAM10000_images_part_2\ISIC_0030972.jpg
HAM10000_images_part_2,ISIC_0030973.jpg,.jpg,232473,HAM10000_images_part_2\ISIC_0030973.jpg
HAM10000_images_part_2,ISIC_0030974.jpg,.jpg,263513,HAM10000_images_part_2\ISIC_0030974.jpg
HAM10000_images_part_2,ISIC_0030975.jpg,.jpg,261462,HAM10000_images_part_2\ISIC_0030975.jpg
HAM10000_images_part_2,ISIC_0030976.jpg,.jpg,287605,HAM10000_images_part_2\ISIC_0030976.jpg
HAM10000_images_part_2,ISIC_0030977.jpg,.jpg,225341,HAM10000_images_part_2\ISIC_0030977.jpg
HAM10000_images_part_2,ISIC_0030978.jpg,.jpg,278990,HAM10000_images_part_2\ISIC_0030978.jpg
HAM10000_images_part_2,ISIC_0030979.jpg,.jpg,227905,HAM10000_images_part_2\ISIC_0030979.jpg
HAM10000_images_part_2,ISIC_0030980.jpg,.jpg,174832,HAM10000_images_part_2\ISIC_0030980.jpg
HAM10000_images_part_2,ISIC_0030981.jpg,.jpg,196838,HAM10000_images_part_2\ISIC_0030981.jpg
HAM10000_images_part_2,ISIC_0030982.jpg,.jpg,259050,HAM10000_images_part_2\ISIC_0030982.jpg
HAM10000_images_part_2,ISIC_0030983.jpg,.jpg,259019,HAM10000_images_part_2\ISIC_0030983.jpg
HAM10000_images_part_2,ISIC_0030984.jpg,.jpg,263400,HAM10000_images_part_2\ISIC_0030984.jpg
HAM10000_images_part_2,ISIC_0030985.jpg,.jpg,277527,HAM10000_images_part_2\ISIC_0030985.jpg
HAM10000_images_part_2,ISIC_0030986.jpg,.jpg,239678,HAM10000_images_part_2\ISIC_0030986.jpg
HAM10000_images_part_2,ISIC_0030987.jpg,.jpg,284153,HAM10000_images_part_2\ISIC_0030987.jpg
HAM10000_images_part_2,ISIC_0030988.jpg,.jpg,200866,HAM10000_images_part_2\ISIC_0030988.jpg
HAM10000_images_part_2,ISIC_0030989.jpg,.jpg,265094,HAM10000_images_part_2\ISIC_0030989.jpg
HAM10000_images_part_2,ISIC_0030990.jpg,.jpg,210851,HAM10000_images_part_2\ISIC_0030990.jpg
HAM10000_images_part_2,ISIC_0030991.jpg,.jpg,277362,HAM10000_images_part_2\ISIC_0030991.jpg
HAM10000_images_part_2,ISIC_0030992.jpg,.jpg,305357,HAM10000_images_part_2\ISIC_0030992.jpg
HAM10000_images_part_2,ISIC_0030993.jpg,.jpg,352212,HAM10000_images_part_2\ISIC_0030993.jpg
HAM10000_images_part_2,ISIC_0030994.jpg,.jpg,282806,HAM10000_images_part_2\ISIC_0030994.jpg
HAM10000_images_part_2,ISIC_0030995.jpg,.jpg,283259,HAM10000_images_part_2\ISIC_0030995.jpg
HAM10000_images_part_2,ISIC_0030996.jpg,.jpg,299388,HAM10000_images_part_2\ISIC_0030996.jpg
HAM10000_images_part_2,ISIC_0030997.jpg,.jpg,276650,HAM10000_images_part_2\ISIC_0030997.jpg
HAM10000_images_part_2,ISIC_0030998.jpg,.jpg,266234,HAM10000_images_part_2\ISIC_0030998.jpg
HAM10000_images_part_2,ISIC_0030999.jpg,.jpg,264886,HAM10000_images_part_2\ISIC_0030999.jpg
HAM10000_images_part_2,ISIC_0031000.jpg,.jpg,254068,HAM10000_images_part_2\ISIC_0031000.jpg
HAM10000_images_part_2,ISIC_0031001.jpg,.jpg,294910,HAM10000_images_part_2\ISIC_0031001.jpg
HAM10000_images_part_2,ISIC_0031002.jpg,.jpg,316355,HAM10000_images_part_2\ISIC_0031002.jpg
HAM10000_images_part_2,ISIC_0031003.jpg,.jpg,274976,HAM10000_images_part_2\ISIC_0031003.jpg
HAM10000_images_part_2,ISIC_0031004.jpg,.jpg,260570,HAM10000_images_part_2\ISIC_0031004.jpg
HAM10000_images_part_2,ISIC_0031005.jpg,.jpg,285354,HAM10000_images_part_2\ISIC_0031005.jpg
HAM10000_images_part_2,ISIC_0031006.jpg,.jpg,281506,HAM10000_images_part_2\ISIC_0031006.jpg
HAM10000_images_part_2,ISIC_0031007.jpg,.jpg,246815,HAM10000_images_part_2\ISIC_0031007.jpg
HAM10000_images_part_2,ISIC_0031008.jpg,.jpg,289652,HAM10000_images_part_2\ISIC_0031008.jpg
HAM10000_images_part_2,ISIC_0031009.jpg,.jpg,263694,HAM10000_images_part_2\ISIC_0031009.jpg
HAM10000_images_part_2,ISIC_0031010.jpg,.jpg,258494,HAM10000_images_part_2\ISIC_0031010.jpg
HAM10000_images_part_2,ISIC_0031011.jpg,.jpg,129571,HAM10000_images_part_2\ISIC_0031011.jpg
HAM10000_images_part_2,ISIC_0031012.jpg,.jpg,245229,HAM10000_images_part_2\ISIC_0031012.jpg
HAM10000_images_part_2,ISIC_0031013.jpg,.jpg,296932,HAM10000_images_part_2\ISIC_0031013.jpg
HAM10000_images_part_2,ISIC_0031014.jpg,.jpg,141286,HAM10000_images_part_2\ISIC_0031014.jpg
HAM10000_images_part_2,ISIC_0031015.jpg,.jpg,131731,HAM10000_images_part_2\ISIC_0031015.jpg
HAM10000_images_part_2,ISIC_0031016.jpg,.jpg,250724,HAM10000_images_part_2\ISIC_0031016.jpg
HAM10000_images_part_2,ISIC_0031017.jpg,.jpg,297974,HAM10000_images_part_2\ISIC_0031017.jpg
HAM10000_images_part_2,ISIC_0031018.jpg,.jpg,329063,HAM10000_images_part_2\ISIC_0031018.jpg
HAM10000_images_part_2,ISIC_0031019.jpg,.jpg,212374,HAM10000_images_part_2\ISIC_0031019.jpg
HAM10000_images_part_2,ISIC_0031020.jpg,.jpg,275036,HAM10000_images_part_2\ISIC_0031020.jpg
HAM10000_images_part_2,ISIC_0031021.jpg,.jpg,352075,HAM10000_images_part_2\ISIC_0031021.jpg
HAM10000_images_part_2,ISIC_0031022.jpg,.jpg,272542,HAM10000_images_part_2\ISIC_0031022.jpg
HAM10000_images_part_2,ISIC_0031023.jpg,.jpg,403701,HAM10000_images_part_2\ISIC_0031023.jpg
HAM10000_images_part_2,ISIC_0031024.jpg,.jpg,336408,HAM10000_images_part_2\ISIC_0031024.jpg
HAM10000_images_part_2,ISIC_0031025.jpg,.jpg,207370,HAM10000_images_part_2\ISIC_0031025.jpg
HAM10000_images_part_2,ISIC_0031026.jpg,.jpg,227164,HAM10000_images_part_2\ISIC_0031026.jpg
HAM10000_images_part_2,ISIC_0031027.jpg,.jpg,273610,HAM10000_images_part_2\ISIC_0031027.jpg
HAM10000_images_part_2,ISIC_0031028.jpg,.jpg,274381,HAM10000_images_part_2\ISIC_0031028.jpg
HAM10000_images_part_2,ISIC_0031029.jpg,.jpg,258787,HAM10000_images_part_2\ISIC_0031029.jpg
HAM10000_images_part_2,ISIC_0031030.jpg,.jpg,276038,HAM10000_images_part_2\ISIC_0031030.jpg
HAM10000_images_part_2,ISIC_0031031.jpg,.jpg,311981,HAM10000_images_part_2\ISIC_0031031.jpg
HAM10000_images_part_2,ISIC_0031032.jpg,.jpg,259335,HAM10000_images_part_2\ISIC_0031032.jpg
HAM10000_images_part_2,ISIC_0031033.jpg,.jpg,275265,HAM10000_images_part_2\ISIC_0031033.jpg
HAM10000_images_part_2,ISIC_0031034.jpg,.jpg,236595,HAM10000_images_part_2\ISIC_0031034.jpg
HAM10000_images_part_2,ISIC_0031035.jpg,.jpg,358231,HAM10000_images_part_2\ISIC_0031035.jpg
HAM10000_images_part_2,ISIC_0031036.jpg,.jpg,324662,HAM10000_images_part_2\ISIC_0031036.jpg
HAM10000_images_part_2,ISIC_0031037.jpg,.jpg,234905,HAM10000_images_part_2\ISIC_0031037.jpg
HAM10000_images_part_2,ISIC_0031038.jpg,.jpg,341220,HAM10000_images_part_2\ISIC_0031038.jpg
HAM10000_images_part_2,ISIC_0031039.jpg,.jpg,198860,HAM10000_images_part_2\ISIC_0031039.jpg
HAM10000_images_part_2,ISIC_0031040.jpg,.jpg,254033,HAM10000_images_part_2\ISIC_0031040.jpg
HAM10000_images_part_2,ISIC_0031041.jpg,.jpg,259613,HAM10000_images_part_2\ISIC_0031041.jpg
HAM10000_images_part_2,ISIC_0031042.jpg,.jpg,179590,HAM10000_images_part_2\ISIC_0031042.jpg
HAM10000_images_part_2,ISIC_0031043.jpg,.jpg,253619,HAM10000_images_part_2\ISIC_0031043.jpg
HAM10000_images_part_2,ISIC_0031044.jpg,.jpg,287034,HAM10000_images_part_2\ISIC_0031044.jpg
HAM10000_images_part_2,ISIC_0031045.jpg,.jpg,204172,HAM10000_images_part_2\ISIC_0031045.jpg
HAM10000_images_part_2,ISIC_0031046.jpg,.jpg,235675,HAM10000_images_part_2\ISIC_0031046.jpg
HAM10000_images_part_2,ISIC_0031047.jpg,.jpg,282934,HAM10000_images_part_2\ISIC_0031047.jpg
HAM10000_images_part_2,ISIC_0031048.jpg,.jpg,299579,HAM10000_images_part_2\ISIC_0031048.jpg
HAM10000_images_part_2,ISIC_0031049.jpg,.jpg,203258,HAM10000_images_part_2\ISIC_0031049.jpg
HAM10000_images_part_2,ISIC_0031050.jpg,.jpg,300515,HAM10000_images_part_2\ISIC_0031050.jpg
HAM10000_images_part_2,ISIC_0031051.jpg,.jpg,356648,HAM10000_images_part_2\ISIC_0031051.jpg
HAM10000_images_part_2,ISIC_0031052.jpg,.jpg,274358,HAM10000_images_part_2\ISIC_0031052.jpg
HAM10000_images_part_2,ISIC_0031053.jpg,.jpg,290436,HAM10000_images_part_2\ISIC_0031053.jpg
HAM10000_images_part_2,ISIC_0031054.jpg,.jpg,276117,HAM10000_images_part_2\ISIC_0031054.jpg
HAM10000_images_part_2,ISIC_0031055.jpg,.jpg,265760,HAM10000_images_part_2\ISIC_0031055.jpg
HAM10000_images_part_2,ISIC_0031056.jpg,.jpg,212566,HAM10000_images_part_2\ISIC_0031056.jpg
HAM10000_images_part_2,ISIC_0031057.jpg,.jpg,274216,HAM10000_images_part_2\ISIC_0031057.jpg
HAM10000_images_part_2,ISIC_0031058.jpg,.jpg,253487,HAM10000_images_part_2\ISIC_0031058.jpg
HAM10000_images_part_2,ISIC_0031059.jpg,.jpg,187884,HAM10000_images_part_2\ISIC_0031059.jpg
HAM10000_images_part_2,ISIC_0031060.jpg,.jpg,297524,HAM10000_images_part_2\ISIC_0031060.jpg
HAM10000_images_part_2,ISIC_0031061.jpg,.jpg,292656,HAM10000_images_part_2\ISIC_0031061.jpg
HAM10000_images_part_2,ISIC_0031062.jpg,.jpg,214883,HAM10000_images_part_2\ISIC_0031062.jpg
HAM10000_images_part_2,ISIC_0031063.jpg,.jpg,305223,HAM10000_images_part_2\ISIC_0031063.jpg
HAM10000_images_part_2,ISIC_0031064.jpg,.jpg,173228,HAM10000_images_part_2\ISIC_0031064.jpg
HAM10000_images_part_2,ISIC_0031065.jpg,.jpg,308161,HAM10000_images_part_2\ISIC_0031065.jpg
HAM10000_images_part_2,ISIC_0031066.jpg,.jpg,299577,HAM10000_images_part_2\ISIC_0031066.jpg
HAM10000_images_part_2,ISIC_0031067.jpg,.jpg,274285,HAM10000_images_part_2\ISIC_0031067.jpg
HAM10000_images_part_2,ISIC_0031068.jpg,.jpg,341725,HAM10000_images_part_2\ISIC_0031068.jpg
HAM10000_images_part_2,ISIC_0031069.jpg,.jpg,346142,HAM10000_images_part_2\ISIC_0031069.jpg
HAM10000_images_part_2,ISIC_0031070.jpg,.jpg,189689,HAM10000_images_part_2\ISIC_0031070.jpg
HAM10000_images_part_2,ISIC_0031071.jpg,.jpg,223967,HAM10000_images_part_2\ISIC_0031071.jpg
HAM10000_images_part_2,ISIC_0031072.jpg,.jpg,246287,HAM10000_images_part_2\ISIC_0031072.jpg
HAM10000_images_part_2,ISIC_0031073.jpg,.jpg,285267,HAM10000_images_part_2\ISIC_0031073.jpg
HAM10000_images_part_2,ISIC_0031074.jpg,.jpg,240738,HAM10000_images_part_2\ISIC_0031074.jpg
HAM10000_images_part_2,ISIC_0031075.jpg,.jpg,285546,HAM10000_images_part_2\ISIC_0031075.jpg
HAM10000_images_part_2,ISIC_0031076.jpg,.jpg,276612,HAM10000_images_part_2\ISIC_0031076.jpg
HAM10000_images_part_2,ISIC_0031077.jpg,.jpg,318268,HAM10000_images_part_2\ISIC_0031077.jpg
HAM10000_images_part_2,ISIC_0031078.jpg,.jpg,226231,HAM10000_images_part_2\ISIC_0031078.jpg
HAM10000_images_part_2,ISIC_0031079.jpg,.jpg,247967,HAM10000_images_part_2\ISIC_0031079.jpg
HAM10000_images_part_2,ISIC_0031080.jpg,.jpg,218803,HAM10000_images_part_2\ISIC_0031080.jpg
HAM10000_images_part_2,ISIC_0031081.jpg,.jpg,265895,HAM10000_images_part_2\ISIC_0031081.jpg
HAM10000_images_part_2,ISIC_0031082.jpg,.jpg,275864,HAM10000_images_part_2\ISIC_0031082.jpg
HAM10000_images_part_2,ISIC_0031083.jpg,.jpg,275028,HAM10000_images_part_2\ISIC_0031083.jpg
HAM10000_images_part_2,ISIC_0031084.jpg,.jpg,277528,HAM10000_images_part_2\ISIC_0031084.jpg
HAM10000_images_part_2,ISIC_0031085.jpg,.jpg,227660,HAM10000_images_part_2\ISIC_0031085.jpg
HAM10000_images_part_2,ISIC_0031086.jpg,.jpg,285253,HAM10000_images_part_2\ISIC_0031086.jpg
HAM10000_images_part_2,ISIC_0031087.jpg,.jpg,316145,HAM10000_images_part_2\ISIC_0031087.jpg
HAM10000_images_part_2,ISIC_0031088.jpg,.jpg,339240,HAM10000_images_part_2\ISIC_0031088.jpg
HAM10000_images_part_2,ISIC_0031089.jpg,.jpg,268985,HAM10000_images_part_2\ISIC_0031089.jpg
HAM10000_images_part_2,ISIC_0031090.jpg,.jpg,272503,HAM10000_images_part_2\ISIC_0031090.jpg
HAM10000_images_part_2,ISIC_0031091.jpg,.jpg,344761,HAM10000_images_part_2\ISIC_0031091.jpg
HAM10000_images_part_2,ISIC_0031092.jpg,.jpg,340589,HAM10000_images_part_2\ISIC_0031092.jpg
HAM10000_images_part_2,ISIC_0031093.jpg,.jpg,252090,HAM10000_images_part_2\ISIC_0031093.jpg
HAM10000_images_part_2,ISIC_0031094.jpg,.jpg,320587,HAM10000_images_part_2\ISIC_0031094.jpg
HAM10000_images_part_2,ISIC_0031095.jpg,.jpg,272527,HAM10000_images_part_2\ISIC_0031095.jpg
HAM10000_images_part_2,ISIC_0031096.jpg,.jpg,285295,HAM10000_images_part_2\ISIC_0031096.jpg
HAM10000_images_part_2,ISIC_0031097.jpg,.jpg,263716,HAM10000_images_part_2\ISIC_0031097.jpg
HAM10000_images_part_2,ISIC_0031098.jpg,.jpg,281079,HAM10000_images_part_2\ISIC_0031098.jpg
HAM10000_images_part_2,ISIC_0031099.jpg,.jpg,339446,HAM10000_images_part_2\ISIC_0031099.jpg
HAM10000_images_part_2,ISIC_0031100.jpg,.jpg,345215,HAM10000_images_part_2\ISIC_0031100.jpg
HAM10000_images_part_2,ISIC_0031101.jpg,.jpg,279205,HAM10000_images_part_2\ISIC_0031101.jpg
HAM10000_images_part_2,ISIC_0031102.jpg,.jpg,359022,HAM10000_images_part_2\ISIC_0031102.jpg
HAM10000_images_part_2,ISIC_0031103.jpg,.jpg,309741,HAM10000_images_part_2\ISIC_0031103.jpg
HAM10000_images_part_2,ISIC_0031104.jpg,.jpg,273683,HAM10000_images_part_2\ISIC_0031104.jpg
HAM10000_images_part_2,ISIC_0031105.jpg,.jpg,238796,HAM10000_images_part_2\ISIC_0031105.jpg
HAM10000_images_part_2,ISIC_0031106.jpg,.jpg,360033,HAM10000_images_part_2\ISIC_0031106.jpg
HAM10000_images_part_2,ISIC_0031107.jpg,.jpg,127873,HAM10000_images_part_2\ISIC_0031107.jpg
HAM10000_images_part_2,ISIC_0031108.jpg,.jpg,136934,HAM10000_images_part_2\ISIC_0031108.jpg
HAM10000_images_part_2,ISIC_0031109.jpg,.jpg,279518,HAM10000_images_part_2\ISIC_0031109.jpg
HAM10000_images_part_2,ISIC_0031110.jpg,.jpg,265929,HAM10000_images_part_2\ISIC_0031110.jpg
HAM10000_images_part_2,ISIC_0031111.jpg,.jpg,302845,HAM10000_images_part_2\ISIC_0031111.jpg
HAM10000_images_part_2,ISIC_0031112.jpg,.jpg,279148,HAM10000_images_part_2\ISIC_0031112.jpg
HAM10000_images_part_2,ISIC_0031113.jpg,.jpg,195969,HAM10000_images_part_2\ISIC_0031113.jpg
HAM10000_images_part_2,ISIC_0031114.jpg,.jpg,255598,HAM10000_images_part_2\ISIC_0031114.jpg
HAM10000_images_part_2,ISIC_0031115.jpg,.jpg,273402,HAM10000_images_part_2\ISIC_0031115.jpg
HAM10000_images_part_2,ISIC_0031116.jpg,.jpg,271153,HAM10000_images_part_2\ISIC_0031116.jpg
HAM10000_images_part_2,ISIC_0031117.jpg,.jpg,274667,HAM10000_images_part_2\ISIC_0031117.jpg
HAM10000_images_part_2,ISIC_0031118.jpg,.jpg,360186,HAM10000_images_part_2\ISIC_0031118.jpg
HAM10000_images_part_2,ISIC_0031119.jpg,.jpg,275986,HAM10000_images_part_2\ISIC_0031119.jpg
HAM10000_images_part_2,ISIC_0031120.jpg,.jpg,273380,HAM10000_images_part_2\ISIC_0031120.jpg
HAM10000_images_part_2,ISIC_0031121.jpg,.jpg,207497,HAM10000_images_part_2\ISIC_0031121.jpg
HAM10000_images_part_2,ISIC_0031122.jpg,.jpg,221716,HAM10000_images_part_2\ISIC_0031122.jpg
HAM10000_images_part_2,ISIC_0031123.jpg,.jpg,308001,HAM10000_images_part_2\ISIC_0031123.jpg
HAM10000_images_part_2,ISIC_0031124.jpg,.jpg,291964,HAM10000_images_part_2\ISIC_0031124.jpg
HAM10000_images_part_2,ISIC_0031125.jpg,.jpg,344374,HAM10000_images_part_2\ISIC_0031125.jpg
HAM10000_images_part_2,ISIC_0031126.jpg,.jpg,193164,HAM10000_images_part_2\ISIC_0031126.jpg
HAM10000_images_part_2,ISIC_0031127.jpg,.jpg,245464,HAM10000_images_part_2\ISIC_0031127.jpg
HAM10000_images_part_2,ISIC_0031128.jpg,.jpg,283285,HAM10000_images_part_2\ISIC_0031128.jpg
HAM10000_images_part_2,ISIC_0031129.jpg,.jpg,265964,HAM10000_images_part_2\ISIC_0031129.jpg
HAM10000_images_part_2,ISIC_0031130.jpg,.jpg,280803,HAM10000_images_part_2\ISIC_0031130.jpg
HAM10000_images_part_2,ISIC_0031131.jpg,.jpg,151838,HAM10000_images_part_2\ISIC_0031131.jpg
HAM10000_images_part_2,ISIC_0031132.jpg,.jpg,341555,HAM10000_images_part_2\ISIC_0031132.jpg
HAM10000_images_part_2,ISIC_0031133.jpg,.jpg,317563,HAM10000_images_part_2\ISIC_0031133.jpg
HAM10000_images_part_2,ISIC_0031134.jpg,.jpg,197010,HAM10000_images_part_2\ISIC_0031134.jpg
HAM10000_images_part_2,ISIC_0031135.jpg,.jpg,270811,HAM10000_images_part_2\ISIC_0031135.jpg
HAM10000_images_part_2,ISIC_0031136.jpg,.jpg,273324,HAM10000_images_part_2\ISIC_0031136.jpg
HAM10000_images_part_2,ISIC_0031137.jpg,.jpg,279235,HAM10000_images_part_2\ISIC_0031137.jpg
HAM10000_images_part_2,ISIC_0031138.jpg,.jpg,217860,HAM10000_images_part_2\ISIC_0031138.jpg
HAM10000_images_part_2,ISIC_0031139.jpg,.jpg,279120,HAM10000_images_part_2\ISIC_0031139.jpg
HAM10000_images_part_2,ISIC_0031140.jpg,.jpg,222656,HAM10000_images_part_2\ISIC_0031140.jpg
HAM10000_images_part_2,ISIC_0031141.jpg,.jpg,264955,HAM10000_images_part_2\ISIC_0031141.jpg
HAM10000_images_part_2,ISIC_0031142.jpg,.jpg,225925,HAM10000_images_part_2\ISIC_0031142.jpg
HAM10000_images_part_2,ISIC_0031143.jpg,.jpg,285737,HAM10000_images_part_2\ISIC_0031143.jpg
HAM10000_images_part_2,ISIC_0031144.jpg,.jpg,263196,HAM10000_images_part_2\ISIC_0031144.jpg
HAM10000_images_part_2,ISIC_0031145.jpg,.jpg,260268,HAM10000_images_part_2\ISIC_0031145.jpg
HAM10000_images_part_2,ISIC_0031146.jpg,.jpg,270002,HAM10000_images_part_2\ISIC_0031146.jpg
HAM10000_images_part_2,ISIC_0031147.jpg,.jpg,254717,HAM10000_images_part_2\ISIC_0031147.jpg
HAM10000_images_part_2,ISIC_0031148.jpg,.jpg,281034,HAM10000_images_part_2\ISIC_0031148.jpg
HAM10000_images_part_2,ISIC_0031149.jpg,.jpg,265734,HAM10000_images_part_2\ISIC_0031149.jpg
HAM10000_images_part_2,ISIC_0031150.jpg,.jpg,289655,HAM10000_images_part_2\ISIC_0031150.jpg
HAM10000_images_part_2,ISIC_0031151.jpg,.jpg,337066,HAM10000_images_part_2\ISIC_0031151.jpg
HAM10000_images_part_2,ISIC_0031152.jpg,.jpg,261331,HAM10000_images_part_2\ISIC_0031152.jpg
HAM10000_images_part_2,ISIC_0031153.jpg,.jpg,338910,HAM10000_images_part_2\ISIC_0031153.jpg
HAM10000_images_part_2,ISIC_0031154.jpg,.jpg,246896,HAM10000_images_part_2\ISIC_0031154.jpg
HAM10000_images_part_2,ISIC_0031155.jpg,.jpg,261453,HAM10000_images_part_2\ISIC_0031155.jpg
HAM10000_images_part_2,ISIC_0031156.jpg,.jpg,271403,HAM10000_images_part_2\ISIC_0031156.jpg
HAM10000_images_part_2,ISIC_0031157.jpg,.jpg,351039,HAM10000_images_part_2\ISIC_0031157.jpg
HAM10000_images_part_2,ISIC_0031158.jpg,.jpg,267216,HAM10000_images_part_2\ISIC_0031158.jpg
HAM10000_images_part_2,ISIC_0031159.jpg,.jpg,306420,HAM10000_images_part_2\ISIC_0031159.jpg
HAM10000_images_part_2,ISIC_0031160.jpg,.jpg,262153,HAM10000_images_part_2\ISIC_0031160.jpg
HAM10000_images_part_2,ISIC_0031161.jpg,.jpg,296273,HAM10000_images_part_2\ISIC_0031161.jpg
HAM10000_images_part_2,ISIC_0031162.jpg,.jpg,272970,HAM10000_images_part_2\ISIC_0031162.jpg
HAM10000_images_part_2,ISIC_0031163.jpg,.jpg,291216,HAM10000_images_part_2\ISIC_0031163.jpg
HAM10000_images_part_2,ISIC_0031164.jpg,.jpg,268940,HAM10000_images_part_2\ISIC_0031164.jpg
HAM10000_images_part_2,ISIC_0031165.jpg,.jpg,258910,HAM10000_images_part_2\ISIC_0031165.jpg
HAM10000_images_part_2,ISIC_0031166.jpg,.jpg,263135,HAM10000_images_part_2\ISIC_0031166.jpg
HAM10000_images_part_2,ISIC_0031167.jpg,.jpg,282237,HAM10000_images_part_2\ISIC_0031167.jpg
HAM10000_images_part_2,ISIC_0031168.jpg,.jpg,219944,HAM10000_images_part_2\ISIC_0031168.jpg
HAM10000_images_part_2,ISIC_0031169.jpg,.jpg,248132,HAM10000_images_part_2\ISIC_0031169.jpg
HAM10000_images_part_2,ISIC_0031170.jpg,.jpg,286005,HAM10000_images_part_2\ISIC_0031170.jpg
HAM10000_images_part_2,ISIC_0031171.jpg,.jpg,234256,HAM10000_images_part_2\ISIC_0031171.jpg
HAM10000_images_part_2,ISIC_0031172.jpg,.jpg,279137,HAM10000_images_part_2\ISIC_0031172.jpg
HAM10000_images_part_2,ISIC_0031173.jpg,.jpg,323998,HAM10000_images_part_2\ISIC_0031173.jpg
HAM10000_images_part_2,ISIC_0031174.jpg,.jpg,344782,HAM10000_images_part_2\ISIC_0031174.jpg
HAM10000_images_part_2,ISIC_0031175.jpg,.jpg,259410,HAM10000_images_part_2\ISIC_0031175.jpg
HAM10000_images_part_2,ISIC_0031176.jpg,.jpg,280574,HAM10000_images_part_2\ISIC_0031176.jpg
HAM10000_images_part_2,ISIC_0031177.jpg,.jpg,257063,HAM10000_images_part_2\ISIC_0031177.jpg
HAM10000_images_part_2,ISIC_0031178.jpg,.jpg,226894,HAM10000_images_part_2\ISIC_0031178.jpg
HAM10000_images_part_2,ISIC_0031179.jpg,.jpg,268879,HAM10000_images_part_2\ISIC_0031179.jpg
HAM10000_images_part_2,ISIC_0031180.jpg,.jpg,302116,HAM10000_images_part_2\ISIC_0031180.jpg
HAM10000_images_part_2,ISIC_0031181.jpg,.jpg,232230,HAM10000_images_part_2\ISIC_0031181.jpg
HAM10000_images_part_2,ISIC_0031182.jpg,.jpg,295004,HAM10000_images_part_2\ISIC_0031182.jpg
HAM10000_images_part_2,ISIC_0031183.jpg,.jpg,278268,HAM10000_images_part_2\ISIC_0031183.jpg
HAM10000_images_part_2,ISIC_0031184.jpg,.jpg,271154,HAM10000_images_part_2\ISIC_0031184.jpg
HAM10000_images_part_2,ISIC_0031185.jpg,.jpg,403557,HAM10000_images_part_2\ISIC_0031185.jpg
HAM10000_images_part_2,ISIC_0031186.jpg,.jpg,223408,HAM10000_images_part_2\ISIC_0031186.jpg
HAM10000_images_part_2,ISIC_0031187.jpg,.jpg,252182,HAM10000_images_part_2\ISIC_0031187.jpg
HAM10000_images_part_2,ISIC_0031188.jpg,.jpg,216759,HAM10000_images_part_2\ISIC_0031188.jpg
HAM10000_images_part_2,ISIC_0031189.jpg,.jpg,293645,HAM10000_images_part_2\ISIC_0031189.jpg
HAM10000_images_part_2,ISIC_0031190.jpg,.jpg,273875,HAM10000_images_part_2\ISIC_0031190.jpg
HAM10000_images_part_2,ISIC_0031191.jpg,.jpg,291194,HAM10000_images_part_2\ISIC_0031191.jpg
HAM10000_images_part_2,ISIC_0031192.jpg,.jpg,263720,HAM10000_images_part_2\ISIC_0031192.jpg
HAM10000_images_part_2,ISIC_0031193.jpg,.jpg,279050,HAM10000_images_part_2\ISIC_0031193.jpg
HAM10000_images_part_2,ISIC_0031194.jpg,.jpg,246203,HAM10000_images_part_2\ISIC_0031194.jpg
HAM10000_images_part_2,ISIC_0031195.jpg,.jpg,276085,HAM10000_images_part_2\ISIC_0031195.jpg
HAM10000_images_part_2,ISIC_0031196.jpg,.jpg,324611,HAM10000_images_part_2\ISIC_0031196.jpg
HAM10000_images_part_2,ISIC_0031197.jpg,.jpg,215539,HAM10000_images_part_2\ISIC_0031197.jpg
HAM10000_images_part_2,ISIC_0031198.jpg,.jpg,250926,HAM10000_images_part_2\ISIC_0031198.jpg
HAM10000_images_part_2,ISIC_0031199.jpg,.jpg,353875,HAM10000_images_part_2\ISIC_0031199.jpg
HAM10000_images_part_2,ISIC_0031200.jpg,.jpg,193916,HAM10000_images_part_2\ISIC_0031200.jpg
HAM10000_images_part_2,ISIC_0031201.jpg,.jpg,299795,HAM10000_images_part_2\ISIC_0031201.jpg
HAM10000_images_part_2,ISIC_0031202.jpg,.jpg,246713,HAM10000_images_part_2\ISIC_0031202.jpg
HAM10000_images_part_2,ISIC_0031203.jpg,.jpg,304918,HAM10000_images_part_2\ISIC_0031203.jpg
HAM10000_images_part_2,ISIC_0031204.jpg,.jpg,229242,HAM10000_images_part_2\ISIC_0031204.jpg
HAM10000_images_part_2,ISIC_0031205.jpg,.jpg,242167,HAM10000_images_part_2\ISIC_0031205.jpg
HAM10000_images_part_2,ISIC_0031206.jpg,.jpg,317478,HAM10000_images_part_2\ISIC_0031206.jpg
HAM10000_images_part_2,ISIC_0031207.jpg,.jpg,295258,HAM10000_images_part_2\ISIC_0031207.jpg
HAM10000_images_part_2,ISIC_0031208.jpg,.jpg,303202,HAM10000_images_part_2\ISIC_0031208.jpg
HAM10000_images_part_2,ISIC_0031209.jpg,.jpg,232749,HAM10000_images_part_2\ISIC_0031209.jpg
HAM10000_images_part_2,ISIC_0031210.jpg,.jpg,280554,HAM10000_images_part_2\ISIC_0031210.jpg
HAM10000_images_part_2,ISIC_0031211.jpg,.jpg,264240,HAM10000_images_part_2\ISIC_0031211.jpg
HAM10000_images_part_2,ISIC_0031212.jpg,.jpg,292602,HAM10000_images_part_2\ISIC_0031212.jpg
HAM10000_images_part_2,ISIC_0031213.jpg,.jpg,344940,HAM10000_images_part_2\ISIC_0031213.jpg
HAM10000_images_part_2,ISIC_0031214.jpg,.jpg,280953,HAM10000_images_part_2\ISIC_0031214.jpg
HAM10000_images_part_2,ISIC_0031215.jpg,.jpg,349842,HAM10000_images_part_2\ISIC_0031215.jpg
HAM10000_images_part_2,ISIC_0031216.jpg,.jpg,252366,HAM10000_images_part_2\ISIC_0031216.jpg
HAM10000_images_part_2,ISIC_0031217.jpg,.jpg,209711,HAM10000_images_part_2\ISIC_0031217.jpg
HAM10000_images_part_2,ISIC_0031218.jpg,.jpg,266055,HAM10000_images_part_2\ISIC_0031218.jpg
HAM10000_images_part_2,ISIC_0031219.jpg,.jpg,325222,HAM10000_images_part_2\ISIC_0031219.jpg
HAM10000_images_part_2,ISIC_0031220.jpg,.jpg,238637,HAM10000_images_part_2\ISIC_0031220.jpg
HAM10000_images_part_2,ISIC_0031221.jpg,.jpg,263619,HAM10000_images_part_2\ISIC_0031221.jpg
HAM10000_images_part_2,ISIC_0031222.jpg,.jpg,282272,HAM10000_images_part_2\ISIC_0031222.jpg
HAM10000_images_part_2,ISIC_0031223.jpg,.jpg,339868,HAM10000_images_part_2\ISIC_0031223.jpg
HAM10000_images_part_2,ISIC_0031224.jpg,.jpg,271415,HAM10000_images_part_2\ISIC_0031224.jpg
HAM10000_images_part_2,ISIC_0031225.jpg,.jpg,245989,HAM10000_images_part_2\ISIC_0031225.jpg
HAM10000_images_part_2,ISIC_0031226.jpg,.jpg,328709,HAM10000_images_part_2\ISIC_0031226.jpg
HAM10000_images_part_2,ISIC_0031227.jpg,.jpg,280106,HAM10000_images_part_2\ISIC_0031227.jpg
HAM10000_images_part_2,ISIC_0031228.jpg,.jpg,262441,HAM10000_images_part_2\ISIC_0031228.jpg
HAM10000_images_part_2,ISIC_0031229.jpg,.jpg,340835,HAM10000_images_part_2\ISIC_0031229.jpg
HAM10000_images_part_2,ISIC_0031230.jpg,.jpg,279167,HAM10000_images_part_2\ISIC_0031230.jpg
HAM10000_images_part_2,ISIC_0031231.jpg,.jpg,264320,HAM10000_images_part_2\ISIC_0031231.jpg
HAM10000_images_part_2,ISIC_0031232.jpg,.jpg,278034,HAM10000_images_part_2\ISIC_0031232.jpg
HAM10000_images_part_2,ISIC_0031233.jpg,.jpg,311048,HAM10000_images_part_2\ISIC_0031233.jpg
HAM10000_images_part_2,ISIC_0031234.jpg,.jpg,337422,HAM10000_images_part_2\ISIC_0031234.jpg
HAM10000_images_part_2,ISIC_0031235.jpg,.jpg,285897,HAM10000_images_part_2\ISIC_0031235.jpg
HAM10000_images_part_2,ISIC_0031236.jpg,.jpg,234828,HAM10000_images_part_2\ISIC_0031236.jpg
HAM10000_images_part_2,ISIC_0031237.jpg,.jpg,345552,HAM10000_images_part_2\ISIC_0031237.jpg
HAM10000_images_part_2,ISIC_0031238.jpg,.jpg,248939,HAM10000_images_part_2\ISIC_0031238.jpg
HAM10000_images_part_2,ISIC_0031239.jpg,.jpg,308311,HAM10000_images_part_2\ISIC_0031239.jpg
HAM10000_images_part_2,ISIC_0031240.jpg,.jpg,283276,HAM10000_images_part_2\ISIC_0031240.jpg
HAM10000_images_part_2,ISIC_0031241.jpg,.jpg,268941,HAM10000_images_part_2\ISIC_0031241.jpg
HAM10000_images_part_2,ISIC_0031242.jpg,.jpg,264401,HAM10000_images_part_2\ISIC_0031242.jpg
HAM10000_images_part_2,ISIC_0031243.jpg,.jpg,335009,HAM10000_images_part_2\ISIC_0031243.jpg
HAM10000_images_part_2,ISIC_0031244.jpg,.jpg,260742,HAM10000_images_part_2\ISIC_0031244.jpg
HAM10000_images_part_2,ISIC_0031245.jpg,.jpg,260486,HAM10000_images_part_2\ISIC_0031245.jpg
HAM10000_images_part_2,ISIC_0031246.jpg,.jpg,284508,HAM10000_images_part_2\ISIC_0031246.jpg
HAM10000_images_part_2,ISIC_0031247.jpg,.jpg,259586,HAM10000_images_part_2\ISIC_0031247.jpg
HAM10000_images_part_2,ISIC_0031248.jpg,.jpg,277416,HAM10000_images_part_2\ISIC_0031248.jpg
HAM10000_images_part_2,ISIC_0031249.jpg,.jpg,181370,HAM10000_images_part_2\ISIC_0031249.jpg
HAM10000_images_part_2,ISIC_0031250.jpg,.jpg,351599,HAM10000_images_part_2\ISIC_0031250.jpg
HAM10000_images_part_2,ISIC_0031251.jpg,.jpg,279957,HAM10000_images_part_2\ISIC_0031251.jpg
HAM10000_images_part_2,ISIC_0031252.jpg,.jpg,285622,HAM10000_images_part_2\ISIC_0031252.jpg
HAM10000_images_part_2,ISIC_0031253.jpg,.jpg,337487,HAM10000_images_part_2\ISIC_0031253.jpg
HAM10000_images_part_2,ISIC_0031254.jpg,.jpg,276669,HAM10000_images_part_2\ISIC_0031254.jpg
HAM10000_images_part_2,ISIC_0031255.jpg,.jpg,284055,HAM10000_images_part_2\ISIC_0031255.jpg
HAM10000_images_part_2,ISIC_0031256.jpg,.jpg,339808,HAM10000_images_part_2\ISIC_0031256.jpg
HAM10000_images_part_2,ISIC_0031257.jpg,.jpg,367181,HAM10000_images_part_2\ISIC_0031257.jpg
HAM10000_images_part_2,ISIC_0031258.jpg,.jpg,223456,HAM10000_images_part_2\ISIC_0031258.jpg
HAM10000_images_part_2,ISIC_0031259.jpg,.jpg,298674,HAM10000_images_part_2\ISIC_0031259.jpg
HAM10000_images_part_2,ISIC_0031260.jpg,.jpg,313116,HAM10000_images_part_2\ISIC_0031260.jpg
HAM10000_images_part_2,ISIC_0031261.jpg,.jpg,217096,HAM10000_images_part_2\ISIC_0031261.jpg
HAM10000_images_part_2,ISIC_0031262.jpg,.jpg,276555,HAM10000_images_part_2\ISIC_0031262.jpg
HAM10000_images_part_2,ISIC_0031263.jpg,.jpg,260605,HAM10000_images_part_2\ISIC_0031263.jpg
HAM10000_images_part_2,ISIC_0031264.jpg,.jpg,290110,HAM10000_images_part_2\ISIC_0031264.jpg
HAM10000_images_part_2,ISIC_0031265.jpg,.jpg,284774,HAM10000_images_part_2\ISIC_0031265.jpg
HAM10000_images_part_2,ISIC_0031266.jpg,.jpg,229322,HAM10000_images_part_2\ISIC_0031266.jpg
HAM10000_images_part_2,ISIC_0031267.jpg,.jpg,283376,HAM10000_images_part_2\ISIC_0031267.jpg
HAM10000_images_part_2,ISIC_0031268.jpg,.jpg,217891,HAM10000_images_part_2\ISIC_0031268.jpg
HAM10000_images_part_2,ISIC_0031269.jpg,.jpg,283249,HAM10000_images_part_2\ISIC_0031269.jpg
HAM10000_images_part_2,ISIC_0031270.jpg,.jpg,214804,HAM10000_images_part_2\ISIC_0031270.jpg
HAM10000_images_part_2,ISIC_0031271.jpg,.jpg,349941,HAM10000_images_part_2\ISIC_0031271.jpg
HAM10000_images_part_2,ISIC_0031272.jpg,.jpg,260701,HAM10000_images_part_2\ISIC_0031272.jpg
HAM10000_images_part_2,ISIC_0031273.jpg,.jpg,265802,HAM10000_images_part_2\ISIC_0031273.jpg
HAM10000_images_part_2,ISIC_0031274.jpg,.jpg,289763,HAM10000_images_part_2\ISIC_0031274.jpg
HAM10000_images_part_2,ISIC_0031275.jpg,.jpg,286269,HAM10000_images_part_2\ISIC_0031275.jpg
HAM10000_images_part_2,ISIC_0031276.jpg,.jpg,308420,HAM10000_images_part_2\ISIC_0031276.jpg
HAM10000_images_part_2,ISIC_0031277.jpg,.jpg,286920,HAM10000_images_part_2\ISIC_0031277.jpg
HAM10000_images_part_2,ISIC_0031278.jpg,.jpg,241337,HAM10000_images_part_2\ISIC_0031278.jpg
HAM10000_images_part_2,ISIC_0031279.jpg,.jpg,333949,HAM10000_images_part_2\ISIC_0031279.jpg
HAM10000_images_part_2,ISIC_0031280.jpg,.jpg,265006,HAM10000_images_part_2\ISIC_0031280.jpg
HAM10000_images_part_2,ISIC_0031281.jpg,.jpg,167900,HAM10000_images_part_2\ISIC_0031281.jpg
HAM10000_images_part_2,ISIC_0031282.jpg,.jpg,359857,HAM10000_images_part_2\ISIC_0031282.jpg
HAM10000_images_part_2,ISIC_0031283.jpg,.jpg,267905,HAM10000_images_part_2\ISIC_0031283.jpg
HAM10000_images_part_2,ISIC_0031284.jpg,.jpg,269192,HAM10000_images_part_2\ISIC_0031284.jpg
HAM10000_images_part_2,ISIC_0031285.jpg,.jpg,216115,HAM10000_images_part_2\ISIC_0031285.jpg
HAM10000_images_part_2,ISIC_0031286.jpg,.jpg,276411,HAM10000_images_part_2\ISIC_0031286.jpg
HAM10000_images_part_2,ISIC_0031287.jpg,.jpg,235109,HAM10000_images_part_2\ISIC_0031287.jpg
HAM10000_images_part_2,ISIC_0031288.jpg,.jpg,335294,HAM10000_images_part_2\ISIC_0031288.jpg
HAM10000_images_part_2,ISIC_0031289.jpg,.jpg,261564,HAM10000_images_part_2\ISIC_0031289.jpg
HAM10000_images_part_2,ISIC_0031290.jpg,.jpg,238409,HAM10000_images_part_2\ISIC_0031290.jpg
HAM10000_images_part_2,ISIC_0031291.jpg,.jpg,339840,HAM10000_images_part_2\ISIC_0031291.jpg
HAM10000_images_part_2,ISIC_0031292.jpg,.jpg,257618,HAM10000_images_part_2\ISIC_0031292.jpg
HAM10000_images_part_2,ISIC_0031293.jpg,.jpg,204267,HAM10000_images_part_2\ISIC_0031293.jpg
HAM10000_images_part_2,ISIC_0031294.jpg,.jpg,162896,HAM10000_images_part_2\ISIC_0031294.jpg
HAM10000_images_part_2,ISIC_0031295.jpg,.jpg,251625,HAM10000_images_part_2\ISIC_0031295.jpg
HAM10000_images_part_2,ISIC_0031296.jpg,.jpg,272847,HAM10000_images_part_2\ISIC_0031296.jpg
HAM10000_images_part_2,ISIC_0031297.jpg,.jpg,344898,HAM10000_images_part_2\ISIC_0031297.jpg
HAM10000_images_part_2,ISIC_0031298.jpg,.jpg,230203,HAM10000_images_part_2\ISIC_0031298.jpg
HAM10000_images_part_2,ISIC_0031299.jpg,.jpg,247962,HAM10000_images_part_2\ISIC_0031299.jpg
HAM10000_images_part_2,ISIC_0031300.jpg,.jpg,270631,HAM10000_images_part_2\ISIC_0031300.jpg
HAM10000_images_part_2,ISIC_0031301.jpg,.jpg,256286,HAM10000_images_part_2\ISIC_0031301.jpg
HAM10000_images_part_2,ISIC_0031302.jpg,.jpg,198015,HAM10000_images_part_2\ISIC_0031302.jpg
HAM10000_images_part_2,ISIC_0031303.jpg,.jpg,269317,HAM10000_images_part_2\ISIC_0031303.jpg
HAM10000_images_part_2,ISIC_0031304.jpg,.jpg,150388,HAM10000_images_part_2\ISIC_0031304.jpg
HAM10000_images_part_2,ISIC_0031305.jpg,.jpg,305252,HAM10000_images_part_2\ISIC_0031305.jpg
HAM10000_images_part_2,ISIC_0031306.jpg,.jpg,275361,HAM10000_images_part_2\ISIC_0031306.jpg
HAM10000_images_part_2,ISIC_0031307.jpg,.jpg,262206,HAM10000_images_part_2\ISIC_0031307.jpg
HAM10000_images_part_2,ISIC_0031308.jpg,.jpg,323329,HAM10000_images_part_2\ISIC_0031308.jpg
HAM10000_images_part_2,ISIC_0031309.jpg,.jpg,302220,HAM10000_images_part_2\ISIC_0031309.jpg
HAM10000_images_part_2,ISIC_0031310.jpg,.jpg,300499,HAM10000_images_part_2\ISIC_0031310.jpg
HAM10000_images_part_2,ISIC_0031311.jpg,.jpg,248086,HAM10000_images_part_2\ISIC_0031311.jpg
HAM10000_images_part_2,ISIC_0031312.jpg,.jpg,278969,HAM10000_images_part_2\ISIC_0031312.jpg
HAM10000_images_part_2,ISIC_0031313.jpg,.jpg,363405,HAM10000_images_part_2\ISIC_0031313.jpg
HAM10000_images_part_2,ISIC_0031314.jpg,.jpg,232573,HAM10000_images_part_2\ISIC_0031314.jpg
HAM10000_images_part_2,ISIC_0031315.jpg,.jpg,247859,HAM10000_images_part_2\ISIC_0031315.jpg
HAM10000_images_part_2,ISIC_0031316.jpg,.jpg,267486,HAM10000_images_part_2\ISIC_0031316.jpg
HAM10000_images_part_2,ISIC_0031317.jpg,.jpg,245956,HAM10000_images_part_2\ISIC_0031317.jpg
HAM10000_images_part_2,ISIC_0031318.jpg,.jpg,210169,HAM10000_images_part_2\ISIC_0031318.jpg
HAM10000_images_part_2,ISIC_0031319.jpg,.jpg,338765,HAM10000_images_part_2\ISIC_0031319.jpg
HAM10000_images_part_2,ISIC_0031320.jpg,.jpg,294283,HAM10000_images_part_2\ISIC_0031320.jpg
HAM10000_images_part_2,ISIC_0031321.jpg,.jpg,319997,HAM10000_images_part_2\ISIC_0031321.jpg
HAM10000_images_part_2,ISIC_0031322.jpg,.jpg,279232,HAM10000_images_part_2\ISIC_0031322.jpg
HAM10000_images_part_2,ISIC_0031323.jpg,.jpg,263342,HAM10000_images_part_2\ISIC_0031323.jpg
HAM10000_images_part_2,ISIC_0031324.jpg,.jpg,260890,HAM10000_images_part_2\ISIC_0031324.jpg
HAM10000_images_part_2,ISIC_0031325.jpg,.jpg,255232,HAM10000_images_part_2\ISIC_0031325.jpg
HAM10000_images_part_2,ISIC_0031326.jpg,.jpg,267899,HAM10000_images_part_2\ISIC_0031326.jpg
HAM10000_images_part_2,ISIC_0031327.jpg,.jpg,301603,HAM10000_images_part_2\ISIC_0031327.jpg
HAM10000_images_part_2,ISIC_0031328.jpg,.jpg,273221,HAM10000_images_part_2\ISIC_0031328.jpg
HAM10000_images_part_2,ISIC_0031329.jpg,.jpg,335589,HAM10000_images_part_2\ISIC_0031329.jpg
HAM10000_images_part_2,ISIC_0031330.jpg,.jpg,340620,HAM10000_images_part_2\ISIC_0031330.jpg
HAM10000_images_part_2,ISIC_0031331.jpg,.jpg,329122,HAM10000_images_part_2\ISIC_0031331.jpg
HAM10000_images_part_2,ISIC_0031332.jpg,.jpg,339031,HAM10000_images_part_2\ISIC_0031332.jpg
HAM10000_images_part_2,ISIC_0031333.jpg,.jpg,239895,HAM10000_images_part_2\ISIC_0031333.jpg
HAM10000_images_part_2,ISIC_0031334.jpg,.jpg,329826,HAM10000_images_part_2\ISIC_0031334.jpg
HAM10000_images_part_2,ISIC_0031335.jpg,.jpg,281872,HAM10000_images_part_2\ISIC_0031335.jpg
HAM10000_images_part_2,ISIC_0031336.jpg,.jpg,266384,HAM10000_images_part_2\ISIC_0031336.jpg
HAM10000_images_part_2,ISIC_0031337.jpg,.jpg,252388,HAM10000_images_part_2\ISIC_0031337.jpg
HAM10000_images_part_2,ISIC_0031338.jpg,.jpg,272408,HAM10000_images_part_2\ISIC_0031338.jpg
HAM10000_images_part_2,ISIC_0031339.jpg,.jpg,335208,HAM10000_images_part_2\ISIC_0031339.jpg
HAM10000_images_part_2,ISIC_0031340.jpg,.jpg,256663,HAM10000_images_part_2\ISIC_0031340.jpg
HAM10000_images_part_2,ISIC_0031341.jpg,.jpg,296970,HAM10000_images_part_2\ISIC_0031341.jpg
HAM10000_images_part_2,ISIC_0031342.jpg,.jpg,280147,HAM10000_images_part_2\ISIC_0031342.jpg
HAM10000_images_part_2,ISIC_0031343.jpg,.jpg,293536,HAM10000_images_part_2\ISIC_0031343.jpg
HAM10000_images_part_2,ISIC_0031344.jpg,.jpg,222522,HAM10000_images_part_2\ISIC_0031344.jpg
HAM10000_images_part_2,ISIC_0031345.jpg,.jpg,344721,HAM10000_images_part_2\ISIC_0031345.jpg
HAM10000_images_part_2,ISIC_0031346.jpg,.jpg,273359,HAM10000_images_part_2\ISIC_0031346.jpg
HAM10000_images_part_2,ISIC_0031347.jpg,.jpg,282730,HAM10000_images_part_2\ISIC_0031347.jpg
HAM10000_images_part_2,ISIC_0031348.jpg,.jpg,264376,HAM10000_images_part_2\ISIC_0031348.jpg
HAM10000_images_part_2,ISIC_0031349.jpg,.jpg,293597,HAM10000_images_part_2\ISIC_0031349.jpg
HAM10000_images_part_2,ISIC_0031350.jpg,.jpg,281784,HAM10000_images_part_2\ISIC_0031350.jpg
HAM10000_images_part_2,ISIC_0031351.jpg,.jpg,210548,HAM10000_images_part_2\ISIC_0031351.jpg
HAM10000_images_part_2,ISIC_0031352.jpg,.jpg,314177,HAM10000_images_part_2\ISIC_0031352.jpg
HAM10000_images_part_2,ISIC_0031353.jpg,.jpg,222108,HAM10000_images_part_2\ISIC_0031353.jpg
HAM10000_images_part_2,ISIC_0031354.jpg,.jpg,243977,HAM10000_images_part_2\ISIC_0031354.jpg
HAM10000_images_part_2,ISIC_0031355.jpg,.jpg,269081,HAM10000_images_part_2\ISIC_0031355.jpg
HAM10000_images_part_2,ISIC_0031356.jpg,.jpg,274565,HAM10000_images_part_2\ISIC_0031356.jpg
HAM10000_images_part_2,ISIC_0031357.jpg,.jpg,264683,HAM10000_images_part_2\ISIC_0031357.jpg
HAM10000_images_part_2,ISIC_0031358.jpg,.jpg,262444,HAM10000_images_part_2\ISIC_0031358.jpg
HAM10000_images_part_2,ISIC_0031359.jpg,.jpg,334148,HAM10000_images_part_2\ISIC_0031359.jpg
HAM10000_images_part_2,ISIC_0031360.jpg,.jpg,283468,HAM10000_images_part_2\ISIC_0031360.jpg
HAM10000_images_part_2,ISIC_0031361.jpg,.jpg,274100,HAM10000_images_part_2\ISIC_0031361.jpg
HAM10000_images_part_2,ISIC_0031362.jpg,.jpg,336353,HAM10000_images_part_2\ISIC_0031362.jpg
HAM10000_images_part_2,ISIC_0031363.jpg,.jpg,254287,HAM10000_images_part_2\ISIC_0031363.jpg
HAM10000_images_part_2,ISIC_0031364.jpg,.jpg,360264,HAM10000_images_part_2\ISIC_0031364.jpg
HAM10000_images_part_2,ISIC_0031365.jpg,.jpg,285857,HAM10000_images_part_2\ISIC_0031365.jpg
HAM10000_images_part_2,ISIC_0031366.jpg,.jpg,197070,HAM10000_images_part_2\ISIC_0031366.jpg
HAM10000_images_part_2,ISIC_0031367.jpg,.jpg,265434,HAM10000_images_part_2\ISIC_0031367.jpg
HAM10000_images_part_2,ISIC_0031368.jpg,.jpg,284961,HAM10000_images_part_2\ISIC_0031368.jpg
HAM10000_images_part_2,ISIC_0031369.jpg,.jpg,294549,HAM10000_images_part_2\ISIC_0031369.jpg
HAM10000_images_part_2,ISIC_0031370.jpg,.jpg,280637,HAM10000_images_part_2\ISIC_0031370.jpg
HAM10000_images_part_2,ISIC_0031371.jpg,.jpg,345751,HAM10000_images_part_2\ISIC_0031371.jpg
HAM10000_images_part_2,ISIC_0031372.jpg,.jpg,331556,HAM10000_images_part_2\ISIC_0031372.jpg
HAM10000_images_part_2,ISIC_0031373.jpg,.jpg,268127,HAM10000_images_part_2\ISIC_0031373.jpg
HAM10000_images_part_2,ISIC_0031374.jpg,.jpg,240059,HAM10000_images_part_2\ISIC_0031374.jpg
HAM10000_images_part_2,ISIC_0031375.jpg,.jpg,295933,HAM10000_images_part_2\ISIC_0031375.jpg
HAM10000_images_part_2,ISIC_0031376.jpg,.jpg,282374,HAM10000_images_part_2\ISIC_0031376.jpg
HAM10000_images_part_2,ISIC_0031377.jpg,.jpg,295785,HAM10000_images_part_2\ISIC_0031377.jpg
HAM10000_images_part_2,ISIC_0031378.jpg,.jpg,182452,HAM10000_images_part_2\ISIC_0031378.jpg
HAM10000_images_part_2,ISIC_0031379.jpg,.jpg,252244,HAM10000_images_part_2\ISIC_0031379.jpg
HAM10000_images_part_2,ISIC_0031380.jpg,.jpg,242405,HAM10000_images_part_2\ISIC_0031380.jpg
HAM10000_images_part_2,ISIC_0031381.jpg,.jpg,246695,HAM10000_images_part_2\ISIC_0031381.jpg
HAM10000_images_part_2,ISIC_0031382.jpg,.jpg,275256,HAM10000_images_part_2\ISIC_0031382.jpg
HAM10000_images_part_2,ISIC_0031383.jpg,.jpg,297344,HAM10000_images_part_2\ISIC_0031383.jpg
HAM10000_images_part_2,ISIC_0031384.jpg,.jpg,223125,HAM10000_images_part_2\ISIC_0031384.jpg
HAM10000_images_part_2,ISIC_0031385.jpg,.jpg,236610,HAM10000_images_part_2\ISIC_0031385.jpg
HAM10000_images_part_2,ISIC_0031386.jpg,.jpg,236200,HAM10000_images_part_2\ISIC_0031386.jpg
HAM10000_images_part_2,ISIC_0031387.jpg,.jpg,282193,HAM10000_images_part_2\ISIC_0031387.jpg
HAM10000_images_part_2,ISIC_0031388.jpg,.jpg,347295,HAM10000_images_part_2\ISIC_0031388.jpg
HAM10000_images_part_2,ISIC_0031389.jpg,.jpg,166128,HAM10000_images_part_2\ISIC_0031389.jpg
HAM10000_images_part_2,ISIC_0031390.jpg,.jpg,258192,HAM10000_images_part_2\ISIC_0031390.jpg
HAM10000_images_part_2,ISIC_0031391.jpg,.jpg,273429,HAM10000_images_part_2\ISIC_0031391.jpg
HAM10000_images_part_2,ISIC_0031392.jpg,.jpg,351830,HAM10000_images_part_2\ISIC_0031392.jpg
HAM10000_images_part_2,ISIC_0031393.jpg,.jpg,275248,HAM10000_images_part_2\ISIC_0031393.jpg
HAM10000_images_part_2,ISIC_0031394.jpg,.jpg,284950,HAM10000_images_part_2\ISIC_0031394.jpg
HAM10000_images_part_2,ISIC_0031395.jpg,.jpg,294260,HAM10000_images_part_2\ISIC_0031395.jpg
HAM10000_images_part_2,ISIC_0031396.jpg,.jpg,320984,HAM10000_images_part_2\ISIC_0031396.jpg
HAM10000_images_part_2,ISIC_0031397.jpg,.jpg,298115,HAM10000_images_part_2\ISIC_0031397.jpg
HAM10000_images_part_2,ISIC_0031398.jpg,.jpg,347101,HAM10000_images_part_2\ISIC_0031398.jpg
HAM10000_images_part_2,ISIC_0031399.jpg,.jpg,218483,HAM10000_images_part_2\ISIC_0031399.jpg
HAM10000_images_part_2,ISIC_0031400.jpg,.jpg,225413,HAM10000_images_part_2\ISIC_0031400.jpg
HAM10000_images_part_2,ISIC_0031401.jpg,.jpg,323284,HAM10000_images_part_2\ISIC_0031401.jpg
HAM10000_images_part_2,ISIC_0031402.jpg,.jpg,348876,HAM10000_images_part_2\ISIC_0031402.jpg
HAM10000_images_part_2,ISIC_0031403.jpg,.jpg,350209,HAM10000_images_part_2\ISIC_0031403.jpg
HAM10000_images_part_2,ISIC_0031404.jpg,.jpg,211666,HAM10000_images_part_2\ISIC_0031404.jpg
HAM10000_images_part_2,ISIC_0031405.jpg,.jpg,369085,HAM10000_images_part_2\ISIC_0031405.jpg
HAM10000_images_part_2,ISIC_0031406.jpg,.jpg,268329,HAM10000_images_part_2\ISIC_0031406.jpg
HAM10000_images_part_2,ISIC_0031407.jpg,.jpg,158330,HAM10000_images_part_2\ISIC_0031407.jpg
HAM10000_images_part_2,ISIC_0031408.jpg,.jpg,245024,HAM10000_images_part_2\ISIC_0031408.jpg
HAM10000_images_part_2,ISIC_0031409.jpg,.jpg,288533,HAM10000_images_part_2\ISIC_0031409.jpg
HAM10000_images_part_2,ISIC_0031410.jpg,.jpg,321219,HAM10000_images_part_2\ISIC_0031410.jpg
HAM10000_images_part_2,ISIC_0031411.jpg,.jpg,289063,HAM10000_images_part_2\ISIC_0031411.jpg
HAM10000_images_part_2,ISIC_0031412.jpg,.jpg,219002,HAM10000_images_part_2\ISIC_0031412.jpg
HAM10000_images_part_2,ISIC_0031413.jpg,.jpg,217847,HAM10000_images_part_2\ISIC_0031413.jpg
HAM10000_images_part_2,ISIC_0031414.jpg,.jpg,300411,HAM10000_images_part_2\ISIC_0031414.jpg
HAM10000_images_part_2,ISIC_0031415.jpg,.jpg,294195,HAM10000_images_part_2\ISIC_0031415.jpg
HAM10000_images_part_2,ISIC_0031416.jpg,.jpg,265704,HAM10000_images_part_2\ISIC_0031416.jpg
HAM10000_images_part_2,ISIC_0031417.jpg,.jpg,196993,HAM10000_images_part_2\ISIC_0031417.jpg
HAM10000_images_part_2,ISIC_0031418.jpg,.jpg,136273,HAM10000_images_part_2\ISIC_0031418.jpg
HAM10000_images_part_2,ISIC_0031419.jpg,.jpg,266604,HAM10000_images_part_2\ISIC_0031419.jpg
HAM10000_images_part_2,ISIC_0031420.jpg,.jpg,269249,HAM10000_images_part_2\ISIC_0031420.jpg
HAM10000_images_part_2,ISIC_0031421.jpg,.jpg,228638,HAM10000_images_part_2\ISIC_0031421.jpg
HAM10000_images_part_2,ISIC_0031422.jpg,.jpg,376844,HAM10000_images_part_2\ISIC_0031422.jpg
HAM10000_images_part_2,ISIC_0031423.jpg,.jpg,271475,HAM10000_images_part_2\ISIC_0031423.jpg
HAM10000_images_part_2,ISIC_0031424.jpg,.jpg,264955,HAM10000_images_part_2\ISIC_0031424.jpg
HAM10000_images_part_2,ISIC_0031425.jpg,.jpg,279878,HAM10000_images_part_2\ISIC_0031425.jpg
HAM10000_images_part_2,ISIC_0031426.jpg,.jpg,278967,HAM10000_images_part_2\ISIC_0031426.jpg
HAM10000_images_part_2,ISIC_0031427.jpg,.jpg,263996,HAM10000_images_part_2\ISIC_0031427.jpg
HAM10000_images_part_2,ISIC_0031428.jpg,.jpg,367312,HAM10000_images_part_2\ISIC_0031428.jpg
HAM10000_images_part_2,ISIC_0031429.jpg,.jpg,253302,HAM10000_images_part_2\ISIC_0031429.jpg
HAM10000_images_part_2,ISIC_0031430.jpg,.jpg,198802,HAM10000_images_part_2\ISIC_0031430.jpg
HAM10000_images_part_2,ISIC_0031431.jpg,.jpg,144277,HAM10000_images_part_2\ISIC_0031431.jpg
HAM10000_images_part_2,ISIC_0031432.jpg,.jpg,261974,HAM10000_images_part_2\ISIC_0031432.jpg
HAM10000_images_part_2,ISIC_0031433.jpg,.jpg,266349,HAM10000_images_part_2\ISIC_0031433.jpg
HAM10000_images_part_2,ISIC_0031434.jpg,.jpg,287692,HAM10000_images_part_2\ISIC_0031434.jpg
HAM10000_images_part_2,ISIC_0031435.jpg,.jpg,170292,HAM10000_images_part_2\ISIC_0031435.jpg
HAM10000_images_part_2,ISIC_0031436.jpg,.jpg,322257,HAM10000_images_part_2\ISIC_0031436.jpg
HAM10000_images_part_2,ISIC_0031437.jpg,.jpg,351910,HAM10000_images_part_2\ISIC_0031437.jpg
HAM10000_images_part_2,ISIC_0031438.jpg,.jpg,357033,HAM10000_images_part_2\ISIC_0031438.jpg
HAM10000_images_part_2,ISIC_0031439.jpg,.jpg,288285,HAM10000_images_part_2\ISIC_0031439.jpg
HAM10000_images_part_2,ISIC_0031440.jpg,.jpg,253457,HAM10000_images_part_2\ISIC_0031440.jpg
HAM10000_images_part_2,ISIC_0031441.jpg,.jpg,282766,HAM10000_images_part_2\ISIC_0031441.jpg
HAM10000_images_part_2,ISIC_0031442.jpg,.jpg,264351,HAM10000_images_part_2\ISIC_0031442.jpg
HAM10000_images_part_2,ISIC_0031443.jpg,.jpg,357888,HAM10000_images_part_2\ISIC_0031443.jpg
HAM10000_images_part_2,ISIC_0031444.jpg,.jpg,306275,HAM10000_images_part_2\ISIC_0031444.jpg
HAM10000_images_part_2,ISIC_0031445.jpg,.jpg,281097,HAM10000_images_part_2\ISIC_0031445.jpg
HAM10000_images_part_2,ISIC_0031446.jpg,.jpg,289215,HAM10000_images_part_2\ISIC_0031446.jpg
HAM10000_images_part_2,ISIC_0031447.jpg,.jpg,235558,HAM10000_images_part_2\ISIC_0031447.jpg
HAM10000_images_part_2,ISIC_0031448.jpg,.jpg,297997,HAM10000_images_part_2\ISIC_0031448.jpg
HAM10000_images_part_2,ISIC_0031449.jpg,.jpg,271244,HAM10000_images_part_2\ISIC_0031449.jpg
HAM10000_images_part_2,ISIC_0031450.jpg,.jpg,252293,HAM10000_images_part_2\ISIC_0031450.jpg
HAM10000_images_part_2,ISIC_0031451.jpg,.jpg,212230,HAM10000_images_part_2\ISIC_0031451.jpg
HAM10000_images_part_2,ISIC_0031452.jpg,.jpg,264810,HAM10000_images_part_2\ISIC_0031452.jpg
HAM10000_images_part_2,ISIC_0031453.jpg,.jpg,348021,HAM10000_images_part_2\ISIC_0031453.jpg
HAM10000_images_part_2,ISIC_0031454.jpg,.jpg,303217,HAM10000_images_part_2\ISIC_0031454.jpg
HAM10000_images_part_2,ISIC_0031455.jpg,.jpg,345967,HAM10000_images_part_2\ISIC_0031455.jpg
HAM10000_images_part_2,ISIC_0031456.jpg,.jpg,292647,HAM10000_images_part_2\ISIC_0031456.jpg
HAM10000_images_part_2,ISIC_0031457.jpg,.jpg,245252,HAM10000_images_part_2\ISIC_0031457.jpg
HAM10000_images_part_2,ISIC_0031458.jpg,.jpg,270489,HAM10000_images_part_2\ISIC_0031458.jpg
HAM10000_images_part_2,ISIC_0031459.jpg,.jpg,245598,HAM10000_images_part_2\ISIC_0031459.jpg
HAM10000_images_part_2,ISIC_0031460.jpg,.jpg,273768,HAM10000_images_part_2\ISIC_0031460.jpg
HAM10000_images_part_2,ISIC_0031461.jpg,.jpg,342528,HAM10000_images_part_2\ISIC_0031461.jpg
HAM10000_images_part_2,ISIC_0031462.jpg,.jpg,257490,HAM10000_images_part_2\ISIC_0031462.jpg
HAM10000_images_part_2,ISIC_0031463.jpg,.jpg,348989,HAM10000_images_part_2\ISIC_0031463.jpg
HAM10000_images_part_2,ISIC_0031464.jpg,.jpg,214811,HAM10000_images_part_2\ISIC_0031464.jpg
HAM10000_images_part_2,ISIC_0031465.jpg,.jpg,266417,HAM10000_images_part_2\ISIC_0031465.jpg
HAM10000_images_part_2,ISIC_0031466.jpg,.jpg,255709,HAM10000_images_part_2\ISIC_0031466.jpg
HAM10000_images_part_2,ISIC_0031467.jpg,.jpg,284309,HAM10000_images_part_2\ISIC_0031467.jpg
HAM10000_images_part_2,ISIC_0031468.jpg,.jpg,291497,HAM10000_images_part_2\ISIC_0031468.jpg
HAM10000_images_part_2,ISIC_0031469.jpg,.jpg,341347,HAM10000_images_part_2\ISIC_0031469.jpg
HAM10000_images_part_2,ISIC_0031470.jpg,.jpg,221668,HAM10000_images_part_2\ISIC_0031470.jpg
HAM10000_images_part_2,ISIC_0031471.jpg,.jpg,278791,HAM10000_images_part_2\ISIC_0031471.jpg
HAM10000_images_part_2,ISIC_0031472.jpg,.jpg,263388,HAM10000_images_part_2\ISIC_0031472.jpg
HAM10000_images_part_2,ISIC_0031473.jpg,.jpg,144978,HAM10000_images_part_2\ISIC_0031473.jpg
HAM10000_images_part_2,ISIC_0031474.jpg,.jpg,247042,HAM10000_images_part_2\ISIC_0031474.jpg
HAM10000_images_part_2,ISIC_0031475.jpg,.jpg,248526,HAM10000_images_part_2\ISIC_0031475.jpg
HAM10000_images_part_2,ISIC_0031476.jpg,.jpg,264904,HAM10000_images_part_2\ISIC_0031476.jpg
HAM10000_images_part_2,ISIC_0031477.jpg,.jpg,353276,HAM10000_images_part_2\ISIC_0031477.jpg
HAM10000_images_part_2,ISIC_0031478.jpg,.jpg,279261,HAM10000_images_part_2\ISIC_0031478.jpg
HAM10000_images_part_2,ISIC_0031479.jpg,.jpg,301123,HAM10000_images_part_2\ISIC_0031479.jpg
HAM10000_images_part_2,ISIC_0031480.jpg,.jpg,282618,HAM10000_images_part_2\ISIC_0031480.jpg
HAM10000_images_part_2,ISIC_0031481.jpg,.jpg,312397,HAM10000_images_part_2\ISIC_0031481.jpg
HAM10000_images_part_2,ISIC_0031482.jpg,.jpg,351287,HAM10000_images_part_2\ISIC_0031482.jpg
HAM10000_images_part_2,ISIC_0031483.jpg,.jpg,155087,HAM10000_images_part_2\ISIC_0031483.jpg
HAM10000_images_part_2,ISIC_0031484.jpg,.jpg,301065,HAM10000_images_part_2\ISIC_0031484.jpg
HAM10000_images_part_2,ISIC_0031485.jpg,.jpg,243882,HAM10000_images_part_2\ISIC_0031485.jpg
HAM10000_images_part_2,ISIC_0031486.jpg,.jpg,341508,HAM10000_images_part_2\ISIC_0031486.jpg
HAM10000_images_part_2,ISIC_0031487.jpg,.jpg,272631,HAM10000_images_part_2\ISIC_0031487.jpg
HAM10000_images_part_2,ISIC_0031488.jpg,.jpg,351509,HAM10000_images_part_2\ISIC_0031488.jpg
HAM10000_images_part_2,ISIC_0031489.jpg,.jpg,243588,HAM10000_images_part_2\ISIC_0031489.jpg
HAM10000_images_part_2,ISIC_0031490.jpg,.jpg,279215,HAM10000_images_part_2\ISIC_0031490.jpg
HAM10000_images_part_2,ISIC_0031491.jpg,.jpg,266461,HAM10000_images_part_2\ISIC_0031491.jpg
HAM10000_images_part_2,ISIC_0031492.jpg,.jpg,271805,HAM10000_images_part_2\ISIC_0031492.jpg
HAM10000_images_part_2,ISIC_0031493.jpg,.jpg,311609,HAM10000_images_part_2\ISIC_0031493.jpg
HAM10000_images_part_2,ISIC_0031494.jpg,.jpg,282836,HAM10000_images_part_2\ISIC_0031494.jpg
HAM10000_images_part_2,ISIC_0031495.jpg,.jpg,388798,HAM10000_images_part_2\ISIC_0031495.jpg
HAM10000_images_part_2,ISIC_0031496.jpg,.jpg,251676,HAM10000_images_part_2\ISIC_0031496.jpg
HAM10000_images_part_2,ISIC_0031497.jpg,.jpg,279796,HAM10000_images_part_2\ISIC_0031497.jpg
HAM10000_images_part_2,ISIC_0031498.jpg,.jpg,248024,HAM10000_images_part_2\ISIC_0031498.jpg
HAM10000_images_part_2,ISIC_0031499.jpg,.jpg,312944,HAM10000_images_part_2\ISIC_0031499.jpg
HAM10000_images_part_2,ISIC_0031500.jpg,.jpg,287186,HAM10000_images_part_2\ISIC_0031500.jpg
HAM10000_images_part_2,ISIC_0031501.jpg,.jpg,217908,HAM10000_images_part_2\ISIC_0031501.jpg
HAM10000_images_part_2,ISIC_0031502.jpg,.jpg,245011,HAM10000_images_part_2\ISIC_0031502.jpg
HAM10000_images_part_2,ISIC_0031503.jpg,.jpg,337316,HAM10000_images_part_2\ISIC_0031503.jpg
HAM10000_images_part_2,ISIC_0031504.jpg,.jpg,331303,HAM10000_images_part_2\ISIC_0031504.jpg
HAM10000_images_part_2,ISIC_0031505.jpg,.jpg,273827,HAM10000_images_part_2\ISIC_0031505.jpg
HAM10000_images_part_2,ISIC_0031506.jpg,.jpg,301868,HAM10000_images_part_2\ISIC_0031506.jpg
HAM10000_images_part_2,ISIC_0031507.jpg,.jpg,280087,HAM10000_images_part_2\ISIC_0031507.jpg
HAM10000_images_part_2,ISIC_0031508.jpg,.jpg,264778,HAM10000_images_part_2\ISIC_0031508.jpg
HAM10000_images_part_2,ISIC_0031509.jpg,.jpg,272179,HAM10000_images_part_2\ISIC_0031509.jpg
HAM10000_images_part_2,ISIC_0031510.jpg,.jpg,294117,HAM10000_images_part_2\ISIC_0031510.jpg
HAM10000_images_part_2,ISIC_0031511.jpg,.jpg,328778,HAM10000_images_part_2\ISIC_0031511.jpg
HAM10000_images_part_2,ISIC_0031512.jpg,.jpg,282277,HAM10000_images_part_2\ISIC_0031512.jpg
HAM10000_images_part_2,ISIC_0031513.jpg,.jpg,188769,HAM10000_images_part_2\ISIC_0031513.jpg
HAM10000_images_part_2,ISIC_0031514.jpg,.jpg,262397,HAM10000_images_part_2\ISIC_0031514.jpg
HAM10000_images_part_2,ISIC_0031515.jpg,.jpg,246109,HAM10000_images_part_2\ISIC_0031515.jpg
HAM10000_images_part_2,ISIC_0031516.jpg,.jpg,263519,HAM10000_images_part_2\ISIC_0031516.jpg
HAM10000_images_part_2,ISIC_0031517.jpg,.jpg,320189,HAM10000_images_part_2\ISIC_0031517.jpg
HAM10000_images_part_2,ISIC_0031518.jpg,.jpg,274627,HAM10000_images_part_2\ISIC_0031518.jpg
HAM10000_images_part_2,ISIC_0031519.jpg,.jpg,224120,HAM10000_images_part_2\ISIC_0031519.jpg
HAM10000_images_part_2,ISIC_0031520.jpg,.jpg,255344,HAM10000_images_part_2\ISIC_0031520.jpg
HAM10000_images_part_2,ISIC_0031521.jpg,.jpg,297856,HAM10000_images_part_2\ISIC_0031521.jpg
HAM10000_images_part_2,ISIC_0031522.jpg,.jpg,310470,HAM10000_images_part_2\ISIC_0031522.jpg
HAM10000_images_part_2,ISIC_0031523.jpg,.jpg,333001,HAM10000_images_part_2\ISIC_0031523.jpg
HAM10000_images_part_2,ISIC_0031524.jpg,.jpg,211228,HAM10000_images_part_2\ISIC_0031524.jpg
HAM10000_images_part_2,ISIC_0031525.jpg,.jpg,266922,HAM10000_images_part_2\ISIC_0031525.jpg
HAM10000_images_part_2,ISIC_0031526.jpg,.jpg,229999,HAM10000_images_part_2\ISIC_0031526.jpg
HAM10000_images_part_2,ISIC_0031527.jpg,.jpg,402949,HAM10000_images_part_2\ISIC_0031527.jpg
HAM10000_images_part_2,ISIC_0031528.jpg,.jpg,297994,HAM10000_images_part_2\ISIC_0031528.jpg
HAM10000_images_part_2,ISIC_0031529.jpg,.jpg,170758,HAM10000_images_part_2\ISIC_0031529.jpg
HAM10000_images_part_2,ISIC_0031530.jpg,.jpg,282003,HAM10000_images_part_2\ISIC_0031530.jpg
HAM10000_images_part_2,ISIC_0031531.jpg,.jpg,312693,HAM10000_images_part_2\ISIC_0031531.jpg
HAM10000_images_part_2,ISIC_0031532.jpg,.jpg,281595,HAM10000_images_part_2\ISIC_0031532.jpg
HAM10000_images_part_2,ISIC_0031533.jpg,.jpg,296712,HAM10000_images_part_2\ISIC_0031533.jpg
HAM10000_images_part_2,ISIC_0031534.jpg,.jpg,373367,HAM10000_images_part_2\ISIC_0031534.jpg
HAM10000_images_part_2,ISIC_0031535.jpg,.jpg,279287,HAM10000_images_part_2\ISIC_0031535.jpg
HAM10000_images_part_2,ISIC_0031536.jpg,.jpg,371780,HAM10000_images_part_2\ISIC_0031536.jpg
HAM10000_images_part_2,ISIC_0031537.jpg,.jpg,285903,HAM10000_images_part_2\ISIC_0031537.jpg
HAM10000_images_part_2,ISIC_0031538.jpg,.jpg,263449,HAM10000_images_part_2\ISIC_0031538.jpg
HAM10000_images_part_2,ISIC_0031539.jpg,.jpg,258898,HAM10000_images_part_2\ISIC_0031539.jpg
HAM10000_images_part_2,ISIC_0031540.jpg,.jpg,283166,HAM10000_images_part_2\ISIC_0031540.jpg
HAM10000_images_part_2,ISIC_0031541.jpg,.jpg,261984,HAM10000_images_part_2\ISIC_0031541.jpg
HAM10000_images_part_2,ISIC_0031542.jpg,.jpg,269970,HAM10000_images_part_2\ISIC_0031542.jpg
HAM10000_images_part_2,ISIC_0031543.jpg,.jpg,308871,HAM10000_images_part_2\ISIC_0031543.jpg
HAM10000_images_part_2,ISIC_0031544.jpg,.jpg,348326,HAM10000_images_part_2\ISIC_0031544.jpg
HAM10000_images_part_2,ISIC_0031545.jpg,.jpg,296152,HAM10000_images_part_2\ISIC_0031545.jpg
HAM10000_images_part_2,ISIC_0031546.jpg,.jpg,214655,HAM10000_images_part_2\ISIC_0031546.jpg
HAM10000_images_part_2,ISIC_0031547.jpg,.jpg,261512,HAM10000_images_part_2\ISIC_0031547.jpg
HAM10000_images_part_2,ISIC_0031548.jpg,.jpg,281099,HAM10000_images_part_2\ISIC_0031548.jpg
HAM10000_images_part_2,ISIC_0031549.jpg,.jpg,283753,HAM10000_images_part_2\ISIC_0031549.jpg
HAM10000_images_part_2,ISIC_0031550.jpg,.jpg,251190,HAM10000_images_part_2\ISIC_0031550.jpg
HAM10000_images_part_2,ISIC_0031551.jpg,.jpg,274281,HAM10000_images_part_2\ISIC_0031551.jpg
HAM10000_images_part_2,ISIC_0031552.jpg,.jpg,208392,HAM10000_images_part_2\ISIC_0031552.jpg
HAM10000_images_part_2,ISIC_0031553.jpg,.jpg,282549,HAM10000_images_part_2\ISIC_0031553.jpg
HAM10000_images_part_2,ISIC_0031554.jpg,.jpg,328822,HAM10000_images_part_2\ISIC_0031554.jpg
HAM10000_images_part_2,ISIC_0031555.jpg,.jpg,252516,HAM10000_images_part_2\ISIC_0031555.jpg
HAM10000_images_part_2,ISIC_0031556.jpg,.jpg,366024,HAM10000_images_part_2\ISIC_0031556.jpg
HAM10000_images_part_2,ISIC_0031557.jpg,.jpg,272039,HAM10000_images_part_2\ISIC_0031557.jpg
HAM10000_images_part_2,ISIC_0031558.jpg,.jpg,324897,HAM10000_images_part_2\ISIC_0031558.jpg
HAM10000_images_part_2,ISIC_0031559.jpg,.jpg,315521,HAM10000_images_part_2\ISIC_0031559.jpg
HAM10000_images_part_2,ISIC_0031560.jpg,.jpg,265062,HAM10000_images_part_2\ISIC_0031560.jpg
HAM10000_images_part_2,ISIC_0031561.jpg,.jpg,283615,HAM10000_images_part_2\ISIC_0031561.jpg
HAM10000_images_part_2,ISIC_0031562.jpg,.jpg,261739,HAM10000_images_part_2\ISIC_0031562.jpg
HAM10000_images_part_2,ISIC_0031563.jpg,.jpg,266961,HAM10000_images_part_2\ISIC_0031563.jpg
HAM10000_images_part_2,ISIC_0031564.jpg,.jpg,254530,HAM10000_images_part_2\ISIC_0031564.jpg
HAM10000_images_part_2,ISIC_0031565.jpg,.jpg,251934,HAM10000_images_part_2\ISIC_0031565.jpg
HAM10000_images_part_2,ISIC_0031566.jpg,.jpg,296397,HAM10000_images_part_2\ISIC_0031566.jpg
HAM10000_images_part_2,ISIC_0031567.jpg,.jpg,224557,HAM10000_images_part_2\ISIC_0031567.jpg
HAM10000_images_part_2,ISIC_0031568.jpg,.jpg,284740,HAM10000_images_part_2\ISIC_0031568.jpg
HAM10000_images_part_2,ISIC_0031569.jpg,.jpg,289070,HAM10000_images_part_2\ISIC_0031569.jpg
HAM10000_images_part_2,ISIC_0031570.jpg,.jpg,285479,HAM10000_images_part_2\ISIC_0031570.jpg
HAM10000_images_part_2,ISIC_0031571.jpg,.jpg,339492,HAM10000_images_part_2\ISIC_0031571.jpg
HAM10000_images_part_2,ISIC_0031572.jpg,.jpg,360550,HAM10000_images_part_2\ISIC_0031572.jpg
HAM10000_images_part_2,ISIC_0031573.jpg,.jpg,172374,HAM10000_images_part_2\ISIC_0031573.jpg
HAM10000_images_part_2,ISIC_0031574.jpg,.jpg,265289,HAM10000_images_part_2\ISIC_0031574.jpg
HAM10000_images_part_2,ISIC_0031575.jpg,.jpg,333298,HAM10000_images_part_2\ISIC_0031575.jpg
HAM10000_images_part_2,ISIC_0031576.jpg,.jpg,289627,HAM10000_images_part_2\ISIC_0031576.jpg
HAM10000_images_part_2,ISIC_0031577.jpg,.jpg,311711,HAM10000_images_part_2\ISIC_0031577.jpg
HAM10000_images_part_2,ISIC_0031578.jpg,.jpg,268918,HAM10000_images_part_2\ISIC_0031578.jpg
HAM10000_images_part_2,ISIC_0031579.jpg,.jpg,368357,HAM10000_images_part_2\ISIC_0031579.jpg
HAM10000_images_part_2,ISIC_0031580.jpg,.jpg,246002,HAM10000_images_part_2\ISIC_0031580.jpg
HAM10000_images_part_2,ISIC_0031581.jpg,.jpg,271163,HAM10000_images_part_2\ISIC_0031581.jpg
HAM10000_images_part_2,ISIC_0031582.jpg,.jpg,354535,HAM10000_images_part_2\ISIC_0031582.jpg
HAM10000_images_part_2,ISIC_0031583.jpg,.jpg,203799,HAM10000_images_part_2\ISIC_0031583.jpg
HAM10000_images_part_2,ISIC_0031584.jpg,.jpg,313399,HAM10000_images_part_2\ISIC_0031584.jpg
HAM10000_images_part_2,ISIC_0031585.jpg,.jpg,269578,HAM10000_images_part_2\ISIC_0031585.jpg
HAM10000_images_part_2,ISIC_0031586.jpg,.jpg,264072,HAM10000_images_part_2\ISIC_0031586.jpg
HAM10000_images_part_2,ISIC_0031587.jpg,.jpg,279493,HAM10000_images_part_2\ISIC_0031587.jpg
HAM10000_images_part_2,ISIC_0031588.jpg,.jpg,349909,HAM10000_images_part_2\ISIC_0031588.jpg
HAM10000_images_part_2,ISIC_0031589.jpg,.jpg,283161,HAM10000_images_part_2\ISIC_0031589.jpg
HAM10000_images_part_2,ISIC_0031590.jpg,.jpg,302417,HAM10000_images_part_2\ISIC_0031590.jpg
HAM10000_images_part_2,ISIC_0031591.jpg,.jpg,346288,HAM10000_images_part_2\ISIC_0031591.jpg
HAM10000_images_part_2,ISIC_0031592.jpg,.jpg,271995,HAM10000_images_part_2\ISIC_0031592.jpg
HAM10000_images_part_2,ISIC_0031593.jpg,.jpg,328754,HAM10000_images_part_2\ISIC_0031593.jpg
HAM10000_images_part_2,ISIC_0031594.jpg,.jpg,215003,HAM10000_images_part_2\ISIC_0031594.jpg
HAM10000_images_part_2,ISIC_0031595.jpg,.jpg,260035,HAM10000_images_part_2\ISIC_0031595.jpg
HAM10000_images_part_2,ISIC_0031596.jpg,.jpg,248394,HAM10000_images_part_2\ISIC_0031596.jpg
HAM10000_images_part_2,ISIC_0031597.jpg,.jpg,240221,HAM10000_images_part_2\ISIC_0031597.jpg
HAM10000_images_part_2,ISIC_0031598.jpg,.jpg,286542,HAM10000_images_part_2\ISIC_0031598.jpg
HAM10000_images_part_2,ISIC_0031599.jpg,.jpg,151720,HAM10000_images_part_2\ISIC_0031599.jpg
HAM10000_images_part_2,ISIC_0031600.jpg,.jpg,330694,HAM10000_images_part_2\ISIC_0031600.jpg
HAM10000_images_part_2,ISIC_0031601.jpg,.jpg,332151,HAM10000_images_part_2\ISIC_0031601.jpg
HAM10000_images_part_2,ISIC_0031602.jpg,.jpg,270316,HAM10000_images_part_2\ISIC_0031602.jpg
HAM10000_images_part_2,ISIC_0031603.jpg,.jpg,160750,HAM10000_images_part_2\ISIC_0031603.jpg
HAM10000_images_part_2,ISIC_0031604.jpg,.jpg,337585,HAM10000_images_part_2\ISIC_0031604.jpg
HAM10000_images_part_2,ISIC_0031605.jpg,.jpg,264309,HAM10000_images_part_2\ISIC_0031605.jpg
HAM10000_images_part_2,ISIC_0031606.jpg,.jpg,301965,HAM10000_images_part_2\ISIC_0031606.jpg
HAM10000_images_part_2,ISIC_0031607.jpg,.jpg,281423,HAM10000_images_part_2\ISIC_0031607.jpg
HAM10000_images_part_2,ISIC_0031608.jpg,.jpg,272536,HAM10000_images_part_2\ISIC_0031608.jpg
HAM10000_images_part_2,ISIC_0031609.jpg,.jpg,236959,HAM10000_images_part_2\ISIC_0031609.jpg
HAM10000_images_part_2,ISIC_0031610.jpg,.jpg,285638,HAM10000_images_part_2\ISIC_0031610.jpg
HAM10000_images_part_2,ISIC_0031611.jpg,.jpg,164200,HAM10000_images_part_2\ISIC_0031611.jpg
HAM10000_images_part_2,ISIC_0031612.jpg,.jpg,235324,HAM10000_images_part_2\ISIC_0031612.jpg
HAM10000_images_part_2,ISIC_0031613.jpg,.jpg,197817,HAM10000_images_part_2\ISIC_0031613.jpg
HAM10000_images_part_2,ISIC_0031614.jpg,.jpg,272574,HAM10000_images_part_2\ISIC_0031614.jpg
HAM10000_images_part_2,ISIC_0031615.jpg,.jpg,256310,HAM10000_images_part_2\ISIC_0031615.jpg
HAM10000_images_part_2,ISIC_0031616.jpg,.jpg,287082,HAM10000_images_part_2\ISIC_0031616.jpg
HAM10000_images_part_2,ISIC_0031617.jpg,.jpg,271908,HAM10000_images_part_2\ISIC_0031617.jpg
HAM10000_images_part_2,ISIC_0031618.jpg,.jpg,242908,HAM10000_images_part_2\ISIC_0031618.jpg
HAM10000_images_part_2,ISIC_0031619.jpg,.jpg,388273,HAM10000_images_part_2\ISIC_0031619.jpg
HAM10000_images_part_2,ISIC_0031620.jpg,.jpg,236836,HAM10000_images_part_2\ISIC_0031620.jpg
HAM10000_images_part_2,ISIC_0031621.jpg,.jpg,252152,HAM10000_images_part_2\ISIC_0031621.jpg
HAM10000_images_part_2,ISIC_0031622.jpg,.jpg,199148,HAM10000_images_part_2\ISIC_0031622.jpg
HAM10000_images_part_2,ISIC_0031623.jpg,.jpg,277558,HAM10000_images_part_2\ISIC_0031623.jpg
HAM10000_images_part_2,ISIC_0031624.jpg,.jpg,282391,HAM10000_images_part_2\ISIC_0031624.jpg
HAM10000_images_part_2,ISIC_0031625.jpg,.jpg,331379,HAM10000_images_part_2\ISIC_0031625.jpg
HAM10000_images_part_2,ISIC_0031626.jpg,.jpg,274297,HAM10000_images_part_2\ISIC_0031626.jpg
HAM10000_images_part_2,ISIC_0031627.jpg,.jpg,264942,HAM10000_images_part_2\ISIC_0031627.jpg
HAM10000_images_part_2,ISIC_0031628.jpg,.jpg,278102,HAM10000_images_part_2\ISIC_0031628.jpg
HAM10000_images_part_2,ISIC_0031629.jpg,.jpg,192701,HAM10000_images_part_2\ISIC_0031629.jpg
HAM10000_images_part_2,ISIC_0031630.jpg,.jpg,268258,HAM10000_images_part_2\ISIC_0031630.jpg
HAM10000_images_part_2,ISIC_0031631.jpg,.jpg,243543,HAM10000_images_part_2\ISIC_0031631.jpg
HAM10000_images_part_2,ISIC_0031632.jpg,.jpg,345544,HAM10000_images_part_2\ISIC_0031632.jpg
HAM10000_images_part_2,ISIC_0031633.jpg,.jpg,256275,HAM10000_images_part_2\ISIC_0031633.jpg
HAM10000_images_part_2,ISIC_0031634.jpg,.jpg,265056,HAM10000_images_part_2\ISIC_0031634.jpg
HAM10000_images_part_2,ISIC_0031635.jpg,.jpg,255272,HAM10000_images_part_2\ISIC_0031635.jpg
HAM10000_images_part_2,ISIC_0031636.jpg,.jpg,266201,HAM10000_images_part_2\ISIC_0031636.jpg
HAM10000_images_part_2,ISIC_0031637.jpg,.jpg,332395,HAM10000_images_part_2\ISIC_0031637.jpg
HAM10000_images_part_2,ISIC_0031638.jpg,.jpg,355232,HAM10000_images_part_2\ISIC_0031638.jpg
HAM10000_images_part_2,ISIC_0031639.jpg,.jpg,275841,HAM10000_images_part_2\ISIC_0031639.jpg
HAM10000_images_part_2,ISIC_0031640.jpg,.jpg,386888,HAM10000_images_part_2\ISIC_0031640.jpg
HAM10000_images_part_2,ISIC_0031641.jpg,.jpg,262808,HAM10000_images_part_2\ISIC_0031641.jpg
HAM10000_images_part_2,ISIC_0031642.jpg,.jpg,271253,HAM10000_images_part_2\ISIC_0031642.jpg
HAM10000_images_part_2,ISIC_0031643.jpg,.jpg,246807,HAM10000_images_part_2\ISIC_0031643.jpg
HAM10000_images_part_2,ISIC_0031644.jpg,.jpg,115674,HAM10000_images_part_2\ISIC_0031644.jpg
HAM10000_images_part_2,ISIC_0031645.jpg,.jpg,234219,HAM10000_images_part_2\ISIC_0031645.jpg
HAM10000_images_part_2,ISIC_0031646.jpg,.jpg,274849,HAM10000_images_part_2\ISIC_0031646.jpg
HAM10000_images_part_2,ISIC_0031647.jpg,.jpg,333964,HAM10000_images_part_2\ISIC_0031647.jpg
HAM10000_images_part_2,ISIC_0031648.jpg,.jpg,410078,HAM10000_images_part_2\ISIC_0031648.jpg
HAM10000_images_part_2,ISIC_0031649.jpg,.jpg,239547,HAM10000_images_part_2\ISIC_0031649.jpg
HAM10000_images_part_2,ISIC_0031650.jpg,.jpg,251680,HAM10000_images_part_2\ISIC_0031650.jpg
HAM10000_images_part_2,ISIC_0031651.jpg,.jpg,185573,HAM10000_images_part_2\ISIC_0031651.jpg
HAM10000_images_part_2,ISIC_0031652.jpg,.jpg,339087,HAM10000_images_part_2\ISIC_0031652.jpg
HAM10000_images_part_2,ISIC_0031653.jpg,.jpg,335437,HAM10000_images_part_2\ISIC_0031653.jpg
HAM10000_images_part_2,ISIC_0031654.jpg,.jpg,326680,HAM10000_images_part_2\ISIC_0031654.jpg
HAM10000_images_part_2,ISIC_0031655.jpg,.jpg,281479,HAM10000_images_part_2\ISIC_0031655.jpg
HAM10000_images_part_2,ISIC_0031656.jpg,.jpg,288110,HAM10000_images_part_2\ISIC_0031656.jpg
HAM10000_images_part_2,ISIC_0031657.jpg,.jpg,262643,HAM10000_images_part_2\ISIC_0031657.jpg
HAM10000_images_part_2,ISIC_0031658.jpg,.jpg,271997,HAM10000_images_part_2\ISIC_0031658.jpg
HAM10000_images_part_2,ISIC_0031659.jpg,.jpg,209178,HAM10000_images_part_2\ISIC_0031659.jpg
HAM10000_images_part_2,ISIC_0031660.jpg,.jpg,327775,HAM10000_images_part_2\ISIC_0031660.jpg
HAM10000_images_part_2,ISIC_0031661.jpg,.jpg,268280,HAM10000_images_part_2\ISIC_0031661.jpg
HAM10000_images_part_2,ISIC_0031662.jpg,.jpg,208263,HAM10000_images_part_2\ISIC_0031662.jpg
HAM10000_images_part_2,ISIC_0031663.jpg,.jpg,232067,HAM10000_images_part_2\ISIC_0031663.jpg
HAM10000_images_part_2,ISIC_0031664.jpg,.jpg,269097,HAM10000_images_part_2\ISIC_0031664.jpg
HAM10000_images_part_2,ISIC_0031665.jpg,.jpg,278699,HAM10000_images_part_2\ISIC_0031665.jpg
HAM10000_images_part_2,ISIC_0031666.jpg,.jpg,290012,HAM10000_images_part_2\ISIC_0031666.jpg
HAM10000_images_part_2,ISIC_0031667.jpg,.jpg,247361,HAM10000_images_part_2\ISIC_0031667.jpg
HAM10000_images_part_2,ISIC_0031668.jpg,.jpg,250558,HAM10000_images_part_2\ISIC_0031668.jpg
HAM10000_images_part_2,ISIC_0031669.jpg,.jpg,270164,HAM10000_images_part_2\ISIC_0031669.jpg
HAM10000_images_part_2,ISIC_0031670.jpg,.jpg,324287,HAM10000_images_part_2\ISIC_0031670.jpg
HAM10000_images_part_2,ISIC_0031671.jpg,.jpg,360412,HAM10000_images_part_2\ISIC_0031671.jpg
HAM10000_images_part_2,ISIC_0031672.jpg,.jpg,140449,HAM10000_images_part_2\ISIC_0031672.jpg
HAM10000_images_part_2,ISIC_0031673.jpg,.jpg,270619,HAM10000_images_part_2\ISIC_0031673.jpg
HAM10000_images_part_2,ISIC_0031674.jpg,.jpg,277479,HAM10000_images_part_2\ISIC_0031674.jpg
HAM10000_images_part_2,ISIC_0031675.jpg,.jpg,268242,HAM10000_images_part_2\ISIC_0031675.jpg
HAM10000_images_part_2,ISIC_0031676.jpg,.jpg,175430,HAM10000_images_part_2\ISIC_0031676.jpg
HAM10000_images_part_2,ISIC_0031677.jpg,.jpg,355115,HAM10000_images_part_2\ISIC_0031677.jpg
HAM10000_images_part_2,ISIC_0031678.jpg,.jpg,134691,HAM10000_images_part_2\ISIC_0031678.jpg
HAM10000_images_part_2,ISIC_0031679.jpg,.jpg,271062,HAM10000_images_part_2\ISIC_0031679.jpg
HAM10000_images_part_2,ISIC_0031680.jpg,.jpg,290031,HAM10000_images_part_2\ISIC_0031680.jpg
HAM10000_images_part_2,ISIC_0031681.jpg,.jpg,228469,HAM10000_images_part_2\ISIC_0031681.jpg
HAM10000_images_part_2,ISIC_0031682.jpg,.jpg,340189,HAM10000_images_part_2\ISIC_0031682.jpg
HAM10000_images_part_2,ISIC_0031683.jpg,.jpg,291361,HAM10000_images_part_2\ISIC_0031683.jpg
HAM10000_images_part_2,ISIC_0031684.jpg,.jpg,284600,HAM10000_images_part_2\ISIC_0031684.jpg
HAM10000_images_part_2,ISIC_0031685.jpg,.jpg,336425,HAM10000_images_part_2\ISIC_0031685.jpg
HAM10000_images_part_2,ISIC_0031686.jpg,.jpg,271971,HAM10000_images_part_2\ISIC_0031686.jpg
HAM10000_images_part_2,ISIC_0031687.jpg,.jpg,279141,HAM10000_images_part_2\ISIC_0031687.jpg
HAM10000_images_part_2,ISIC_0031688.jpg,.jpg,273618,HAM10000_images_part_2\ISIC_0031688.jpg
HAM10000_images_part_2,ISIC_0031689.jpg,.jpg,285246,HAM10000_images_part_2\ISIC_0031689.jpg
HAM10000_images_part_2,ISIC_0031690.jpg,.jpg,273910,HAM10000_images_part_2\ISIC_0031690.jpg
HAM10000_images_part_2,ISIC_0031691.jpg,.jpg,283966,HAM10000_images_part_2\ISIC_0031691.jpg
HAM10000_images_part_2,ISIC_0031692.jpg,.jpg,259642,HAM10000_images_part_2\ISIC_0031692.jpg
HAM10000_images_part_2,ISIC_0031693.jpg,.jpg,279838,HAM10000_images_part_2\ISIC_0031693.jpg
HAM10000_images_part_2,ISIC_0031694.jpg,.jpg,262576,HAM10000_images_part_2\ISIC_0031694.jpg
HAM10000_images_part_2,ISIC_0031695.jpg,.jpg,374841,HAM10000_images_part_2\ISIC_0031695.jpg
HAM10000_images_part_2,ISIC_0031696.jpg,.jpg,266478,HAM10000_images_part_2\ISIC_0031696.jpg
HAM10000_images_part_2,ISIC_0031697.jpg,.jpg,299085,HAM10000_images_part_2\ISIC_0031697.jpg
HAM10000_images_part_2,ISIC_0031698.jpg,.jpg,181917,HAM10000_images_part_2\ISIC_0031698.jpg
HAM10000_images_part_2,ISIC_0031699.jpg,.jpg,315854,HAM10000_images_part_2\ISIC_0031699.jpg
HAM10000_images_part_2,ISIC_0031700.jpg,.jpg,203701,HAM10000_images_part_2\ISIC_0031700.jpg
HAM10000_images_part_2,ISIC_0031701.jpg,.jpg,305646,HAM10000_images_part_2\ISIC_0031701.jpg
HAM10000_images_part_2,ISIC_0031702.jpg,.jpg,285964,HAM10000_images_part_2\ISIC_0031702.jpg
HAM10000_images_part_2,ISIC_0031703.jpg,.jpg,275247,HAM10000_images_part_2\ISIC_0031703.jpg
HAM10000_images_part_2,ISIC_0031704.jpg,.jpg,366790,HAM10000_images_part_2\ISIC_0031704.jpg
HAM10000_images_part_2,ISIC_0031705.jpg,.jpg,210115,HAM10000_images_part_2\ISIC_0031705.jpg
HAM10000_images_part_2,ISIC_0031706.jpg,.jpg,331418,HAM10000_images_part_2\ISIC_0031706.jpg
HAM10000_images_part_2,ISIC_0031707.jpg,.jpg,206221,HAM10000_images_part_2\ISIC_0031707.jpg
HAM10000_images_part_2,ISIC_0031708.jpg,.jpg,291678,HAM10000_images_part_2\ISIC_0031708.jpg
HAM10000_images_part_2,ISIC_0031709.jpg,.jpg,228163,HAM10000_images_part_2\ISIC_0031709.jpg
HAM10000_images_part_2,ISIC_0031710.jpg,.jpg,251103,HAM10000_images_part_2\ISIC_0031710.jpg
HAM10000_images_part_2,ISIC_0031711.jpg,.jpg,279236,HAM10000_images_part_2\ISIC_0031711.jpg
HAM10000_images_part_2,ISIC_0031712.jpg,.jpg,192508,HAM10000_images_part_2\ISIC_0031712.jpg
HAM10000_images_part_2,ISIC_0031713.jpg,.jpg,237282,HAM10000_images_part_2\ISIC_0031713.jpg
HAM10000_images_part_2,ISIC_0031714.jpg,.jpg,269195,HAM10000_images_part_2\ISIC_0031714.jpg
HAM10000_images_part_2,ISIC_0031715.jpg,.jpg,273322,HAM10000_images_part_2\ISIC_0031715.jpg
HAM10000_images_part_2,ISIC_0031716.jpg,.jpg,254129,HAM10000_images_part_2\ISIC_0031716.jpg
HAM10000_images_part_2,ISIC_0031717.jpg,.jpg,283068,HAM10000_images_part_2\ISIC_0031717.jpg
HAM10000_images_part_2,ISIC_0031718.jpg,.jpg,285030,HAM10000_images_part_2\ISIC_0031718.jpg
HAM10000_images_part_2,ISIC_0031719.jpg,.jpg,213692,HAM10000_images_part_2\ISIC_0031719.jpg
HAM10000_images_part_2,ISIC_0031720.jpg,.jpg,238090,HAM10000_images_part_2\ISIC_0031720.jpg
HAM10000_images_part_2,ISIC_0031721.jpg,.jpg,277497,HAM10000_images_part_2\ISIC_0031721.jpg
HAM10000_images_part_2,ISIC_0031722.jpg,.jpg,281948,HAM10000_images_part_2\ISIC_0031722.jpg
HAM10000_images_part_2,ISIC_0031723.jpg,.jpg,270679,HAM10000_images_part_2\ISIC_0031723.jpg
HAM10000_images_part_2,ISIC_0031724.jpg,.jpg,258932,HAM10000_images_part_2\ISIC_0031724.jpg
HAM10000_images_part_2,ISIC_0031725.jpg,.jpg,329740,HAM10000_images_part_2\ISIC_0031725.jpg
HAM10000_images_part_2,ISIC_0031726.jpg,.jpg,237903,HAM10000_images_part_2\ISIC_0031726.jpg
HAM10000_images_part_2,ISIC_0031727.jpg,.jpg,262452,HAM10000_images_part_2\ISIC_0031727.jpg
HAM10000_images_part_2,ISIC_0031728.jpg,.jpg,234162,HAM10000_images_part_2\ISIC_0031728.jpg
HAM10000_images_part_2,ISIC_0031729.jpg,.jpg,307613,HAM10000_images_part_2\ISIC_0031729.jpg
HAM10000_images_part_2,ISIC_0031730.jpg,.jpg,286962,HAM10000_images_part_2\ISIC_0031730.jpg
HAM10000_images_part_2,ISIC_0031731.jpg,.jpg,263859,HAM10000_images_part_2\ISIC_0031731.jpg
HAM10000_images_part_2,ISIC_0031732.jpg,.jpg,257594,HAM10000_images_part_2\ISIC_0031732.jpg
HAM10000_images_part_2,ISIC_0031733.jpg,.jpg,211547,HAM10000_images_part_2\ISIC_0031733.jpg
HAM10000_images_part_2,ISIC_0031734.jpg,.jpg,334552,HAM10000_images_part_2\ISIC_0031734.jpg
HAM10000_images_part_2,ISIC_0031735.jpg,.jpg,274259,HAM10000_images_part_2\ISIC_0031735.jpg
HAM10000_images_part_2,ISIC_0031736.jpg,.jpg,276591,HAM10000_images_part_2\ISIC_0031736.jpg
HAM10000_images_part_2,ISIC_0031737.jpg,.jpg,280159,HAM10000_images_part_2\ISIC_0031737.jpg
HAM10000_images_part_2,ISIC_0031738.jpg,.jpg,341095,HAM10000_images_part_2\ISIC_0031738.jpg
HAM10000_images_part_2,ISIC_0031739.jpg,.jpg,265850,HAM10000_images_part_2\ISIC_0031739.jpg
HAM10000_images_part_2,ISIC_0031740.jpg,.jpg,262446,HAM10000_images_part_2\ISIC_0031740.jpg
HAM10000_images_part_2,ISIC_0031741.jpg,.jpg,223295,HAM10000_images_part_2\ISIC_0031741.jpg
HAM10000_images_part_2,ISIC_0031742.jpg,.jpg,223497,HAM10000_images_part_2\ISIC_0031742.jpg
HAM10000_images_part_2,ISIC_0031743.jpg,.jpg,280100,HAM10000_images_part_2\ISIC_0031743.jpg
HAM10000_images_part_2,ISIC_0031744.jpg,.jpg,268812,HAM10000_images_part_2\ISIC_0031744.jpg
HAM10000_images_part_2,ISIC_0031745.jpg,.jpg,277157,HAM10000_images_part_2\ISIC_0031745.jpg
HAM10000_images_part_2,ISIC_0031746.jpg,.jpg,240734,HAM10000_images_part_2\ISIC_0031746.jpg
HAM10000_images_part_2,ISIC_0031747.jpg,.jpg,279929,HAM10000_images_part_2\ISIC_0031747.jpg
HAM10000_images_part_2,ISIC_0031748.jpg,.jpg,289719,HAM10000_images_part_2\ISIC_0031748.jpg
HAM10000_images_part_2,ISIC_0031749.jpg,.jpg,290657,HAM10000_images_part_2\ISIC_0031749.jpg
HAM10000_images_part_2,ISIC_0031750.jpg,.jpg,292992,HAM10000_images_part_2\ISIC_0031750.jpg
HAM10000_images_part_2,ISIC_0031751.jpg,.jpg,299271,HAM10000_images_part_2\ISIC_0031751.jpg
HAM10000_images_part_2,ISIC_0031752.jpg,.jpg,270121,HAM10000_images_part_2\ISIC_0031752.jpg
HAM10000_images_part_2,ISIC_0031753.jpg,.jpg,286767,HAM10000_images_part_2\ISIC_0031753.jpg
HAM10000_images_part_2,ISIC_0031754.jpg,.jpg,234620,HAM10000_images_part_2\ISIC_0031754.jpg
HAM10000_images_part_2,ISIC_0031755.jpg,.jpg,278366,HAM10000_images_part_2\ISIC_0031755.jpg
HAM10000_images_part_2,ISIC_0031756.jpg,.jpg,295817,HAM10000_images_part_2\ISIC_0031756.jpg
HAM10000_images_part_2,ISIC_0031757.jpg,.jpg,144009,HAM10000_images_part_2\ISIC_0031757.jpg
HAM10000_images_part_2,ISIC_0031758.jpg,.jpg,261316,HAM10000_images_part_2\ISIC_0031758.jpg
HAM10000_images_part_2,ISIC_0031759.jpg,.jpg,214921,HAM10000_images_part_2\ISIC_0031759.jpg
HAM10000_images_part_2,ISIC_0031760.jpg,.jpg,291680,HAM10000_images_part_2\ISIC_0031760.jpg
HAM10000_images_part_2,ISIC_0031761.jpg,.jpg,384520,HAM10000_images_part_2\ISIC_0031761.jpg
HAM10000_images_part_2,ISIC_0031762.jpg,.jpg,285150,HAM10000_images_part_2\ISIC_0031762.jpg
HAM10000_images_part_2,ISIC_0031763.jpg,.jpg,278829,HAM10000_images_part_2\ISIC_0031763.jpg
HAM10000_images_part_2,ISIC_0031764.jpg,.jpg,261914,HAM10000_images_part_2\ISIC_0031764.jpg
HAM10000_images_part_2,ISIC_0031765.jpg,.jpg,244717,HAM10000_images_part_2\ISIC_0031765.jpg
HAM10000_images_part_2,ISIC_0031766.jpg,.jpg,257133,HAM10000_images_part_2\ISIC_0031766.jpg
HAM10000_images_part_2,ISIC_0031767.jpg,.jpg,300607,HAM10000_images_part_2\ISIC_0031767.jpg
HAM10000_images_part_2,ISIC_0031768.jpg,.jpg,257895,HAM10000_images_part_2\ISIC_0031768.jpg
HAM10000_images_part_2,ISIC_0031769.jpg,.jpg,253705,HAM10000_images_part_2\ISIC_0031769.jpg
HAM10000_images_part_2,ISIC_0031770.jpg,.jpg,187567,HAM10000_images_part_2\ISIC_0031770.jpg
HAM10000_images_part_2,ISIC_0031771.jpg,.jpg,261435,HAM10000_images_part_2\ISIC_0031771.jpg
HAM10000_images_part_2,ISIC_0031772.jpg,.jpg,274413,HAM10000_images_part_2\ISIC_0031772.jpg
HAM10000_images_part_2,ISIC_0031773.jpg,.jpg,354939,HAM10000_images_part_2\ISIC_0031773.jpg
HAM10000_images_part_2,ISIC_0031774.jpg,.jpg,276940,HAM10000_images_part_2\ISIC_0031774.jpg
HAM10000_images_part_2,ISIC_0031775.jpg,.jpg,287322,HAM10000_images_part_2\ISIC_0031775.jpg
HAM10000_images_part_2,ISIC_0031776.jpg,.jpg,371300,HAM10000_images_part_2\ISIC_0031776.jpg
HAM10000_images_part_2,ISIC_0031777.jpg,.jpg,334025,HAM10000_images_part_2\ISIC_0031777.jpg
HAM10000_images_part_2,ISIC_0031778.jpg,.jpg,222481,HAM10000_images_part_2\ISIC_0031778.jpg
HAM10000_images_part_2,ISIC_0031779.jpg,.jpg,297162,HAM10000_images_part_2\ISIC_0031779.jpg
HAM10000_images_part_2,ISIC_0031780.jpg,.jpg,279089,HAM10000_images_part_2\ISIC_0031780.jpg
HAM10000_images_part_2,ISIC_0031781.jpg,.jpg,259279,HAM10000_images_part_2\ISIC_0031781.jpg
HAM10000_images_part_2,ISIC_0031782.jpg,.jpg,264747,HAM10000_images_part_2\ISIC_0031782.jpg
HAM10000_images_part_2,ISIC_0031783.jpg,.jpg,275412,HAM10000_images_part_2\ISIC_0031783.jpg
HAM10000_images_part_2,ISIC_0031784.jpg,.jpg,281284,HAM10000_images_part_2\ISIC_0031784.jpg
HAM10000_images_part_2,ISIC_0031785.jpg,.jpg,293430,HAM10000_images_part_2\ISIC_0031785.jpg
HAM10000_images_part_2,ISIC_0031786.jpg,.jpg,274908,HAM10000_images_part_2\ISIC_0031786.jpg
HAM10000_images_part_2,ISIC_0031787.jpg,.jpg,244519,HAM10000_images_part_2\ISIC_0031787.jpg
HAM10000_images_part_2,ISIC_0031788.jpg,.jpg,275576,HAM10000_images_part_2\ISIC_0031788.jpg
HAM10000_images_part_2,ISIC_0031789.jpg,.jpg,285415,HAM10000_images_part_2\ISIC_0031789.jpg
HAM10000_images_part_2,ISIC_0031790.jpg,.jpg,274007,HAM10000_images_part_2\ISIC_0031790.jpg
HAM10000_images_part_2,ISIC_0031791.jpg,.jpg,248745,HAM10000_images_part_2\ISIC_0031791.jpg
HAM10000_images_part_2,ISIC_0031792.jpg,.jpg,277795,HAM10000_images_part_2\ISIC_0031792.jpg
HAM10000_images_part_2,ISIC_0031793.jpg,.jpg,282635,HAM10000_images_part_2\ISIC_0031793.jpg
HAM10000_images_part_2,ISIC_0031794.jpg,.jpg,207083,HAM10000_images_part_2\ISIC_0031794.jpg
HAM10000_images_part_2,ISIC_0031795.jpg,.jpg,251699,HAM10000_images_part_2\ISIC_0031795.jpg
HAM10000_images_part_2,ISIC_0031796.jpg,.jpg,280832,HAM10000_images_part_2\ISIC_0031796.jpg
HAM10000_images_part_2,ISIC_0031797.jpg,.jpg,361658,HAM10000_images_part_2\ISIC_0031797.jpg
HAM10000_images_part_2,ISIC_0031798.jpg,.jpg,243823,HAM10000_images_part_2\ISIC_0031798.jpg
HAM10000_images_part_2,ISIC_0031799.jpg,.jpg,334809,HAM10000_images_part_2\ISIC_0031799.jpg
HAM10000_images_part_2,ISIC_0031800.jpg,.jpg,333207,HAM10000_images_part_2\ISIC_0031800.jpg
HAM10000_images_part_2,ISIC_0031801.jpg,.jpg,280670,HAM10000_images_part_2\ISIC_0031801.jpg
HAM10000_images_part_2,ISIC_0031802.jpg,.jpg,149111,HAM10000_images_part_2\ISIC_0031802.jpg
HAM10000_images_part_2,ISIC_0031803.jpg,.jpg,232044,HAM10000_images_part_2\ISIC_0031803.jpg
HAM10000_images_part_2,ISIC_0031804.jpg,.jpg,270640,HAM10000_images_part_2\ISIC_0031804.jpg
HAM10000_images_part_2,ISIC_0031805.jpg,.jpg,286044,HAM10000_images_part_2\ISIC_0031805.jpg
HAM10000_images_part_2,ISIC_0031806.jpg,.jpg,198731,HAM10000_images_part_2\ISIC_0031806.jpg
HAM10000_images_part_2,ISIC_0031807.jpg,.jpg,279071,HAM10000_images_part_2\ISIC_0031807.jpg
HAM10000_images_part_2,ISIC_0031808.jpg,.jpg,207824,HAM10000_images_part_2\ISIC_0031808.jpg
HAM10000_images_part_2,ISIC_0031809.jpg,.jpg,153881,HAM10000_images_part_2\ISIC_0031809.jpg
HAM10000_images_part_2,ISIC_0031810.jpg,.jpg,271212,HAM10000_images_part_2\ISIC_0031810.jpg
HAM10000_images_part_2,ISIC_0031811.jpg,.jpg,254833,HAM10000_images_part_2\ISIC_0031811.jpg
HAM10000_images_part_2,ISIC_0031812.jpg,.jpg,278990,HAM10000_images_part_2\ISIC_0031812.jpg
HAM10000_images_part_2,ISIC_0031813.jpg,.jpg,145293,HAM10000_images_part_2\ISIC_0031813.jpg
HAM10000_images_part_2,ISIC_0031814.jpg,.jpg,255297,HAM10000_images_part_2\ISIC_0031814.jpg
HAM10000_images_part_2,ISIC_0031815.jpg,.jpg,270611,HAM10000_images_part_2\ISIC_0031815.jpg
HAM10000_images_part_2,ISIC_0031816.jpg,.jpg,285425,HAM10000_images_part_2\ISIC_0031816.jpg
HAM10000_images_part_2,ISIC_0031817.jpg,.jpg,290959,HAM10000_images_part_2\ISIC_0031817.jpg
HAM10000_images_part_2,ISIC_0031818.jpg,.jpg,260415,HAM10000_images_part_2\ISIC_0031818.jpg
HAM10000_images_part_2,ISIC_0031819.jpg,.jpg,252611,HAM10000_images_part_2\ISIC_0031819.jpg
HAM10000_images_part_2,ISIC_0031820.jpg,.jpg,283320,HAM10000_images_part_2\ISIC_0031820.jpg
HAM10000_images_part_2,ISIC_0031821.jpg,.jpg,162629,HAM10000_images_part_2\ISIC_0031821.jpg
HAM10000_images_part_2,ISIC_0031822.jpg,.jpg,262785,HAM10000_images_part_2\ISIC_0031822.jpg
HAM10000_images_part_2,ISIC_0031823.jpg,.jpg,285725,HAM10000_images_part_2\ISIC_0031823.jpg
HAM10000_images_part_2,ISIC_0031824.jpg,.jpg,344398,HAM10000_images_part_2\ISIC_0031824.jpg
HAM10000_images_part_2,ISIC_0031825.jpg,.jpg,303817,HAM10000_images_part_2\ISIC_0031825.jpg
HAM10000_images_part_2,ISIC_0031826.jpg,.jpg,283580,HAM10000_images_part_2\ISIC_0031826.jpg
HAM10000_images_part_2,ISIC_0031827.jpg,.jpg,244637,HAM10000_images_part_2\ISIC_0031827.jpg
HAM10000_images_part_2,ISIC_0031828.jpg,.jpg,265833,HAM10000_images_part_2\ISIC_0031828.jpg
HAM10000_images_part_2,ISIC_0031829.jpg,.jpg,231711,HAM10000_images_part_2\ISIC_0031829.jpg
HAM10000_images_part_2,ISIC_0031830.jpg,.jpg,284827,HAM10000_images_part_2\ISIC_0031830.jpg
HAM10000_images_part_2,ISIC_0031831.jpg,.jpg,285286,HAM10000_images_part_2\ISIC_0031831.jpg
HAM10000_images_part_2,ISIC_0031832.jpg,.jpg,240360,HAM10000_images_part_2\ISIC_0031832.jpg
HAM10000_images_part_2,ISIC_0031833.jpg,.jpg,350445,HAM10000_images_part_2\ISIC_0031833.jpg
HAM10000_images_part_2,ISIC_0031834.jpg,.jpg,270835,HAM10000_images_part_2\ISIC_0031834.jpg
HAM10000_images_part_2,ISIC_0031835.jpg,.jpg,281735,HAM10000_images_part_2\ISIC_0031835.jpg
HAM10000_images_part_2,ISIC_0031836.jpg,.jpg,292038,HAM10000_images_part_2\ISIC_0031836.jpg
HAM10000_images_part_2,ISIC_0031837.jpg,.jpg,354824,HAM10000_images_part_2\ISIC_0031837.jpg
HAM10000_images_part_2,ISIC_0031838.jpg,.jpg,182746,HAM10000_images_part_2\ISIC_0031838.jpg
HAM10000_images_part_2,ISIC_0031839.jpg,.jpg,261821,HAM10000_images_part_2\ISIC_0031839.jpg
HAM10000_images_part_2,ISIC_0031840.jpg,.jpg,267053,HAM10000_images_part_2\ISIC_0031840.jpg
HAM10000_images_part_2,ISIC_0031841.jpg,.jpg,307520,HAM10000_images_part_2\ISIC_0031841.jpg
HAM10000_images_part_2,ISIC_0031842.jpg,.jpg,272581,HAM10000_images_part_2\ISIC_0031842.jpg
HAM10000_images_part_2,ISIC_0031843.jpg,.jpg,285346,HAM10000_images_part_2\ISIC_0031843.jpg
HAM10000_images_part_2,ISIC_0031844.jpg,.jpg,163615,HAM10000_images_part_2\ISIC_0031844.jpg
HAM10000_images_part_2,ISIC_0031845.jpg,.jpg,335782,HAM10000_images_part_2\ISIC_0031845.jpg
HAM10000_images_part_2,ISIC_0031846.jpg,.jpg,281788,HAM10000_images_part_2\ISIC_0031846.jpg
HAM10000_images_part_2,ISIC_0031847.jpg,.jpg,279598,HAM10000_images_part_2\ISIC_0031847.jpg
HAM10000_images_part_2,ISIC_0031848.jpg,.jpg,281900,HAM10000_images_part_2\ISIC_0031848.jpg
HAM10000_images_part_2,ISIC_0031849.jpg,.jpg,277208,HAM10000_images_part_2\ISIC_0031849.jpg
HAM10000_images_part_2,ISIC_0031850.jpg,.jpg,296087,HAM10000_images_part_2\ISIC_0031850.jpg
HAM10000_images_part_2,ISIC_0031851.jpg,.jpg,249192,HAM10000_images_part_2\ISIC_0031851.jpg
HAM10000_images_part_2,ISIC_0031852.jpg,.jpg,263628,HAM10000_images_part_2\ISIC_0031852.jpg
HAM10000_images_part_2,ISIC_0031853.jpg,.jpg,290749,HAM10000_images_part_2\ISIC_0031853.jpg
HAM10000_images_part_2,ISIC_0031854.jpg,.jpg,280549,HAM10000_images_part_2\ISIC_0031854.jpg
HAM10000_images_part_2,ISIC_0031855.jpg,.jpg,283411,HAM10000_images_part_2\ISIC_0031855.jpg
HAM10000_images_part_2,ISIC_0031856.jpg,.jpg,278291,HAM10000_images_part_2\ISIC_0031856.jpg
HAM10000_images_part_2,ISIC_0031857.jpg,.jpg,265644,HAM10000_images_part_2\ISIC_0031857.jpg
HAM10000_images_part_2,ISIC_0031858.jpg,.jpg,305404,HAM10000_images_part_2\ISIC_0031858.jpg
HAM10000_images_part_2,ISIC_0031859.jpg,.jpg,269207,HAM10000_images_part_2\ISIC_0031859.jpg
HAM10000_images_part_2,ISIC_0031860.jpg,.jpg,262895,HAM10000_images_part_2\ISIC_0031860.jpg
HAM10000_images_part_2,ISIC_0031861.jpg,.jpg,272086,HAM10000_images_part_2\ISIC_0031861.jpg
HAM10000_images_part_2,ISIC_0031862.jpg,.jpg,284390,HAM10000_images_part_2\ISIC_0031862.jpg
HAM10000_images_part_2,ISIC_0031863.jpg,.jpg,294226,HAM10000_images_part_2\ISIC_0031863.jpg
HAM10000_images_part_2,ISIC_0031864.jpg,.jpg,270545,HAM10000_images_part_2\ISIC_0031864.jpg
HAM10000_images_part_2,ISIC_0031865.jpg,.jpg,266085,HAM10000_images_part_2\ISIC_0031865.jpg
HAM10000_images_part_2,ISIC_0031866.jpg,.jpg,186014,HAM10000_images_part_2\ISIC_0031866.jpg
HAM10000_images_part_2,ISIC_0031867.jpg,.jpg,306450,HAM10000_images_part_2\ISIC_0031867.jpg
HAM10000_images_part_2,ISIC_0031868.jpg,.jpg,296073,HAM10000_images_part_2\ISIC_0031868.jpg
HAM10000_images_part_2,ISIC_0031869.jpg,.jpg,304057,HAM10000_images_part_2\ISIC_0031869.jpg
HAM10000_images_part_2,ISIC_0031870.jpg,.jpg,288278,HAM10000_images_part_2\ISIC_0031870.jpg
HAM10000_images_part_2,ISIC_0031871.jpg,.jpg,123668,HAM10000_images_part_2\ISIC_0031871.jpg
HAM10000_images_part_2,ISIC_0031872.jpg,.jpg,325127,HAM10000_images_part_2\ISIC_0031872.jpg
HAM10000_images_part_2,ISIC_0031873.jpg,.jpg,282374,HAM10000_images_part_2\ISIC_0031873.jpg
HAM10000_images_part_2,ISIC_0031874.jpg,.jpg,227807,HAM10000_images_part_2\ISIC_0031874.jpg
HAM10000_images_part_2,ISIC_0031875.jpg,.jpg,255036,HAM10000_images_part_2\ISIC_0031875.jpg
HAM10000_images_part_2,ISIC_0031876.jpg,.jpg,239775,HAM10000_images_part_2\ISIC_0031876.jpg
HAM10000_images_part_2,ISIC_0031877.jpg,.jpg,261377,HAM10000_images_part_2\ISIC_0031877.jpg
HAM10000_images_part_2,ISIC_0031878.jpg,.jpg,309897,HAM10000_images_part_2\ISIC_0031878.jpg
HAM10000_images_part_2,ISIC_0031879.jpg,.jpg,282505,HAM10000_images_part_2\ISIC_0031879.jpg
HAM10000_images_part_2,ISIC_0031880.jpg,.jpg,234035,HAM10000_images_part_2\ISIC_0031880.jpg
HAM10000_images_part_2,ISIC_0031881.jpg,.jpg,335887,HAM10000_images_part_2\ISIC_0031881.jpg
HAM10000_images_part_2,ISIC_0031882.jpg,.jpg,271357,HAM10000_images_part_2\ISIC_0031882.jpg
HAM10000_images_part_2,ISIC_0031883.jpg,.jpg,228556,HAM10000_images_part_2\ISIC_0031883.jpg
HAM10000_images_part_2,ISIC_0031884.jpg,.jpg,281523,HAM10000_images_part_2\ISIC_0031884.jpg
HAM10000_images_part_2,ISIC_0031885.jpg,.jpg,270104,HAM10000_images_part_2\ISIC_0031885.jpg
HAM10000_images_part_2,ISIC_0031886.jpg,.jpg,280777,HAM10000_images_part_2\ISIC_0031886.jpg
HAM10000_images_part_2,ISIC_0031887.jpg,.jpg,243187,HAM10000_images_part_2\ISIC_0031887.jpg
HAM10000_images_part_2,ISIC_0031888.jpg,.jpg,317525,HAM10000_images_part_2\ISIC_0031888.jpg
HAM10000_images_part_2,ISIC_0031889.jpg,.jpg,151005,HAM10000_images_part_2\ISIC_0031889.jpg
HAM10000_images_part_2,ISIC_0031890.jpg,.jpg,294243,HAM10000_images_part_2\ISIC_0031890.jpg
HAM10000_images_part_2,ISIC_0031891.jpg,.jpg,279205,HAM10000_images_part_2\ISIC_0031891.jpg
HAM10000_images_part_2,ISIC_0031892.jpg,.jpg,268717,HAM10000_images_part_2\ISIC_0031892.jpg
HAM10000_images_part_2,ISIC_0031893.jpg,.jpg,298932,HAM10000_images_part_2\ISIC_0031893.jpg
HAM10000_images_part_2,ISIC_0031894.jpg,.jpg,224177,HAM10000_images_part_2\ISIC_0031894.jpg
HAM10000_images_part_2,ISIC_0031895.jpg,.jpg,264515,HAM10000_images_part_2\ISIC_0031895.jpg
HAM10000_images_part_2,ISIC_0031896.jpg,.jpg,213120,HAM10000_images_part_2\ISIC_0031896.jpg
HAM10000_images_part_2,ISIC_0031897.jpg,.jpg,330117,HAM10000_images_part_2\ISIC_0031897.jpg
HAM10000_images_part_2,ISIC_0031898.jpg,.jpg,268207,HAM10000_images_part_2\ISIC_0031898.jpg
HAM10000_images_part_2,ISIC_0031899.jpg,.jpg,284610,HAM10000_images_part_2\ISIC_0031899.jpg
HAM10000_images_part_2,ISIC_0031900.jpg,.jpg,290353,HAM10000_images_part_2\ISIC_0031900.jpg
HAM10000_images_part_2,ISIC_0031901.jpg,.jpg,301769,HAM10000_images_part_2\ISIC_0031901.jpg
HAM10000_images_part_2,ISIC_0031902.jpg,.jpg,266763,HAM10000_images_part_2\ISIC_0031902.jpg
HAM10000_images_part_2,ISIC_0031903.jpg,.jpg,303789,HAM10000_images_part_2\ISIC_0031903.jpg
HAM10000_images_part_2,ISIC_0031904.jpg,.jpg,195292,HAM10000_images_part_2\ISIC_0031904.jpg
HAM10000_images_part_2,ISIC_0031905.jpg,.jpg,283877,HAM10000_images_part_2\ISIC_0031905.jpg
HAM10000_images_part_2,ISIC_0031906.jpg,.jpg,300517,HAM10000_images_part_2\ISIC_0031906.jpg
HAM10000_images_part_2,ISIC_0031907.jpg,.jpg,254216,HAM10000_images_part_2\ISIC_0031907.jpg
HAM10000_images_part_2,ISIC_0031908.jpg,.jpg,211486,HAM10000_images_part_2\ISIC_0031908.jpg
HAM10000_images_part_2,ISIC_0031909.jpg,.jpg,358867,HAM10000_images_part_2\ISIC_0031909.jpg
HAM10000_images_part_2,ISIC_0031910.jpg,.jpg,276657,HAM10000_images_part_2\ISIC_0031910.jpg
HAM10000_images_part_2,ISIC_0031911.jpg,.jpg,257191,HAM10000_images_part_2\ISIC_0031911.jpg
HAM10000_images_part_2,ISIC_0031912.jpg,.jpg,277713,HAM10000_images_part_2\ISIC_0031912.jpg
HAM10000_images_part_2,ISIC_0031913.jpg,.jpg,180063,HAM10000_images_part_2\ISIC_0031913.jpg
HAM10000_images_part_2,ISIC_0031914.jpg,.jpg,269444,HAM10000_images_part_2\ISIC_0031914.jpg
HAM10000_images_part_2,ISIC_0031915.jpg,.jpg,254484,HAM10000_images_part_2\ISIC_0031915.jpg
HAM10000_images_part_2,ISIC_0031916.jpg,.jpg,272319,HAM10000_images_part_2\ISIC_0031916.jpg
HAM10000_images_part_2,ISIC_0031917.jpg,.jpg,260857,HAM10000_images_part_2\ISIC_0031917.jpg
HAM10000_images_part_2,ISIC_0031918.jpg,.jpg,276548,HAM10000_images_part_2\ISIC_0031918.jpg
HAM10000_images_part_2,ISIC_0031919.jpg,.jpg,165784,HAM10000_images_part_2\ISIC_0031919.jpg
HAM10000_images_part_2,ISIC_0031920.jpg,.jpg,278367,HAM10000_images_part_2\ISIC_0031920.jpg
HAM10000_images_part_2,ISIC_0031921.jpg,.jpg,270634,HAM10000_images_part_2\ISIC_0031921.jpg
HAM10000_images_part_2,ISIC_0031922.jpg,.jpg,243219,HAM10000_images_part_2\ISIC_0031922.jpg
HAM10000_images_part_2,ISIC_0031923.jpg,.jpg,282859,HAM10000_images_part_2\ISIC_0031923.jpg
HAM10000_images_part_2,ISIC_0031924.jpg,.jpg,195267,HAM10000_images_part_2\ISIC_0031924.jpg
HAM10000_images_part_2,ISIC_0031925.jpg,.jpg,219448,HAM10000_images_part_2\ISIC_0031925.jpg
HAM10000_images_part_2,ISIC_0031926.jpg,.jpg,287548,HAM10000_images_part_2\ISIC_0031926.jpg
HAM10000_images_part_2,ISIC_0031927.jpg,.jpg,262705,HAM10000_images_part_2\ISIC_0031927.jpg
HAM10000_images_part_2,ISIC_0031928.jpg,.jpg,277481,HAM10000_images_part_2\ISIC_0031928.jpg
HAM10000_images_part_2,ISIC_0031929.jpg,.jpg,316484,HAM10000_images_part_2\ISIC_0031929.jpg
HAM10000_images_part_2,ISIC_0031930.jpg,.jpg,275375,HAM10000_images_part_2\ISIC_0031930.jpg
HAM10000_images_part_2,ISIC_0031931.jpg,.jpg,279159,HAM10000_images_part_2\ISIC_0031931.jpg
HAM10000_images_part_2,ISIC_0031932.jpg,.jpg,201681,HAM10000_images_part_2\ISIC_0031932.jpg
HAM10000_images_part_2,ISIC_0031933.jpg,.jpg,156610,HAM10000_images_part_2\ISIC_0031933.jpg
HAM10000_images_part_2,ISIC_0031934.jpg,.jpg,162219,HAM10000_images_part_2\ISIC_0031934.jpg
HAM10000_images_part_2,ISIC_0031935.jpg,.jpg,350071,HAM10000_images_part_2\ISIC_0031935.jpg
HAM10000_images_part_2,ISIC_0031936.jpg,.jpg,283536,HAM10000_images_part_2\ISIC_0031936.jpg
HAM10000_images_part_2,ISIC_0031937.jpg,.jpg,247645,HAM10000_images_part_2\ISIC_0031937.jpg
HAM10000_images_part_2,ISIC_0031938.jpg,.jpg,343211,HAM10000_images_part_2\ISIC_0031938.jpg
HAM10000_images_part_2,ISIC_0031939.jpg,.jpg,272989,HAM10000_images_part_2\ISIC_0031939.jpg
HAM10000_images_part_2,ISIC_0031940.jpg,.jpg,243527,HAM10000_images_part_2\ISIC_0031940.jpg
HAM10000_images_part_2,ISIC_0031941.jpg,.jpg,325122,HAM10000_images_part_2\ISIC_0031941.jpg
HAM10000_images_part_2,ISIC_0031942.jpg,.jpg,289186,HAM10000_images_part_2\ISIC_0031942.jpg
HAM10000_images_part_2,ISIC_0031943.jpg,.jpg,337289,HAM10000_images_part_2\ISIC_0031943.jpg
HAM10000_images_part_2,ISIC_0031944.jpg,.jpg,300897,HAM10000_images_part_2\ISIC_0031944.jpg
HAM10000_images_part_2,ISIC_0031945.jpg,.jpg,260362,HAM10000_images_part_2\ISIC_0031945.jpg
HAM10000_images_part_2,ISIC_0031946.jpg,.jpg,273624,HAM10000_images_part_2\ISIC_0031946.jpg
HAM10000_images_part_2,ISIC_0031947.jpg,.jpg,339097,HAM10000_images_part_2\ISIC_0031947.jpg
HAM10000_images_part_2,ISIC_0031948.jpg,.jpg,358104,HAM10000_images_part_2\ISIC_0031948.jpg
HAM10000_images_part_2,ISIC_0031949.jpg,.jpg,277965,HAM10000_images_part_2\ISIC_0031949.jpg
HAM10000_images_part_2,ISIC_0031950.jpg,.jpg,268046,HAM10000_images_part_2\ISIC_0031950.jpg
HAM10000_images_part_2,ISIC_0031951.jpg,.jpg,233490,HAM10000_images_part_2\ISIC_0031951.jpg
HAM10000_images_part_2,ISIC_0031952.jpg,.jpg,285137,HAM10000_images_part_2\ISIC_0031952.jpg
HAM10000_images_part_2,ISIC_0031953.jpg,.jpg,256010,HAM10000_images_part_2\ISIC_0031953.jpg
HAM10000_images_part_2,ISIC_0031954.jpg,.jpg,271273,HAM10000_images_part_2\ISIC_0031954.jpg
HAM10000_images_part_2,ISIC_0031955.jpg,.jpg,329306,HAM10000_images_part_2\ISIC_0031955.jpg
HAM10000_images_part_2,ISIC_0031956.jpg,.jpg,256380,HAM10000_images_part_2\ISIC_0031956.jpg
HAM10000_images_part_2,ISIC_0031957.jpg,.jpg,218376,HAM10000_images_part_2\ISIC_0031957.jpg
HAM10000_images_part_2,ISIC_0031958.jpg,.jpg,284067,HAM10000_images_part_2\ISIC_0031958.jpg
HAM10000_images_part_2,ISIC_0031959.jpg,.jpg,245433,HAM10000_images_part_2\ISIC_0031959.jpg
HAM10000_images_part_2,ISIC_0031960.jpg,.jpg,199065,HAM10000_images_part_2\ISIC_0031960.jpg
HAM10000_images_part_2,ISIC_0031961.jpg,.jpg,300672,HAM10000_images_part_2\ISIC_0031961.jpg
HAM10000_images_part_2,ISIC_0031962.jpg,.jpg,282123,HAM10000_images_part_2\ISIC_0031962.jpg
HAM10000_images_part_2,ISIC_0031963.jpg,.jpg,277869,HAM10000_images_part_2\ISIC_0031963.jpg
HAM10000_images_part_2,ISIC_0031964.jpg,.jpg,272234,HAM10000_images_part_2\ISIC_0031964.jpg
HAM10000_images_part_2,ISIC_0031965.jpg,.jpg,161718,HAM10000_images_part_2\ISIC_0031965.jpg
HAM10000_images_part_2,ISIC_0031966.jpg,.jpg,283786,HAM10000_images_part_2\ISIC_0031966.jpg
HAM10000_images_part_2,ISIC_0031967.jpg,.jpg,344183,HAM10000_images_part_2\ISIC_0031967.jpg
HAM10000_images_part_2,ISIC_0031968.jpg,.jpg,292087,HAM10000_images_part_2\ISIC_0031968.jpg
HAM10000_images_part_2,ISIC_0031969.jpg,.jpg,270629,HAM10000_images_part_2\ISIC_0031969.jpg
HAM10000_images_part_2,ISIC_0031970.jpg,.jpg,285239,HAM10000_images_part_2\ISIC_0031970.jpg
HAM10000_images_part_2,ISIC_0031971.jpg,.jpg,253970,HAM10000_images_part_2\ISIC_0031971.jpg
HAM10000_images_part_2,ISIC_0031972.jpg,.jpg,284856,HAM10000_images_part_2\ISIC_0031972.jpg
HAM10000_images_part_2,ISIC_0031973.jpg,.jpg,350312,HAM10000_images_part_2\ISIC_0031973.jpg
HAM10000_images_part_2,ISIC_0031974.jpg,.jpg,340670,HAM10000_images_part_2\ISIC_0031974.jpg
HAM10000_images_part_2,ISIC_0031975.jpg,.jpg,264171,HAM10000_images_part_2\ISIC_0031975.jpg
HAM10000_images_part_2,ISIC_0031976.jpg,.jpg,173824,HAM10000_images_part_2\ISIC_0031976.jpg
HAM10000_images_part_2,ISIC_0031977.jpg,.jpg,263905,HAM10000_images_part_2\ISIC_0031977.jpg
HAM10000_images_part_2,ISIC_0031978.jpg,.jpg,295002,HAM10000_images_part_2\ISIC_0031978.jpg
HAM10000_images_part_2,ISIC_0031979.jpg,.jpg,296088,HAM10000_images_part_2\ISIC_0031979.jpg
HAM10000_images_part_2,ISIC_0031980.jpg,.jpg,256331,HAM10000_images_part_2\ISIC_0031980.jpg
HAM10000_images_part_2,ISIC_0031981.jpg,.jpg,206708,HAM10000_images_part_2\ISIC_0031981.jpg
HAM10000_images_part_2,ISIC_0031982.jpg,.jpg,258506,HAM10000_images_part_2\ISIC_0031982.jpg
HAM10000_images_part_2,ISIC_0031983.jpg,.jpg,273319,HAM10000_images_part_2\ISIC_0031983.jpg
HAM10000_images_part_2,ISIC_0031984.jpg,.jpg,268737,HAM10000_images_part_2\ISIC_0031984.jpg
HAM10000_images_part_2,ISIC_0031985.jpg,.jpg,317267,HAM10000_images_part_2\ISIC_0031985.jpg
HAM10000_images_part_2,ISIC_0031986.jpg,.jpg,231153,HAM10000_images_part_2\ISIC_0031986.jpg
HAM10000_images_part_2,ISIC_0031987.jpg,.jpg,295930,HAM10000_images_part_2\ISIC_0031987.jpg
HAM10000_images_part_2,ISIC_0031988.jpg,.jpg,243712,HAM10000_images_part_2\ISIC_0031988.jpg
HAM10000_images_part_2,ISIC_0031989.jpg,.jpg,219444,HAM10000_images_part_2\ISIC_0031989.jpg
HAM10000_images_part_2,ISIC_0031990.jpg,.jpg,308689,HAM10000_images_part_2\ISIC_0031990.jpg
HAM10000_images_part_2,ISIC_0031991.jpg,.jpg,156530,HAM10000_images_part_2\ISIC_0031991.jpg
HAM10000_images_part_2,ISIC_0031992.jpg,.jpg,275554,HAM10000_images_part_2\ISIC_0031992.jpg
HAM10000_images_part_2,ISIC_0031993.jpg,.jpg,271797,HAM10000_images_part_2\ISIC_0031993.jpg
HAM10000_images_part_2,ISIC_0031994.jpg,.jpg,281313,HAM10000_images_part_2\ISIC_0031994.jpg
HAM10000_images_part_2,ISIC_0031995.jpg,.jpg,360562,HAM10000_images_part_2\ISIC_0031995.jpg
HAM10000_images_part_2,ISIC_0031996.jpg,.jpg,274897,HAM10000_images_part_2\ISIC_0031996.jpg
HAM10000_images_part_2,ISIC_0031997.jpg,.jpg,328583,HAM10000_images_part_2\ISIC_0031997.jpg
HAM10000_images_part_2,ISIC_0031998.jpg,.jpg,274812,HAM10000_images_part_2\ISIC_0031998.jpg
HAM10000_images_part_2,ISIC_0031999.jpg,.jpg,328636,HAM10000_images_part_2\ISIC_0031999.jpg
HAM10000_images_part_2,ISIC_0032000.jpg,.jpg,300120,HAM10000_images_part_2\ISIC_0032000.jpg
HAM10000_images_part_2,ISIC_0032001.jpg,.jpg,268914,HAM10000_images_part_2\ISIC_0032001.jpg
HAM10000_images_part_2,ISIC_0032002.jpg,.jpg,339548,HAM10000_images_part_2\ISIC_0032002.jpg
HAM10000_images_part_2,ISIC_0032003.jpg,.jpg,245893,HAM10000_images_part_2\ISIC_0032003.jpg
HAM10000_images_part_2,ISIC_0032004.jpg,.jpg,309355,HAM10000_images_part_2\ISIC_0032004.jpg
HAM10000_images_part_2,ISIC_0032005.jpg,.jpg,291247,HAM10000_images_part_2\ISIC_0032005.jpg
HAM10000_images_part_2,ISIC_0032006.jpg,.jpg,242540,HAM10000_images_part_2\ISIC_0032006.jpg
HAM10000_images_part_2,ISIC_0032007.jpg,.jpg,191391,HAM10000_images_part_2\ISIC_0032007.jpg
HAM10000_images_part_2,ISIC_0032008.jpg,.jpg,160908,HAM10000_images_part_2\ISIC_0032008.jpg
HAM10000_images_part_2,ISIC_0032009.jpg,.jpg,309887,HAM10000_images_part_2\ISIC_0032009.jpg
HAM10000_images_part_2,ISIC_0032010.jpg,.jpg,248616,HAM10000_images_part_2\ISIC_0032010.jpg
HAM10000_images_part_2,ISIC_0032011.jpg,.jpg,344486,HAM10000_images_part_2\ISIC_0032011.jpg
HAM10000_images_part_2,ISIC_0032012.jpg,.jpg,253028,HAM10000_images_part_2\ISIC_0032012.jpg
HAM10000_images_part_2,ISIC_0032013.jpg,.jpg,344030,HAM10000_images_part_2\ISIC_0032013.jpg
HAM10000_images_part_2,ISIC_0032014.jpg,.jpg,258544,HAM10000_images_part_2\ISIC_0032014.jpg
HAM10000_images_part_2,ISIC_0032015.jpg,.jpg,217187,HAM10000_images_part_2\ISIC_0032015.jpg
HAM10000_images_part_2,ISIC_0032016.jpg,.jpg,338370,HAM10000_images_part_2\ISIC_0032016.jpg
HAM10000_images_part_2,ISIC_0032017.jpg,.jpg,324902,HAM10000_images_part_2\ISIC_0032017.jpg
HAM10000_images_part_2,ISIC_0032018.jpg,.jpg,245381,HAM10000_images_part_2\ISIC_0032018.jpg
HAM10000_images_part_2,ISIC_0032019.jpg,.jpg,257065,HAM10000_images_part_2\ISIC_0032019.jpg
HAM10000_images_part_2,ISIC_0032020.jpg,.jpg,249453,HAM10000_images_part_2\ISIC_0032020.jpg
HAM10000_images_part_2,ISIC_0032021.jpg,.jpg,293258,HAM10000_images_part_2\ISIC_0032021.jpg
HAM10000_images_part_2,ISIC_0032022.jpg,.jpg,236289,HAM10000_images_part_2\ISIC_0032022.jpg
HAM10000_images_part_2,ISIC_0032023.jpg,.jpg,238295,HAM10000_images_part_2\ISIC_0032023.jpg
HAM10000_images_part_2,ISIC_0032024.jpg,.jpg,213509,HAM10000_images_part_2\ISIC_0032024.jpg
HAM10000_images_part_2,ISIC_0032025.jpg,.jpg,338742,HAM10000_images_part_2\ISIC_0032025.jpg
HAM10000_images_part_2,ISIC_0032026.jpg,.jpg,313835,HAM10000_images_part_2\ISIC_0032026.jpg
HAM10000_images_part_2,ISIC_0032027.jpg,.jpg,197280,HAM10000_images_part_2\ISIC_0032027.jpg
HAM10000_images_part_2,ISIC_0032028.jpg,.jpg,283148,HAM10000_images_part_2\ISIC_0032028.jpg
HAM10000_images_part_2,ISIC_0032029.jpg,.jpg,193433,HAM10000_images_part_2\ISIC_0032029.jpg
HAM10000_images_part_2,ISIC_0032030.jpg,.jpg,120817,HAM10000_images_part_2\ISIC_0032030.jpg
HAM10000_images_part_2,ISIC_0032031.jpg,.jpg,242508,HAM10000_images_part_2\ISIC_0032031.jpg
HAM10000_images_part_2,ISIC_0032032.jpg,.jpg,265300,HAM10000_images_part_2\ISIC_0032032.jpg
HAM10000_images_part_2,ISIC_0032033.jpg,.jpg,283149,HAM10000_images_part_2\ISIC_0032033.jpg
HAM10000_images_part_2,ISIC_0032034.jpg,.jpg,211161,HAM10000_images_part_2\ISIC_0032034.jpg
HAM10000_images_part_2,ISIC_0032035.jpg,.jpg,282819,HAM10000_images_part_2\ISIC_0032035.jpg
HAM10000_images_part_2,ISIC_0032036.jpg,.jpg,234424,HAM10000_images_part_2\ISIC_0032036.jpg
HAM10000_images_part_2,ISIC_0032037.jpg,.jpg,269856,HAM10000_images_part_2\ISIC_0032037.jpg
HAM10000_images_part_2,ISIC_0032038.jpg,.jpg,266846,HAM10000_images_part_2\ISIC_0032038.jpg
HAM10000_images_part_2,ISIC_0032039.jpg,.jpg,264121,HAM10000_images_part_2\ISIC_0032039.jpg
HAM10000_images_part_2,ISIC_0032040.jpg,.jpg,288794,HAM10000_images_part_2\ISIC_0032040.jpg
HAM10000_images_part_2,ISIC_0032041.jpg,.jpg,271202,HAM10000_images_part_2\ISIC_0032041.jpg
HAM10000_images_part_2,ISIC_0032042.jpg,.jpg,194309,HAM10000_images_part_2\ISIC_0032042.jpg
HAM10000_images_part_2,ISIC_0032043.jpg,.jpg,204225,HAM10000_images_part_2\ISIC_0032043.jpg
HAM10000_images_part_2,ISIC_0032044.jpg,.jpg,290230,HAM10000_images_part_2\ISIC_0032044.jpg
HAM10000_images_part_2,ISIC_0032045.jpg,.jpg,270167,HAM10000_images_part_2\ISIC_0032045.jpg
HAM10000_images_part_2,ISIC_0032046.jpg,.jpg,288180,HAM10000_images_part_2\ISIC_0032046.jpg
HAM10000_images_part_2,ISIC_0032047.jpg,.jpg,202354,HAM10000_images_part_2\ISIC_0032047.jpg
HAM10000_images_part_2,ISIC_0032048.jpg,.jpg,340232,HAM10000_images_part_2\ISIC_0032048.jpg
HAM10000_images_part_2,ISIC_0032049.jpg,.jpg,278420,HAM10000_images_part_2\ISIC_0032049.jpg
HAM10000_images_part_2,ISIC_0032050.jpg,.jpg,260976,HAM10000_images_part_2\ISIC_0032050.jpg
HAM10000_images_part_2,ISIC_0032051.jpg,.jpg,259290,HAM10000_images_part_2\ISIC_0032051.jpg
HAM10000_images_part_2,ISIC_0032052.jpg,.jpg,280225,HAM10000_images_part_2\ISIC_0032052.jpg
HAM10000_images_part_2,ISIC_0032053.jpg,.jpg,266092,HAM10000_images_part_2\ISIC_0032053.jpg
HAM10000_images_part_2,ISIC_0032054.jpg,.jpg,286877,HAM10000_images_part_2\ISIC_0032054.jpg
HAM10000_images_part_2,ISIC_0032055.jpg,.jpg,258077,HAM10000_images_part_2\ISIC_0032055.jpg
HAM10000_images_part_2,ISIC_0032056.jpg,.jpg,268423,HAM10000_images_part_2\ISIC_0032056.jpg
HAM10000_images_part_2,ISIC_0032057.jpg,.jpg,277549,HAM10000_images_part_2\ISIC_0032057.jpg
HAM10000_images_part_2,ISIC_0032058.jpg,.jpg,315418,HAM10000_images_part_2\ISIC_0032058.jpg
HAM10000_images_part_2,ISIC_0032059.jpg,.jpg,352964,HAM10000_images_part_2\ISIC_0032059.jpg
HAM10000_images_part_2,ISIC_0032060.jpg,.jpg,338931,HAM10000_images_part_2\ISIC_0032060.jpg
HAM10000_images_part_2,ISIC_0032061.jpg,.jpg,366399,HAM10000_images_part_2\ISIC_0032061.jpg
HAM10000_images_part_2,ISIC_0032062.jpg,.jpg,273707,HAM10000_images_part_2\ISIC_0032062.jpg
HAM10000_images_part_2,ISIC_0032063.jpg,.jpg,384471,HAM10000_images_part_2\ISIC_0032063.jpg
HAM10000_images_part_2,ISIC_0032064.jpg,.jpg,262824,HAM10000_images_part_2\ISIC_0032064.jpg
HAM10000_images_part_2,ISIC_0032065.jpg,.jpg,193621,HAM10000_images_part_2\ISIC_0032065.jpg
HAM10000_images_part_2,ISIC_0032066.jpg,.jpg,372664,HAM10000_images_part_2\ISIC_0032066.jpg
HAM10000_images_part_2,ISIC_0032067.jpg,.jpg,251538,HAM10000_images_part_2\ISIC_0032067.jpg
HAM10000_images_part_2,ISIC_0032068.jpg,.jpg,285505,HAM10000_images_part_2\ISIC_0032068.jpg
HAM10000_images_part_2,ISIC_0032069.jpg,.jpg,340450,HAM10000_images_part_2\ISIC_0032069.jpg
HAM10000_images_part_2,ISIC_0032070.jpg,.jpg,250579,HAM10000_images_part_2\ISIC_0032070.jpg
HAM10000_images_part_2,ISIC_0032071.jpg,.jpg,378193,HAM10000_images_part_2\ISIC_0032071.jpg
HAM10000_images_part_2,ISIC_0032072.jpg,.jpg,261488,HAM10000_images_part_2\ISIC_0032072.jpg
HAM10000_images_part_2,ISIC_0032073.jpg,.jpg,346142,HAM10000_images_part_2\ISIC_0032073.jpg
HAM10000_images_part_2,ISIC_0032074.jpg,.jpg,205001,HAM10000_images_part_2\ISIC_0032074.jpg
HAM10000_images_part_2,ISIC_0032075.jpg,.jpg,266868,HAM10000_images_part_2\ISIC_0032075.jpg
HAM10000_images_part_2,ISIC_0032076.jpg,.jpg,263042,HAM10000_images_part_2\ISIC_0032076.jpg
HAM10000_images_part_2,ISIC_0032077.jpg,.jpg,273823,HAM10000_images_part_2\ISIC_0032077.jpg
HAM10000_images_part_2,ISIC_0032078.jpg,.jpg,155276,HAM10000_images_part_2\ISIC_0032078.jpg
HAM10000_images_part_2,ISIC_0032079.jpg,.jpg,326653,HAM10000_images_part_2\ISIC_0032079.jpg
HAM10000_images_part_2,ISIC_0032080.jpg,.jpg,270808,HAM10000_images_part_2\ISIC_0032080.jpg
HAM10000_images_part_2,ISIC_0032081.jpg,.jpg,338103,HAM10000_images_part_2\ISIC_0032081.jpg
HAM10000_images_part_2,ISIC_0032082.jpg,.jpg,236547,HAM10000_images_part_2\ISIC_0032082.jpg
HAM10000_images_part_2,ISIC_0032083.jpg,.jpg,271879,HAM10000_images_part_2\ISIC_0032083.jpg
HAM10000_images_part_2,ISIC_0032084.jpg,.jpg,300981,HAM10000_images_part_2\ISIC_0032084.jpg
HAM10000_images_part_2,ISIC_0032085.jpg,.jpg,268540,HAM10000_images_part_2\ISIC_0032085.jpg
HAM10000_images_part_2,ISIC_0032086.jpg,.jpg,286858,HAM10000_images_part_2\ISIC_0032086.jpg
HAM10000_images_part_2,ISIC_0032087.jpg,.jpg,353380,HAM10000_images_part_2\ISIC_0032087.jpg
HAM10000_images_part_2,ISIC_0032088.jpg,.jpg,262271,HAM10000_images_part_2\ISIC_0032088.jpg
HAM10000_images_part_2,ISIC_0032089.jpg,.jpg,256513,HAM10000_images_part_2\ISIC_0032089.jpg
HAM10000_images_part_2,ISIC_0032090.jpg,.jpg,129300,HAM10000_images_part_2\ISIC_0032090.jpg
HAM10000_images_part_2,ISIC_0032091.jpg,.jpg,283752,HAM10000_images_part_2\ISIC_0032091.jpg
HAM10000_images_part_2,ISIC_0032092.jpg,.jpg,227742,HAM10000_images_part_2\ISIC_0032092.jpg
HAM10000_images_part_2,ISIC_0032093.jpg,.jpg,270248,HAM10000_images_part_2\ISIC_0032093.jpg
HAM10000_images_part_2,ISIC_0032094.jpg,.jpg,265732,HAM10000_images_part_2\ISIC_0032094.jpg
HAM10000_images_part_2,ISIC_0032095.jpg,.jpg,243816,HAM10000_images_part_2\ISIC_0032095.jpg
HAM10000_images_part_2,ISIC_0032096.jpg,.jpg,362375,HAM10000_images_part_2\ISIC_0032096.jpg
HAM10000_images_part_2,ISIC_0032097.jpg,.jpg,269005,HAM10000_images_part_2\ISIC_0032097.jpg
HAM10000_images_part_2,ISIC_0032098.jpg,.jpg,239259,HAM10000_images_part_2\ISIC_0032098.jpg
HAM10000_images_part_2,ISIC_0032099.jpg,.jpg,298892,HAM10000_images_part_2\ISIC_0032099.jpg
HAM10000_images_part_2,ISIC_0032100.jpg,.jpg,340067,HAM10000_images_part_2\ISIC_0032100.jpg
HAM10000_images_part_2,ISIC_0032101.jpg,.jpg,261433,HAM10000_images_part_2\ISIC_0032101.jpg
HAM10000_images_part_2,ISIC_0032102.jpg,.jpg,267549,HAM10000_images_part_2\ISIC_0032102.jpg
HAM10000_images_part_2,ISIC_0032103.jpg,.jpg,274262,HAM10000_images_part_2\ISIC_0032103.jpg
HAM10000_images_part_2,ISIC_0032104.jpg,.jpg,269797,HAM10000_images_part_2\ISIC_0032104.jpg
HAM10000_images_part_2,ISIC_0032105.jpg,.jpg,273320,HAM10000_images_part_2\ISIC_0032105.jpg
HAM10000_images_part_2,ISIC_0032106.jpg,.jpg,277625,HAM10000_images_part_2\ISIC_0032106.jpg
HAM10000_images_part_2,ISIC_0032107.jpg,.jpg,245707,HAM10000_images_part_2\ISIC_0032107.jpg
HAM10000_images_part_2,ISIC_0032108.jpg,.jpg,283238,HAM10000_images_part_2\ISIC_0032108.jpg
HAM10000_images_part_2,ISIC_0032109.jpg,.jpg,219417,HAM10000_images_part_2\ISIC_0032109.jpg
HAM10000_images_part_2,ISIC_0032110.jpg,.jpg,315400,HAM10000_images_part_2\ISIC_0032110.jpg
HAM10000_images_part_2,ISIC_0032111.jpg,.jpg,336569,HAM10000_images_part_2\ISIC_0032111.jpg
HAM10000_images_part_2,ISIC_0032112.jpg,.jpg,245303,HAM10000_images_part_2\ISIC_0032112.jpg
HAM10000_images_part_2,ISIC_0032113.jpg,.jpg,223863,HAM10000_images_part_2\ISIC_0032113.jpg
HAM10000_images_part_2,ISIC_0032114.jpg,.jpg,295844,HAM10000_images_part_2\ISIC_0032114.jpg
HAM10000_images_part_2,ISIC_0032115.jpg,.jpg,345877,HAM10000_images_part_2\ISIC_0032115.jpg
HAM10000_images_part_2,ISIC_0032116.jpg,.jpg,272718,HAM10000_images_part_2\ISIC_0032116.jpg
HAM10000_images_part_2,ISIC_0032117.jpg,.jpg,285808,HAM10000_images_part_2\ISIC_0032117.jpg
HAM10000_images_part_2,ISIC_0032118.jpg,.jpg,294265,HAM10000_images_part_2\ISIC_0032118.jpg
HAM10000_images_part_2,ISIC_0032119.jpg,.jpg,276162,HAM10000_images_part_2\ISIC_0032119.jpg
HAM10000_images_part_2,ISIC_0032120.jpg,.jpg,285827,HAM10000_images_part_2\ISIC_0032120.jpg
HAM10000_images_part_2,ISIC_0032121.jpg,.jpg,294472,HAM10000_images_part_2\ISIC_0032121.jpg
HAM10000_images_part_2,ISIC_0032122.jpg,.jpg,279986,HAM10000_images_part_2\ISIC_0032122.jpg
HAM10000_images_part_2,ISIC_0032123.jpg,.jpg,190273,HAM10000_images_part_2\ISIC_0032123.jpg
HAM10000_images_part_2,ISIC_0032124.jpg,.jpg,310317,HAM10000_images_part_2\ISIC_0032124.jpg
HAM10000_images_part_2,ISIC_0032125.jpg,.jpg,187137,HAM10000_images_part_2\ISIC_0032125.jpg
HAM10000_images_part_2,ISIC_0032126.jpg,.jpg,264101,HAM10000_images_part_2\ISIC_0032126.jpg
HAM10000_images_part_2,ISIC_0032127.jpg,.jpg,265684,HAM10000_images_part_2\ISIC_0032127.jpg
HAM10000_images_part_2,ISIC_0032128.jpg,.jpg,229188,HAM10000_images_part_2\ISIC_0032128.jpg
HAM10000_images_part_2,ISIC_0032129.jpg,.jpg,329376,HAM10000_images_part_2\ISIC_0032129.jpg
HAM10000_images_part_2,ISIC_0032130.jpg,.jpg,286781,HAM10000_images_part_2\ISIC_0032130.jpg
HAM10000_images_part_2,ISIC_0032131.jpg,.jpg,280899,HAM10000_images_part_2\ISIC_0032131.jpg
HAM10000_images_part_2,ISIC_0032132.jpg,.jpg,230220,HAM10000_images_part_2\ISIC_0032132.jpg
HAM10000_images_part_2,ISIC_0032133.jpg,.jpg,336495,HAM10000_images_part_2\ISIC_0032133.jpg
HAM10000_images_part_2,ISIC_0032134.jpg,.jpg,261575,HAM10000_images_part_2\ISIC_0032134.jpg
HAM10000_images_part_2,ISIC_0032135.jpg,.jpg,246205,HAM10000_images_part_2\ISIC_0032135.jpg
HAM10000_images_part_2,ISIC_0032136.jpg,.jpg,245601,HAM10000_images_part_2\ISIC_0032136.jpg
HAM10000_images_part_2,ISIC_0032137.jpg,.jpg,273968,HAM10000_images_part_2\ISIC_0032137.jpg
HAM10000_images_part_2,ISIC_0032138.jpg,.jpg,237457,HAM10000_images_part_2\ISIC_0032138.jpg
HAM10000_images_part_2,ISIC_0032139.jpg,.jpg,343217,HAM10000_images_part_2\ISIC_0032139.jpg
HAM10000_images_part_2,ISIC_0032140.jpg,.jpg,213678,HAM10000_images_part_2\ISIC_0032140.jpg
HAM10000_images_part_2,ISIC_0032141.jpg,.jpg,194018,HAM10000_images_part_2\ISIC_0032141.jpg
HAM10000_images_part_2,ISIC_0032142.jpg,.jpg,289685,HAM10000_images_part_2\ISIC_0032142.jpg
HAM10000_images_part_2,ISIC_0032143.jpg,.jpg,290846,HAM10000_images_part_2\ISIC_0032143.jpg
HAM10000_images_part_2,ISIC_0032144.jpg,.jpg,232229,HAM10000_images_part_2\ISIC_0032144.jpg
HAM10000_images_part_2,ISIC_0032145.jpg,.jpg,202573,HAM10000_images_part_2\ISIC_0032145.jpg
HAM10000_images_part_2,ISIC_0032146.jpg,.jpg,246002,HAM10000_images_part_2\ISIC_0032146.jpg
HAM10000_images_part_2,ISIC_0032147.jpg,.jpg,272565,HAM10000_images_part_2\ISIC_0032147.jpg
HAM10000_images_part_2,ISIC_0032148.jpg,.jpg,251124,HAM10000_images_part_2\ISIC_0032148.jpg
HAM10000_images_part_2,ISIC_0032149.jpg,.jpg,289564,HAM10000_images_part_2\ISIC_0032149.jpg
HAM10000_images_part_2,ISIC_0032150.jpg,.jpg,196726,HAM10000_images_part_2\ISIC_0032150.jpg
HAM10000_images_part_2,ISIC_0032151.jpg,.jpg,281544,HAM10000_images_part_2\ISIC_0032151.jpg
HAM10000_images_part_2,ISIC_0032152.jpg,.jpg,232885,HAM10000_images_part_2\ISIC_0032152.jpg
HAM10000_images_part_2,ISIC_0032153.jpg,.jpg,358338,HAM10000_images_part_2\ISIC_0032153.jpg
HAM10000_images_part_2,ISIC_0032154.jpg,.jpg,227513,HAM10000_images_part_2\ISIC_0032154.jpg
HAM10000_images_part_2,ISIC_0032155.jpg,.jpg,334610,HAM10000_images_part_2\ISIC_0032155.jpg
HAM10000_images_part_2,ISIC_0032156.jpg,.jpg,294123,HAM10000_images_part_2\ISIC_0032156.jpg
HAM10000_images_part_2,ISIC_0032157.jpg,.jpg,256303,HAM10000_images_part_2\ISIC_0032157.jpg
HAM10000_images_part_2,ISIC_0032158.jpg,.jpg,230426,HAM10000_images_part_2\ISIC_0032158.jpg
HAM10000_images_part_2,ISIC_0032159.jpg,.jpg,313694,HAM10000_images_part_2\ISIC_0032159.jpg
HAM10000_images_part_2,ISIC_0032160.jpg,.jpg,266708,HAM10000_images_part_2\ISIC_0032160.jpg
HAM10000_images_part_2,ISIC_0032161.jpg,.jpg,278244,HAM10000_images_part_2\ISIC_0032161.jpg
HAM10000_images_part_2,ISIC_0032162.jpg,.jpg,336088,HAM10000_images_part_2\ISIC_0032162.jpg
HAM10000_images_part_2,ISIC_0032163.jpg,.jpg,253657,HAM10000_images_part_2\ISIC_0032163.jpg
HAM10000_images_part_2,ISIC_0032164.jpg,.jpg,277727,HAM10000_images_part_2\ISIC_0032164.jpg
HAM10000_images_part_2,ISIC_0032165.jpg,.jpg,254195,HAM10000_images_part_2\ISIC_0032165.jpg
HAM10000_images_part_2,ISIC_0032166.jpg,.jpg,265637,HAM10000_images_part_2\ISIC_0032166.jpg
HAM10000_images_part_2,ISIC_0032167.jpg,.jpg,288247,HAM10000_images_part_2\ISIC_0032167.jpg
HAM10000_images_part_2,ISIC_0032168.jpg,.jpg,263703,HAM10000_images_part_2\ISIC_0032168.jpg
HAM10000_images_part_2,ISIC_0032169.jpg,.jpg,342076,HAM10000_images_part_2\ISIC_0032169.jpg
HAM10000_images_part_2,ISIC_0032170.jpg,.jpg,258458,HAM10000_images_part_2\ISIC_0032170.jpg
HAM10000_images_part_2,ISIC_0032171.jpg,.jpg,271808,HAM10000_images_part_2\ISIC_0032171.jpg
HAM10000_images_part_2,ISIC_0032172.jpg,.jpg,275797,HAM10000_images_part_2\ISIC_0032172.jpg
HAM10000_images_part_2,ISIC_0032173.jpg,.jpg,261657,HAM10000_images_part_2\ISIC_0032173.jpg
HAM10000_images_part_2,ISIC_0032174.jpg,.jpg,246720,HAM10000_images_part_2\ISIC_0032174.jpg
HAM10000_images_part_2,ISIC_0032175.jpg,.jpg,201797,HAM10000_images_part_2\ISIC_0032175.jpg
HAM10000_images_part_2,ISIC_0032176.jpg,.jpg,252227,HAM10000_images_part_2\ISIC_0032176.jpg
HAM10000_images_part_2,ISIC_0032177.jpg,.jpg,277879,HAM10000_images_part_2\ISIC_0032177.jpg
HAM10000_images_part_2,ISIC_0032178.jpg,.jpg,290802,HAM10000_images_part_2\ISIC_0032178.jpg
HAM10000_images_part_2,ISIC_0032179.jpg,.jpg,264403,HAM10000_images_part_2\ISIC_0032179.jpg
HAM10000_images_part_2,ISIC_0032180.jpg,.jpg,264906,HAM10000_images_part_2\ISIC_0032180.jpg
HAM10000_images_part_2,ISIC_0032181.jpg,.jpg,201143,HAM10000_images_part_2\ISIC_0032181.jpg
HAM10000_images_part_2,ISIC_0032182.jpg,.jpg,326812,HAM10000_images_part_2\ISIC_0032182.jpg
HAM10000_images_part_2,ISIC_0032183.jpg,.jpg,272611,HAM10000_images_part_2\ISIC_0032183.jpg
HAM10000_images_part_2,ISIC_0032184.jpg,.jpg,268273,HAM10000_images_part_2\ISIC_0032184.jpg
HAM10000_images_part_2,ISIC_0032185.jpg,.jpg,169377,HAM10000_images_part_2\ISIC_0032185.jpg
HAM10000_images_part_2,ISIC_0032186.jpg,.jpg,263716,HAM10000_images_part_2\ISIC_0032186.jpg
HAM10000_images_part_2,ISIC_0032187.jpg,.jpg,385844,HAM10000_images_part_2\ISIC_0032187.jpg
HAM10000_images_part_2,ISIC_0032188.jpg,.jpg,265002,HAM10000_images_part_2\ISIC_0032188.jpg
HAM10000_images_part_2,ISIC_0032189.jpg,.jpg,299102,HAM10000_images_part_2\ISIC_0032189.jpg
HAM10000_images_part_2,ISIC_0032190.jpg,.jpg,287331,HAM10000_images_part_2\ISIC_0032190.jpg
HAM10000_images_part_2,ISIC_0032191.jpg,.jpg,290143,HAM10000_images_part_2\ISIC_0032191.jpg
HAM10000_images_part_2,ISIC_0032192.jpg,.jpg,264238,HAM10000_images_part_2\ISIC_0032192.jpg
HAM10000_images_part_2,ISIC_0032193.jpg,.jpg,365797,HAM10000_images_part_2\ISIC_0032193.jpg
HAM10000_images_part_2,ISIC_0032194.jpg,.jpg,235235,HAM10000_images_part_2\ISIC_0032194.jpg
HAM10000_images_part_2,ISIC_0032195.jpg,.jpg,165143,HAM10000_images_part_2\ISIC_0032195.jpg
HAM10000_images_part_2,ISIC_0032196.jpg,.jpg,286200,HAM10000_images_part_2\ISIC_0032196.jpg
HAM10000_images_part_2,ISIC_0032197.jpg,.jpg,258994,HAM10000_images_part_2\ISIC_0032197.jpg
HAM10000_images_part_2,ISIC_0032198.jpg,.jpg,302135,HAM10000_images_part_2\ISIC_0032198.jpg
HAM10000_images_part_2,ISIC_0032199.jpg,.jpg,279101,HAM10000_images_part_2\ISIC_0032199.jpg
HAM10000_images_part_2,ISIC_0032200.jpg,.jpg,314944,HAM10000_images_part_2\ISIC_0032200.jpg
HAM10000_images_part_2,ISIC_0032201.jpg,.jpg,355058,HAM10000_images_part_2\ISIC_0032201.jpg
HAM10000_images_part_2,ISIC_0032202.jpg,.jpg,331188,HAM10000_images_part_2\ISIC_0032202.jpg
HAM10000_images_part_2,ISIC_0032203.jpg,.jpg,190028,HAM10000_images_part_2\ISIC_0032203.jpg
HAM10000_images_part_2,ISIC_0032204.jpg,.jpg,253414,HAM10000_images_part_2\ISIC_0032204.jpg
HAM10000_images_part_2,ISIC_0032205.jpg,.jpg,330807,HAM10000_images_part_2\ISIC_0032205.jpg
HAM10000_images_part_2,ISIC_0032206.jpg,.jpg,264768,HAM10000_images_part_2\ISIC_0032206.jpg
HAM10000_images_part_2,ISIC_0032207.jpg,.jpg,298356,HAM10000_images_part_2\ISIC_0032207.jpg
HAM10000_images_part_2,ISIC_0032208.jpg,.jpg,286739,HAM10000_images_part_2\ISIC_0032208.jpg
HAM10000_images_part_2,ISIC_0032209.jpg,.jpg,343747,HAM10000_images_part_2\ISIC_0032209.jpg
HAM10000_images_part_2,ISIC_0032210.jpg,.jpg,353056,HAM10000_images_part_2\ISIC_0032210.jpg
HAM10000_images_part_2,ISIC_0032211.jpg,.jpg,366720,HAM10000_images_part_2\ISIC_0032211.jpg
HAM10000_images_part_2,ISIC_0032212.jpg,.jpg,314958,HAM10000_images_part_2\ISIC_0032212.jpg
HAM10000_images_part_2,ISIC_0032213.jpg,.jpg,258504,HAM10000_images_part_2\ISIC_0032213.jpg
HAM10000_images_part_2,ISIC_0032214.jpg,.jpg,490776,HAM10000_images_part_2\ISIC_0032214.jpg
HAM10000_images_part_2,ISIC_0032215.jpg,.jpg,354753,HAM10000_images_part_2\ISIC_0032215.jpg
HAM10000_images_part_2,ISIC_0032216.jpg,.jpg,296412,HAM10000_images_part_2\ISIC_0032216.jpg
HAM10000_images_part_2,ISIC_0032217.jpg,.jpg,335974,HAM10000_images_part_2\ISIC_0032217.jpg
HAM10000_images_part_2,ISIC_0032218.jpg,.jpg,165170,HAM10000_images_part_2\ISIC_0032218.jpg
HAM10000_images_part_2,ISIC_0032219.jpg,.jpg,284740,HAM10000_images_part_2\ISIC_0032219.jpg
HAM10000_images_part_2,ISIC_0032220.jpg,.jpg,368943,HAM10000_images_part_2\ISIC_0032220.jpg
HAM10000_images_part_2,ISIC_0032221.jpg,.jpg,299521,HAM10000_images_part_2\ISIC_0032221.jpg
HAM10000_images_part_2,ISIC_0032222.jpg,.jpg,213368,HAM10000_images_part_2\ISIC_0032222.jpg
HAM10000_images_part_2,ISIC_0032223.jpg,.jpg,265284,HAM10000_images_part_2\ISIC_0032223.jpg
HAM10000_images_part_2,ISIC_0032224.jpg,.jpg,282013,HAM10000_images_part_2\ISIC_0032224.jpg
HAM10000_images_part_2,ISIC_0032225.jpg,.jpg,195835,HAM10000_images_part_2\ISIC_0032225.jpg
HAM10000_images_part_2,ISIC_0032226.jpg,.jpg,375925,HAM10000_images_part_2\ISIC_0032226.jpg
HAM10000_images_part_2,ISIC_0032227.jpg,.jpg,275973,HAM10000_images_part_2\ISIC_0032227.jpg
HAM10000_images_part_2,ISIC_0032228.jpg,.jpg,349831,HAM10000_images_part_2\ISIC_0032228.jpg
HAM10000_images_part_2,ISIC_0032229.jpg,.jpg,281055,HAM10000_images_part_2\ISIC_0032229.jpg
HAM10000_images_part_2,ISIC_0032230.jpg,.jpg,261238,HAM10000_images_part_2\ISIC_0032230.jpg
HAM10000_images_part_2,ISIC_0032231.jpg,.jpg,357845,HAM10000_images_part_2\ISIC_0032231.jpg
HAM10000_images_part_2,ISIC_0032232.jpg,.jpg,125008,HAM10000_images_part_2\ISIC_0032232.jpg
HAM10000_images_part_2,ISIC_0032233.jpg,.jpg,149645,HAM10000_images_part_2\ISIC_0032233.jpg
HAM10000_images_part_2,ISIC_0032234.jpg,.jpg,299117,HAM10000_images_part_2\ISIC_0032234.jpg
HAM10000_images_part_2,ISIC_0032235.jpg,.jpg,343242,HAM10000_images_part_2\ISIC_0032235.jpg
HAM10000_images_part_2,ISIC_0032236.jpg,.jpg,99084,HAM10000_images_part_2\ISIC_0032236.jpg
HAM10000_images_part_2,ISIC_0032237.jpg,.jpg,274644,HAM10000_images_part_2\ISIC_0032237.jpg
HAM10000_images_part_2,ISIC_0032238.jpg,.jpg,278225,HAM10000_images_part_2\ISIC_0032238.jpg
HAM10000_images_part_2,ISIC_0032239.jpg,.jpg,269780,HAM10000_images_part_2\ISIC_0032239.jpg
HAM10000_images_part_2,ISIC_0032240.jpg,.jpg,255520,HAM10000_images_part_2\ISIC_0032240.jpg
HAM10000_images_part_2,ISIC_0032241.jpg,.jpg,262600,HAM10000_images_part_2\ISIC_0032241.jpg
HAM10000_images_part_2,ISIC_0032242.jpg,.jpg,212098,HAM10000_images_part_2\ISIC_0032242.jpg
HAM10000_images_part_2,ISIC_0032243.jpg,.jpg,253011,HAM10000_images_part_2\ISIC_0032243.jpg
HAM10000_images_part_2,ISIC_0032244.jpg,.jpg,316261,HAM10000_images_part_2\ISIC_0032244.jpg
HAM10000_images_part_2,ISIC_0032245.jpg,.jpg,281939,HAM10000_images_part_2\ISIC_0032245.jpg
HAM10000_images_part_2,ISIC_0032246.jpg,.jpg,297111,HAM10000_images_part_2\ISIC_0032246.jpg
HAM10000_images_part_2,ISIC_0032247.jpg,.jpg,241374,HAM10000_images_part_2\ISIC_0032247.jpg
HAM10000_images_part_2,ISIC_0032248.jpg,.jpg,309977,HAM10000_images_part_2\ISIC_0032248.jpg
HAM10000_images_part_2,ISIC_0032249.jpg,.jpg,334407,HAM10000_images_part_2\ISIC_0032249.jpg
HAM10000_images_part_2,ISIC_0032250.jpg,.jpg,283926,HAM10000_images_part_2\ISIC_0032250.jpg
HAM10000_images_part_2,ISIC_0032251.jpg,.jpg,240739,HAM10000_images_part_2\ISIC_0032251.jpg
HAM10000_images_part_2,ISIC_0032252.jpg,.jpg,281034,HAM10000_images_part_2\ISIC_0032252.jpg
HAM10000_images_part_2,ISIC_0032253.jpg,.jpg,201991,HAM10000_images_part_2\ISIC_0032253.jpg
HAM10000_images_part_2,ISIC_0032254.jpg,.jpg,332337,HAM10000_images_part_2\ISIC_0032254.jpg
HAM10000_images_part_2,ISIC_0032255.jpg,.jpg,286815,HAM10000_images_part_2\ISIC_0032255.jpg
HAM10000_images_part_2,ISIC_0032256.jpg,.jpg,283966,HAM10000_images_part_2\ISIC_0032256.jpg
HAM10000_images_part_2,ISIC_0032257.jpg,.jpg,329680,HAM10000_images_part_2\ISIC_0032257.jpg
HAM10000_images_part_2,ISIC_0032258.jpg,.jpg,222389,HAM10000_images_part_2\ISIC_0032258.jpg
HAM10000_images_part_2,ISIC_0032259.jpg,.jpg,279930,HAM10000_images_part_2\ISIC_0032259.jpg
HAM10000_images_part_2,ISIC_0032260.jpg,.jpg,279498,HAM10000_images_part_2\ISIC_0032260.jpg
HAM10000_images_part_2,ISIC_0032261.jpg,.jpg,293465,HAM10000_images_part_2\ISIC_0032261.jpg
HAM10000_images_part_2,ISIC_0032262.jpg,.jpg,280449,HAM10000_images_part_2\ISIC_0032262.jpg
HAM10000_images_part_2,ISIC_0032263.jpg,.jpg,270414,HAM10000_images_part_2\ISIC_0032263.jpg
HAM10000_images_part_2,ISIC_0032264.jpg,.jpg,282590,HAM10000_images_part_2\ISIC_0032264.jpg
HAM10000_images_part_2,ISIC_0032265.jpg,.jpg,317512,HAM10000_images_part_2\ISIC_0032265.jpg
HAM10000_images_part_2,ISIC_0032266.jpg,.jpg,341199,HAM10000_images_part_2\ISIC_0032266.jpg
HAM10000_images_part_2,ISIC_0032267.jpg,.jpg,334370,HAM10000_images_part_2\ISIC_0032267.jpg
HAM10000_images_part_2,ISIC_0032268.jpg,.jpg,286087,HAM10000_images_part_2\ISIC_0032268.jpg
HAM10000_images_part_2,ISIC_0032269.jpg,.jpg,293893,HAM10000_images_part_2\ISIC_0032269.jpg
HAM10000_images_part_2,ISIC_0032270.jpg,.jpg,305492,HAM10000_images_part_2\ISIC_0032270.jpg
HAM10000_images_part_2,ISIC_0032271.jpg,.jpg,344965,HAM10000_images_part_2\ISIC_0032271.jpg
HAM10000_images_part_2,ISIC_0032272.jpg,.jpg,273372,HAM10000_images_part_2\ISIC_0032272.jpg
HAM10000_images_part_2,ISIC_0032273.jpg,.jpg,277960,HAM10000_images_part_2\ISIC_0032273.jpg
HAM10000_images_part_2,ISIC_0032274.jpg,.jpg,191317,HAM10000_images_part_2\ISIC_0032274.jpg
HAM10000_images_part_2,ISIC_0032275.jpg,.jpg,296694,HAM10000_images_part_2\ISIC_0032275.jpg
HAM10000_images_part_2,ISIC_0032276.jpg,.jpg,285191,HAM10000_images_part_2\ISIC_0032276.jpg
HAM10000_images_part_2,ISIC_0032277.jpg,.jpg,276292,HAM10000_images_part_2\ISIC_0032277.jpg
HAM10000_images_part_2,ISIC_0032278.jpg,.jpg,219582,HAM10000_images_part_2\ISIC_0032278.jpg
HAM10000_images_part_2,ISIC_0032279.jpg,.jpg,162469,HAM10000_images_part_2\ISIC_0032279.jpg
HAM10000_images_part_2,ISIC_0032280.jpg,.jpg,270938,HAM10000_images_part_2\ISIC_0032280.jpg
HAM10000_images_part_2,ISIC_0032281.jpg,.jpg,356310,HAM10000_images_part_2\ISIC_0032281.jpg
HAM10000_images_part_2,ISIC_0032282.jpg,.jpg,274163,HAM10000_images_part_2\ISIC_0032282.jpg
HAM10000_images_part_2,ISIC_0032283.jpg,.jpg,290411,HAM10000_images_part_2\ISIC_0032283.jpg
HAM10000_images_part_2,ISIC_0032284.jpg,.jpg,136711,HAM10000_images_part_2\ISIC_0032284.jpg
HAM10000_images_part_2,ISIC_0032285.jpg,.jpg,339762,HAM10000_images_part_2\ISIC_0032285.jpg
HAM10000_images_part_2,ISIC_0032286.jpg,.jpg,292544,HAM10000_images_part_2\ISIC_0032286.jpg
HAM10000_images_part_2,ISIC_0032287.jpg,.jpg,195034,HAM10000_images_part_2\ISIC_0032287.jpg
HAM10000_images_part_2,ISIC_0032288.jpg,.jpg,344759,HAM10000_images_part_2\ISIC_0032288.jpg
HAM10000_images_part_2,ISIC_0032289.jpg,.jpg,254833,HAM10000_images_part_2\ISIC_0032289.jpg
HAM10000_images_part_2,ISIC_0032290.jpg,.jpg,215209,HAM10000_images_part_2\ISIC_0032290.jpg
HAM10000_images_part_2,ISIC_0032291.jpg,.jpg,242639,HAM10000_images_part_2\ISIC_0032291.jpg
HAM10000_images_part_2,ISIC_0032292.jpg,.jpg,241220,HAM10000_images_part_2\ISIC_0032292.jpg
HAM10000_images_part_2,ISIC_0032293.jpg,.jpg,268268,HAM10000_images_part_2\ISIC_0032293.jpg
HAM10000_images_part_2,ISIC_0032294.jpg,.jpg,290505,HAM10000_images_part_2\ISIC_0032294.jpg
HAM10000_images_part_2,ISIC_0032295.jpg,.jpg,286867,HAM10000_images_part_2\ISIC_0032295.jpg
HAM10000_images_part_2,ISIC_0032296.jpg,.jpg,273259,HAM10000_images_part_2\ISIC_0032296.jpg
HAM10000_images_part_2,ISIC_0032297.jpg,.jpg,269579,HAM10000_images_part_2\ISIC_0032297.jpg
HAM10000_images_part_2,ISIC_0032298.jpg,.jpg,290127,HAM10000_images_part_2\ISIC_0032298.jpg
HAM10000_images_part_2,ISIC_0032299.jpg,.jpg,266482,HAM10000_images_part_2\ISIC_0032299.jpg
HAM10000_images_part_2,ISIC_0032300.jpg,.jpg,208939,HAM10000_images_part_2\ISIC_0032300.jpg
HAM10000_images_part_2,ISIC_0032301.jpg,.jpg,288822,HAM10000_images_part_2\ISIC_0032301.jpg
HAM10000_images_part_2,ISIC_0032302.jpg,.jpg,205610,HAM10000_images_part_2\ISIC_0032302.jpg
HAM10000_images_part_2,ISIC_0032303.jpg,.jpg,296180,HAM10000_images_part_2\ISIC_0032303.jpg
HAM10000_images_part_2,ISIC_0032304.jpg,.jpg,276782,HAM10000_images_part_2\ISIC_0032304.jpg
HAM10000_images_part_2,ISIC_0032305.jpg,.jpg,289403,HAM10000_images_part_2\ISIC_0032305.jpg
HAM10000_images_part_2,ISIC_0032306.jpg,.jpg,309589,HAM10000_images_part_2\ISIC_0032306.jpg
HAM10000_images_part_2,ISIC_0032307.jpg,.jpg,269254,HAM10000_images_part_2\ISIC_0032307.jpg
HAM10000_images_part_2,ISIC_0032308.jpg,.jpg,340341,HAM10000_images_part_2\ISIC_0032308.jpg
HAM10000_images_part_2,ISIC_0032309.jpg,.jpg,261293,HAM10000_images_part_2\ISIC_0032309.jpg
HAM10000_images_part_2,ISIC_0032310.jpg,.jpg,255647,HAM10000_images_part_2\ISIC_0032310.jpg
HAM10000_images_part_2,ISIC_0032311.jpg,.jpg,174685,HAM10000_images_part_2\ISIC_0032311.jpg
HAM10000_images_part_2,ISIC_0032312.jpg,.jpg,274926,HAM10000_images_part_2\ISIC_0032312.jpg
HAM10000_images_part_2,ISIC_0032313.jpg,.jpg,264547,HAM10000_images_part_2\ISIC_0032313.jpg
HAM10000_images_part_2,ISIC_0032314.jpg,.jpg,211500,HAM10000_images_part_2\ISIC_0032314.jpg
HAM10000_images_part_2,ISIC_0032315.jpg,.jpg,291560,HAM10000_images_part_2\ISIC_0032315.jpg
HAM10000_images_part_2,ISIC_0032316.jpg,.jpg,307029,HAM10000_images_part_2\ISIC_0032316.jpg
HAM10000_images_part_2,ISIC_0032317.jpg,.jpg,348015,HAM10000_images_part_2\ISIC_0032317.jpg
HAM10000_images_part_2,ISIC_0032318.jpg,.jpg,166628,HAM10000_images_part_2\ISIC_0032318.jpg
HAM10000_images_part_2,ISIC_0032319.jpg,.jpg,268924,HAM10000_images_part_2\ISIC_0032319.jpg
HAM10000_images_part_2,ISIC_0032320.jpg,.jpg,261591,HAM10000_images_part_2\ISIC_0032320.jpg
HAM10000_images_part_2,ISIC_0032321.jpg,.jpg,360485,HAM10000_images_part_2\ISIC_0032321.jpg
HAM10000_images_part_2,ISIC_0032322.jpg,.jpg,285661,HAM10000_images_part_2\ISIC_0032322.jpg
HAM10000_images_part_2,ISIC_0032323.jpg,.jpg,285950,HAM10000_images_part_2\ISIC_0032323.jpg
HAM10000_images_part_2,ISIC_0032324.jpg,.jpg,286783,HAM10000_images_part_2\ISIC_0032324.jpg
HAM10000_images_part_2,ISIC_0032325.jpg,.jpg,365384,HAM10000_images_part_2\ISIC_0032325.jpg
HAM10000_images_part_2,ISIC_0032326.jpg,.jpg,287579,HAM10000_images_part_2\ISIC_0032326.jpg
HAM10000_images_part_2,ISIC_0032327.jpg,.jpg,318664,HAM10000_images_part_2\ISIC_0032327.jpg
HAM10000_images_part_2,ISIC_0032328.jpg,.jpg,249349,HAM10000_images_part_2\ISIC_0032328.jpg
HAM10000_images_part_2,ISIC_0032329.jpg,.jpg,298953,HAM10000_images_part_2\ISIC_0032329.jpg
HAM10000_images_part_2,ISIC_0032330.jpg,.jpg,383041,HAM10000_images_part_2\ISIC_0032330.jpg
HAM10000_images_part_2,ISIC_0032331.jpg,.jpg,318468,HAM10000_images_part_2\ISIC_0032331.jpg
HAM10000_images_part_2,ISIC_0032332.jpg,.jpg,274797,HAM10000_images_part_2\ISIC_0032332.jpg
HAM10000_images_part_2,ISIC_0032333.jpg,.jpg,251336,HAM10000_images_part_2\ISIC_0032333.jpg
HAM10000_images_part_2,ISIC_0032334.jpg,.jpg,248992,HAM10000_images_part_2\ISIC_0032334.jpg
HAM10000_images_part_2,ISIC_0032335.jpg,.jpg,290886,HAM10000_images_part_2\ISIC_0032335.jpg
HAM10000_images_part_2,ISIC_0032336.jpg,.jpg,328820,HAM10000_images_part_2\ISIC_0032336.jpg
HAM10000_images_part_2,ISIC_0032337.jpg,.jpg,368020,HAM10000_images_part_2\ISIC_0032337.jpg
HAM10000_images_part_2,ISIC_0032338.jpg,.jpg,264384,HAM10000_images_part_2\ISIC_0032338.jpg
HAM10000_images_part_2,ISIC_0032339.jpg,.jpg,291209,HAM10000_images_part_2\ISIC_0032339.jpg
HAM10000_images_part_2,ISIC_0032340.jpg,.jpg,170419,HAM10000_images_part_2\ISIC_0032340.jpg
HAM10000_images_part_2,ISIC_0032341.jpg,.jpg,199841,HAM10000_images_part_2\ISIC_0032341.jpg
HAM10000_images_part_2,ISIC_0032342.jpg,.jpg,236646,HAM10000_images_part_2\ISIC_0032342.jpg
HAM10000_images_part_2,ISIC_0032343.jpg,.jpg,255068,HAM10000_images_part_2\ISIC_0032343.jpg
HAM10000_images_part_2,ISIC_0032344.jpg,.jpg,85332,HAM10000_images_part_2\ISIC_0032344.jpg
HAM10000_images_part_2,ISIC_0032345.jpg,.jpg,301117,HAM10000_images_part_2\ISIC_0032345.jpg
HAM10000_images_part_2,ISIC_0032346.jpg,.jpg,270992,HAM10000_images_part_2\ISIC_0032346.jpg
HAM10000_images_part_2,ISIC_0032347.jpg,.jpg,290764,HAM10000_images_part_2\ISIC_0032347.jpg
HAM10000_images_part_2,ISIC_0032348.jpg,.jpg,271129,HAM10000_images_part_2\ISIC_0032348.jpg
HAM10000_images_part_2,ISIC_0032349.jpg,.jpg,316148,HAM10000_images_part_2\ISIC_0032349.jpg
HAM10000_images_part_2,ISIC_0032350.jpg,.jpg,262324,HAM10000_images_part_2\ISIC_0032350.jpg
HAM10000_images_part_2,ISIC_0032351.jpg,.jpg,281420,HAM10000_images_part_2\ISIC_0032351.jpg
HAM10000_images_part_2,ISIC_0032352.jpg,.jpg,271015,HAM10000_images_part_2\ISIC_0032352.jpg
HAM10000_images_part_2,ISIC_0032353.jpg,.jpg,258869,HAM10000_images_part_2\ISIC_0032353.jpg
HAM10000_images_part_2,ISIC_0032354.jpg,.jpg,275076,HAM10000_images_part_2\ISIC_0032354.jpg
HAM10000_images_part_2,ISIC_0032355.jpg,.jpg,392924,HAM10000_images_part_2\ISIC_0032355.jpg
HAM10000_images_part_2,ISIC_0032356.jpg,.jpg,237604,HAM10000_images_part_2\ISIC_0032356.jpg
HAM10000_images_part_2,ISIC_0032357.jpg,.jpg,259130,HAM10000_images_part_2\ISIC_0032357.jpg
HAM10000_images_part_2,ISIC_0032358.jpg,.jpg,235091,HAM10000_images_part_2\ISIC_0032358.jpg
HAM10000_images_part_2,ISIC_0032359.jpg,.jpg,339105,HAM10000_images_part_2\ISIC_0032359.jpg
HAM10000_images_part_2,ISIC_0032360.jpg,.jpg,275161,HAM10000_images_part_2\ISIC_0032360.jpg
HAM10000_images_part_2,ISIC_0032361.jpg,.jpg,261902,HAM10000_images_part_2\ISIC_0032361.jpg
HAM10000_images_part_2,ISIC_0032362.jpg,.jpg,217316,HAM10000_images_part_2\ISIC_0032362.jpg
HAM10000_images_part_2,ISIC_0032363.jpg,.jpg,255121,HAM10000_images_part_2\ISIC_0032363.jpg
HAM10000_images_part_2,ISIC_0032364.jpg,.jpg,245028,HAM10000_images_part_2\ISIC_0032364.jpg
HAM10000_images_part_2,ISIC_0032365.jpg,.jpg,226947,HAM10000_images_part_2\ISIC_0032365.jpg
HAM10000_images_part_2,ISIC_0032366.jpg,.jpg,293597,HAM10000_images_part_2\ISIC_0032366.jpg
HAM10000_images_part_2,ISIC_0032367.jpg,.jpg,350892,HAM10000_images_part_2\ISIC_0032367.jpg
HAM10000_images_part_2,ISIC_0032368.jpg,.jpg,230205,HAM10000_images_part_2\ISIC_0032368.jpg
HAM10000_images_part_2,ISIC_0032369.jpg,.jpg,278258,HAM10000_images_part_2\ISIC_0032369.jpg
HAM10000_images_part_2,ISIC_0032370.jpg,.jpg,263031,HAM10000_images_part_2\ISIC_0032370.jpg
HAM10000_images_part_2,ISIC_0032371.jpg,.jpg,288096,HAM10000_images_part_2\ISIC_0032371.jpg
HAM10000_images_part_2,ISIC_0032372.jpg,.jpg,327430,HAM10000_images_part_2\ISIC_0032372.jpg
HAM10000_images_part_2,ISIC_0032373.jpg,.jpg,279156,HAM10000_images_part_2\ISIC_0032373.jpg
HAM10000_images_part_2,ISIC_0032374.jpg,.jpg,262033,HAM10000_images_part_2\ISIC_0032374.jpg
HAM10000_images_part_2,ISIC_0032375.jpg,.jpg,255935,HAM10000_images_part_2\ISIC_0032375.jpg
HAM10000_images_part_2,ISIC_0032376.jpg,.jpg,411110,HAM10000_images_part_2\ISIC_0032376.jpg
HAM10000_images_part_2,ISIC_0032377.jpg,.jpg,274388,HAM10000_images_part_2\ISIC_0032377.jpg
HAM10000_images_part_2,ISIC_0032378.jpg,.jpg,382329,HAM10000_images_part_2\ISIC_0032378.jpg
HAM10000_images_part_2,ISIC_0032379.jpg,.jpg,261279,HAM10000_images_part_2\ISIC_0032379.jpg
HAM10000_images_part_2,ISIC_0032380.jpg,.jpg,261080,HAM10000_images_part_2\ISIC_0032380.jpg
HAM10000_images_part_2,ISIC_0032381.jpg,.jpg,270118,HAM10000_images_part_2\ISIC_0032381.jpg
HAM10000_images_part_2,ISIC_0032382.jpg,.jpg,272614,HAM10000_images_part_2\ISIC_0032382.jpg
HAM10000_images_part_2,ISIC_0032383.jpg,.jpg,284855,HAM10000_images_part_2\ISIC_0032383.jpg
HAM10000_images_part_2,ISIC_0032384.jpg,.jpg,243978,HAM10000_images_part_2\ISIC_0032384.jpg
HAM10000_images_part_2,ISIC_0032385.jpg,.jpg,253633,HAM10000_images_part_2\ISIC_0032385.jpg
HAM10000_images_part_2,ISIC_0032386.jpg,.jpg,277428,HAM10000_images_part_2\ISIC_0032386.jpg
HAM10000_images_part_2,ISIC_0032387.jpg,.jpg,269236,HAM10000_images_part_2\ISIC_0032387.jpg
HAM10000_images_part_2,ISIC_0032388.jpg,.jpg,379752,HAM10000_images_part_2\ISIC_0032388.jpg
HAM10000_images_part_2,ISIC_0032389.jpg,.jpg,277483,HAM10000_images_part_2\ISIC_0032389.jpg
HAM10000_images_part_2,ISIC_0032390.jpg,.jpg,282772,HAM10000_images_part_2\ISIC_0032390.jpg
HAM10000_images_part_2,ISIC_0032391.jpg,.jpg,349209,HAM10000_images_part_2\ISIC_0032391.jpg
HAM10000_images_part_2,ISIC_0032392.jpg,.jpg,290613,HAM10000_images_part_2\ISIC_0032392.jpg
HAM10000_images_part_2,ISIC_0032393.jpg,.jpg,289935,HAM10000_images_part_2\ISIC_0032393.jpg
HAM10000_images_part_2,ISIC_0032394.jpg,.jpg,280373,HAM10000_images_part_2\ISIC_0032394.jpg
HAM10000_images_part_2,ISIC_0032395.jpg,.jpg,276084,HAM10000_images_part_2\ISIC_0032395.jpg
HAM10000_images_part_2,ISIC_0032396.jpg,.jpg,278484,HAM10000_images_part_2\ISIC_0032396.jpg
HAM10000_images_part_2,ISIC_0032397.jpg,.jpg,242140,HAM10000_images_part_2\ISIC_0032397.jpg
HAM10000_images_part_2,ISIC_0032398.jpg,.jpg,272412,HAM10000_images_part_2\ISIC_0032398.jpg
HAM10000_images_part_2,ISIC_0032399.jpg,.jpg,270527,HAM10000_images_part_2\ISIC_0032399.jpg
HAM10000_images_part_2,ISIC_0032400.jpg,.jpg,310584,HAM10000_images_part_2\ISIC_0032400.jpg
HAM10000_images_part_2,ISIC_0032401.jpg,.jpg,269955,HAM10000_images_part_2\ISIC_0032401.jpg
HAM10000_images_part_2,ISIC_0032402.jpg,.jpg,259489,HAM10000_images_part_2\ISIC_0032402.jpg
HAM10000_images_part_2,ISIC_0032403.jpg,.jpg,281611,HAM10000_images_part_2\ISIC_0032403.jpg
HAM10000_images_part_2,ISIC_0032404.jpg,.jpg,265153,HAM10000_images_part_2\ISIC_0032404.jpg
HAM10000_images_part_2,ISIC_0032405.jpg,.jpg,169281,HAM10000_images_part_2\ISIC_0032405.jpg
HAM10000_images_part_2,ISIC_0032406.jpg,.jpg,287945,HAM10000_images_part_2\ISIC_0032406.jpg
HAM10000_images_part_2,ISIC_0032407.jpg,.jpg,203643,HAM10000_images_part_2\ISIC_0032407.jpg
HAM10000_images_part_2,ISIC_0032408.jpg,.jpg,280407,HAM10000_images_part_2\ISIC_0032408.jpg
HAM10000_images_part_2,ISIC_0032409.jpg,.jpg,319255,HAM10000_images_part_2\ISIC_0032409.jpg
HAM10000_images_part_2,ISIC_0032410.jpg,.jpg,346301,HAM10000_images_part_2\ISIC_0032410.jpg
HAM10000_images_part_2,ISIC_0032411.jpg,.jpg,290593,HAM10000_images_part_2\ISIC_0032411.jpg
HAM10000_images_part_2,ISIC_0032412.jpg,.jpg,289348,HAM10000_images_part_2\ISIC_0032412.jpg
HAM10000_images_part_2,ISIC_0032413.jpg,.jpg,282229,HAM10000_images_part_2\ISIC_0032413.jpg
HAM10000_images_part_2,ISIC_0032414.jpg,.jpg,260330,HAM10000_images_part_2\ISIC_0032414.jpg
HAM10000_images_part_2,ISIC_0032415.jpg,.jpg,263464,HAM10000_images_part_2\ISIC_0032415.jpg
HAM10000_images_part_2,ISIC_0032416.jpg,.jpg,265703,HAM10000_images_part_2\ISIC_0032416.jpg
HAM10000_images_part_2,ISIC_0032417.jpg,.jpg,255009,HAM10000_images_part_2\ISIC_0032417.jpg
HAM10000_images_part_2,ISIC_0032418.jpg,.jpg,279674,HAM10000_images_part_2\ISIC_0032418.jpg
HAM10000_images_part_2,ISIC_0032419.jpg,.jpg,326146,HAM10000_images_part_2\ISIC_0032419.jpg
HAM10000_images_part_2,ISIC_0032420.jpg,.jpg,274291,HAM10000_images_part_2\ISIC_0032420.jpg
HAM10000_images_part_2,ISIC_0032421.jpg,.jpg,283307,HAM10000_images_part_2\ISIC_0032421.jpg
HAM10000_images_part_2,ISIC_0032422.jpg,.jpg,255749,HAM10000_images_part_2\ISIC_0032422.jpg
HAM10000_images_part_2,ISIC_0032423.jpg,.jpg,205754,HAM10000_images_part_2\ISIC_0032423.jpg
HAM10000_images_part_2,ISIC_0032424.jpg,.jpg,325802,HAM10000_images_part_2\ISIC_0032424.jpg
HAM10000_images_part_2,ISIC_0032425.jpg,.jpg,253834,HAM10000_images_part_2\ISIC_0032425.jpg
HAM10000_images_part_2,ISIC_0032426.jpg,.jpg,347953,HAM10000_images_part_2\ISIC_0032426.jpg
HAM10000_images_part_2,ISIC_0032427.jpg,.jpg,341705,HAM10000_images_part_2\ISIC_0032427.jpg
HAM10000_images_part_2,ISIC_0032428.jpg,.jpg,241970,HAM10000_images_part_2\ISIC_0032428.jpg
HAM10000_images_part_2,ISIC_0032429.jpg,.jpg,225535,HAM10000_images_part_2\ISIC_0032429.jpg
HAM10000_images_part_2,ISIC_0032430.jpg,.jpg,269580,HAM10000_images_part_2\ISIC_0032430.jpg
HAM10000_images_part_2,ISIC_0032431.jpg,.jpg,283745,HAM10000_images_part_2\ISIC_0032431.jpg
HAM10000_images_part_2,ISIC_0032432.jpg,.jpg,256603,HAM10000_images_part_2\ISIC_0032432.jpg
HAM10000_images_part_2,ISIC_0032433.jpg,.jpg,216229,HAM10000_images_part_2\ISIC_0032433.jpg
HAM10000_images_part_2,ISIC_0032434.jpg,.jpg,300533,HAM10000_images_part_2\ISIC_0032434.jpg
HAM10000_images_part_2,ISIC_0032435.jpg,.jpg,265082,HAM10000_images_part_2\ISIC_0032435.jpg
HAM10000_images_part_2,ISIC_0032436.jpg,.jpg,164845,HAM10000_images_part_2\ISIC_0032436.jpg
HAM10000_images_part_2,ISIC_0032437.jpg,.jpg,285433,HAM10000_images_part_2\ISIC_0032437.jpg
HAM10000_images_part_2,ISIC_0032438.jpg,.jpg,258772,HAM10000_images_part_2\ISIC_0032438.jpg
HAM10000_images_part_2,ISIC_0032439.jpg,.jpg,246776,HAM10000_images_part_2\ISIC_0032439.jpg
HAM10000_images_part_2,ISIC_0032440.jpg,.jpg,283877,HAM10000_images_part_2\ISIC_0032440.jpg
HAM10000_images_part_2,ISIC_0032441.jpg,.jpg,274180,HAM10000_images_part_2\ISIC_0032441.jpg
HAM10000_images_part_2,ISIC_0032442.jpg,.jpg,354722,HAM10000_images_part_2\ISIC_0032442.jpg
HAM10000_images_part_2,ISIC_0032443.jpg,.jpg,209087,HAM10000_images_part_2\ISIC_0032443.jpg
HAM10000_images_part_2,ISIC_0032444.jpg,.jpg,263632,HAM10000_images_part_2\ISIC_0032444.jpg
HAM10000_images_part_2,ISIC_0032445.jpg,.jpg,303985,HAM10000_images_part_2\ISIC_0032445.jpg
HAM10000_images_part_2,ISIC_0032446.jpg,.jpg,329535,HAM10000_images_part_2\ISIC_0032446.jpg
HAM10000_images_part_2,ISIC_0032447.jpg,.jpg,317963,HAM10000_images_part_2\ISIC_0032447.jpg
HAM10000_images_part_2,ISIC_0032448.jpg,.jpg,285857,HAM10000_images_part_2\ISIC_0032448.jpg
HAM10000_images_part_2,ISIC_0032449.jpg,.jpg,269291,HAM10000_images_part_2\ISIC_0032449.jpg
HAM10000_images_part_2,ISIC_0032450.jpg,.jpg,314819,HAM10000_images_part_2\ISIC_0032450.jpg
HAM10000_images_part_2,ISIC_0032451.jpg,.jpg,272696,HAM10000_images_part_2\ISIC_0032451.jpg
HAM10000_images_part_2,ISIC_0032452.jpg,.jpg,308983,HAM10000_images_part_2\ISIC_0032452.jpg
HAM10000_images_part_2,ISIC_0032453.jpg,.jpg,287933,HAM10000_images_part_2\ISIC_0032453.jpg
HAM10000_images_part_2,ISIC_0032454.jpg,.jpg,289572,HAM10000_images_part_2\ISIC_0032454.jpg
HAM10000_images_part_2,ISIC_0032455.jpg,.jpg,286539,HAM10000_images_part_2\ISIC_0032455.jpg
HAM10000_images_part_2,ISIC_0032456.jpg,.jpg,280503,HAM10000_images_part_2\ISIC_0032456.jpg
HAM10000_images_part_2,ISIC_0032457.jpg,.jpg,262723,HAM10000_images_part_2\ISIC_0032457.jpg
HAM10000_images_part_2,ISIC_0032458.jpg,.jpg,274983,HAM10000_images_part_2\ISIC_0032458.jpg
HAM10000_images_part_2,ISIC_0032459.jpg,.jpg,183943,HAM10000_images_part_2\ISIC_0032459.jpg
HAM10000_images_part_2,ISIC_0032460.jpg,.jpg,319795,HAM10000_images_part_2\ISIC_0032460.jpg
HAM10000_images_part_2,ISIC_0032461.jpg,.jpg,206878,HAM10000_images_part_2\ISIC_0032461.jpg
HAM10000_images_part_2,ISIC_0032462.jpg,.jpg,276183,HAM10000_images_part_2\ISIC_0032462.jpg
HAM10000_images_part_2,ISIC_0032463.jpg,.jpg,270051,HAM10000_images_part_2\ISIC_0032463.jpg
HAM10000_images_part_2,ISIC_0032464.jpg,.jpg,276656,HAM10000_images_part_2\ISIC_0032464.jpg
HAM10000_images_part_2,ISIC_0032465.jpg,.jpg,265342,HAM10000_images_part_2\ISIC_0032465.jpg
HAM10000_images_part_2,ISIC_0032466.jpg,.jpg,333653,HAM10000_images_part_2\ISIC_0032466.jpg
HAM10000_images_part_2,ISIC_0032467.jpg,.jpg,290471,HAM10000_images_part_2\ISIC_0032467.jpg
HAM10000_images_part_2,ISIC_0032468.jpg,.jpg,293261,HAM10000_images_part_2\ISIC_0032468.jpg
HAM10000_images_part_2,ISIC_0032469.jpg,.jpg,254666,HAM10000_images_part_2\ISIC_0032469.jpg
HAM10000_images_part_2,ISIC_0032470.jpg,.jpg,235831,HAM10000_images_part_2\ISIC_0032470.jpg
HAM10000_images_part_2,ISIC_0032471.jpg,.jpg,157864,HAM10000_images_part_2\ISIC_0032471.jpg
HAM10000_images_part_2,ISIC_0032472.jpg,.jpg,274256,HAM10000_images_part_2\ISIC_0032472.jpg
HAM10000_images_part_2,ISIC_0032473.jpg,.jpg,265223,HAM10000_images_part_2\ISIC_0032473.jpg
HAM10000_images_part_2,ISIC_0032474.jpg,.jpg,186550,HAM10000_images_part_2\ISIC_0032474.jpg
HAM10000_images_part_2,ISIC_0032475.jpg,.jpg,299745,HAM10000_images_part_2\ISIC_0032475.jpg
HAM10000_images_part_2,ISIC_0032476.jpg,.jpg,316053,HAM10000_images_part_2\ISIC_0032476.jpg
HAM10000_images_part_2,ISIC_0032477.jpg,.jpg,302437,HAM10000_images_part_2\ISIC_0032477.jpg
HAM10000_images_part_2,ISIC_0032478.jpg,.jpg,340314,HAM10000_images_part_2\ISIC_0032478.jpg
HAM10000_images_part_2,ISIC_0032479.jpg,.jpg,276488,HAM10000_images_part_2\ISIC_0032479.jpg
HAM10000_images_part_2,ISIC_0032480.jpg,.jpg,293300,HAM10000_images_part_2\ISIC_0032480.jpg
HAM10000_images_part_2,ISIC_0032481.jpg,.jpg,267686,HAM10000_images_part_2\ISIC_0032481.jpg
HAM10000_images_part_2,ISIC_0032482.jpg,.jpg,266884,HAM10000_images_part_2\ISIC_0032482.jpg
HAM10000_images_part_2,ISIC_0032483.jpg,.jpg,268835,HAM10000_images_part_2\ISIC_0032483.jpg
HAM10000_images_part_2,ISIC_0032484.jpg,.jpg,290452,HAM10000_images_part_2\ISIC_0032484.jpg
HAM10000_images_part_2,ISIC_0032485.jpg,.jpg,271555,HAM10000_images_part_2\ISIC_0032485.jpg
HAM10000_images_part_2,ISIC_0032486.jpg,.jpg,264975,HAM10000_images_part_2\ISIC_0032486.jpg
HAM10000_images_part_2,ISIC_0032487.jpg,.jpg,268675,HAM10000_images_part_2\ISIC_0032487.jpg
HAM10000_images_part_2,ISIC_0032488.jpg,.jpg,270551,HAM10000_images_part_2\ISIC_0032488.jpg
HAM10000_images_part_2,ISIC_0032489.jpg,.jpg,233327,HAM10000_images_part_2\ISIC_0032489.jpg
HAM10000_images_part_2,ISIC_0032490.jpg,.jpg,277014,HAM10000_images_part_2\ISIC_0032490.jpg
HAM10000_images_part_2,ISIC_0032491.jpg,.jpg,279909,HAM10000_images_part_2\ISIC_0032491.jpg
HAM10000_images_part_2,ISIC_0032492.jpg,.jpg,236312,HAM10000_images_part_2\ISIC_0032492.jpg
HAM10000_images_part_2,ISIC_0032493.jpg,.jpg,263591,HAM10000_images_part_2\ISIC_0032493.jpg
HAM10000_images_part_2,ISIC_0032494.jpg,.jpg,251700,HAM10000_images_part_2\ISIC_0032494.jpg
HAM10000_images_part_2,ISIC_0032495.jpg,.jpg,284617,HAM10000_images_part_2\ISIC_0032495.jpg
HAM10000_images_part_2,ISIC_0032496.jpg,.jpg,250134,HAM10000_images_part_2\ISIC_0032496.jpg
HAM10000_images_part_2,ISIC_0032497.jpg,.jpg,258156,HAM10000_images_part_2\ISIC_0032497.jpg
HAM10000_images_part_2,ISIC_0032498.jpg,.jpg,274052,HAM10000_images_part_2\ISIC_0032498.jpg
HAM10000_images_part_2,ISIC_0032499.jpg,.jpg,252036,HAM10000_images_part_2\ISIC_0032499.jpg
HAM10000_images_part_2,ISIC_0032500.jpg,.jpg,286202,HAM10000_images_part_2\ISIC_0032500.jpg
HAM10000_images_part_2,ISIC_0032501.jpg,.jpg,285636,HAM10000_images_part_2\ISIC_0032501.jpg
HAM10000_images_part_2,ISIC_0032502.jpg,.jpg,267757,HAM10000_images_part_2\ISIC_0032502.jpg
HAM10000_images_part_2,ISIC_0032503.jpg,.jpg,266710,HAM10000_images_part_2\ISIC_0032503.jpg
HAM10000_images_part_2,ISIC_0032504.jpg,.jpg,256467,HAM10000_images_part_2\ISIC_0032504.jpg
HAM10000_images_part_2,ISIC_0032505.jpg,.jpg,289777,HAM10000_images_part_2\ISIC_0032505.jpg
HAM10000_images_part_2,ISIC_0032506.jpg,.jpg,312151,HAM10000_images_part_2\ISIC_0032506.jpg
HAM10000_images_part_2,ISIC_0032507.jpg,.jpg,272717,HAM10000_images_part_2\ISIC_0032507.jpg
HAM10000_images_part_2,ISIC_0032508.jpg,.jpg,196347,HAM10000_images_part_2\ISIC_0032508.jpg
HAM10000_images_part_2,ISIC_0032509.jpg,.jpg,285441,HAM10000_images_part_2\ISIC_0032509.jpg
HAM10000_images_part_2,ISIC_0032510.jpg,.jpg,221633,HAM10000_images_part_2\ISIC_0032510.jpg
HAM10000_images_part_2,ISIC_0032511.jpg,.jpg,348637,HAM10000_images_part_2\ISIC_0032511.jpg
HAM10000_images_part_2,ISIC_0032512.jpg,.jpg,258806,HAM10000_images_part_2\ISIC_0032512.jpg
HAM10000_images_part_2,ISIC_0032513.jpg,.jpg,210689,HAM10000_images_part_2\ISIC_0032513.jpg
HAM10000_images_part_2,ISIC_0032514.jpg,.jpg,346859,HAM10000_images_part_2\ISIC_0032514.jpg
HAM10000_images_part_2,ISIC_0032515.jpg,.jpg,273826,HAM10000_images_part_2\ISIC_0032515.jpg
HAM10000_images_part_2,ISIC_0032516.jpg,.jpg,320519,HAM10000_images_part_2\ISIC_0032516.jpg
HAM10000_images_part_2,ISIC_0032517.jpg,.jpg,227636,HAM10000_images_part_2\ISIC_0032517.jpg
HAM10000_images_part_2,ISIC_0032518.jpg,.jpg,296263,HAM10000_images_part_2\ISIC_0032518.jpg
HAM10000_images_part_2,ISIC_0032519.jpg,.jpg,264721,HAM10000_images_part_2\ISIC_0032519.jpg
HAM10000_images_part_2,ISIC_0032520.jpg,.jpg,204799,HAM10000_images_part_2\ISIC_0032520.jpg
HAM10000_images_part_2,ISIC_0032521.jpg,.jpg,345854,HAM10000_images_part_2\ISIC_0032521.jpg
HAM10000_images_part_2,ISIC_0032522.jpg,.jpg,330315,HAM10000_images_part_2\ISIC_0032522.jpg
HAM10000_images_part_2,ISIC_0032523.jpg,.jpg,276030,HAM10000_images_part_2\ISIC_0032523.jpg
HAM10000_images_part_2,ISIC_0032524.jpg,.jpg,317849,HAM10000_images_part_2\ISIC_0032524.jpg
HAM10000_images_part_2,ISIC_0032525.jpg,.jpg,271472,HAM10000_images_part_2\ISIC_0032525.jpg
HAM10000_images_part_2,ISIC_0032526.jpg,.jpg,292809,HAM10000_images_part_2\ISIC_0032526.jpg
HAM10000_images_part_2,ISIC_0032527.jpg,.jpg,280148,HAM10000_images_part_2\ISIC_0032527.jpg
HAM10000_images_part_2,ISIC_0032528.jpg,.jpg,310955,HAM10000_images_part_2\ISIC_0032528.jpg
HAM10000_images_part_2,ISIC_0032529.jpg,.jpg,286425,HAM10000_images_part_2\ISIC_0032529.jpg
HAM10000_images_part_2,ISIC_0032530.jpg,.jpg,276621,HAM10000_images_part_2\ISIC_0032530.jpg
HAM10000_images_part_2,ISIC_0032531.jpg,.jpg,339689,HAM10000_images_part_2\ISIC_0032531.jpg
HAM10000_images_part_2,ISIC_0032532.jpg,.jpg,286830,HAM10000_images_part_2\ISIC_0032532.jpg
HAM10000_images_part_2,ISIC_0032533.jpg,.jpg,307221,HAM10000_images_part_2\ISIC_0032533.jpg
HAM10000_images_part_2,ISIC_0032534.jpg,.jpg,232979,HAM10000_images_part_2\ISIC_0032534.jpg
HAM10000_images_part_2,ISIC_0032535.jpg,.jpg,254221,HAM10000_images_part_2\ISIC_0032535.jpg
HAM10000_images_part_2,ISIC_0032536.jpg,.jpg,342402,HAM10000_images_part_2\ISIC_0032536.jpg
HAM10000_images_part_2,ISIC_0032537.jpg,.jpg,232514,HAM10000_images_part_2\ISIC_0032537.jpg
HAM10000_images_part_2,ISIC_0032538.jpg,.jpg,285912,HAM10000_images_part_2\ISIC_0032538.jpg
HAM10000_images_part_2,ISIC_0032539.jpg,.jpg,279389,HAM10000_images_part_2\ISIC_0032539.jpg
HAM10000_images_part_2,ISIC_0032540.jpg,.jpg,295555,HAM10000_images_part_2\ISIC_0032540.jpg
HAM10000_images_part_2,ISIC_0032541.jpg,.jpg,256068,HAM10000_images_part_2\ISIC_0032541.jpg
HAM10000_images_part_2,ISIC_0032542.jpg,.jpg,302772,HAM10000_images_part_2\ISIC_0032542.jpg
HAM10000_images_part_2,ISIC_0032543.jpg,.jpg,310098,HAM10000_images_part_2\ISIC_0032543.jpg
HAM10000_images_part_2,ISIC_0032544.jpg,.jpg,326397,HAM10000_images_part_2\ISIC_0032544.jpg
HAM10000_images_part_2,ISIC_0032545.jpg,.jpg,334925,HAM10000_images_part_2\ISIC_0032545.jpg
HAM10000_images_part_2,ISIC_0032546.jpg,.jpg,196558,HAM10000_images_part_2\ISIC_0032546.jpg
HAM10000_images_part_2,ISIC_0032547.jpg,.jpg,311264,HAM10000_images_part_2\ISIC_0032547.jpg
HAM10000_images_part_2,ISIC_0032548.jpg,.jpg,282405,HAM10000_images_part_2\ISIC_0032548.jpg
HAM10000_images_part_2,ISIC_0032549.jpg,.jpg,322810,HAM10000_images_part_2\ISIC_0032549.jpg
HAM10000_images_part_2,ISIC_0032550.jpg,.jpg,321943,HAM10000_images_part_2\ISIC_0032550.jpg
HAM10000_images_part_2,ISIC_0032551.jpg,.jpg,289935,HAM10000_images_part_2\ISIC_0032551.jpg
HAM10000_images_part_2,ISIC_0032552.jpg,.jpg,311418,HAM10000_images_part_2\ISIC_0032552.jpg
HAM10000_images_part_2,ISIC_0032553.jpg,.jpg,323485,HAM10000_images_part_2\ISIC_0032553.jpg
HAM10000_images_part_2,ISIC_0032554.jpg,.jpg,282573,HAM10000_images_part_2\ISIC_0032554.jpg
HAM10000_images_part_2,ISIC_0032555.jpg,.jpg,339697,HAM10000_images_part_2\ISIC_0032555.jpg
HAM10000_images_part_2,ISIC_0032556.jpg,.jpg,326904,HAM10000_images_part_2\ISIC_0032556.jpg
HAM10000_images_part_2,ISIC_0032557.jpg,.jpg,319275,HAM10000_images_part_2\ISIC_0032557.jpg
HAM10000_images_part_2,ISIC_0032558.jpg,.jpg,273540,HAM10000_images_part_2\ISIC_0032558.jpg
HAM10000_images_part_2,ISIC_0032559.jpg,.jpg,253932,HAM10000_images_part_2\ISIC_0032559.jpg
HAM10000_images_part_2,ISIC_0032560.jpg,.jpg,218964,HAM10000_images_part_2\ISIC_0032560.jpg
HAM10000_images_part_2,ISIC_0032561.jpg,.jpg,326453,HAM10000_images_part_2\ISIC_0032561.jpg
HAM10000_images_part_2,ISIC_0032562.jpg,.jpg,316633,HAM10000_images_part_2\ISIC_0032562.jpg
HAM10000_images_part_2,ISIC_0032563.jpg,.jpg,283426,HAM10000_images_part_2\ISIC_0032563.jpg
HAM10000_images_part_2,ISIC_0032564.jpg,.jpg,327507,HAM10000_images_part_2\ISIC_0032564.jpg
HAM10000_images_part_2,ISIC_0032565.jpg,.jpg,316044,HAM10000_images_part_2\ISIC_0032565.jpg
HAM10000_images_part_2,ISIC_0032566.jpg,.jpg,210416,HAM10000_images_part_2\ISIC_0032566.jpg
HAM10000_images_part_2,ISIC_0032567.jpg,.jpg,286509,HAM10000_images_part_2\ISIC_0032567.jpg
HAM10000_images_part_2,ISIC_0032568.jpg,.jpg,187017,HAM10000_images_part_2\ISIC_0032568.jpg
HAM10000_images_part_2,ISIC_0032569.jpg,.jpg,306414,HAM10000_images_part_2\ISIC_0032569.jpg
HAM10000_images_part_2,ISIC_0032570.jpg,.jpg,353836,HAM10000_images_part_2\ISIC_0032570.jpg
HAM10000_images_part_2,ISIC_0032571.jpg,.jpg,331207,HAM10000_images_part_2\ISIC_0032571.jpg
HAM10000_images_part_2,ISIC_0032572.jpg,.jpg,277403,HAM10000_images_part_2\ISIC_0032572.jpg
HAM10000_images_part_2,ISIC_0032573.jpg,.jpg,301083,HAM10000_images_part_2\ISIC_0032573.jpg
HAM10000_images_part_2,ISIC_0032574.jpg,.jpg,199579,HAM10000_images_part_2\ISIC_0032574.jpg
HAM10000_images_part_2,ISIC_0032575.jpg,.jpg,270116,HAM10000_images_part_2\ISIC_0032575.jpg
HAM10000_images_part_2,ISIC_0032576.jpg,.jpg,328617,HAM10000_images_part_2\ISIC_0032576.jpg
HAM10000_images_part_2,ISIC_0032577.jpg,.jpg,225445,HAM10000_images_part_2\ISIC_0032577.jpg
HAM10000_images_part_2,ISIC_0032578.jpg,.jpg,256406,HAM10000_images_part_2\ISIC_0032578.jpg
HAM10000_images_part_2,ISIC_0032579.jpg,.jpg,275281,HAM10000_images_part_2\ISIC_0032579.jpg
HAM10000_images_part_2,ISIC_0032580.jpg,.jpg,316973,HAM10000_images_part_2\ISIC_0032580.jpg
HAM10000_images_part_2,ISIC_0032581.jpg,.jpg,279257,HAM10000_images_part_2\ISIC_0032581.jpg
HAM10000_images_part_2,ISIC_0032582.jpg,.jpg,196484,HAM10000_images_part_2\ISIC_0032582.jpg
HAM10000_images_part_2,ISIC_0032583.jpg,.jpg,342945,HAM10000_images_part_2\ISIC_0032583.jpg
HAM10000_images_part_2,ISIC_0032584.jpg,.jpg,244327,HAM10000_images_part_2\ISIC_0032584.jpg
HAM10000_images_part_2,ISIC_0032585.jpg,.jpg,286873,HAM10000_images_part_2\ISIC_0032585.jpg
HAM10000_images_part_2,ISIC_0032586.jpg,.jpg,356456,HAM10000_images_part_2\ISIC_0032586.jpg
HAM10000_images_part_2,ISIC_0032587.jpg,.jpg,277120,HAM10000_images_part_2\ISIC_0032587.jpg
HAM10000_images_part_2,ISIC_0032588.jpg,.jpg,314853,HAM10000_images_part_2\ISIC_0032588.jpg
HAM10000_images_part_2,ISIC_0032589.jpg,.jpg,319590,HAM10000_images_part_2\ISIC_0032589.jpg
HAM10000_images_part_2,ISIC_0032590.jpg,.jpg,263787,HAM10000_images_part_2\ISIC_0032590.jpg
HAM10000_images_part_2,ISIC_0032591.jpg,.jpg,329768,HAM10000_images_part_2\ISIC_0032591.jpg
HAM10000_images_part_2,ISIC_0032592.jpg,.jpg,269305,HAM10000_images_part_2\ISIC_0032592.jpg
HAM10000_images_part_2,ISIC_0032593.jpg,.jpg,262964,HAM10000_images_part_2\ISIC_0032593.jpg
HAM10000_images_part_2,ISIC_0032594.jpg,.jpg,287425,HAM10000_images_part_2\ISIC_0032594.jpg
HAM10000_images_part_2,ISIC_0032595.jpg,.jpg,274737,HAM10000_images_part_2\ISIC_0032595.jpg
HAM10000_images_part_2,ISIC_0032596.jpg,.jpg,332356,HAM10000_images_part_2\ISIC_0032596.jpg
HAM10000_images_part_2,ISIC_0032597.jpg,.jpg,323812,HAM10000_images_part_2\ISIC_0032597.jpg
HAM10000_images_part_2,ISIC_0032598.jpg,.jpg,297117,HAM10000_images_part_2\ISIC_0032598.jpg
HAM10000_images_part_2,ISIC_0032599.jpg,.jpg,307514,HAM10000_images_part_2\ISIC_0032599.jpg
HAM10000_images_part_2,ISIC_0032600.jpg,.jpg,280037,HAM10000_images_part_2\ISIC_0032600.jpg
HAM10000_images_part_2,ISIC_0032601.jpg,.jpg,301533,HAM10000_images_part_2\ISIC_0032601.jpg
HAM10000_images_part_2,ISIC_0032602.jpg,.jpg,293757,HAM10000_images_part_2\ISIC_0032602.jpg
HAM10000_images_part_2,ISIC_0032603.jpg,.jpg,339060,HAM10000_images_part_2\ISIC_0032603.jpg
HAM10000_images_part_2,ISIC_0032604.jpg,.jpg,310269,HAM10000_images_part_2\ISIC_0032604.jpg
HAM10000_images_part_2,ISIC_0032605.jpg,.jpg,316507,HAM10000_images_part_2\ISIC_0032605.jpg
HAM10000_images_part_2,ISIC_0032606.jpg,.jpg,328594,HAM10000_images_part_2\ISIC_0032606.jpg
HAM10000_images_part_2,ISIC_0032607.jpg,.jpg,312065,HAM10000_images_part_2\ISIC_0032607.jpg
HAM10000_images_part_2,ISIC_0032608.jpg,.jpg,383744,HAM10000_images_part_2\ISIC_0032608.jpg
HAM10000_images_part_2,ISIC_0032609.jpg,.jpg,289802,HAM10000_images_part_2\ISIC_0032609.jpg
HAM10000_images_part_2,ISIC_0032610.jpg,.jpg,191859,HAM10000_images_part_2\ISIC_0032610.jpg
HAM10000_images_part_2,ISIC_0032611.jpg,.jpg,308466,HAM10000_images_part_2\ISIC_0032611.jpg
HAM10000_images_part_2,ISIC_0032612.jpg,.jpg,288205,HAM10000_images_part_2\ISIC_0032612.jpg
HAM10000_images_part_2,ISIC_0032613.jpg,.jpg,331985,HAM10000_images_part_2\ISIC_0032613.jpg
HAM10000_images_part_2,ISIC_0032614.jpg,.jpg,275132,HAM10000_images_part_2\ISIC_0032614.jpg
HAM10000_images_part_2,ISIC_0032615.jpg,.jpg,301451,HAM10000_images_part_2\ISIC_0032615.jpg
HAM10000_images_part_2,ISIC_0032616.jpg,.jpg,285744,HAM10000_images_part_2\ISIC_0032616.jpg
HAM10000_images_part_2,ISIC_0032617.jpg,.jpg,307413,HAM10000_images_part_2\ISIC_0032617.jpg
HAM10000_images_part_2,ISIC_0032618.jpg,.jpg,337946,HAM10000_images_part_2\ISIC_0032618.jpg
HAM10000_images_part_2,ISIC_0032619.jpg,.jpg,293656,HAM10000_images_part_2\ISIC_0032619.jpg
HAM10000_images_part_2,ISIC_0032620.jpg,.jpg,206085,HAM10000_images_part_2\ISIC_0032620.jpg
HAM10000_images_part_2,ISIC_0032621.jpg,.jpg,283601,HAM10000_images_part_2\ISIC_0032621.jpg
HAM10000_images_part_2,ISIC_0032622.jpg,.jpg,286205,HAM10000_images_part_2\ISIC_0032622.jpg
HAM10000_images_part_2,ISIC_0032623.jpg,.jpg,274958,HAM10000_images_part_2\ISIC_0032623.jpg
HAM10000_images_part_2,ISIC_0032624.jpg,.jpg,293003,HAM10000_images_part_2\ISIC_0032624.jpg
HAM10000_images_part_2,ISIC_0032625.jpg,.jpg,297951,HAM10000_images_part_2\ISIC_0032625.jpg
HAM10000_images_part_2,ISIC_0032626.jpg,.jpg,278791,HAM10000_images_part_2\ISIC_0032626.jpg
HAM10000_images_part_2,ISIC_0032627.jpg,.jpg,343956,HAM10000_images_part_2\ISIC_0032627.jpg
HAM10000_images_part_2,ISIC_0032628.jpg,.jpg,294838,HAM10000_images_part_2\ISIC_0032628.jpg
HAM10000_images_part_2,ISIC_0032629.jpg,.jpg,342306,HAM10000_images_part_2\ISIC_0032629.jpg
HAM10000_images_part_2,ISIC_0032630.jpg,.jpg,329801,HAM10000_images_part_2\ISIC_0032630.jpg
HAM10000_images_part_2,ISIC_0032631.jpg,.jpg,328580,HAM10000_images_part_2\ISIC_0032631.jpg
HAM10000_images_part_2,ISIC_0032632.jpg,.jpg,290356,HAM10000_images_part_2\ISIC_0032632.jpg
HAM10000_images_part_2,ISIC_0032633.jpg,.jpg,288532,HAM10000_images_part_2\ISIC_0032633.jpg
HAM10000_images_part_2,ISIC_0032634.jpg,.jpg,347009,HAM10000_images_part_2\ISIC_0032634.jpg
HAM10000_images_part_2,ISIC_0032635.jpg,.jpg,320010,HAM10000_images_part_2\ISIC_0032635.jpg
HAM10000_images_part_2,ISIC_0032636.jpg,.jpg,323601,HAM10000_images_part_2\ISIC_0032636.jpg
HAM10000_images_part_2,ISIC_0032637.jpg,.jpg,363275,HAM10000_images_part_2\ISIC_0032637.jpg
HAM10000_images_part_2,ISIC_0032638.jpg,.jpg,310351,HAM10000_images_part_2\ISIC_0032638.jpg
HAM10000_images_part_2,ISIC_0032639.jpg,.jpg,291293,HAM10000_images_part_2\ISIC_0032639.jpg
HAM10000_images_part_2,ISIC_0032640.jpg,.jpg,306690,HAM10000_images_part_2\ISIC_0032640.jpg
HAM10000_images_part_2,ISIC_0032641.jpg,.jpg,278130,HAM10000_images_part_2\ISIC_0032641.jpg
HAM10000_images_part_2,ISIC_0032642.jpg,.jpg,286276,HAM10000_images_part_2\ISIC_0032642.jpg
HAM10000_images_part_2,ISIC_0032643.jpg,.jpg,307228,HAM10000_images_part_2\ISIC_0032643.jpg
HAM10000_images_part_2,ISIC_0032644.jpg,.jpg,244632,HAM10000_images_part_2\ISIC_0032644.jpg
HAM10000_images_part_2,ISIC_0032645.jpg,.jpg,192473,HAM10000_images_part_2\ISIC_0032645.jpg
HAM10000_images_part_2,ISIC_0032646.jpg,.jpg,249416,HAM10000_images_part_2\ISIC_0032646.jpg
HAM10000_images_part_2,ISIC_0032647.jpg,.jpg,266236,HAM10000_images_part_2\ISIC_0032647.jpg
HAM10000_images_part_2,ISIC_0032648.jpg,.jpg,198827,HAM10000_images_part_2\ISIC_0032648.jpg
HAM10000_images_part_2,ISIC_0032649.jpg,.jpg,281232,HAM10000_images_part_2\ISIC_0032649.jpg
HAM10000_images_part_2,ISIC_0032650.jpg,.jpg,177945,HAM10000_images_part_2\ISIC_0032650.jpg
HAM10000_images_part_2,ISIC_0032651.jpg,.jpg,280985,HAM10000_images_part_2\ISIC_0032651.jpg
HAM10000_images_part_2,ISIC_0032652.jpg,.jpg,298140,HAM10000_images_part_2\ISIC_0032652.jpg
HAM10000_images_part_2,ISIC_0032653.jpg,.jpg,256428,HAM10000_images_part_2\ISIC_0032653.jpg
HAM10000_images_part_2,ISIC_0032654.jpg,.jpg,339125,HAM10000_images_part_2\ISIC_0032654.jpg
HAM10000_images_part_2,ISIC_0032655.jpg,.jpg,278385,HAM10000_images_part_2\ISIC_0032655.jpg
HAM10000_images_part_2,ISIC_0032656.jpg,.jpg,269851,HAM10000_images_part_2\ISIC_0032656.jpg
HAM10000_images_part_2,ISIC_0032657.jpg,.jpg,272956,HAM10000_images_part_2\ISIC_0032657.jpg
HAM10000_images_part_2,ISIC_0032658.jpg,.jpg,317460,HAM10000_images_part_2\ISIC_0032658.jpg
HAM10000_images_part_2,ISIC_0032659.jpg,.jpg,214141,HAM10000_images_part_2\ISIC_0032659.jpg
HAM10000_images_part_2,ISIC_0032660.jpg,.jpg,295987,HAM10000_images_part_2\ISIC_0032660.jpg
HAM10000_images_part_2,ISIC_0032661.jpg,.jpg,280846,HAM10000_images_part_2\ISIC_0032661.jpg
HAM10000_images_part_2,ISIC_0032662.jpg,.jpg,282709,HAM10000_images_part_2\ISIC_0032662.jpg
HAM10000_images_part_2,ISIC_0032663.jpg,.jpg,307217,HAM10000_images_part_2\ISIC_0032663.jpg
HAM10000_images_part_2,ISIC_0032664.jpg,.jpg,289219,HAM10000_images_part_2\ISIC_0032664.jpg
HAM10000_images_part_2,ISIC_0032665.jpg,.jpg,199004,HAM10000_images_part_2\ISIC_0032665.jpg
HAM10000_images_part_2,ISIC_0032666.jpg,.jpg,267971,HAM10000_images_part_2\ISIC_0032666.jpg
HAM10000_images_part_2,ISIC_0032667.jpg,.jpg,297182,HAM10000_images_part_2\ISIC_0032667.jpg
HAM10000_images_part_2,ISIC_0032668.jpg,.jpg,291721,HAM10000_images_part_2\ISIC_0032668.jpg
HAM10000_images_part_2,ISIC_0032669.jpg,.jpg,247162,HAM10000_images_part_2\ISIC_0032669.jpg
HAM10000_images_part_2,ISIC_0032670.jpg,.jpg,279736,HAM10000_images_part_2\ISIC_0032670.jpg
HAM10000_images_part_2,ISIC_0032671.jpg,.jpg,301943,HAM10000_images_part_2\ISIC_0032671.jpg
HAM10000_images_part_2,ISIC_0032672.jpg,.jpg,285296,HAM10000_images_part_2\ISIC_0032672.jpg
HAM10000_images_part_2,ISIC_0032673.jpg,.jpg,263409,HAM10000_images_part_2\ISIC_0032673.jpg
HAM10000_images_part_2,ISIC_0032674.jpg,.jpg,341811,HAM10000_images_part_2\ISIC_0032674.jpg
HAM10000_images_part_2,ISIC_0032675.jpg,.jpg,344630,HAM10000_images_part_2\ISIC_0032675.jpg
HAM10000_images_part_2,ISIC_0032676.jpg,.jpg,317310,HAM10000_images_part_2\ISIC_0032676.jpg
HAM10000_images_part_2,ISIC_0032677.jpg,.jpg,277912,HAM10000_images_part_2\ISIC_0032677.jpg
HAM10000_images_part_2,ISIC_0032678.jpg,.jpg,268509,HAM10000_images_part_2\ISIC_0032678.jpg
HAM10000_images_part_2,ISIC_0032679.jpg,.jpg,279692,HAM10000_images_part_2\ISIC_0032679.jpg
HAM10000_images_part_2,ISIC_0032680.jpg,.jpg,296782,HAM10000_images_part_2\ISIC_0032680.jpg
HAM10000_images_part_2,ISIC_0032681.jpg,.jpg,360718,HAM10000_images_part_2\ISIC_0032681.jpg
HAM10000_images_part_2,ISIC_0032682.jpg,.jpg,318757,HAM10000_images_part_2\ISIC_0032682.jpg
HAM10000_images_part_2,ISIC_0032683.jpg,.jpg,357497,HAM10000_images_part_2\ISIC_0032683.jpg
HAM10000_images_part_2,ISIC_0032684.jpg,.jpg,288738,HAM10000_images_part_2\ISIC_0032684.jpg
HAM10000_images_part_2,ISIC_0032685.jpg,.jpg,289237,HAM10000_images_part_2\ISIC_0032685.jpg
HAM10000_images_part_2,ISIC_0032686.jpg,.jpg,272988,HAM10000_images_part_2\ISIC_0032686.jpg
HAM10000_images_part_2,ISIC_0032687.jpg,.jpg,314716,HAM10000_images_part_2\ISIC_0032687.jpg
HAM10000_images_part_2,ISIC_0032688.jpg,.jpg,336838,HAM10000_images_part_2\ISIC_0032688.jpg
HAM10000_images_part_2,ISIC_0032689.jpg,.jpg,280087,HAM10000_images_part_2\ISIC_0032689.jpg
HAM10000_images_part_2,ISIC_0032690.jpg,.jpg,204427,HAM10000_images_part_2\ISIC_0032690.jpg
HAM10000_images_part_2,ISIC_0032691.jpg,.jpg,303579,HAM10000_images_part_2\ISIC_0032691.jpg
HAM10000_images_part_2,ISIC_0032692.jpg,.jpg,285047,HAM10000_images_part_2\ISIC_0032692.jpg
HAM10000_images_part_2,ISIC_0032693.jpg,.jpg,239943,HAM10000_images_part_2\ISIC_0032693.jpg
HAM10000_images_part_2,ISIC_0032694.jpg,.jpg,384105,HAM10000_images_part_2\ISIC_0032694.jpg
HAM10000_images_part_2,ISIC_0032695.jpg,.jpg,353060,HAM10000_images_part_2\ISIC_0032695.jpg
HAM10000_images_part_2,ISIC_0032696.jpg,.jpg,307744,HAM10000_images_part_2\ISIC_0032696.jpg
HAM10000_images_part_2,ISIC_0032697.jpg,.jpg,327897,HAM10000_images_part_2\ISIC_0032697.jpg
HAM10000_images_part_2,ISIC_0032698.jpg,.jpg,347229,HAM10000_images_part_2\ISIC_0032698.jpg
HAM10000_images_part_2,ISIC_0032699.jpg,.jpg,314299,HAM10000_images_part_2\ISIC_0032699.jpg
HAM10000_images_part_2,ISIC_0032700.jpg,.jpg,182578,HAM10000_images_part_2\ISIC_0032700.jpg
HAM10000_images_part_2,ISIC_0032701.jpg,.jpg,282818,HAM10000_images_part_2\ISIC_0032701.jpg
HAM10000_images_part_2,ISIC_0032702.jpg,.jpg,295797,HAM10000_images_part_2\ISIC_0032702.jpg
HAM10000_images_part_2,ISIC_0032703.jpg,.jpg,303237,HAM10000_images_part_2\ISIC_0032703.jpg
HAM10000_images_part_2,ISIC_0032704.jpg,.jpg,317437,HAM10000_images_part_2\ISIC_0032704.jpg
HAM10000_images_part_2,ISIC_0032705.jpg,.jpg,279228,HAM10000_images_part_2\ISIC_0032705.jpg
HAM10000_images_part_2,ISIC_0032706.jpg,.jpg,293707,HAM10000_images_part_2\ISIC_0032706.jpg
HAM10000_images_part_2,ISIC_0032707.jpg,.jpg,313152,HAM10000_images_part_2\ISIC_0032707.jpg
HAM10000_images_part_2,ISIC_0032708.jpg,.jpg,277427,HAM10000_images_part_2\ISIC_0032708.jpg
HAM10000_images_part_2,ISIC_0032709.jpg,.jpg,302714,HAM10000_images_part_2\ISIC_0032709.jpg
HAM10000_images_part_2,ISIC_0032710.jpg,.jpg,291466,HAM10000_images_part_2\ISIC_0032710.jpg
HAM10000_images_part_2,ISIC_0032711.jpg,.jpg,284504,HAM10000_images_part_2\ISIC_0032711.jpg
HAM10000_images_part_2,ISIC_0032712.jpg,.jpg,280626,HAM10000_images_part_2\ISIC_0032712.jpg
HAM10000_images_part_2,ISIC_0032713.jpg,.jpg,259802,HAM10000_images_part_2\ISIC_0032713.jpg
HAM10000_images_part_2,ISIC_0032714.jpg,.jpg,283631,HAM10000_images_part_2\ISIC_0032714.jpg
HAM10000_images_part_2,ISIC_0032715.jpg,.jpg,238630,HAM10000_images_part_2\ISIC_0032715.jpg
HAM10000_images_part_2,ISIC_0032716.jpg,.jpg,285660,HAM10000_images_part_2\ISIC_0032716.jpg
HAM10000_images_part_2,ISIC_0032717.jpg,.jpg,272225,HAM10000_images_part_2\ISIC_0032717.jpg
HAM10000_images_part_2,ISIC_0032718.jpg,.jpg,302038,HAM10000_images_part_2\ISIC_0032718.jpg
HAM10000_images_part_2,ISIC_0032719.jpg,.jpg,340268,HAM10000_images_part_2\ISIC_0032719.jpg
HAM10000_images_part_2,ISIC_0032720.jpg,.jpg,356663,HAM10000_images_part_2\ISIC_0032720.jpg
HAM10000_images_part_2,ISIC_0032721.jpg,.jpg,320388,HAM10000_images_part_2\ISIC_0032721.jpg
HAM10000_images_part_2,ISIC_0032722.jpg,.jpg,338442,HAM10000_images_part_2\ISIC_0032722.jpg
HAM10000_images_part_2,ISIC_0032723.jpg,.jpg,306962,HAM10000_images_part_2\ISIC_0032723.jpg
HAM10000_images_part_2,ISIC_0032724.jpg,.jpg,321164,HAM10000_images_part_2\ISIC_0032724.jpg
HAM10000_images_part_2,ISIC_0032725.jpg,.jpg,236440,HAM10000_images_part_2\ISIC_0032725.jpg
HAM10000_images_part_2,ISIC_0032726.jpg,.jpg,345336,HAM10000_images_part_2\ISIC_0032726.jpg
HAM10000_images_part_2,ISIC_0032727.jpg,.jpg,287140,HAM10000_images_part_2\ISIC_0032727.jpg
HAM10000_images_part_2,ISIC_0032728.jpg,.jpg,205741,HAM10000_images_part_2\ISIC_0032728.jpg
HAM10000_images_part_2,ISIC_0032729.jpg,.jpg,256671,HAM10000_images_part_2\ISIC_0032729.jpg
HAM10000_images_part_2,ISIC_0032730.jpg,.jpg,318075,HAM10000_images_part_2\ISIC_0032730.jpg
HAM10000_images_part_2,ISIC_0032731.jpg,.jpg,234854,HAM10000_images_part_2\ISIC_0032731.jpg
HAM10000_images_part_2,ISIC_0032732.jpg,.jpg,273776,HAM10000_images_part_2\ISIC_0032732.jpg
HAM10000_images_part_2,ISIC_0032733.jpg,.jpg,353964,HAM10000_images_part_2\ISIC_0032733.jpg
HAM10000_images_part_2,ISIC_0032734.jpg,.jpg,168535,HAM10000_images_part_2\ISIC_0032734.jpg
HAM10000_images_part_2,ISIC_0032735.jpg,.jpg,274703,HAM10000_images_part_2\ISIC_0032735.jpg
HAM10000_images_part_2,ISIC_0032736.jpg,.jpg,303450,HAM10000_images_part_2\ISIC_0032736.jpg
HAM10000_images_part_2,ISIC_0032737.jpg,.jpg,288243,HAM10000_images_part_2\ISIC_0032737.jpg
HAM10000_images_part_2,ISIC_0032738.jpg,.jpg,277514,HAM10000_images_part_2\ISIC_0032738.jpg
HAM10000_images_part_2,ISIC_0032739.jpg,.jpg,294840,HAM10000_images_part_2\ISIC_0032739.jpg
HAM10000_images_part_2,ISIC_0032740.jpg,.jpg,293847,HAM10000_images_part_2\ISIC_0032740.jpg
HAM10000_images_part_2,ISIC_0032741.jpg,.jpg,219449,HAM10000_images_part_2\ISIC_0032741.jpg
HAM10000_images_part_2,ISIC_0032742.jpg,.jpg,261238,HAM10000_images_part_2\ISIC_0032742.jpg
HAM10000_images_part_2,ISIC_0032743.jpg,.jpg,315769,HAM10000_images_part_2\ISIC_0032743.jpg
HAM10000_images_part_2,ISIC_0032744.jpg,.jpg,303167,HAM10000_images_part_2\ISIC_0032744.jpg
HAM10000_images_part_2,ISIC_0032745.jpg,.jpg,321381,HAM10000_images_part_2\ISIC_0032745.jpg
HAM10000_images_part_2,ISIC_0032746.jpg,.jpg,348173,HAM10000_images_part_2\ISIC_0032746.jpg
HAM10000_images_part_2,ISIC_0032747.jpg,.jpg,260947,HAM10000_images_part_2\ISIC_0032747.jpg
HAM10000_images_part_2,ISIC_0032748.jpg,.jpg,294923,HAM10000_images_part_2\ISIC_0032748.jpg
HAM10000_images_part_2,ISIC_0032749.jpg,.jpg,363562,HAM10000_images_part_2\ISIC_0032749.jpg
HAM10000_images_part_2,ISIC_0032750.jpg,.jpg,290726,HAM10000_images_part_2\ISIC_0032750.jpg
HAM10000_images_part_2,ISIC_0032751.jpg,.jpg,313915,HAM10000_images_part_2\ISIC_0032751.jpg
HAM10000_images_part_2,ISIC_0032752.jpg,.jpg,287498,HAM10000_images_part_2\ISIC_0032752.jpg
HAM10000_images_part_2,ISIC_0032753.jpg,.jpg,335582,HAM10000_images_part_2\ISIC_0032753.jpg
HAM10000_images_part_2,ISIC_0032754.jpg,.jpg,285938,HAM10000_images_part_2\ISIC_0032754.jpg
HAM10000_images_part_2,ISIC_0032755.jpg,.jpg,230942,HAM10000_images_part_2\ISIC_0032755.jpg
HAM10000_images_part_2,ISIC_0032756.jpg,.jpg,273825,HAM10000_images_part_2\ISIC_0032756.jpg
HAM10000_images_part_2,ISIC_0032757.jpg,.jpg,193689,HAM10000_images_part_2\ISIC_0032757.jpg
HAM10000_images_part_2,ISIC_0032758.jpg,.jpg,285632,HAM10000_images_part_2\ISIC_0032758.jpg
HAM10000_images_part_2,ISIC_0032759.jpg,.jpg,333192,HAM10000_images_part_2\ISIC_0032759.jpg
HAM10000_images_part_2,ISIC_0032760.jpg,.jpg,256078,HAM10000_images_part_2\ISIC_0032760.jpg
HAM10000_images_part_2,ISIC_0032761.jpg,.jpg,301565,HAM10000_images_part_2\ISIC_0032761.jpg
HAM10000_images_part_2,ISIC_0032762.jpg,.jpg,289867,HAM10000_images_part_2\ISIC_0032762.jpg
HAM10000_images_part_2,ISIC_0032763.jpg,.jpg,316748,HAM10000_images_part_2\ISIC_0032763.jpg
HAM10000_images_part_2,ISIC_0032764.jpg,.jpg,311164,HAM10000_images_part_2\ISIC_0032764.jpg
HAM10000_images_part_2,ISIC_0032765.jpg,.jpg,214513,HAM10000_images_part_2\ISIC_0032765.jpg
HAM10000_images_part_2,ISIC_0032766.jpg,.jpg,277572,HAM10000_images_part_2\ISIC_0032766.jpg
HAM10000_images_part_2,ISIC_0032767.jpg,.jpg,223838,HAM10000_images_part_2\ISIC_0032767.jpg
HAM10000_images_part_2,ISIC_0032768.jpg,.jpg,289539,HAM10000_images_part_2\ISIC_0032768.jpg
HAM10000_images_part_2,ISIC_0032769.jpg,.jpg,281907,HAM10000_images_part_2\ISIC_0032769.jpg
HAM10000_images_part_2,ISIC_0032770.jpg,.jpg,239724,HAM10000_images_part_2\ISIC_0032770.jpg
HAM10000_images_part_2,ISIC_0032771.jpg,.jpg,295016,HAM10000_images_part_2\ISIC_0032771.jpg
HAM10000_images_part_2,ISIC_0032772.jpg,.jpg,260129,HAM10000_images_part_2\ISIC_0032772.jpg
HAM10000_images_part_2,ISIC_0032773.jpg,.jpg,357956,HAM10000_images_part_2\ISIC_0032773.jpg
HAM10000_images_part_2,ISIC_0032774.jpg,.jpg,352054,HAM10000_images_part_2\ISIC_0032774.jpg
HAM10000_images_part_2,ISIC_0032775.jpg,.jpg,311444,HAM10000_images_part_2\ISIC_0032775.jpg
HAM10000_images_part_2,ISIC_0032776.jpg,.jpg,291565,HAM10000_images_part_2\ISIC_0032776.jpg
HAM10000_images_part_2,ISIC_0032777.jpg,.jpg,263144,HAM10000_images_part_2\ISIC_0032777.jpg
HAM10000_images_part_2,ISIC_0032778.jpg,.jpg,258440,HAM10000_images_part_2\ISIC_0032778.jpg
HAM10000_images_part_2,ISIC_0032779.jpg,.jpg,285822,HAM10000_images_part_2\ISIC_0032779.jpg
HAM10000_images_part_2,ISIC_0032780.jpg,.jpg,281961,HAM10000_images_part_2\ISIC_0032780.jpg
HAM10000_images_part_2,ISIC_0032781.jpg,.jpg,255899,HAM10000_images_part_2\ISIC_0032781.jpg
HAM10000_images_part_2,ISIC_0032782.jpg,.jpg,376884,HAM10000_images_part_2\ISIC_0032782.jpg
HAM10000_images_part_2,ISIC_0032783.jpg,.jpg,276837,HAM10000_images_part_2\ISIC_0032783.jpg
HAM10000_images_part_2,ISIC_0032784.jpg,.jpg,298308,HAM10000_images_part_2\ISIC_0032784.jpg
HAM10000_images_part_2,ISIC_0032785.jpg,.jpg,262495,HAM10000_images_part_2\ISIC_0032785.jpg
HAM10000_images_part_2,ISIC_0032786.jpg,.jpg,283627,HAM10000_images_part_2\ISIC_0032786.jpg
HAM10000_images_part_2,ISIC_0032787.jpg,.jpg,289022,HAM10000_images_part_2\ISIC_0032787.jpg
HAM10000_images_part_2,ISIC_0032788.jpg,.jpg,289753,HAM10000_images_part_2\ISIC_0032788.jpg
HAM10000_images_part_2,ISIC_0032789.jpg,.jpg,280257,HAM10000_images_part_2\ISIC_0032789.jpg
HAM10000_images_part_2,ISIC_0032790.jpg,.jpg,389341,HAM10000_images_part_2\ISIC_0032790.jpg
HAM10000_images_part_2,ISIC_0032791.jpg,.jpg,291089,HAM10000_images_part_2\ISIC_0032791.jpg
HAM10000_images_part_2,ISIC_0032792.jpg,.jpg,289908,HAM10000_images_part_2\ISIC_0032792.jpg
HAM10000_images_part_2,ISIC_0032793.jpg,.jpg,267509,HAM10000_images_part_2\ISIC_0032793.jpg
HAM10000_images_part_2,ISIC_0032794.jpg,.jpg,332020,HAM10000_images_part_2\ISIC_0032794.jpg
HAM10000_images_part_2,ISIC_0032795.jpg,.jpg,200334,HAM10000_images_part_2\ISIC_0032795.jpg
HAM10000_images_part_2,ISIC_0032796.jpg,.jpg,284445,HAM10000_images_part_2\ISIC_0032796.jpg
HAM10000_images_part_2,ISIC_0032797.jpg,.jpg,332256,HAM10000_images_part_2\ISIC_0032797.jpg
HAM10000_images_part_2,ISIC_0032798.jpg,.jpg,223138,HAM10000_images_part_2\ISIC_0032798.jpg
HAM10000_images_part_2,ISIC_0032799.jpg,.jpg,293077,HAM10000_images_part_2\ISIC_0032799.jpg
HAM10000_images_part_2,ISIC_0032800.jpg,.jpg,262246,HAM10000_images_part_2\ISIC_0032800.jpg
HAM10000_images_part_2,ISIC_0032801.jpg,.jpg,327518,HAM10000_images_part_2\ISIC_0032801.jpg
HAM10000_images_part_2,ISIC_0032802.jpg,.jpg,268595,HAM10000_images_part_2\ISIC_0032802.jpg
HAM10000_images_part_2,ISIC_0032803.jpg,.jpg,214030,HAM10000_images_part_2\ISIC_0032803.jpg
HAM10000_images_part_2,ISIC_0032804.jpg,.jpg,308451,HAM10000_images_part_2\ISIC_0032804.jpg
HAM10000_images_part_2,ISIC_0032805.jpg,.jpg,326824,HAM10000_images_part_2\ISIC_0032805.jpg
HAM10000_images_part_2,ISIC_0032806.jpg,.jpg,231727,HAM10000_images_part_2\ISIC_0032806.jpg
HAM10000_images_part_2,ISIC_0032807.jpg,.jpg,316604,HAM10000_images_part_2\ISIC_0032807.jpg
HAM10000_images_part_2,ISIC_0032808.jpg,.jpg,220004,HAM10000_images_part_2\ISIC_0032808.jpg
HAM10000_images_part_2,ISIC_0032809.jpg,.jpg,287455,HAM10000_images_part_2\ISIC_0032809.jpg
HAM10000_images_part_2,ISIC_0032810.jpg,.jpg,338045,HAM10000_images_part_2\ISIC_0032810.jpg
HAM10000_images_part_2,ISIC_0032811.jpg,.jpg,263025,HAM10000_images_part_2\ISIC_0032811.jpg
HAM10000_images_part_2,ISIC_0032812.jpg,.jpg,349719,HAM10000_images_part_2\ISIC_0032812.jpg
HAM10000_images_part_2,ISIC_0032813.jpg,.jpg,302417,HAM10000_images_part_2\ISIC_0032813.jpg
HAM10000_images_part_2,ISIC_0032814.jpg,.jpg,279488,HAM10000_images_part_2\ISIC_0032814.jpg
HAM10000_images_part_2,ISIC_0032815.jpg,.jpg,292035,HAM10000_images_part_2\ISIC_0032815.jpg
HAM10000_images_part_2,ISIC_0032816.jpg,.jpg,315168,HAM10000_images_part_2\ISIC_0032816.jpg
HAM10000_images_part_2,ISIC_0032817.jpg,.jpg,300201,HAM10000_images_part_2\ISIC_0032817.jpg
HAM10000_images_part_2,ISIC_0032818.jpg,.jpg,216817,HAM10000_images_part_2\ISIC_0032818.jpg
HAM10000_images_part_2,ISIC_0032819.jpg,.jpg,214432,HAM10000_images_part_2\ISIC_0032819.jpg
HAM10000_images_part_2,ISIC_0032820.jpg,.jpg,299344,HAM10000_images_part_2\ISIC_0032820.jpg
HAM10000_images_part_2,ISIC_0032821.jpg,.jpg,293379,HAM10000_images_part_2\ISIC_0032821.jpg
HAM10000_images_part_2,ISIC_0032822.jpg,.jpg,281074,HAM10000_images_part_2\ISIC_0032822.jpg
HAM10000_images_part_2,ISIC_0032823.jpg,.jpg,282066,HAM10000_images_part_2\ISIC_0032823.jpg
HAM10000_images_part_2,ISIC_0032824.jpg,.jpg,288875,HAM10000_images_part_2\ISIC_0032824.jpg
HAM10000_images_part_2,ISIC_0032825.jpg,.jpg,200605,HAM10000_images_part_2\ISIC_0032825.jpg
HAM10000_images_part_2,ISIC_0032826.jpg,.jpg,393091,HAM10000_images_part_2\ISIC_0032826.jpg
HAM10000_images_part_2,ISIC_0032827.jpg,.jpg,397370,HAM10000_images_part_2\ISIC_0032827.jpg
HAM10000_images_part_2,ISIC_0032828.jpg,.jpg,354743,HAM10000_images_part_2\ISIC_0032828.jpg
HAM10000_images_part_2,ISIC_0032829.jpg,.jpg,286112,HAM10000_images_part_2\ISIC_0032829.jpg
HAM10000_images_part_2,ISIC_0032830.jpg,.jpg,313005,HAM10000_images_part_2\ISIC_0032830.jpg
HAM10000_images_part_2,ISIC_0032831.jpg,.jpg,318423,HAM10000_images_part_2\ISIC_0032831.jpg
HAM10000_images_part_2,ISIC_0032832.jpg,.jpg,203853,HAM10000_images_part_2\ISIC_0032832.jpg
HAM10000_images_part_2,ISIC_0032833.jpg,.jpg,295006,HAM10000_images_part_2\ISIC_0032833.jpg
HAM10000_images_part_2,ISIC_0032834.jpg,.jpg,266126,HAM10000_images_part_2\ISIC_0032834.jpg
HAM10000_images_part_2,ISIC_0032835.jpg,.jpg,351149,HAM10000_images_part_2\ISIC_0032835.jpg
HAM10000_images_part_2,ISIC_0032836.jpg,.jpg,314551,HAM10000_images_part_2\ISIC_0032836.jpg
HAM10000_images_part_2,ISIC_0032837.jpg,.jpg,322046,HAM10000_images_part_2\ISIC_0032837.jpg
HAM10000_images_part_2,ISIC_0032838.jpg,.jpg,212615,HAM10000_images_part_2\ISIC_0032838.jpg
HAM10000_images_part_2,ISIC_0032839.jpg,.jpg,330147,HAM10000_images_part_2\ISIC_0032839.jpg
HAM10000_images_part_2,ISIC_0032840.jpg,.jpg,344112,HAM10000_images_part_2\ISIC_0032840.jpg
HAM10000_images_part_2,ISIC_0032841.jpg,.jpg,199822,HAM10000_images_part_2\ISIC_0032841.jpg
HAM10000_images_part_2,ISIC_0032842.jpg,.jpg,340365,HAM10000_images_part_2\ISIC_0032842.jpg
HAM10000_images_part_2,ISIC_0032843.jpg,.jpg,308417,HAM10000_images_part_2\ISIC_0032843.jpg
HAM10000_images_part_2,ISIC_0032844.jpg,.jpg,337998,HAM10000_images_part_2\ISIC_0032844.jpg
HAM10000_images_part_2,ISIC_0032845.jpg,.jpg,256692,HAM10000_images_part_2\ISIC_0032845.jpg
HAM10000_images_part_2,ISIC_0032846.jpg,.jpg,272537,HAM10000_images_part_2\ISIC_0032846.jpg
HAM10000_images_part_2,ISIC_0032847.jpg,.jpg,300833,HAM10000_images_part_2\ISIC_0032847.jpg
HAM10000_images_part_2,ISIC_0032848.jpg,.jpg,328245,HAM10000_images_part_2\ISIC_0032848.jpg
HAM10000_images_part_2,ISIC_0032849.jpg,.jpg,287593,HAM10000_images_part_2\ISIC_0032849.jpg
HAM10000_images_part_2,ISIC_0032850.jpg,.jpg,250428,HAM10000_images_part_2\ISIC_0032850.jpg
HAM10000_images_part_2,ISIC_0032851.jpg,.jpg,273282,HAM10000_images_part_2\ISIC_0032851.jpg
HAM10000_images_part_2,ISIC_0032852.jpg,.jpg,260874,HAM10000_images_part_2\ISIC_0032852.jpg
HAM10000_images_part_2,ISIC_0032853.jpg,.jpg,206425,HAM10000_images_part_2\ISIC_0032853.jpg
HAM10000_images_part_2,ISIC_0032854.jpg,.jpg,212222,HAM10000_images_part_2\ISIC_0032854.jpg
HAM10000_images_part_2,ISIC_0032855.jpg,.jpg,312753,HAM10000_images_part_2\ISIC_0032855.jpg
HAM10000_images_part_2,ISIC_0032856.jpg,.jpg,293120,HAM10000_images_part_2\ISIC_0032856.jpg
HAM10000_images_part_2,ISIC_0032857.jpg,.jpg,301136,HAM10000_images_part_2\ISIC_0032857.jpg
HAM10000_images_part_2,ISIC_0032858.jpg,.jpg,99418,HAM10000_images_part_2\ISIC_0032858.jpg
HAM10000_images_part_2,ISIC_0032859.jpg,.jpg,199959,HAM10000_images_part_2\ISIC_0032859.jpg
HAM10000_images_part_2,ISIC_0032860.jpg,.jpg,326879,HAM10000_images_part_2\ISIC_0032860.jpg
HAM10000_images_part_2,ISIC_0032861.jpg,.jpg,284057,HAM10000_images_part_2\ISIC_0032861.jpg
HAM10000_images_part_2,ISIC_0032862.jpg,.jpg,272152,HAM10000_images_part_2\ISIC_0032862.jpg
HAM10000_images_part_2,ISIC_0032863.jpg,.jpg,281916,HAM10000_images_part_2\ISIC_0032863.jpg
HAM10000_images_part_2,ISIC_0032864.jpg,.jpg,271928,HAM10000_images_part_2\ISIC_0032864.jpg
HAM10000_images_part_2,ISIC_0032865.jpg,.jpg,251453,HAM10000_images_part_2\ISIC_0032865.jpg
HAM10000_images_part_2,ISIC_0032866.jpg,.jpg,280716,HAM10000_images_part_2\ISIC_0032866.jpg
HAM10000_images_part_2,ISIC_0032867.jpg,.jpg,299992,HAM10000_images_part_2\ISIC_0032867.jpg
HAM10000_images_part_2,ISIC_0032868.jpg,.jpg,320216,HAM10000_images_part_2\ISIC_0032868.jpg
HAM10000_images_part_2,ISIC_0032869.jpg,.jpg,346866,HAM10000_images_part_2\ISIC_0032869.jpg
HAM10000_images_part_2,ISIC_0032870.jpg,.jpg,289452,HAM10000_images_part_2\ISIC_0032870.jpg
HAM10000_images_part_2,ISIC_0032871.jpg,.jpg,275204,HAM10000_images_part_2\ISIC_0032871.jpg
HAM10000_images_part_2,ISIC_0032872.jpg,.jpg,314648,HAM10000_images_part_2\ISIC_0032872.jpg
HAM10000_images_part_2,ISIC_0032873.jpg,.jpg,327904,HAM10000_images_part_2\ISIC_0032873.jpg
HAM10000_images_part_2,ISIC_0032874.jpg,.jpg,294913,HAM10000_images_part_2\ISIC_0032874.jpg
HAM10000_images_part_2,ISIC_0032875.jpg,.jpg,312843,HAM10000_images_part_2\ISIC_0032875.jpg
HAM10000_images_part_2,ISIC_0032876.jpg,.jpg,295947,HAM10000_images_part_2\ISIC_0032876.jpg
HAM10000_images_part_2,ISIC_0032877.jpg,.jpg,353154,HAM10000_images_part_2\ISIC_0032877.jpg
HAM10000_images_part_2,ISIC_0032878.jpg,.jpg,319120,HAM10000_images_part_2\ISIC_0032878.jpg
HAM10000_images_part_2,ISIC_0032879.jpg,.jpg,371767,HAM10000_images_part_2\ISIC_0032879.jpg
HAM10000_images_part_2,ISIC_0032880.jpg,.jpg,308671,HAM10000_images_part_2\ISIC_0032880.jpg
HAM10000_images_part_2,ISIC_0032881.jpg,.jpg,281615,HAM10000_images_part_2\ISIC_0032881.jpg
HAM10000_images_part_2,ISIC_0032882.jpg,.jpg,197733,HAM10000_images_part_2\ISIC_0032882.jpg
HAM10000_images_part_2,ISIC_0032883.jpg,.jpg,322090,HAM10000_images_part_2\ISIC_0032883.jpg
HAM10000_images_part_2,ISIC_0032884.jpg,.jpg,265666,HAM10000_images_part_2\ISIC_0032884.jpg
HAM10000_images_part_2,ISIC_0032885.jpg,.jpg,276594,HAM10000_images_part_2\ISIC_0032885.jpg
HAM10000_images_part_2,ISIC_0032886.jpg,.jpg,283849,HAM10000_images_part_2\ISIC_0032886.jpg
HAM10000_images_part_2,ISIC_0032887.jpg,.jpg,250213,HAM10000_images_part_2\ISIC_0032887.jpg
HAM10000_images_part_2,ISIC_0032888.jpg,.jpg,301171,HAM10000_images_part_2\ISIC_0032888.jpg
HAM10000_images_part_2,ISIC_0032889.jpg,.jpg,290951,HAM10000_images_part_2\ISIC_0032889.jpg
HAM10000_images_part_2,ISIC_0032890.jpg,.jpg,263755,HAM10000_images_part_2\ISIC_0032890.jpg
HAM10000_images_part_2,ISIC_0032891.jpg,.jpg,287392,HAM10000_images_part_2\ISIC_0032891.jpg
HAM10000_images_part_2,ISIC_0032892.jpg,.jpg,338111,HAM10000_images_part_2\ISIC_0032892.jpg
HAM10000_images_part_2,ISIC_0032893.jpg,.jpg,320231,HAM10000_images_part_2\ISIC_0032893.jpg
HAM10000_images_part_2,ISIC_0032894.jpg,.jpg,330995,HAM10000_images_part_2\ISIC_0032894.jpg
HAM10000_images_part_2,ISIC_0032895.jpg,.jpg,256295,HAM10000_images_part_2\ISIC_0032895.jpg
HAM10000_images_part_2,ISIC_0032896.jpg,.jpg,252722,HAM10000_images_part_2\ISIC_0032896.jpg
HAM10000_images_part_2,ISIC_0032897.jpg,.jpg,305471,HAM10000_images_part_2\ISIC_0032897.jpg
HAM10000_images_part_2,ISIC_0032898.jpg,.jpg,318119,HAM10000_images_part_2\ISIC_0032898.jpg
HAM10000_images_part_2,ISIC_0032899.jpg,.jpg,279558,HAM10000_images_part_2\ISIC_0032899.jpg
HAM10000_images_part_2,ISIC_0032900.jpg,.jpg,274597,HAM10000_images_part_2\ISIC_0032900.jpg
HAM10000_images_part_2,ISIC_0032901.jpg,.jpg,279924,HAM10000_images_part_2\ISIC_0032901.jpg
HAM10000_images_part_2,ISIC_0032902.jpg,.jpg,277765,HAM10000_images_part_2\ISIC_0032902.jpg
HAM10000_images_part_2,ISIC_0032903.jpg,.jpg,330869,HAM10000_images_part_2\ISIC_0032903.jpg
HAM10000_images_part_2,ISIC_0032904.jpg,.jpg,316173,HAM10000_images_part_2\ISIC_0032904.jpg
HAM10000_images_part_2,ISIC_0032905.jpg,.jpg,221899,HAM10000_images_part_2\ISIC_0032905.jpg
HAM10000_images_part_2,ISIC_0032906.jpg,.jpg,310456,HAM10000_images_part_2\ISIC_0032906.jpg
HAM10000_images_part_2,ISIC_0032907.jpg,.jpg,318646,HAM10000_images_part_2\ISIC_0032907.jpg
HAM10000_images_part_2,ISIC_0032908.jpg,.jpg,203358,HAM10000_images_part_2\ISIC_0032908.jpg
HAM10000_images_part_2,ISIC_0032909.jpg,.jpg,280834,HAM10000_images_part_2\ISIC_0032909.jpg
HAM10000_images_part_2,ISIC_0032910.jpg,.jpg,296365,HAM10000_images_part_2\ISIC_0032910.jpg
HAM10000_images_part_2,ISIC_0032911.jpg,.jpg,266615,HAM10000_images_part_2\ISIC_0032911.jpg
HAM10000_images_part_2,ISIC_0032912.jpg,.jpg,265222,HAM10000_images_part_2\ISIC_0032912.jpg
HAM10000_images_part_2,ISIC_0032913.jpg,.jpg,347067,HAM10000_images_part_2\ISIC_0032913.jpg
HAM10000_images_part_2,ISIC_0032914.jpg,.jpg,323781,HAM10000_images_part_2\ISIC_0032914.jpg
HAM10000_images_part_2,ISIC_0032915.jpg,.jpg,362706,HAM10000_images_part_2\ISIC_0032915.jpg
HAM10000_images_part_2,ISIC_0032916.jpg,.jpg,305551,HAM10000_images_part_2\ISIC_0032916.jpg
HAM10000_images_part_2,ISIC_0032917.jpg,.jpg,348790,HAM10000_images_part_2\ISIC_0032917.jpg
HAM10000_images_part_2,ISIC_0032918.jpg,.jpg,209924,HAM10000_images_part_2\ISIC_0032918.jpg
HAM10000_images_part_2,ISIC_0032919.jpg,.jpg,283223,HAM10000_images_part_2\ISIC_0032919.jpg
HAM10000_images_part_2,ISIC_0032920.jpg,.jpg,294811,HAM10000_images_part_2\ISIC_0032920.jpg
HAM10000_images_part_2,ISIC_0032921.jpg,.jpg,298261,HAM10000_images_part_2\ISIC_0032921.jpg
HAM10000_images_part_2,ISIC_0032922.jpg,.jpg,351537,HAM10000_images_part_2\ISIC_0032922.jpg
HAM10000_images_part_2,ISIC_0032923.jpg,.jpg,293367,HAM10000_images_part_2\ISIC_0032923.jpg
HAM10000_images_part_2,ISIC_0032924.jpg,.jpg,295457,HAM10000_images_part_2\ISIC_0032924.jpg
HAM10000_images_part_2,ISIC_0032925.jpg,.jpg,335602,HAM10000_images_part_2\ISIC_0032925.jpg
HAM10000_images_part_2,ISIC_0032926.jpg,.jpg,316075,HAM10000_images_part_2\ISIC_0032926.jpg
HAM10000_images_part_2,ISIC_0032927.jpg,.jpg,327214,HAM10000_images_part_2\ISIC_0032927.jpg
HAM10000_images_part_2,ISIC_0032928.jpg,.jpg,275811,HAM10000_images_part_2\ISIC_0032928.jpg
HAM10000_images_part_2,ISIC_0032929.jpg,.jpg,326949,HAM10000_images_part_2\ISIC_0032929.jpg
HAM10000_images_part_2,ISIC_0032930.jpg,.jpg,326433,HAM10000_images_part_2\ISIC_0032930.jpg
HAM10000_images_part_2,ISIC_0032931.jpg,.jpg,301169,HAM10000_images_part_2\ISIC_0032931.jpg
HAM10000_images_part_2,ISIC_0032932.jpg,.jpg,316572,HAM10000_images_part_2\ISIC_0032932.jpg
HAM10000_images_part_2,ISIC_0032933.jpg,.jpg,309114,HAM10000_images_part_2\ISIC_0032933.jpg
HAM10000_images_part_2,ISIC_0032934.jpg,.jpg,311467,HAM10000_images_part_2\ISIC_0032934.jpg
HAM10000_images_part_2,ISIC_0032935.jpg,.jpg,302193,HAM10000_images_part_2\ISIC_0032935.jpg
HAM10000_images_part_2,ISIC_0032936.jpg,.jpg,309292,HAM10000_images_part_2\ISIC_0032936.jpg
HAM10000_images_part_2,ISIC_0032937.jpg,.jpg,325320,HAM10000_images_part_2\ISIC_0032937.jpg
HAM10000_images_part_2,ISIC_0032938.jpg,.jpg,359239,HAM10000_images_part_2\ISIC_0032938.jpg
HAM10000_images_part_2,ISIC_0032939.jpg,.jpg,287740,HAM10000_images_part_2\ISIC_0032939.jpg
HAM10000_images_part_2,ISIC_0032940.jpg,.jpg,398619,HAM10000_images_part_2\ISIC_0032940.jpg
HAM10000_images_part_2,ISIC_0032941.jpg,.jpg,281947,HAM10000_images_part_2\ISIC_0032941.jpg
HAM10000_images_part_2,ISIC_0032942.jpg,.jpg,306546,HAM10000_images_part_2\ISIC_0032942.jpg
HAM10000_images_part_2,ISIC_0032943.jpg,.jpg,331881,HAM10000_images_part_2\ISIC_0032943.jpg
HAM10000_images_part_2,ISIC_0032944.jpg,.jpg,296099,HAM10000_images_part_2\ISIC_0032944.jpg
HAM10000_images_part_2,ISIC_0032945.jpg,.jpg,260691,HAM10000_images_part_2\ISIC_0032945.jpg
HAM10000_images_part_2,ISIC_0032946.jpg,.jpg,293303,HAM10000_images_part_2\ISIC_0032946.jpg
HAM10000_images_part_2,ISIC_0032947.jpg,.jpg,338102,HAM10000_images_part_2\ISIC_0032947.jpg
HAM10000_images_part_2,ISIC_0032948.jpg,.jpg,295113,HAM10000_images_part_2\ISIC_0032948.jpg
HAM10000_images_part_2,ISIC_0032949.jpg,.jpg,290106,HAM10000_images_part_2\ISIC_0032949.jpg
HAM10000_images_part_2,ISIC_0032950.jpg,.jpg,300931,HAM10000_images_part_2\ISIC_0032950.jpg
HAM10000_images_part_2,ISIC_0032951.jpg,.jpg,288085,HAM10000_images_part_2\ISIC_0032951.jpg
HAM10000_images_part_2,ISIC_0032952.jpg,.jpg,278042,HAM10000_images_part_2\ISIC_0032952.jpg
HAM10000_images_part_2,ISIC_0032953.jpg,.jpg,283672,HAM10000_images_part_2\ISIC_0032953.jpg
HAM10000_images_part_2,ISIC_0032954.jpg,.jpg,285043,HAM10000_images_part_2\ISIC_0032954.jpg
HAM10000_images_part_2,ISIC_0032955.jpg,.jpg,331906,HAM10000_images_part_2\ISIC_0032955.jpg
HAM10000_images_part_2,ISIC_0032956.jpg,.jpg,317236,HAM10000_images_part_2\ISIC_0032956.jpg
HAM10000_images_part_2,ISIC_0032957.jpg,.jpg,300297,HAM10000_images_part_2\ISIC_0032957.jpg
HAM10000_images_part_2,ISIC_0032958.jpg,.jpg,355670,HAM10000_images_part_2\ISIC_0032958.jpg
HAM10000_images_part_2,ISIC_0032959.jpg,.jpg,275343,HAM10000_images_part_2\ISIC_0032959.jpg
HAM10000_images_part_2,ISIC_0032960.jpg,.jpg,342487,HAM10000_images_part_2\ISIC_0032960.jpg
HAM10000_images_part_2,ISIC_0032961.jpg,.jpg,294857,HAM10000_images_part_2\ISIC_0032961.jpg
HAM10000_images_part_2,ISIC_0032962.jpg,.jpg,267866,HAM10000_images_part_2\ISIC_0032962.jpg
HAM10000_images_part_2,ISIC_0032963.jpg,.jpg,342109,HAM10000_images_part_2\ISIC_0032963.jpg
HAM10000_images_part_2,ISIC_0032964.jpg,.jpg,270766,HAM10000_images_part_2\ISIC_0032964.jpg
HAM10000_images_part_2,ISIC_0032965.jpg,.jpg,355099,HAM10000_images_part_2\ISIC_0032965.jpg
HAM10000_images_part_2,ISIC_0032966.jpg,.jpg,280675,HAM10000_images_part_2\ISIC_0032966.jpg
HAM10000_images_part_2,ISIC_0032967.jpg,.jpg,351665,HAM10000_images_part_2\ISIC_0032967.jpg
HAM10000_images_part_2,ISIC_0032968.jpg,.jpg,246241,HAM10000_images_part_2\ISIC_0032968.jpg
HAM10000_images_part_2,ISIC_0032969.jpg,.jpg,218930,HAM10000_images_part_2\ISIC_0032969.jpg
HAM10000_images_part_2,ISIC_0032970.jpg,.jpg,337331,HAM10000_images_part_2\ISIC_0032970.jpg
HAM10000_images_part_2,ISIC_0032971.jpg,.jpg,313643,HAM10000_images_part_2\ISIC_0032971.jpg
HAM10000_images_part_2,ISIC_0032972.jpg,.jpg,340115,HAM10000_images_part_2\ISIC_0032972.jpg
HAM10000_images_part_2,ISIC_0032973.jpg,.jpg,285853,HAM10000_images_part_2\ISIC_0032973.jpg
HAM10000_images_part_2,ISIC_0032974.jpg,.jpg,394031,HAM10000_images_part_2\ISIC_0032974.jpg
HAM10000_images_part_2,ISIC_0032975.jpg,.jpg,323210,HAM10000_images_part_2\ISIC_0032975.jpg
HAM10000_images_part_2,ISIC_0032976.jpg,.jpg,347906,HAM10000_images_part_2\ISIC_0032976.jpg
HAM10000_images_part_2,ISIC_0032977.jpg,.jpg,292510,HAM10000_images_part_2\ISIC_0032977.jpg
HAM10000_images_part_2,ISIC_0032978.jpg,.jpg,346861,HAM10000_images_part_2\ISIC_0032978.jpg
HAM10000_images_part_2,ISIC_0032979.jpg,.jpg,273394,HAM10000_images_part_2\ISIC_0032979.jpg
HAM10000_images_part_2,ISIC_0032980.jpg,.jpg,296349,HAM10000_images_part_2\ISIC_0032980.jpg
HAM10000_images_part_2,ISIC_0032981.jpg,.jpg,285430,HAM10000_images_part_2\ISIC_0032981.jpg
HAM10000_images_part_2,ISIC_0032982.jpg,.jpg,268505,HAM10000_images_part_2\ISIC_0032982.jpg
HAM10000_images_part_2,ISIC_0032983.jpg,.jpg,216188,HAM10000_images_part_2\ISIC_0032983.jpg
HAM10000_images_part_2,ISIC_0032984.jpg,.jpg,295445,HAM10000_images_part_2\ISIC_0032984.jpg
HAM10000_images_part_2,ISIC_0032985.jpg,.jpg,339701,HAM10000_images_part_2\ISIC_0032985.jpg
HAM10000_images_part_2,ISIC_0032986.jpg,.jpg,276723,HAM10000_images_part_2\ISIC_0032986.jpg
HAM10000_images_part_2,ISIC_0032987.jpg,.jpg,364697,HAM10000_images_part_2\ISIC_0032987.jpg
HAM10000_images_part_2,ISIC_0032988.jpg,.jpg,389100,HAM10000_images_part_2\ISIC_0032988.jpg
HAM10000_images_part_2,ISIC_0032989.jpg,.jpg,195572,HAM10000_images_part_2\ISIC_0032989.jpg
HAM10000_images_part_2,ISIC_0032990.jpg,.jpg,198175,HAM10000_images_part_2\ISIC_0032990.jpg
HAM10000_images_part_2,ISIC_0032991.jpg,.jpg,236917,HAM10000_images_part_2\ISIC_0032991.jpg
HAM10000_images_part_2,ISIC_0032992.jpg,.jpg,299764,HAM10000_images_part_2\ISIC_0032992.jpg
HAM10000_images_part_2,ISIC_0032993.jpg,.jpg,337352,HAM10000_images_part_2\ISIC_0032993.jpg
HAM10000_images_part_2,ISIC_0032994.jpg,.jpg,402608,HAM10000_images_part_2\ISIC_0032994.jpg
HAM10000_images_part_2,ISIC_0032995.jpg,.jpg,296837,HAM10000_images_part_2\ISIC_0032995.jpg
HAM10000_images_part_2,ISIC_0032996.jpg,.jpg,316377,HAM10000_images_part_2\ISIC_0032996.jpg
HAM10000_images_part_2,ISIC_0032997.jpg,.jpg,300196,HAM10000_images_part_2\ISIC_0032997.jpg
HAM10000_images_part_2,ISIC_0032998.jpg,.jpg,280005,HAM10000_images_part_2\ISIC_0032998.jpg
HAM10000_images_part_2,ISIC_0032999.jpg,.jpg,245571,HAM10000_images_part_2\ISIC_0032999.jpg
HAM10000_images_part_2,ISIC_0033000.jpg,.jpg,326507,HAM10000_images_part_2\ISIC_0033000.jpg
HAM10000_images_part_2,ISIC_0033001.jpg,.jpg,315112,HAM10000_images_part_2\ISIC_0033001.jpg
HAM10000_images_part_2,ISIC_0033002.jpg,.jpg,281607,HAM10000_images_part_2\ISIC_0033002.jpg
HAM10000_images_part_2,ISIC_0033003.jpg,.jpg,296862,HAM10000_images_part_2\ISIC_0033003.jpg
HAM10000_images_part_2,ISIC_0033004.jpg,.jpg,349780,HAM10000_images_part_2\ISIC_0033004.jpg
HAM10000_images_part_2,ISIC_0033005.jpg,.jpg,345050,HAM10000_images_part_2\ISIC_0033005.jpg
HAM10000_images_part_2,ISIC_0033006.jpg,.jpg,264017,HAM10000_images_part_2\ISIC_0033006.jpg
HAM10000_images_part_2,ISIC_0033007.jpg,.jpg,312453,HAM10000_images_part_2\ISIC_0033007.jpg
HAM10000_images_part_2,ISIC_0033008.jpg,.jpg,292617,HAM10000_images_part_2\ISIC_0033008.jpg
HAM10000_images_part_2,ISIC_0033009.jpg,.jpg,276419,HAM10000_images_part_2\ISIC_0033009.jpg
HAM10000_images_part_2,ISIC_0033010.jpg,.jpg,301541,HAM10000_images_part_2\ISIC_0033010.jpg
HAM10000_images_part_2,ISIC_0033011.jpg,.jpg,312954,HAM10000_images_part_2\ISIC_0033011.jpg
HAM10000_images_part_2,ISIC_0033012.jpg,.jpg,307495,HAM10000_images_part_2\ISIC_0033012.jpg
HAM10000_images_part_2,ISIC_0033013.jpg,.jpg,284049,HAM10000_images_part_2\ISIC_0033013.jpg
HAM10000_images_part_2,ISIC_0033014.jpg,.jpg,330458,HAM10000_images_part_2\ISIC_0033014.jpg
HAM10000_images_part_2,ISIC_0033015.jpg,.jpg,246563,HAM10000_images_part_2\ISIC_0033015.jpg
HAM10000_images_part_2,ISIC_0033016.jpg,.jpg,206969,HAM10000_images_part_2\ISIC_0033016.jpg
HAM10000_images_part_2,ISIC_0033017.jpg,.jpg,296069,HAM10000_images_part_2\ISIC_0033017.jpg
HAM10000_images_part_2,ISIC_0033018.jpg,.jpg,264320,HAM10000_images_part_2\ISIC_0033018.jpg
HAM10000_images_part_2,ISIC_0033019.jpg,.jpg,279646,HAM10000_images_part_2\ISIC_0033019.jpg
HAM10000_images_part_2,ISIC_0033020.jpg,.jpg,286931,HAM10000_images_part_2\ISIC_0033020.jpg
HAM10000_images_part_2,ISIC_0033021.jpg,.jpg,299824,HAM10000_images_part_2\ISIC_0033021.jpg
HAM10000_images_part_2,ISIC_0033022.jpg,.jpg,325089,HAM10000_images_part_2\ISIC_0033022.jpg
HAM10000_images_part_2,ISIC_0033023.jpg,.jpg,371277,HAM10000_images_part_2\ISIC_0033023.jpg
HAM10000_images_part_2,ISIC_0033024.jpg,.jpg,329817,HAM10000_images_part_2\ISIC_0033024.jpg
HAM10000_images_part_2,ISIC_0033025.jpg,.jpg,299869,HAM10000_images_part_2\ISIC_0033025.jpg
HAM10000_images_part_2,ISIC_0033026.jpg,.jpg,314221,HAM10000_images_part_2\ISIC_0033026.jpg
HAM10000_images_part_2,ISIC_0033027.jpg,.jpg,381757,HAM10000_images_part_2\ISIC_0033027.jpg
HAM10000_images_part_2,ISIC_0033028.jpg,.jpg,254181,HAM10000_images_part_2\ISIC_0033028.jpg
HAM10000_images_part_2,ISIC_0033029.jpg,.jpg,334956,HAM10000_images_part_2\ISIC_0033029.jpg
HAM10000_images_part_2,ISIC_0033030.jpg,.jpg,272117,HAM10000_images_part_2\ISIC_0033030.jpg
HAM10000_images_part_2,ISIC_0033031.jpg,.jpg,308403,HAM10000_images_part_2\ISIC_0033031.jpg
HAM10000_images_part_2,ISIC_0033032.jpg,.jpg,290968,HAM10000_images_part_2\ISIC_0033032.jpg
HAM10000_images_part_2,ISIC_0033033.jpg,.jpg,207232,HAM10000_images_part_2\ISIC_0033033.jpg
HAM10000_images_part_2,ISIC_0033034.jpg,.jpg,248682,HAM10000_images_part_2\ISIC_0033034.jpg
HAM10000_images_part_2,ISIC_0033035.jpg,.jpg,197629,HAM10000_images_part_2\ISIC_0033035.jpg
HAM10000_images_part_2,ISIC_0033036.jpg,.jpg,321136,HAM10000_images_part_2\ISIC_0033036.jpg
HAM10000_images_part_2,ISIC_0033037.jpg,.jpg,324420,HAM10000_images_part_2\ISIC_0033037.jpg
HAM10000_images_part_2,ISIC_0033038.jpg,.jpg,308092,HAM10000_images_part_2\ISIC_0033038.jpg
HAM10000_images_part_2,ISIC_0033039.jpg,.jpg,308287,HAM10000_images_part_2\ISIC_0033039.jpg
HAM10000_images_part_2,ISIC_0033040.jpg,.jpg,300843,HAM10000_images_part_2\ISIC_0033040.jpg
HAM10000_images_part_2,ISIC_0033041.jpg,.jpg,322821,HAM10000_images_part_2\ISIC_0033041.jpg
HAM10000_images_part_2,ISIC_0033042.jpg,.jpg,322942,HAM10000_images_part_2\ISIC_0033042.jpg
HAM10000_images_part_2,ISIC_0033043.jpg,.jpg,193923,HAM10000_images_part_2\ISIC_0033043.jpg
HAM10000_images_part_2,ISIC_0033044.jpg,.jpg,310004,HAM10000_images_part_2\ISIC_0033044.jpg
HAM10000_images_part_2,ISIC_0033045.jpg,.jpg,311716,HAM10000_images_part_2\ISIC_0033045.jpg
HAM10000_images_part_2,ISIC_0033046.jpg,.jpg,281436,HAM10000_images_part_2\ISIC_0033046.jpg
HAM10000_images_part_2,ISIC_0033047.jpg,.jpg,274175,HAM10000_images_part_2\ISIC_0033047.jpg
HAM10000_images_part_2,ISIC_0033048.jpg,.jpg,295432,HAM10000_images_part_2\ISIC_0033048.jpg
HAM10000_images_part_2,ISIC_0033049.jpg,.jpg,314934,HAM10000_images_part_2\ISIC_0033049.jpg
HAM10000_images_part_2,ISIC_0033050.jpg,.jpg,310427,HAM10000_images_part_2\ISIC_0033050.jpg
HAM10000_images_part_2,ISIC_0033051.jpg,.jpg,359027,HAM10000_images_part_2\ISIC_0033051.jpg
HAM10000_images_part_2,ISIC_0033052.jpg,.jpg,197907,HAM10000_images_part_2\ISIC_0033052.jpg
HAM10000_images_part_2,ISIC_0033053.jpg,.jpg,289358,HAM10000_images_part_2\ISIC_0033053.jpg
HAM10000_images_part_2,ISIC_0033054.jpg,.jpg,167291,HAM10000_images_part_2\ISIC_0033054.jpg
HAM10000_images_part_2,ISIC_0033055.jpg,.jpg,321982,HAM10000_images_part_2\ISIC_0033055.jpg
HAM10000_images_part_2,ISIC_0033056.jpg,.jpg,314242,HAM10000_images_part_2\ISIC_0033056.jpg
HAM10000_images_part_2,ISIC_0033057.jpg,.jpg,216061,HAM10000_images_part_2\ISIC_0033057.jpg
HAM10000_images_part_2,ISIC_0033058.jpg,.jpg,287827,HAM10000_images_part_2\ISIC_0033058.jpg
HAM10000_images_part_2,ISIC_0033059.jpg,.jpg,286076,HAM10000_images_part_2\ISIC_0033059.jpg
HAM10000_images_part_2,ISIC_0033060.jpg,.jpg,313908,HAM10000_images_part_2\ISIC_0033060.jpg
HAM10000_images_part_2,ISIC_0033061.jpg,.jpg,332608,HAM10000_images_part_2\ISIC_0033061.jpg
HAM10000_images_part_2,ISIC_0033062.jpg,.jpg,296531,HAM10000_images_part_2\ISIC_0033062.jpg
HAM10000_images_part_2,ISIC_0033063.jpg,.jpg,354559,HAM10000_images_part_2\ISIC_0033063.jpg
HAM10000_images_part_2,ISIC_0033064.jpg,.jpg,287041,HAM10000_images_part_2\ISIC_0033064.jpg
HAM10000_images_part_2,ISIC_0033065.jpg,.jpg,257598,HAM10000_images_part_2\ISIC_0033065.jpg
HAM10000_images_part_2,ISIC_0033066.jpg,.jpg,333173,HAM10000_images_part_2\ISIC_0033066.jpg
HAM10000_images_part_2,ISIC_0033067.jpg,.jpg,282229,HAM10000_images_part_2\ISIC_0033067.jpg
HAM10000_images_part_2,ISIC_0033068.jpg,.jpg,275351,HAM10000_images_part_2\ISIC_0033068.jpg
HAM10000_images_part_2,ISIC_0033069.jpg,.jpg,289331,HAM10000_images_part_2\ISIC_0033069.jpg
HAM10000_images_part_2,ISIC_0033070.jpg,.jpg,309838,HAM10000_images_part_2\ISIC_0033070.jpg
HAM10000_images_part_2,ISIC_0033071.jpg,.jpg,275798,HAM10000_images_part_2\ISIC_0033071.jpg
HAM10000_images_part_2,ISIC_0033072.jpg,.jpg,332161,HAM10000_images_part_2\ISIC_0033072.jpg
HAM10000_images_part_2,ISIC_0033073.jpg,.jpg,302242,HAM10000_images_part_2\ISIC_0033073.jpg
HAM10000_images_part_2,ISIC_0033074.jpg,.jpg,334591,HAM10000_images_part_2\ISIC_0033074.jpg
HAM10000_images_part_2,ISIC_0033075.jpg,.jpg,250744,HAM10000_images_part_2\ISIC_0033075.jpg
HAM10000_images_part_2,ISIC_0033076.jpg,.jpg,273385,HAM10000_images_part_2\ISIC_0033076.jpg
HAM10000_images_part_2,ISIC_0033077.jpg,.jpg,253970,HAM10000_images_part_2\ISIC_0033077.jpg
HAM10000_images_part_2,ISIC_0033078.jpg,.jpg,256536,HAM10000_images_part_2\ISIC_0033078.jpg
HAM10000_images_part_2,ISIC_0033079.jpg,.jpg,312637,HAM10000_images_part_2\ISIC_0033079.jpg
HAM10000_images_part_2,ISIC_0033080.jpg,.jpg,278484,HAM10000_images_part_2\ISIC_0033080.jpg
HAM10000_images_part_2,ISIC_0033081.jpg,.jpg,288496,HAM10000_images_part_2\ISIC_0033081.jpg
HAM10000_images_part_2,ISIC_0033082.jpg,.jpg,281672,HAM10000_images_part_2\ISIC_0033082.jpg
HAM10000_images_part_2,ISIC_0033083.jpg,.jpg,264799,HAM10000_images_part_2\ISIC_0033083.jpg
HAM10000_images_part_2,ISIC_0033084.jpg,.jpg,345406,HAM10000_images_part_2\ISIC_0033084.jpg
HAM10000_images_part_2,ISIC_0033085.jpg,.jpg,273189,HAM10000_images_part_2\ISIC_0033085.jpg
HAM10000_images_part_2,ISIC_0033086.jpg,.jpg,319240,HAM10000_images_part_2\ISIC_0033086.jpg
HAM10000_images_part_2,ISIC_0033087.jpg,.jpg,282310,HAM10000_images_part_2\ISIC_0033087.jpg
HAM10000_images_part_2,ISIC_0033088.jpg,.jpg,290398,HAM10000_images_part_2\ISIC_0033088.jpg
HAM10000_images_part_2,ISIC_0033089.jpg,.jpg,212460,HAM10000_images_part_2\ISIC_0033089.jpg
HAM10000_images_part_2,ISIC_0033090.jpg,.jpg,373380,HAM10000_images_part_2\ISIC_0033090.jpg
HAM10000_images_part_2,ISIC_0033091.jpg,.jpg,214763,HAM10000_images_part_2\ISIC_0033091.jpg
HAM10000_images_part_2,ISIC_0033092.jpg,.jpg,329085,HAM10000_images_part_2\ISIC_0033092.jpg
HAM10000_images_part_2,ISIC_0033093.jpg,.jpg,270258,HAM10000_images_part_2\ISIC_0033093.jpg
HAM10000_images_part_2,ISIC_0033094.jpg,.jpg,289482,HAM10000_images_part_2\ISIC_0033094.jpg
HAM10000_images_part_2,ISIC_0033095.jpg,.jpg,293153,HAM10000_images_part_2\ISIC_0033095.jpg
HAM10000_images_part_2,ISIC_0033096.jpg,.jpg,235752,HAM10000_images_part_2\ISIC_0033096.jpg
HAM10000_images_part_2,ISIC_0033097.jpg,.jpg,298031,HAM10000_images_part_2\ISIC_0033097.jpg
HAM10000_images_part_2,ISIC_0033098.jpg,.jpg,275381,HAM10000_images_part_2\ISIC_0033098.jpg
HAM10000_images_part_2,ISIC_0033099.jpg,.jpg,299485,HAM10000_images_part_2\ISIC_0033099.jpg
HAM10000_images_part_2,ISIC_0033100.jpg,.jpg,305445,HAM10000_images_part_2\ISIC_0033100.jpg
HAM10000_images_part_2,ISIC_0033101.jpg,.jpg,322197,HAM10000_images_part_2\ISIC_0033101.jpg
HAM10000_images_part_2,ISIC_0033102.jpg,.jpg,319009,HAM10000_images_part_2\ISIC_0033102.jpg
HAM10000_images_part_2,ISIC_0033103.jpg,.jpg,209048,HAM10000_images_part_2\ISIC_0033103.jpg
HAM10000_images_part_2,ISIC_0033104.jpg,.jpg,244988,HAM10000_images_part_2\ISIC_0033104.jpg
HAM10000_images_part_2,ISIC_0033105.jpg,.jpg,291778,HAM10000_images_part_2\ISIC_0033105.jpg
HAM10000_images_part_2,ISIC_0033106.jpg,.jpg,283512,HAM10000_images_part_2\ISIC_0033106.jpg
HAM10000_images_part_2,ISIC_0033107.jpg,.jpg,296949,HAM10000_images_part_2\ISIC_0033107.jpg
HAM10000_images_part_2,ISIC_0033108.jpg,.jpg,288384,HAM10000_images_part_2\ISIC_0033108.jpg
HAM10000_images_part_2,ISIC_0033109.jpg,.jpg,282694,HAM10000_images_part_2\ISIC_0033109.jpg
HAM10000_images_part_2,ISIC_0033110.jpg,.jpg,298075,HAM10000_images_part_2\ISIC_0033110.jpg
HAM10000_images_part_2,ISIC_0033111.jpg,.jpg,347651,HAM10000_images_part_2\ISIC_0033111.jpg
HAM10000_images_part_2,ISIC_0033112.jpg,.jpg,331288,HAM10000_images_part_2\ISIC_0033112.jpg
HAM10000_images_part_2,ISIC_0033113.jpg,.jpg,278654,HAM10000_images_part_2\ISIC_0033113.jpg
HAM10000_images_part_2,ISIC_0033114.jpg,.jpg,309491,HAM10000_images_part_2\ISIC_0033114.jpg
HAM10000_images_part_2,ISIC_0033115.jpg,.jpg,282106,HAM10000_images_part_2\ISIC_0033115.jpg
HAM10000_images_part_2,ISIC_0033116.jpg,.jpg,311601,HAM10000_images_part_2\ISIC_0033116.jpg
HAM10000_images_part_2,ISIC_0033117.jpg,.jpg,323074,HAM10000_images_part_2\ISIC_0033117.jpg
HAM10000_images_part_2,ISIC_0033118.jpg,.jpg,277631,HAM10000_images_part_2\ISIC_0033118.jpg
HAM10000_images_part_2,ISIC_0033119.jpg,.jpg,285265,HAM10000_images_part_2\ISIC_0033119.jpg
HAM10000_images_part_2,ISIC_0033120.jpg,.jpg,273619,HAM10000_images_part_2\ISIC_0033120.jpg
HAM10000_images_part_2,ISIC_0033121.jpg,.jpg,298009,HAM10000_images_part_2\ISIC_0033121.jpg
HAM10000_images_part_2,ISIC_0033122.jpg,.jpg,283055,HAM10000_images_part_2\ISIC_0033122.jpg
HAM10000_images_part_2,ISIC_0033123.jpg,.jpg,234639,HAM10000_images_part_2\ISIC_0033123.jpg
HAM10000_images_part_2,ISIC_0033124.jpg,.jpg,371713,HAM10000_images_part_2\ISIC_0033124.jpg
HAM10000_images_part_2,ISIC_0033125.jpg,.jpg,335022,HAM10000_images_part_2\ISIC_0033125.jpg
HAM10000_images_part_2,ISIC_0033126.jpg,.jpg,183824,HAM10000_images_part_2\ISIC_0033126.jpg
HAM10000_images_part_2,ISIC_0033127.jpg,.jpg,335502,HAM10000_images_part_2\ISIC_0033127.jpg
HAM10000_images_part_2,ISIC_0033128.jpg,.jpg,156328,HAM10000_images_part_2\ISIC_0033128.jpg
HAM10000_images_part_2,ISIC_0033129.jpg,.jpg,344013,HAM10000_images_part_2\ISIC_0033129.jpg
HAM10000_images_part_2,ISIC_0033130.jpg,.jpg,196219,HAM10000_images_part_2\ISIC_0033130.jpg
HAM10000_images_part_2,ISIC_0033131.jpg,.jpg,400305,HAM10000_images_part_2\ISIC_0033131.jpg
HAM10000_images_part_2,ISIC_0033132.jpg,.jpg,305934,HAM10000_images_part_2\ISIC_0033132.jpg
HAM10000_images_part_2,ISIC_0033133.jpg,.jpg,261617,HAM10000_images_part_2\ISIC_0033133.jpg
HAM10000_images_part_2,ISIC_0033134.jpg,.jpg,283234,HAM10000_images_part_2\ISIC_0033134.jpg
HAM10000_images_part_2,ISIC_0033135.jpg,.jpg,267412,HAM10000_images_part_2\ISIC_0033135.jpg
HAM10000_images_part_2,ISIC_0033136.jpg,.jpg,163090,HAM10000_images_part_2\ISIC_0033136.jpg
HAM10000_images_part_2,ISIC_0033137.jpg,.jpg,287376,HAM10000_images_part_2\ISIC_0033137.jpg
HAM10000_images_part_2,ISIC_0033138.jpg,.jpg,208315,HAM10000_images_part_2\ISIC_0033138.jpg
HAM10000_images_part_2,ISIC_0033139.jpg,.jpg,311474,HAM10000_images_part_2\ISIC_0033139.jpg
HAM10000_images_part_2,ISIC_0033140.jpg,.jpg,288418,HAM10000_images_part_2\ISIC_0033140.jpg
HAM10000_images_part_2,ISIC_0033141.jpg,.jpg,281524,HAM10000_images_part_2\ISIC_0033141.jpg
HAM10000_images_part_2,ISIC_0033142.jpg,.jpg,300837,HAM10000_images_part_2\ISIC_0033142.jpg
HAM10000_images_part_2,ISIC_0033143.jpg,.jpg,320708,HAM10000_images_part_2\ISIC_0033143.jpg
HAM10000_images_part_2,ISIC_0033144.jpg,.jpg,283567,HAM10000_images_part_2\ISIC_0033144.jpg
HAM10000_images_part_2,ISIC_0033145.jpg,.jpg,212014,HAM10000_images_part_2\ISIC_0033145.jpg
HAM10000_images_part_2,ISIC_0033146.jpg,.jpg,315220,HAM10000_images_part_2\ISIC_0033146.jpg
HAM10000_images_part_2,ISIC_0033147.jpg,.jpg,296355,HAM10000_images_part_2\ISIC_0033147.jpg
HAM10000_images_part_2,ISIC_0033148.jpg,.jpg,282007,HAM10000_images_part_2\ISIC_0033148.jpg
HAM10000_images_part_2,ISIC_0033149.jpg,.jpg,297085,HAM10000_images_part_2\ISIC_0033149.jpg
HAM10000_images_part_2,ISIC_0033150.jpg,.jpg,261302,HAM10000_images_part_2\ISIC_0033150.jpg
HAM10000_images_part_2,ISIC_0033151.jpg,.jpg,291718,HAM10000_images_part_2\ISIC_0033151.jpg
HAM10000_images_part_2,ISIC_0033152.jpg,.jpg,280767,HAM10000_images_part_2\ISIC_0033152.jpg
HAM10000_images_part_2,ISIC_0033153.jpg,.jpg,292259,HAM10000_images_part_2\ISIC_0033153.jpg
HAM10000_images_part_2,ISIC_0033154.jpg,.jpg,314958,HAM10000_images_part_2\ISIC_0033154.jpg
HAM10000_images_part_2,ISIC_0033155.jpg,.jpg,295266,HAM10000_images_part_2\ISIC_0033155.jpg
HAM10000_images_part_2,ISIC_0033156.jpg,.jpg,359820,HAM10000_images_part_2\ISIC_0033156.jpg
HAM10000_images_part_2,ISIC_0033157.jpg,.jpg,270663,HAM10000_images_part_2\ISIC_0033157.jpg
HAM10000_images_part_2,ISIC_0033158.jpg,.jpg,289876,HAM10000_images_part_2\ISIC_0033158.jpg
HAM10000_images_part_2,ISIC_0033159.jpg,.jpg,263254,HAM10000_images_part_2\ISIC_0033159.jpg
HAM10000_images_part_2,ISIC_0033160.jpg,.jpg,272733,HAM10000_images_part_2\ISIC_0033160.jpg
HAM10000_images_part_2,ISIC_0033161.jpg,.jpg,280546,HAM10000_images_part_2\ISIC_0033161.jpg
HAM10000_images_part_2,ISIC_0033162.jpg,.jpg,305021,HAM10000_images_part_2\ISIC_0033162.jpg
HAM10000_images_part_2,ISIC_0033163.jpg,.jpg,300568,HAM10000_images_part_2\ISIC_0033163.jpg
HAM10000_images_part_2,ISIC_0033164.jpg,.jpg,265536,HAM10000_images_part_2\ISIC_0033164.jpg
HAM10000_images_part_2,ISIC_0033165.jpg,.jpg,300368,HAM10000_images_part_2\ISIC_0033165.jpg
HAM10000_images_part_2,ISIC_0033166.jpg,.jpg,293153,HAM10000_images_part_2\ISIC_0033166.jpg
HAM10000_images_part_2,ISIC_0033167.jpg,.jpg,294683,HAM10000_images_part_2\ISIC_0033167.jpg
HAM10000_images_part_2,ISIC_0033168.jpg,.jpg,290525,HAM10000_images_part_2\ISIC_0033168.jpg
HAM10000_images_part_2,ISIC_0033169.jpg,.jpg,282127,HAM10000_images_part_2\ISIC_0033169.jpg
HAM10000_images_part_2,ISIC_0033170.jpg,.jpg,299582,HAM10000_images_part_2\ISIC_0033170.jpg
HAM10000_images_part_2,ISIC_0033171.jpg,.jpg,302743,HAM10000_images_part_2\ISIC_0033171.jpg
HAM10000_images_part_2,ISIC_0033172.jpg,.jpg,309834,HAM10000_images_part_2\ISIC_0033172.jpg
HAM10000_images_part_2,ISIC_0033173.jpg,.jpg,259614,HAM10000_images_part_2\ISIC_0033173.jpg
HAM10000_images_part_2,ISIC_0033174.jpg,.jpg,315329,HAM10000_images_part_2\ISIC_0033174.jpg
HAM10000_images_part_2,ISIC_0033175.jpg,.jpg,330837,HAM10000_images_part_2\ISIC_0033175.jpg
HAM10000_images_part_2,ISIC_0033176.jpg,.jpg,309341,HAM10000_images_part_2\ISIC_0033176.jpg
HAM10000_images_part_2,ISIC_0033177.jpg,.jpg,374516,HAM10000_images_part_2\ISIC_0033177.jpg
HAM10000_images_part_2,ISIC_0033178.jpg,.jpg,316432,HAM10000_images_part_2\ISIC_0033178.jpg
HAM10000_images_part_2,ISIC_0033179.jpg,.jpg,235449,HAM10000_images_part_2\ISIC_0033179.jpg
HAM10000_images_part_2,ISIC_0033180.jpg,.jpg,276508,HAM10000_images_part_2\ISIC_0033180.jpg
HAM10000_images_part_2,ISIC_0033181.jpg,.jpg,184832,HAM10000_images_part_2\ISIC_0033181.jpg
HAM10000_images_part_2,ISIC_0033182.jpg,.jpg,294820,HAM10000_images_part_2\ISIC_0033182.jpg
HAM10000_images_part_2,ISIC_0033183.jpg,.jpg,349452,HAM10000_images_part_2\ISIC_0033183.jpg
HAM10000_images_part_2,ISIC_0033184.jpg,.jpg,247220,HAM10000_images_part_2\ISIC_0033184.jpg
HAM10000_images_part_2,ISIC_0033185.jpg,.jpg,342321,HAM10000_images_part_2\ISIC_0033185.jpg
HAM10000_images_part_2,ISIC_0033186.jpg,.jpg,308840,HAM10000_images_part_2\ISIC_0033186.jpg
HAM10000_images_part_2,ISIC_0033187.jpg,.jpg,253172,HAM10000_images_part_2\ISIC_0033187.jpg
HAM10000_images_part_2,ISIC_0033188.jpg,.jpg,289020,HAM10000_images_part_2\ISIC_0033188.jpg
HAM10000_images_part_2,ISIC_0033189.jpg,.jpg,254866,HAM10000_images_part_2\ISIC_0033189.jpg
HAM10000_images_part_2,ISIC_0033190.jpg,.jpg,253766,HAM10000_images_part_2\ISIC_0033190.jpg
HAM10000_images_part_2,ISIC_0033191.jpg,.jpg,263934,HAM10000_images_part_2\ISIC_0033191.jpg
HAM10000_images_part_2,ISIC_0033192.jpg,.jpg,323032,HAM10000_images_part_2\ISIC_0033192.jpg
HAM10000_images_part_2,ISIC_0033193.jpg,.jpg,324840,HAM10000_images_part_2\ISIC_0033193.jpg
HAM10000_images_part_2,ISIC_0033194.jpg,.jpg,283122,HAM10000_images_part_2\ISIC_0033194.jpg
HAM10000_images_part_2,ISIC_0033195.jpg,.jpg,310348,HAM10000_images_part_2\ISIC_0033195.jpg
HAM10000_images_part_2,ISIC_0033196.jpg,.jpg,278429,HAM10000_images_part_2\ISIC_0033196.jpg
HAM10000_images_part_2,ISIC_0033197.jpg,.jpg,282767,HAM10000_images_part_2\ISIC_0033197.jpg
HAM10000_images_part_2,ISIC_0033198.jpg,.jpg,337395,HAM10000_images_part_2\ISIC_0033198.jpg
HAM10000_images_part_2,ISIC_0033199.jpg,.jpg,343182,HAM10000_images_part_2\ISIC_0033199.jpg
HAM10000_images_part_2,ISIC_0033200.jpg,.jpg,406300,HAM10000_images_part_2\ISIC_0033200.jpg
HAM10000_images_part_2,ISIC_0033201.jpg,.jpg,311703,HAM10000_images_part_2\ISIC_0033201.jpg
HAM10000_images_part_2,ISIC_0033202.jpg,.jpg,239427,HAM10000_images_part_2\ISIC_0033202.jpg
HAM10000_images_part_2,ISIC_0033203.jpg,.jpg,351517,HAM10000_images_part_2\ISIC_0033203.jpg
HAM10000_images_part_2,ISIC_0033204.jpg,.jpg,273972,HAM10000_images_part_2\ISIC_0033204.jpg
HAM10000_images_part_2,ISIC_0033205.jpg,.jpg,279310,HAM10000_images_part_2\ISIC_0033205.jpg
HAM10000_images_part_2,ISIC_0033206.jpg,.jpg,324527,HAM10000_images_part_2\ISIC_0033206.jpg
HAM10000_images_part_2,ISIC_0033207.jpg,.jpg,272630,HAM10000_images_part_2\ISIC_0033207.jpg
HAM10000_images_part_2,ISIC_0033208.jpg,.jpg,294741,HAM10000_images_part_2\ISIC_0033208.jpg
HAM10000_images_part_2,ISIC_0033209.jpg,.jpg,306778,HAM10000_images_part_2\ISIC_0033209.jpg
HAM10000_images_part_2,ISIC_0033210.jpg,.jpg,314276,HAM10000_images_part_2\ISIC_0033210.jpg
HAM10000_images_part_2,ISIC_0033211.jpg,.jpg,277816,HAM10000_images_part_2\ISIC_0033211.jpg
HAM10000_images_part_2,ISIC_0033212.jpg,.jpg,299654,HAM10000_images_part_2\ISIC_0033212.jpg
HAM10000_images_part_2,ISIC_0033213.jpg,.jpg,295598,HAM10000_images_part_2\ISIC_0033213.jpg
HAM10000_images_part_2,ISIC_0033214.jpg,.jpg,198425,HAM10000_images_part_2\ISIC_0033214.jpg
HAM10000_images_part_2,ISIC_0033215.jpg,.jpg,177627,HAM10000_images_part_2\ISIC_0033215.jpg
HAM10000_images_part_2,ISIC_0033216.jpg,.jpg,287174,HAM10000_images_part_2\ISIC_0033216.jpg
HAM10000_images_part_2,ISIC_0033217.jpg,.jpg,376310,HAM10000_images_part_2\ISIC_0033217.jpg
HAM10000_images_part_2,ISIC_0033218.jpg,.jpg,183825,HAM10000_images_part_2\ISIC_0033218.jpg
HAM10000_images_part_2,ISIC_0033219.jpg,.jpg,312548,HAM10000_images_part_2\ISIC_0033219.jpg
HAM10000_images_part_2,ISIC_0033220.jpg,.jpg,293652,HAM10000_images_part_2\ISIC_0033220.jpg
HAM10000_images_part_2,ISIC_0033221.jpg,.jpg,290387,HAM10000_images_part_2\ISIC_0033221.jpg
HAM10000_images_part_2,ISIC_0033222.jpg,.jpg,283442,HAM10000_images_part_2\ISIC_0033222.jpg
HAM10000_images_part_2,ISIC_0033223.jpg,.jpg,312302,HAM10000_images_part_2\ISIC_0033223.jpg
HAM10000_images_part_2,ISIC_0033224.jpg,.jpg,315395,HAM10000_images_part_2\ISIC_0033224.jpg
HAM10000_images_part_2,ISIC_0033225.jpg,.jpg,293722,HAM10000_images_part_2\ISIC_0033225.jpg
HAM10000_images_part_2,ISIC_0033226.jpg,.jpg,304344,HAM10000_images_part_2\ISIC_0033226.jpg
HAM10000_images_part_2,ISIC_0033227.jpg,.jpg,275732,HAM10000_images_part_2\ISIC_0033227.jpg
HAM10000_images_part_2,ISIC_0033228.jpg,.jpg,305618,HAM10000_images_part_2\ISIC_0033228.jpg
HAM10000_images_part_2,ISIC_0033229.jpg,.jpg,209453,HAM10000_images_part_2\ISIC_0033229.jpg
HAM10000_images_part_2,ISIC_0033230.jpg,.jpg,336397,HAM10000_images_part_2\ISIC_0033230.jpg
HAM10000_images_part_2,ISIC_0033231.jpg,.jpg,266785,HAM10000_images_part_2\ISIC_0033231.jpg
HAM10000_images_part_2,ISIC_0033232.jpg,.jpg,325210,HAM10000_images_part_2\ISIC_0033232.jpg
HAM10000_images_part_2,ISIC_0033233.jpg,.jpg,243124,HAM10000_images_part_2\ISIC_0033233.jpg
HAM10000_images_part_2,ISIC_0033234.jpg,.jpg,270434,HAM10000_images_part_2\ISIC_0033234.jpg
HAM10000_images_part_2,ISIC_0033235.jpg,.jpg,321540,HAM10000_images_part_2\ISIC_0033235.jpg
HAM10000_images_part_2,ISIC_0033236.jpg,.jpg,245275,HAM10000_images_part_2\ISIC_0033236.jpg
HAM10000_images_part_2,ISIC_0033237.jpg,.jpg,260394,HAM10000_images_part_2\ISIC_0033237.jpg
HAM10000_images_part_2,ISIC_0033238.jpg,.jpg,340600,HAM10000_images_part_2\ISIC_0033238.jpg
HAM10000_images_part_2,ISIC_0033239.jpg,.jpg,317761,HAM10000_images_part_2\ISIC_0033239.jpg
HAM10000_images_part_2,ISIC_0033240.jpg,.jpg,342182,HAM10000_images_part_2\ISIC_0033240.jpg
HAM10000_images_part_2,ISIC_0033241.jpg,.jpg,334197,HAM10000_images_part_2\ISIC_0033241.jpg
HAM10000_images_part_2,ISIC_0033242.jpg,.jpg,282685,HAM10000_images_part_2\ISIC_0033242.jpg
HAM10000_images_part_2,ISIC_0033243.jpg,.jpg,205405,HAM10000_images_part_2\ISIC_0033243.jpg
HAM10000_images_part_2,ISIC_0033244.jpg,.jpg,211906,HAM10000_images_part_2\ISIC_0033244.jpg
HAM10000_images_part_2,ISIC_0033245.jpg,.jpg,365812,HAM10000_images_part_2\ISIC_0033245.jpg
HAM10000_images_part_2,ISIC_0033246.jpg,.jpg,316209,HAM10000_images_part_2\ISIC_0033246.jpg
HAM10000_images_part_2,ISIC_0033247.jpg,.jpg,300643,HAM10000_images_part_2\ISIC_0033247.jpg
HAM10000_images_part_2,ISIC_0033248.jpg,.jpg,291442,HAM10000_images_part_2\ISIC_0033248.jpg
HAM10000_images_part_2,ISIC_0033249.jpg,.jpg,289198,HAM10000_images_part_2\ISIC_0033249.jpg
HAM10000_images_part_2,ISIC_0033250.jpg,.jpg,247576,HAM10000_images_part_2\ISIC_0033250.jpg
HAM10000_images_part_2,ISIC_0033251.jpg,.jpg,304858,HAM10000_images_part_2\ISIC_0033251.jpg
HAM10000_images_part_2,ISIC_0033252.jpg,.jpg,293291,HAM10000_images_part_2\ISIC_0033252.jpg
HAM10000_images_part_2,ISIC_0033253.jpg,.jpg,256851,HAM10000_images_part_2\ISIC_0033253.jpg
HAM10000_images_part_2,ISIC_0033254.jpg,.jpg,299794,HAM10000_images_part_2\ISIC_0033254.jpg
HAM10000_images_part_2,ISIC_0033255.jpg,.jpg,202682,HAM10000_images_part_2\ISIC_0033255.jpg
HAM10000_images_part_2,ISIC_0033256.jpg,.jpg,324319,HAM10000_images_part_2\ISIC_0033256.jpg
HAM10000_images_part_2,ISIC_0033257.jpg,.jpg,349930,HAM10000_images_part_2\ISIC_0033257.jpg
HAM10000_images_part_2,ISIC_0033258.jpg,.jpg,357663,HAM10000_images_part_2\ISIC_0033258.jpg
HAM10000_images_part_2,ISIC_0033259.jpg,.jpg,273458,HAM10000_images_part_2\ISIC_0033259.jpg
HAM10000_images_part_2,ISIC_0033260.jpg,.jpg,272461,HAM10000_images_part_2\ISIC_0033260.jpg
HAM10000_images_part_2,ISIC_0033261.jpg,.jpg,305677,HAM10000_images_part_2\ISIC_0033261.jpg
HAM10000_images_part_2,ISIC_0033262.jpg,.jpg,262485,HAM10000_images_part_2\ISIC_0033262.jpg
HAM10000_images_part_2,ISIC_0033263.jpg,.jpg,292994,HAM10000_images_part_2\ISIC_0033263.jpg
HAM10000_images_part_2,ISIC_0033264.jpg,.jpg,335397,HAM10000_images_part_2\ISIC_0033264.jpg
HAM10000_images_part_2,ISIC_0033265.jpg,.jpg,301458,HAM10000_images_part_2\ISIC_0033265.jpg
HAM10000_images_part_2,ISIC_0033266.jpg,.jpg,331445,HAM10000_images_part_2\ISIC_0033266.jpg
HAM10000_images_part_2,ISIC_0033267.jpg,.jpg,225888,HAM10000_images_part_2\ISIC_0033267.jpg
HAM10000_images_part_2,ISIC_0033268.jpg,.jpg,276445,HAM10000_images_part_2\ISIC_0033268.jpg
HAM10000_images_part_2,ISIC_0033269.jpg,.jpg,362793,HAM10000_images_part_2\ISIC_0033269.jpg
HAM10000_images_part_2,ISIC_0033270.jpg,.jpg,328671,HAM10000_images_part_2\ISIC_0033270.jpg
HAM10000_images_part_2,ISIC_0033271.jpg,.jpg,352295,HAM10000_images_part_2\ISIC_0033271.jpg
HAM10000_images_part_2,ISIC_0033272.jpg,.jpg,256197,HAM10000_images_part_2\ISIC_0033272.jpg
HAM10000_images_part_2,ISIC_0033273.jpg,.jpg,273604,HAM10000_images_part_2\ISIC_0033273.jpg
HAM10000_images_part_2,ISIC_0033274.jpg,.jpg,320667,HAM10000_images_part_2\ISIC_0033274.jpg
HAM10000_images_part_2,ISIC_0033275.jpg,.jpg,196648,HAM10000_images_part_2\ISIC_0033275.jpg
HAM10000_images_part_2,ISIC_0033276.jpg,.jpg,259615,HAM10000_images_part_2\ISIC_0033276.jpg
HAM10000_images_part_2,ISIC_0033277.jpg,.jpg,273192,HAM10000_images_part_2\ISIC_0033277.jpg
HAM10000_images_part_2,ISIC_0033278.jpg,.jpg,319680,HAM10000_images_part_2\ISIC_0033278.jpg
HAM10000_images_part_2,ISIC_0033279.jpg,.jpg,245288,HAM10000_images_part_2\ISIC_0033279.jpg
HAM10000_images_part_2,ISIC_0033280.jpg,.jpg,310721,HAM10000_images_part_2\ISIC_0033280.jpg
HAM10000_images_part_2,ISIC_0033281.jpg,.jpg,275668,HAM10000_images_part_2\ISIC_0033281.jpg
HAM10000_images_part_2,ISIC_0033282.jpg,.jpg,257392,HAM10000_images_part_2\ISIC_0033282.jpg
HAM10000_images_part_2,ISIC_0033283.jpg,.jpg,277601,HAM10000_images_part_2\ISIC_0033283.jpg
HAM10000_images_part_2,ISIC_0033284.jpg,.jpg,273840,HAM10000_images_part_2\ISIC_0033284.jpg
HAM10000_images_part_2,ISIC_0033285.jpg,.jpg,268386,HAM10000_images_part_2\ISIC_0033285.jpg
HAM10000_images_part_2,ISIC_0033286.jpg,.jpg,330139,HAM10000_images_part_2\ISIC_0033286.jpg
HAM10000_images_part_2,ISIC_0033287.jpg,.jpg,362874,HAM10000_images_part_2\ISIC_0033287.jpg
HAM10000_images_part_2,ISIC_0033288.jpg,.jpg,286894,HAM10000_images_part_2\ISIC_0033288.jpg
HAM10000_images_part_2,ISIC_0033289.jpg,.jpg,313122,HAM10000_images_part_2\ISIC_0033289.jpg
HAM10000_images_part_2,ISIC_0033290.jpg,.jpg,192347,HAM10000_images_part_2\ISIC_0033290.jpg
HAM10000_images_part_2,ISIC_0033291.jpg,.jpg,286513,HAM10000_images_part_2\ISIC_0033291.jpg
HAM10000_images_part_2,ISIC_0033292.jpg,.jpg,274938,HAM10000_images_part_2\ISIC_0033292.jpg
HAM10000_images_part_2,ISIC_0033293.jpg,.jpg,329454,HAM10000_images_part_2\ISIC_0033293.jpg
HAM10000_images_part_2,ISIC_0033294.jpg,.jpg,321313,HAM10000_images_part_2\ISIC_0033294.jpg
HAM10000_images_part_2,ISIC_0033295.jpg,.jpg,343346,HAM10000_images_part_2\ISIC_0033295.jpg
HAM10000_images_part_2,ISIC_0033296.jpg,.jpg,267300,HAM10000_images_part_2\ISIC_0033296.jpg
HAM10000_images_part_2,ISIC_0033297.jpg,.jpg,292248,HAM10000_images_part_2\ISIC_0033297.jpg
HAM10000_images_part_2,ISIC_0033298.jpg,.jpg,268557,HAM10000_images_part_2\ISIC_0033298.jpg
HAM10000_images_part_2,ISIC_0033299.jpg,.jpg,356152,HAM10000_images_part_2\ISIC_0033299.jpg
HAM10000_images_part_2,ISIC_0033300.jpg,.jpg,290264,HAM10000_images_part_2\ISIC_0033300.jpg
HAM10000_images_part_2,ISIC_0033301.jpg,.jpg,220212,HAM10000_images_part_2\ISIC_0033301.jpg
HAM10000_images_part_2,ISIC_0033302.jpg,.jpg,323519,HAM10000_images_part_2\ISIC_0033302.jpg
HAM10000_images_part_2,ISIC_0033303.jpg,.jpg,163133,HAM10000_images_part_2\ISIC_0033303.jpg
HAM10000_images_part_2,ISIC_0033304.jpg,.jpg,319341,HAM10000_images_part_2\ISIC_0033304.jpg
HAM10000_images_part_2,ISIC_0033305.jpg,.jpg,334881,HAM10000_images_part_2\ISIC_0033305.jpg
HAM10000_images_part_2,ISIC_0033306.jpg,.jpg,380521,HAM10000_images_part_2\ISIC_0033306.jpg
HAM10000_images_part_2,ISIC_0033307.jpg,.jpg,221399,HAM10000_images_part_2\ISIC_0033307.jpg
HAM10000_images_part_2,ISIC_0033308.jpg,.jpg,225536,HAM10000_images_part_2\ISIC_0033308.jpg
HAM10000_images_part_2,ISIC_0033309.jpg,.jpg,325514,HAM10000_images_part_2\ISIC_0033309.jpg
HAM10000_images_part_2,ISIC_0033310.jpg,.jpg,356745,HAM10000_images_part_2\ISIC_0033310.jpg
HAM10000_images_part_2,ISIC_0033311.jpg,.jpg,196521,HAM10000_images_part_2\ISIC_0033311.jpg
HAM10000_images_part_2,ISIC_0033312.jpg,.jpg,304839,HAM10000_images_part_2\ISIC_0033312.jpg
HAM10000_images_part_2,ISIC_0033313.jpg,.jpg,291987,HAM10000_images_part_2\ISIC_0033313.jpg
HAM10000_images_part_2,ISIC_0033314.jpg,.jpg,182967,HAM10000_images_part_2\ISIC_0033314.jpg
HAM10000_images_part_2,ISIC_0033315.jpg,.jpg,204900,HAM10000_images_part_2\ISIC_0033315.jpg
HAM10000_images_part_2,ISIC_0033316.jpg,.jpg,322338,HAM10000_images_part_2\ISIC_0033316.jpg
HAM10000_images_part_2,ISIC_0033317.jpg,.jpg,193977,HAM10000_images_part_2\ISIC_0033317.jpg
HAM10000_images_part_2,ISIC_0033318.jpg,.jpg,287920,HAM10000_images_part_2\ISIC_0033318.jpg
HAM10000_images_part_2,ISIC_0033319.jpg,.jpg,182604,HAM10000_images_part_2\ISIC_0033319.jpg
HAM10000_images_part_2,ISIC_0033320.jpg,.jpg,287799,HAM10000_images_part_2\ISIC_0033320.jpg
HAM10000_images_part_2,ISIC_0033321.jpg,.jpg,344037,HAM10000_images_part_2\ISIC_0033321.jpg
HAM10000_images_part_2,ISIC_0033322.jpg,.jpg,330672,HAM10000_images_part_2\ISIC_0033322.jpg
HAM10000_images_part_2,ISIC_0033323.jpg,.jpg,295387,HAM10000_images_part_2\ISIC_0033323.jpg
HAM10000_images_part_2,ISIC_0033324.jpg,.jpg,353923,HAM10000_images_part_2\ISIC_0033324.jpg
HAM10000_images_part_2,ISIC_0033325.jpg,.jpg,361281,HAM10000_images_part_2\ISIC_0033325.jpg
HAM10000_images_part_2,ISIC_0033326.jpg,.jpg,281540,HAM10000_images_part_2\ISIC_0033326.jpg
HAM10000_images_part_2,ISIC_0033327.jpg,.jpg,285692,HAM10000_images_part_2\ISIC_0033327.jpg
HAM10000_images_part_2,ISIC_0033328.jpg,.jpg,287753,HAM10000_images_part_2\ISIC_0033328.jpg
HAM10000_images_part_2,ISIC_0033329.jpg,.jpg,284880,HAM10000_images_part_2\ISIC_0033329.jpg
HAM10000_images_part_2,ISIC_0033330.jpg,.jpg,240686,HAM10000_images_part_2\ISIC_0033330.jpg
HAM10000_images_part_2,ISIC_0033331.jpg,.jpg,312774,HAM10000_images_part_2\ISIC_0033331.jpg
HAM10000_images_part_2,ISIC_0033332.jpg,.jpg,248452,HAM10000_images_part_2\ISIC_0033332.jpg
HAM10000_images_part_2,ISIC_0033333.jpg,.jpg,279226,HAM10000_images_part_2\ISIC_0033333.jpg
HAM10000_images_part_2,ISIC_0033334.jpg,.jpg,296971,HAM10000_images_part_2\ISIC_0033334.jpg
HAM10000_images_part_2,ISIC_0033335.jpg,.jpg,295294,HAM10000_images_part_2\ISIC_0033335.jpg
HAM10000_images_part_2,ISIC_0033336.jpg,.jpg,302796,HAM10000_images_part_2\ISIC_0033336.jpg
HAM10000_images_part_2,ISIC_0033337.jpg,.jpg,297542,HAM10000_images_part_2\ISIC_0033337.jpg
HAM10000_images_part_2,ISIC_0033338.jpg,.jpg,313074,HAM10000_images_part_2\ISIC_0033338.jpg
HAM10000_images_part_2,ISIC_0033339.jpg,.jpg,277106,HAM10000_images_part_2\ISIC_0033339.jpg
HAM10000_images_part_2,ISIC_0033340.jpg,.jpg,289697,HAM10000_images_part_2\ISIC_0033340.jpg
HAM10000_images_part_2,ISIC_0033341.jpg,.jpg,278201,HAM10000_images_part_2\ISIC_0033341.jpg
HAM10000_images_part_2,ISIC_0033342.jpg,.jpg,299472,HAM10000_images_part_2\ISIC_0033342.jpg
HAM10000_images_part_2,ISIC_0033343.jpg,.jpg,287086,HAM10000_images_part_2\ISIC_0033343.jpg
HAM10000_images_part_2,ISIC_0033344.jpg,.jpg,352670,HAM10000_images_part_2\ISIC_0033344.jpg
HAM10000_images_part_2,ISIC_0033345.jpg,.jpg,274086,HAM10000_images_part_2\ISIC_0033345.jpg
HAM10000_images_part_2,ISIC_0033346.jpg,.jpg,306993,HAM10000_images_part_2\ISIC_0033346.jpg
HAM10000_images_part_2,ISIC_0033347.jpg,.jpg,288601,HAM10000_images_part_2\ISIC_0033347.jpg
HAM10000_images_part_2,ISIC_0033348.jpg,.jpg,302439,HAM10000_images_part_2\ISIC_0033348.jpg
HAM10000_images_part_2,ISIC_0033349.jpg,.jpg,273418,HAM10000_images_part_2\ISIC_0033349.jpg
HAM10000_images_part_2,ISIC_0033350.jpg,.jpg,297660,HAM10000_images_part_2\ISIC_0033350.jpg
HAM10000_images_part_2,ISIC_0033351.jpg,.jpg,324777,HAM10000_images_part_2\ISIC_0033351.jpg
HAM10000_images_part_2,ISIC_0033352.jpg,.jpg,257739,HAM10000_images_part_2\ISIC_0033352.jpg
HAM10000_images_part_2,ISIC_0033353.jpg,.jpg,261728,HAM10000_images_part_2\ISIC_0033353.jpg
HAM10000_images_part_2,ISIC_0033354.jpg,.jpg,304365,HAM10000_images_part_2\ISIC_0033354.jpg
HAM10000_images_part_2,ISIC_0033355.jpg,.jpg,297619,HAM10000_images_part_2\ISIC_0033355.jpg
HAM10000_images_part_2,ISIC_0033356.jpg,.jpg,252094,HAM10000_images_part_2\ISIC_0033356.jpg
HAM10000_images_part_2,ISIC_0033357.jpg,.jpg,252294,HAM10000_images_part_2\ISIC_0033357.jpg
HAM10000_images_part_2,ISIC_0033358.jpg,.jpg,305619,HAM10000_images_part_2\ISIC_0033358.jpg
HAM10000_images_part_2,ISIC_0033359.jpg,.jpg,284516,HAM10000_images_part_2\ISIC_0033359.jpg
HAM10000_images_part_2,ISIC_0033360.jpg,.jpg,322745,HAM10000_images_part_2\ISIC_0033360.jpg
HAM10000_images_part_2,ISIC_0033361.jpg,.jpg,329933,HAM10000_images_part_2\ISIC_0033361.jpg
HAM10000_images_part_2,ISIC_0033362.jpg,.jpg,290519,HAM10000_images_part_2\ISIC_0033362.jpg
HAM10000_images_part_2,ISIC_0033363.jpg,.jpg,306287,HAM10000_images_part_2\ISIC_0033363.jpg
HAM10000_images_part_2,ISIC_0033364.jpg,.jpg,304509,HAM10000_images_part_2\ISIC_0033364.jpg
HAM10000_images_part_2,ISIC_0033365.jpg,.jpg,178003,HAM10000_images_part_2\ISIC_0033365.jpg
HAM10000_images_part_2,ISIC_0033366.jpg,.jpg,345880,HAM10000_images_part_2\ISIC_0033366.jpg
HAM10000_images_part_2,ISIC_0033367.jpg,.jpg,234804,HAM10000_images_part_2\ISIC_0033367.jpg
HAM10000_images_part_2,ISIC_0033368.jpg,.jpg,333800,HAM10000_images_part_2\ISIC_0033368.jpg
HAM10000_images_part_2,ISIC_0033369.jpg,.jpg,292931,HAM10000_images_part_2\ISIC_0033369.jpg
HAM10000_images_part_2,ISIC_0033370.jpg,.jpg,255408,HAM10000_images_part_2\ISIC_0033370.jpg
HAM10000_images_part_2,ISIC_0033371.jpg,.jpg,287450,HAM10000_images_part_2\ISIC_0033371.jpg
HAM10000_images_part_2,ISIC_0033372.jpg,.jpg,237762,HAM10000_images_part_2\ISIC_0033372.jpg
HAM10000_images_part_2,ISIC_0033373.jpg,.jpg,286677,HAM10000_images_part_2\ISIC_0033373.jpg
HAM10000_images_part_2,ISIC_0033374.jpg,.jpg,322587,HAM10000_images_part_2\ISIC_0033374.jpg
HAM10000_images_part_2,ISIC_0033375.jpg,.jpg,270003,HAM10000_images_part_2\ISIC_0033375.jpg
HAM10000_images_part_2,ISIC_0033376.jpg,.jpg,313369,HAM10000_images_part_2\ISIC_0033376.jpg
HAM10000_images_part_2,ISIC_0033377.jpg,.jpg,313403,HAM10000_images_part_2\ISIC_0033377.jpg
HAM10000_images_part_2,ISIC_0033378.jpg,.jpg,312466,HAM10000_images_part_2\ISIC_0033378.jpg
HAM10000_images_part_2,ISIC_0033379.jpg,.jpg,223627,HAM10000_images_part_2\ISIC_0033379.jpg
HAM10000_images_part_2,ISIC_0033380.jpg,.jpg,326174,HAM10000_images_part_2\ISIC_0033380.jpg
HAM10000_images_part_2,ISIC_0033381.jpg,.jpg,276613,HAM10000_images_part_2\ISIC_0033381.jpg
HAM10000_images_part_2,ISIC_0033382.jpg,.jpg,272600,HAM10000_images_part_2\ISIC_0033382.jpg
HAM10000_images_part_2,ISIC_0033383.jpg,.jpg,321676,HAM10000_images_part_2\ISIC_0033383.jpg
HAM10000_images_part_2,ISIC_0033384.jpg,.jpg,279004,HAM10000_images_part_2\ISIC_0033384.jpg
HAM10000_images_part_2,ISIC_0033385.jpg,.jpg,312280,HAM10000_images_part_2\ISIC_0033385.jpg
HAM10000_images_part_2,ISIC_0033386.jpg,.jpg,307604,HAM10000_images_part_2\ISIC_0033386.jpg
HAM10000_images_part_2,ISIC_0033387.jpg,.jpg,307218,HAM10000_images_part_2\ISIC_0033387.jpg
HAM10000_images_part_2,ISIC_0033388.jpg,.jpg,263620,HAM10000_images_part_2\ISIC_0033388.jpg
HAM10000_images_part_2,ISIC_0033389.jpg,.jpg,289286,HAM10000_images_part_2\ISIC_0033389.jpg
HAM10000_images_part_2,ISIC_0033390.jpg,.jpg,276051,HAM10000_images_part_2\ISIC_0033390.jpg
HAM10000_images_part_2,ISIC_0033391.jpg,.jpg,306381,HAM10000_images_part_2\ISIC_0033391.jpg
HAM10000_images_part_2,ISIC_0033392.jpg,.jpg,325931,HAM10000_images_part_2\ISIC_0033392.jpg
HAM10000_images_part_2,ISIC_0033393.jpg,.jpg,286846,HAM10000_images_part_2\ISIC_0033393.jpg
HAM10000_images_part_2,ISIC_0033394.jpg,.jpg,199215,HAM10000_images_part_2\ISIC_0033394.jpg
HAM10000_images_part_2,ISIC_0033395.jpg,.jpg,301791,HAM10000_images_part_2\ISIC_0033395.jpg
HAM10000_images_part_2,ISIC_0033396.jpg,.jpg,269915,HAM10000_images_part_2\ISIC_0033396.jpg
HAM10000_images_part_2,ISIC_0033397.jpg,.jpg,225842,HAM10000_images_part_2\ISIC_0033397.jpg
HAM10000_images_part_2,ISIC_0033398.jpg,.jpg,210574,HAM10000_images_part_2\ISIC_0033398.jpg
HAM10000_images_part_2,ISIC_0033399.jpg,.jpg,360664,HAM10000_images_part_2\ISIC_0033399.jpg
HAM10000_images_part_2,ISIC_0033400.jpg,.jpg,263813,HAM10000_images_part_2\ISIC_0033400.jpg
HAM10000_images_part_2,ISIC_0033401.jpg,.jpg,275722,HAM10000_images_part_2\ISIC_0033401.jpg
HAM10000_images_part_2,ISIC_0033402.jpg,.jpg,314584,HAM10000_images_part_2\ISIC_0033402.jpg
HAM10000_images_part_2,ISIC_0033403.jpg,.jpg,275727,HAM10000_images_part_2\ISIC_0033403.jpg
HAM10000_images_part_2,ISIC_0033404.jpg,.jpg,307171,HAM10000_images_part_2\ISIC_0033404.jpg
HAM10000_images_part_2,ISIC_0033405.jpg,.jpg,292523,HAM10000_images_part_2\ISIC_0033405.jpg
HAM10000_images_part_2,ISIC_0033406.jpg,.jpg,322806,HAM10000_images_part_2\ISIC_0033406.jpg
HAM10000_images_part_2,ISIC_0033407.jpg,.jpg,281986,HAM10000_images_part_2\ISIC_0033407.jpg
HAM10000_images_part_2,ISIC_0033408.jpg,.jpg,258474,HAM10000_images_part_2\ISIC_0033408.jpg
HAM10000_images_part_2,ISIC_0033409.jpg,.jpg,259806,HAM10000_images_part_2\ISIC_0033409.jpg
HAM10000_images_part_2,ISIC_0033410.jpg,.jpg,236507,HAM10000_images_part_2\ISIC_0033410.jpg
HAM10000_images_part_2,ISIC_0033411.jpg,.jpg,260847,HAM10000_images_part_2\ISIC_0033411.jpg
HAM10000_images_part_2,ISIC_0033412.jpg,.jpg,261023,HAM10000_images_part_2\ISIC_0033412.jpg
HAM10000_images_part_2,ISIC_0033413.jpg,.jpg,322216,HAM10000_images_part_2\ISIC_0033413.jpg
HAM10000_images_part_2,ISIC_0033414.jpg,.jpg,229295,HAM10000_images_part_2\ISIC_0033414.jpg
HAM10000_images_part_2,ISIC_0033415.jpg,.jpg,298067,HAM10000_images_part_2\ISIC_0033415.jpg
HAM10000_images_part_2,ISIC_0033416.jpg,.jpg,291423,HAM10000_images_part_2\ISIC_0033416.jpg
HAM10000_images_part_2,ISIC_0033417.jpg,.jpg,328171,HAM10000_images_part_2\ISIC_0033417.jpg
HAM10000_images_part_2,ISIC_0033418.jpg,.jpg,297156,HAM10000_images_part_2\ISIC_0033418.jpg
HAM10000_images_part_2,ISIC_0033419.jpg,.jpg,308164,HAM10000_images_part_2\ISIC_0033419.jpg
HAM10000_images_part_2,ISIC_0033420.jpg,.jpg,302310,HAM10000_images_part_2\ISIC_0033420.jpg
HAM10000_images_part_2,ISIC_0033421.jpg,.jpg,317450,HAM10000_images_part_2\ISIC_0033421.jpg
HAM10000_images_part_2,ISIC_0033422.jpg,.jpg,335884,HAM10000_images_part_2\ISIC_0033422.jpg
HAM10000_images_part_2,ISIC_0033423.jpg,.jpg,186874,HAM10000_images_part_2\ISIC_0033423.jpg
HAM10000_images_part_2,ISIC_0033424.jpg,.jpg,198300,HAM10000_images_part_2\ISIC_0033424.jpg
HAM10000_images_part_2,ISIC_0033425.jpg,.jpg,295747,HAM10000_images_part_2\ISIC_0033425.jpg
HAM10000_images_part_2,ISIC_0033426.jpg,.jpg,308663,HAM10000_images_part_2\ISIC_0033426.jpg
HAM10000_images_part_2,ISIC_0033427.jpg,.jpg,309121,HAM10000_images_part_2\ISIC_0033427.jpg
HAM10000_images_part_2,ISIC_0033428.jpg,.jpg,319715,HAM10000_images_part_2\ISIC_0033428.jpg
HAM10000_images_part_2,ISIC_0033429.jpg,.jpg,314082,HAM10000_images_part_2\ISIC_0033429.jpg
HAM10000_images_part_2,ISIC_0033430.jpg,.jpg,304676,HAM10000_images_part_2\ISIC_0033430.jpg
HAM10000_images_part_2,ISIC_0033431.jpg,.jpg,263295,HAM10000_images_part_2\ISIC_0033431.jpg
HAM10000_images_part_2,ISIC_0033432.jpg,.jpg,294012,HAM10000_images_part_2\ISIC_0033432.jpg
HAM10000_images_part_2,ISIC_0033433.jpg,.jpg,209668,HAM10000_images_part_2\ISIC_0033433.jpg
HAM10000_images_part_2,ISIC_0033434.jpg,.jpg,353923,HAM10000_images_part_2\ISIC_0033434.jpg
HAM10000_images_part_2,ISIC_0033435.jpg,.jpg,244674,HAM10000_images_part_2\ISIC_0033435.jpg
HAM10000_images_part_2,ISIC_0033436.jpg,.jpg,304516,HAM10000_images_part_2\ISIC_0033436.jpg
HAM10000_images_part_2,ISIC_0033437.jpg,.jpg,344332,HAM10000_images_part_2\ISIC_0033437.jpg
HAM10000_images_part_2,ISIC_0033438.jpg,.jpg,339243,HAM10000_images_part_2\ISIC_0033438.jpg
HAM10000_images_part_2,ISIC_0033439.jpg,.jpg,284144,HAM10000_images_part_2\ISIC_0033439.jpg
HAM10000_images_part_2,ISIC_0033440.jpg,.jpg,360358,HAM10000_images_part_2\ISIC_0033440.jpg
HAM10000_images_part_2,ISIC_0033441.jpg,.jpg,269596,HAM10000_images_part_2\ISIC_0033441.jpg
HAM10000_images_part_2,ISIC_0033442.jpg,.jpg,301045,HAM10000_images_part_2\ISIC_0033442.jpg
HAM10000_images_part_2,ISIC_0033443.jpg,.jpg,279263,HAM10000_images_part_2\ISIC_0033443.jpg
HAM10000_images_part_2,ISIC_0033444.jpg,.jpg,274138,HAM10000_images_part_2\ISIC_0033444.jpg
HAM10000_images_part_2,ISIC_0033445.jpg,.jpg,262007,HAM10000_images_part_2\ISIC_0033445.jpg
HAM10000_images_part_2,ISIC_0033446.jpg,.jpg,368646,HAM10000_images_part_2\ISIC_0033446.jpg
HAM10000_images_part_2,ISIC_0033447.jpg,.jpg,197055,HAM10000_images_part_2\ISIC_0033447.jpg
HAM10000_images_part_2,ISIC_0033448.jpg,.jpg,255830,HAM10000_images_part_2\ISIC_0033448.jpg
HAM10000_images_part_2,ISIC_0033449.jpg,.jpg,306456,HAM10000_images_part_2\ISIC_0033449.jpg
HAM10000_images_part_2,ISIC_0033450.jpg,.jpg,293400,HAM10000_images_part_2\ISIC_0033450.jpg
HAM10000_images_part_2,ISIC_0033451.jpg,.jpg,301503,HAM10000_images_part_2\ISIC_0033451.jpg
HAM10000_images_part_2,ISIC_0033452.jpg,.jpg,285535,HAM10000_images_part_2\ISIC_0033452.jpg
HAM10000_images_part_2,ISIC_0033453.jpg,.jpg,324129,HAM10000_images_part_2\ISIC_0033453.jpg
HAM10000_images_part_2,ISIC_0033454.jpg,.jpg,318543,HAM10000_images_part_2\ISIC_0033454.jpg
HAM10000_images_part_2,ISIC_0033455.jpg,.jpg,220774,HAM10000_images_part_2\ISIC_0033455.jpg
HAM10000_images_part_2,ISIC_0033456.jpg,.jpg,311113,HAM10000_images_part_2\ISIC_0033456.jpg
HAM10000_images_part_2,ISIC_0033457.jpg,.jpg,293432,HAM10000_images_part_2\ISIC_0033457.jpg
HAM10000_images_part_2,ISIC_0033458.jpg,.jpg,306403,HAM10000_images_part_2\ISIC_0033458.jpg
HAM10000_images_part_2,ISIC_0033459.jpg,.jpg,292695,HAM10000_images_part_2\ISIC_0033459.jpg
HAM10000_images_part_2,ISIC_0033460.jpg,.jpg,334100,HAM10000_images_part_2\ISIC_0033460.jpg
HAM10000_images_part_2,ISIC_0033461.jpg,.jpg,299296,HAM10000_images_part_2\ISIC_0033461.jpg
HAM10000_images_part_2,ISIC_0033462.jpg,.jpg,272778,HAM10000_images_part_2\ISIC_0033462.jpg
HAM10000_images_part_2,ISIC_0033463.jpg,.jpg,216743,HAM10000_images_part_2\ISIC_0033463.jpg
HAM10000_images_part_2,ISIC_0033464.jpg,.jpg,364460,HAM10000_images_part_2\ISIC_0033464.jpg
HAM10000_images_part_2,ISIC_0033465.jpg,.jpg,225208,HAM10000_images_part_2\ISIC_0033465.jpg
HAM10000_images_part_2,ISIC_0033466.jpg,.jpg,253448,HAM10000_images_part_2\ISIC_0033466.jpg
HAM10000_images_part_2,ISIC_0033467.jpg,.jpg,290849,HAM10000_images_part_2\ISIC_0033467.jpg
HAM10000_images_part_2,ISIC_0033468.jpg,.jpg,338138,HAM10000_images_part_2\ISIC_0033468.jpg
HAM10000_images_part_2,ISIC_0033469.jpg,.jpg,342930,HAM10000_images_part_2\ISIC_0033469.jpg
HAM10000_images_part_2,ISIC_0033470.jpg,.jpg,262214,HAM10000_images_part_2\ISIC_0033470.jpg
HAM10000_images_part_2,ISIC_0033471.jpg,.jpg,311205,HAM10000_images_part_2\ISIC_0033471.jpg
HAM10000_images_part_2,ISIC_0033472.jpg,.jpg,314386,HAM10000_images_part_2\ISIC_0033472.jpg
HAM10000_images_part_2,ISIC_0033473.jpg,.jpg,367811,HAM10000_images_part_2\ISIC_0033473.jpg
HAM10000_images_part_2,ISIC_0033474.jpg,.jpg,341089,HAM10000_images_part_2\ISIC_0033474.jpg
HAM10000_images_part_2,ISIC_0033475.jpg,.jpg,322854,HAM10000_images_part_2\ISIC_0033475.jpg
HAM10000_images_part_2,ISIC_0033476.jpg,.jpg,296946,HAM10000_images_part_2\ISIC_0033476.jpg
HAM10000_images_part_2,ISIC_0033477.jpg,.jpg,340936,HAM10000_images_part_2\ISIC_0033477.jpg
HAM10000_images_part_2,ISIC_0033478.jpg,.jpg,305469,HAM10000_images_part_2\ISIC_0033478.jpg
HAM10000_images_part_2,ISIC_0033479.jpg,.jpg,352819,HAM10000_images_part_2\ISIC_0033479.jpg
HAM10000_images_part_2,ISIC_0033480.jpg,.jpg,350177,HAM10000_images_part_2\ISIC_0033480.jpg
HAM10000_images_part_2,ISIC_0033481.jpg,.jpg,332242,HAM10000_images_part_2\ISIC_0033481.jpg
HAM10000_images_part_2,ISIC_0033482.jpg,.jpg,307589,HAM10000_images_part_2\ISIC_0033482.jpg
HAM10000_images_part_2,ISIC_0033483.jpg,.jpg,353839,HAM10000_images_part_2\ISIC_0033483.jpg
HAM10000_images_part_2,ISIC_0033484.jpg,.jpg,309543,HAM10000_images_part_2\ISIC_0033484.jpg
HAM10000_images_part_2,ISIC_0033485.jpg,.jpg,202811,HAM10000_images_part_2\ISIC_0033485.jpg
HAM10000_images_part_2,ISIC_0033486.jpg,.jpg,254675,HAM10000_images_part_2\ISIC_0033486.jpg
HAM10000_images_part_2,ISIC_0033487.jpg,.jpg,300506,HAM10000_images_part_2\ISIC_0033487.jpg
HAM10000_images_part_2,ISIC_0033488.jpg,.jpg,285626,HAM10000_images_part_2\ISIC_0033488.jpg
HAM10000_images_part_2,ISIC_0033489.jpg,.jpg,318032,HAM10000_images_part_2\ISIC_0033489.jpg
HAM10000_images_part_2,ISIC_0033490.jpg,.jpg,354769,HAM10000_images_part_2\ISIC_0033490.jpg
HAM10000_images_part_2,ISIC_0033491.jpg,.jpg,245117,HAM10000_images_part_2\ISIC_0033491.jpg
HAM10000_images_part_2,ISIC_0033492.jpg,.jpg,295209,HAM10000_images_part_2\ISIC_0033492.jpg
HAM10000_images_part_2,ISIC_0033493.jpg,.jpg,228286,HAM10000_images_part_2\ISIC_0033493.jpg
HAM10000_images_part_2,ISIC_0033494.jpg,.jpg,323327,HAM10000_images_part_2\ISIC_0033494.jpg
HAM10000_images_part_2,ISIC_0033495.jpg,.jpg,292039,HAM10000_images_part_2\ISIC_0033495.jpg
HAM10000_images_part_2,ISIC_0033496.jpg,.jpg,318143,HAM10000_images_part_2\ISIC_0033496.jpg
HAM10000_images_part_2,ISIC_0033497.jpg,.jpg,261644,HAM10000_images_part_2\ISIC_0033497.jpg
HAM10000_images_part_2,ISIC_0033498.jpg,.jpg,292307,HAM10000_images_part_2\ISIC_0033498.jpg
HAM10000_images_part_2,ISIC_0033499.jpg,.jpg,302819,HAM10000_images_part_2\ISIC_0033499.jpg
HAM10000_images_part_2,ISIC_0033500.jpg,.jpg,298906,HAM10000_images_part_2\ISIC_0033500.jpg
HAM10000_images_part_2,ISIC_0033501.jpg,.jpg,265083,HAM10000_images_part_2\ISIC_0033501.jpg
HAM10000_images_part_2,ISIC_0033502.jpg,.jpg,291211,HAM10000_images_part_2\ISIC_0033502.jpg
HAM10000_images_part_2,ISIC_0033503.jpg,.jpg,219435,HAM10000_images_part_2\ISIC_0033503.jpg
HAM10000_images_part_2,ISIC_0033504.jpg,.jpg,292606,HAM10000_images_part_2\ISIC_0033504.jpg
HAM10000_images_part_2,ISIC_0033505.jpg,.jpg,310338,HAM10000_images_part_2\ISIC_0033505.jpg
HAM10000_images_part_2,ISIC_0033506.jpg,.jpg,289856,HAM10000_images_part_2\ISIC_0033506.jpg
HAM10000_images_part_2,ISIC_0033507.jpg,.jpg,354842,HAM10000_images_part_2\ISIC_0033507.jpg
HAM10000_images_part_2,ISIC_0033508.jpg,.jpg,274701,HAM10000_images_part_2\ISIC_0033508.jpg
HAM10000_images_part_2,ISIC_0033509.jpg,.jpg,365293,HAM10000_images_part_2\ISIC_0033509.jpg
HAM10000_images_part_2,ISIC_0033510.jpg,.jpg,293279,HAM10000_images_part_2\ISIC_0033510.jpg
HAM10000_images_part_2,ISIC_0033511.jpg,.jpg,270192,HAM10000_images_part_2\ISIC_0033511.jpg
HAM10000_images_part_2,ISIC_0033512.jpg,.jpg,293298,HAM10000_images_part_2\ISIC_0033512.jpg
HAM10000_images_part_2,ISIC_0033513.jpg,.jpg,249320,HAM10000_images_part_2\ISIC_0033513.jpg
HAM10000_images_part_2,ISIC_0033514.jpg,.jpg,284768,HAM10000_images_part_2\ISIC_0033514.jpg
HAM10000_images_part_2,ISIC_0033515.jpg,.jpg,286209,HAM10000_images_part_2\ISIC_0033515.jpg
HAM10000_images_part_2,ISIC_0033516.jpg,.jpg,291677,HAM10000_images_part_2\ISIC_0033516.jpg
HAM10000_images_part_2,ISIC_0033517.jpg,.jpg,246207,HAM10000_images_part_2\ISIC_0033517.jpg
HAM10000_images_part_2,ISIC_0033518.jpg,.jpg,342993,HAM10000_images_part_2\ISIC_0033518.jpg
HAM10000_images_part_2,ISIC_0033519.jpg,.jpg,277305,HAM10000_images_part_2\ISIC_0033519.jpg
HAM10000_images_part_2,ISIC_0033520.jpg,.jpg,229989,HAM10000_images_part_2\ISIC_0033520.jpg
HAM10000_images_part_2,ISIC_0033521.jpg,.jpg,275142,HAM10000_images_part_2\ISIC_0033521.jpg
HAM10000_images_part_2,ISIC_0033522.jpg,.jpg,347151,HAM10000_images_part_2\ISIC_0033522.jpg
HAM10000_images_part_2,ISIC_0033523.jpg,.jpg,354358,HAM10000_images_part_2\ISIC_0033523.jpg
HAM10000_images_part_2,ISIC_0033524.jpg,.jpg,329605,HAM10000_images_part_2\ISIC_0033524.jpg
HAM10000_images_part_2,ISIC_0033525.jpg,.jpg,289933,HAM10000_images_part_2\ISIC_0033525.jpg
HAM10000_images_part_2,ISIC_0033526.jpg,.jpg,306719,HAM10000_images_part_2\ISIC_0033526.jpg
HAM10000_images_part_2,ISIC_0033527.jpg,.jpg,241367,HAM10000_images_part_2\ISIC_0033527.jpg
HAM10000_images_part_2,ISIC_0033528.jpg,.jpg,315016,HAM10000_images_part_2\ISIC_0033528.jpg
HAM10000_images_part_2,ISIC_0033529.jpg,.jpg,293847,HAM10000_images_part_2\ISIC_0033529.jpg
HAM10000_images_part_2,ISIC_0033530.jpg,.jpg,297920,HAM10000_images_part_2\ISIC_0033530.jpg
HAM10000_images_part_2,ISIC_0033531.jpg,.jpg,309928,HAM10000_images_part_2\ISIC_0033531.jpg
HAM10000_images_part_2,ISIC_0033532.jpg,.jpg,257585,HAM10000_images_part_2\ISIC_0033532.jpg
HAM10000_images_part_2,ISIC_0033533.jpg,.jpg,337618,HAM10000_images_part_2\ISIC_0033533.jpg
HAM10000_images_part_2,ISIC_0033534.jpg,.jpg,281625,HAM10000_images_part_2\ISIC_0033534.jpg
HAM10000_images_part_2,ISIC_0033535.jpg,.jpg,242751,HAM10000_images_part_2\ISIC_0033535.jpg
HAM10000_images_part_2,ISIC_0033536.jpg,.jpg,353090,HAM10000_images_part_2\ISIC_0033536.jpg
HAM10000_images_part_2,ISIC_0033537.jpg,.jpg,317648,HAM10000_images_part_2\ISIC_0033537.jpg
HAM10000_images_part_2,ISIC_0033538.jpg,.jpg,363203,HAM10000_images_part_2\ISIC_0033538.jpg
HAM10000_images_part_2,ISIC_0033539.jpg,.jpg,275266,HAM10000_images_part_2\ISIC_0033539.jpg
HAM10000_images_part_2,ISIC_0033540.jpg,.jpg,309152,HAM10000_images_part_2\ISIC_0033540.jpg
HAM10000_images_part_2,ISIC_0033541.jpg,.jpg,263494,HAM10000_images_part_2\ISIC_0033541.jpg
HAM10000_images_part_2,ISIC_0033542.jpg,.jpg,282920,HAM10000_images_part_2\ISIC_0033542.jpg
HAM10000_images_part_2,ISIC_0033543.jpg,.jpg,317011,HAM10000_images_part_2\ISIC_0033543.jpg
HAM10000_images_part_2,ISIC_0033544.jpg,.jpg,273449,HAM10000_images_part_2\ISIC_0033544.jpg
HAM10000_images_part_2,ISIC_0033545.jpg,.jpg,271306,HAM10000_images_part_2\ISIC_0033545.jpg
HAM10000_images_part_2,ISIC_0033546.jpg,.jpg,313107,HAM10000_images_part_2\ISIC_0033546.jpg
HAM10000_images_part_2,ISIC_0033547.jpg,.jpg,265368,HAM10000_images_part_2\ISIC_0033547.jpg
HAM10000_images_part_2,ISIC_0033548.jpg,.jpg,269490,HAM10000_images_part_2\ISIC_0033548.jpg
HAM10000_images_part_2,ISIC_0033549.jpg,.jpg,269457,HAM10000_images_part_2\ISIC_0033549.jpg
HAM10000_images_part_2,ISIC_0033550.jpg,.jpg,357170,HAM10000_images_part_2\ISIC_0033550.jpg
HAM10000_images_part_2,ISIC_0033551.jpg,.jpg,289821,HAM10000_images_part_2\ISIC_0033551.jpg
HAM10000_images_part_2,ISIC_0033552.jpg,.jpg,298304,HAM10000_images_part_2\ISIC_0033552.jpg
HAM10000_images_part_2,ISIC_0033553.jpg,.jpg,275278,HAM10000_images_part_2\ISIC_0033553.jpg
HAM10000_images_part_2,ISIC_0033554.jpg,.jpg,271447,HAM10000_images_part_2\ISIC_0033554.jpg
HAM10000_images_part_2,ISIC_0033555.jpg,.jpg,278375,HAM10000_images_part_2\ISIC_0033555.jpg
HAM10000_images_part_2,ISIC_0033556.jpg,.jpg,362869,HAM10000_images_part_2\ISIC_0033556.jpg
HAM10000_images_part_2,ISIC_0033557.jpg,.jpg,305021,HAM10000_images_part_2\ISIC_0033557.jpg
HAM10000_images_part_2,ISIC_0033558.jpg,.jpg,165493,HAM10000_images_part_2\ISIC_0033558.jpg
HAM10000_images_part_2,ISIC_0033559.jpg,.jpg,335490,HAM10000_images_part_2\ISIC_0033559.jpg
HAM10000_images_part_2,ISIC_0033560.jpg,.jpg,299188,HAM10000_images_part_2\ISIC_0033560.jpg
HAM10000_images_part_2,ISIC_0033561.jpg,.jpg,281232,HAM10000_images_part_2\ISIC_0033561.jpg
HAM10000_images_part_2,ISIC_0033562.jpg,.jpg,210054,HAM10000_images_part_2\ISIC_0033562.jpg
HAM10000_images_part_2,ISIC_0033563.jpg,.jpg,278582,HAM10000_images_part_2\ISIC_0033563.jpg
HAM10000_images_part_2,ISIC_0033564.jpg,.jpg,306880,HAM10000_images_part_2\ISIC_0033564.jpg
HAM10000_images_part_2,ISIC_0033565.jpg,.jpg,333857,HAM10000_images_part_2\ISIC_0033565.jpg
HAM10000_images_part_2,ISIC_0033566.jpg,.jpg,192733,HAM10000_images_part_2\ISIC_0033566.jpg
HAM10000_images_part_2,ISIC_0033567.jpg,.jpg,323816,HAM10000_images_part_2\ISIC_0033567.jpg
HAM10000_images_part_2,ISIC_0033568.jpg,.jpg,307831,HAM10000_images_part_2\ISIC_0033568.jpg
HAM10000_images_part_2,ISIC_0033569.jpg,.jpg,256393,HAM10000_images_part_2\ISIC_0033569.jpg
HAM10000_images_part_2,ISIC_0033570.jpg,.jpg,339011,HAM10000_images_part_2\ISIC_0033570.jpg
HAM10000_images_part_2,ISIC_0033571.jpg,.jpg,312802,HAM10000_images_part_2\ISIC_0033571.jpg
HAM10000_images_part_2,ISIC_0033572.jpg,.jpg,300886,HAM10000_images_part_2\ISIC_0033572.jpg
HAM10000_images_part_2,ISIC_0033573.jpg,.jpg,320169,HAM10000_images_part_2\ISIC_0033573.jpg
HAM10000_images_part_2,ISIC_0033574.jpg,.jpg,277280,HAM10000_images_part_2\ISIC_0033574.jpg
HAM10000_images_part_2,ISIC_0033575.jpg,.jpg,311787,HAM10000_images_part_2\ISIC_0033575.jpg
HAM10000_images_part_2,ISIC_0033576.jpg,.jpg,280206,HAM10000_images_part_2\ISIC_0033576.jpg
HAM10000_images_part_2,ISIC_0033577.jpg,.jpg,283692,HAM10000_images_part_2\ISIC_0033577.jpg
HAM10000_images_part_2,ISIC_0033578.jpg,.jpg,316380,HAM10000_images_part_2\ISIC_0033578.jpg
HAM10000_images_part_2,ISIC_0033579.jpg,.jpg,323680,HAM10000_images_part_2\ISIC_0033579.jpg
HAM10000_images_part_2,ISIC_0033580.jpg,.jpg,267729,HAM10000_images_part_2\ISIC_0033580.jpg
HAM10000_images_part_2,ISIC_0033581.jpg,.jpg,331007,HAM10000_images_part_2\ISIC_0033581.jpg
HAM10000_images_part_2,ISIC_0033582.jpg,.jpg,289454,HAM10000_images_part_2\ISIC_0033582.jpg
HAM10000_images_part_2,ISIC_0033583.jpg,.jpg,343403,HAM10000_images_part_2\ISIC_0033583.jpg
HAM10000_images_part_2,ISIC_0033584.jpg,.jpg,284578,HAM10000_images_part_2\ISIC_0033584.jpg
HAM10000_images_part_2,ISIC_0033585.jpg,.jpg,362369,HAM10000_images_part_2\ISIC_0033585.jpg
HAM10000_images_part_2,ISIC_0033586.jpg,.jpg,225826,HAM10000_images_part_2\ISIC_0033586.jpg
HAM10000_images_part_2,ISIC_0033587.jpg,.jpg,374073,HAM10000_images_part_2\ISIC_0033587.jpg
HAM10000_images_part_2,ISIC_0033588.jpg,.jpg,279410,HAM10000_images_part_2\ISIC_0033588.jpg
HAM10000_images_part_2,ISIC_0033589.jpg,.jpg,313736,HAM10000_images_part_2\ISIC_0033589.jpg
HAM10000_images_part_2,ISIC_0033590.jpg,.jpg,174023,HAM10000_images_part_2\ISIC_0033590.jpg
HAM10000_images_part_2,ISIC_0033591.jpg,.jpg,277376,HAM10000_images_part_2\ISIC_0033591.jpg
HAM10000_images_part_2,ISIC_0033592.jpg,.jpg,298171,HAM10000_images_part_2\ISIC_0033592.jpg
HAM10000_images_part_2,ISIC_0033593.jpg,.jpg,357485,HAM10000_images_part_2\ISIC_0033593.jpg
HAM10000_images_part_2,ISIC_0033594.jpg,.jpg,297519,HAM10000_images_part_2\ISIC_0033594.jpg
HAM10000_images_part_2,ISIC_0033595.jpg,.jpg,309598,HAM10000_images_part_2\ISIC_0033595.jpg
HAM10000_images_part_2,ISIC_0033596.jpg,.jpg,301721,HAM10000_images_part_2\ISIC_0033596.jpg
HAM10000_images_part_2,ISIC_0033597.jpg,.jpg,256637,HAM10000_images_part_2\ISIC_0033597.jpg
HAM10000_images_part_2,ISIC_0033598.jpg,.jpg,251317,HAM10000_images_part_2\ISIC_0033598.jpg
HAM10000_images_part_2,ISIC_0033599.jpg,.jpg,270528,HAM10000_images_part_2\ISIC_0033599.jpg
HAM10000_images_part_2,ISIC_0033600.jpg,.jpg,298835,HAM10000_images_part_2\ISIC_0033600.jpg
HAM10000_images_part_2,ISIC_0033601.jpg,.jpg,283532,HAM10000_images_part_2\ISIC_0033601.jpg
HAM10000_images_part_2,ISIC_0033602.jpg,.jpg,317510,HAM10000_images_part_2\ISIC_0033602.jpg
HAM10000_images_part_2,ISIC_0033603.jpg,.jpg,316990,HAM10000_images_part_2\ISIC_0033603.jpg
HAM10000_images_part_2,ISIC_0033604.jpg,.jpg,342271,HAM10000_images_part_2\ISIC_0033604.jpg
HAM10000_images_part_2,ISIC_0033605.jpg,.jpg,276619,HAM10000_images_part_2\ISIC_0033605.jpg
HAM10000_images_part_2,ISIC_0033606.jpg,.jpg,275933,HAM10000_images_part_2\ISIC_0033606.jpg
HAM10000_images_part_2,ISIC_0033607.jpg,.jpg,311920,HAM10000_images_part_2\ISIC_0033607.jpg
HAM10000_images_part_2,ISIC_0033608.jpg,.jpg,264098,HAM10000_images_part_2\ISIC_0033608.jpg
HAM10000_images_part_2,ISIC_0033609.jpg,.jpg,289472,HAM10000_images_part_2\ISIC_0033609.jpg
HAM10000_images_part_2,ISIC_0033610.jpg,.jpg,298336,HAM10000_images_part_2\ISIC_0033610.jpg
HAM10000_images_part_2,ISIC_0033611.jpg,.jpg,290944,HAM10000_images_part_2\ISIC_0033611.jpg
HAM10000_images_part_2,ISIC_0033612.jpg,.jpg,250436,HAM10000_images_part_2\ISIC_0033612.jpg
HAM10000_images_part_2,ISIC_0033613.jpg,.jpg,334756,HAM10000_images_part_2\ISIC_0033613.jpg
HAM10000_images_part_2,ISIC_0033614.jpg,.jpg,279828,HAM10000_images_part_2\ISIC_0033614.jpg
HAM10000_images_part_2,ISIC_0033615.jpg,.jpg,301310,HAM10000_images_part_2\ISIC_0033615.jpg
HAM10000_images_part_2,ISIC_0033616.jpg,.jpg,285957,HAM10000_images_part_2\ISIC_0033616.jpg
HAM10000_images_part_2,ISIC_0033617.jpg,.jpg,265133,HAM10000_images_part_2\ISIC_0033617.jpg
HAM10000_images_part_2,ISIC_0033618.jpg,.jpg,201734,HAM10000_images_part_2\ISIC_0033618.jpg
HAM10000_images_part_2,ISIC_0033619.jpg,.jpg,333771,HAM10000_images_part_2\ISIC_0033619.jpg
HAM10000_images_part_2,ISIC_0033620.jpg,.jpg,274636,HAM10000_images_part_2\ISIC_0033620.jpg
HAM10000_images_part_2,ISIC_0033621.jpg,.jpg,280886,HAM10000_images_part_2\ISIC_0033621.jpg
HAM10000_images_part_2,ISIC_0033622.jpg,.jpg,250406,HAM10000_images_part_2\ISIC_0033622.jpg
HAM10000_images_part_2,ISIC_0033623.jpg,.jpg,322327,HAM10000_images_part_2\ISIC_0033623.jpg
HAM10000_images_part_2,ISIC_0033624.jpg,.jpg,328165,HAM10000_images_part_2\ISIC_0033624.jpg
HAM10000_images_part_2,ISIC_0033625.jpg,.jpg,273690,HAM10000_images_part_2\ISIC_0033625.jpg
HAM10000_images_part_2,ISIC_0033626.jpg,.jpg,271827,HAM10000_images_part_2\ISIC_0033626.jpg
HAM10000_images_part_2,ISIC_0033627.jpg,.jpg,250318,HAM10000_images_part_2\ISIC_0033627.jpg
HAM10000_images_part_2,ISIC_0033628.jpg,.jpg,262101,HAM10000_images_part_2\ISIC_0033628.jpg
HAM10000_images_part_2,ISIC_0033629.jpg,.jpg,314299,HAM10000_images_part_2\ISIC_0033629.jpg
HAM10000_images_part_2,ISIC_0033630.jpg,.jpg,361586,HAM10000_images_part_2\ISIC_0033630.jpg
HAM10000_images_part_2,ISIC_0033631.jpg,.jpg,318986,HAM10000_images_part_2\ISIC_0033631.jpg
HAM10000_images_part_2,ISIC_0033632.jpg,.jpg,298814,HAM10000_images_part_2\ISIC_0033632.jpg
HAM10000_images_part_2,ISIC_0033633.jpg,.jpg,305695,HAM10000_images_part_2\ISIC_0033633.jpg
HAM10000_images_part_2,ISIC_0033634.jpg,.jpg,353910,HAM10000_images_part_2\ISIC_0033634.jpg
HAM10000_images_part_2,ISIC_0033635.jpg,.jpg,280453,HAM10000_images_part_2\ISIC_0033635.jpg
HAM10000_images_part_2,ISIC_0033636.jpg,.jpg,331782,HAM10000_images_part_2\ISIC_0033636.jpg
HAM10000_images_part_2,ISIC_0033637.jpg,.jpg,198016,HAM10000_images_part_2\ISIC_0033637.jpg
HAM10000_images_part_2,ISIC_0033638.jpg,.jpg,328957,HAM10000_images_part_2\ISIC_0033638.jpg
HAM10000_images_part_2,ISIC_0033639.jpg,.jpg,203375,HAM10000_images_part_2\ISIC_0033639.jpg
HAM10000_images_part_2,ISIC_0033640.jpg,.jpg,247520,HAM10000_images_part_2\ISIC_0033640.jpg
HAM10000_images_part_2,ISIC_0033641.jpg,.jpg,249949,HAM10000_images_part_2\ISIC_0033641.jpg
HAM10000_images_part_2,ISIC_0033642.jpg,.jpg,267283,HAM10000_images_part_2\ISIC_0033642.jpg
HAM10000_images_part_2,ISIC_0033643.jpg,.jpg,347788,HAM10000_images_part_2\ISIC_0033643.jpg
HAM10000_images_part_2,ISIC_0033644.jpg,.jpg,295674,HAM10000_images_part_2\ISIC_0033644.jpg
HAM10000_images_part_2,ISIC_0033645.jpg,.jpg,311318,HAM10000_images_part_2\ISIC_0033645.jpg
HAM10000_images_part_2,ISIC_0033646.jpg,.jpg,353460,HAM10000_images_part_2\ISIC_0033646.jpg
HAM10000_images_part_2,ISIC_0033647.jpg,.jpg,320260,HAM10000_images_part_2\ISIC_0033647.jpg
HAM10000_images_part_2,ISIC_0033648.jpg,.jpg,208908,HAM10000_images_part_2\ISIC_0033648.jpg
HAM10000_images_part_2,ISIC_0033649.jpg,.jpg,189502,HAM10000_images_part_2\ISIC_0033649.jpg
HAM10000_images_part_2,ISIC_0033650.jpg,.jpg,298789,HAM10000_images_part_2\ISIC_0033650.jpg
HAM10000_images_part_2,ISIC_0033651.jpg,.jpg,312956,HAM10000_images_part_2\ISIC_0033651.jpg
HAM10000_images_part_2,ISIC_0033652.jpg,.jpg,289689,HAM10000_images_part_2\ISIC_0033652.jpg
HAM10000_images_part_2,ISIC_0033653.jpg,.jpg,332769,HAM10000_images_part_2\ISIC_0033653.jpg
HAM10000_images_part_2,ISIC_0033654.jpg,.jpg,320829,HAM10000_images_part_2\ISIC_0033654.jpg
HAM10000_images_part_2,ISIC_0033655.jpg,.jpg,292607,HAM10000_images_part_2\ISIC_0033655.jpg
HAM10000_images_part_2,ISIC_0033656.jpg,.jpg,296018,HAM10000_images_part_2\ISIC_0033656.jpg
HAM10000_images_part_2,ISIC_0033657.jpg,.jpg,304977,HAM10000_images_part_2\ISIC_0033657.jpg
HAM10000_images_part_2,ISIC_0033658.jpg,.jpg,281884,HAM10000_images_part_2\ISIC_0033658.jpg
HAM10000_images_part_2,ISIC_0033659.jpg,.jpg,204771,HAM10000_images_part_2\ISIC_0033659.jpg
HAM10000_images_part_2,ISIC_0033660.jpg,.jpg,236336,HAM10000_images_part_2\ISIC_0033660.jpg
HAM10000_images_part_2,ISIC_0033661.jpg,.jpg,184559,HAM10000_images_part_2\ISIC_0033661.jpg
HAM10000_images_part_2,ISIC_0033662.jpg,.jpg,260875,HAM10000_images_part_2\ISIC_0033662.jpg
HAM10000_images_part_2,ISIC_0033663.jpg,.jpg,354867,HAM10000_images_part_2\ISIC_0033663.jpg
HAM10000_images_part_2,ISIC_0033664.jpg,.jpg,304335,HAM10000_images_part_2\ISIC_0033664.jpg
HAM10000_images_part_2,ISIC_0033665.jpg,.jpg,285749,HAM10000_images_part_2\ISIC_0033665.jpg
HAM10000_images_part_2,ISIC_0033666.jpg,.jpg,180280,HAM10000_images_part_2\ISIC_0033666.jpg
HAM10000_images_part_2,ISIC_0033667.jpg,.jpg,295152,HAM10000_images_part_2\ISIC_0033667.jpg
HAM10000_images_part_2,ISIC_0033668.jpg,.jpg,200442,HAM10000_images_part_2\ISIC_0033668.jpg
HAM10000_images_part_2,ISIC_0033669.jpg,.jpg,313476,HAM10000_images_part_2\ISIC_0033669.jpg
HAM10000_images_part_2,ISIC_0033670.jpg,.jpg,353592,HAM10000_images_part_2\ISIC_0033670.jpg
HAM10000_images_part_2,ISIC_0033671.jpg,.jpg,276905,HAM10000_images_part_2\ISIC_0033671.jpg
HAM10000_images_part_2,ISIC_0033672.jpg,.jpg,276766,HAM10000_images_part_2\ISIC_0033672.jpg
HAM10000_images_part_2,ISIC_0033673.jpg,.jpg,294671,HAM10000_images_part_2\ISIC_0033673.jpg
HAM10000_images_part_2,ISIC_0033674.jpg,.jpg,297313,HAM10000_images_part_2\ISIC_0033674.jpg
HAM10000_images_part_2,ISIC_0033675.jpg,.jpg,288482,HAM10000_images_part_2\ISIC_0033675.jpg
HAM10000_images_part_2,ISIC_0033676.jpg,.jpg,305390,HAM10000_images_part_2\ISIC_0033676.jpg
HAM10000_images_part_2,ISIC_0033677.jpg,.jpg,269831,HAM10000_images_part_2\ISIC_0033677.jpg
HAM10000_images_part_2,ISIC_0033678.jpg,.jpg,271591,HAM10000_images_part_2\ISIC_0033678.jpg
HAM10000_images_part_2,ISIC_0033679.jpg,.jpg,319138,HAM10000_images_part_2\ISIC_0033679.jpg
HAM10000_images_part_2,ISIC_0033680.jpg,.jpg,310967,HAM10000_images_part_2\ISIC_0033680.jpg
HAM10000_images_part_2,ISIC_0033681.jpg,.jpg,287636,HAM10000_images_part_2\ISIC_0033681.jpg
HAM10000_images_part_2,ISIC_0033682.jpg,.jpg,299804,HAM10000_images_part_2\ISIC_0033682.jpg
HAM10000_images_part_2,ISIC_0033683.jpg,.jpg,295173,HAM10000_images_part_2\ISIC_0033683.jpg
HAM10000_images_part_2,ISIC_0033684.jpg,.jpg,270098,HAM10000_images_part_2\ISIC_0033684.jpg
HAM10000_images_part_2,ISIC_0033685.jpg,.jpg,383580,HAM10000_images_part_2\ISIC_0033685.jpg
HAM10000_images_part_2,ISIC_0033686.jpg,.jpg,295167,HAM10000_images_part_2\ISIC_0033686.jpg
HAM10000_images_part_2,ISIC_0033687.jpg,.jpg,291276,HAM10000_images_part_2\ISIC_0033687.jpg
HAM10000_images_part_2,ISIC_0033688.jpg,.jpg,316286,HAM10000_images_part_2\ISIC_0033688.jpg
HAM10000_images_part_2,ISIC_0033689.jpg,.jpg,318646,HAM10000_images_part_2\ISIC_0033689.jpg
HAM10000_images_part_2,ISIC_0033690.jpg,.jpg,313066,HAM10000_images_part_2\ISIC_0033690.jpg
HAM10000_images_part_2,ISIC_0033691.jpg,.jpg,275709,HAM10000_images_part_2\ISIC_0033691.jpg
HAM10000_images_part_2,ISIC_0033692.jpg,.jpg,334116,HAM10000_images_part_2\ISIC_0033692.jpg
HAM10000_images_part_2,ISIC_0033693.jpg,.jpg,344163,HAM10000_images_part_2\ISIC_0033693.jpg
HAM10000_images_part_2,ISIC_0033694.jpg,.jpg,282784,HAM10000_images_part_2\ISIC_0033694.jpg
HAM10000_images_part_2,ISIC_0033695.jpg,.jpg,339875,HAM10000_images_part_2\ISIC_0033695.jpg
HAM10000_images_part_2,ISIC_0033696.jpg,.jpg,291314,HAM10000_images_part_2\ISIC_0033696.jpg
HAM10000_images_part_2,ISIC_0033697.jpg,.jpg,299776,HAM10000_images_part_2\ISIC_0033697.jpg
HAM10000_images_part_2,ISIC_0033698.jpg,.jpg,266487,HAM10000_images_part_2\ISIC_0033698.jpg
HAM10000_images_part_2,ISIC_0033699.jpg,.jpg,292787,HAM10000_images_part_2\ISIC_0033699.jpg
HAM10000_images_part_2,ISIC_0033700.jpg,.jpg,319782,HAM10000_images_part_2\ISIC_0033700.jpg
HAM10000_images_part_2,ISIC_0033701.jpg,.jpg,275019,HAM10000_images_part_2\ISIC_0033701.jpg
HAM10000_images_part_2,ISIC_0033702.jpg,.jpg,268977,HAM10000_images_part_2\ISIC_0033702.jpg
HAM10000_images_part_2,ISIC_0033703.jpg,.jpg,307506,HAM10000_images_part_2\ISIC_0033703.jpg
HAM10000_images_part_2,ISIC_0033704.jpg,.jpg,216257,HAM10000_images_part_2\ISIC_0033704.jpg
HAM10000_images_part_2,ISIC_0033705.jpg,.jpg,315532,HAM10000_images_part_2\ISIC_0033705.jpg
HAM10000_images_part_2,ISIC_0033706.jpg,.jpg,299672,HAM10000_images_part_2\ISIC_0033706.jpg
HAM10000_images_part_2,ISIC_0033707.jpg,.jpg,254814,HAM10000_images_part_2\ISIC_0033707.jpg
HAM10000_images_part_2,ISIC_0033708.jpg,.jpg,320415,HAM10000_images_part_2\ISIC_0033708.jpg
HAM10000_images_part_2,ISIC_0033709.jpg,.jpg,302275,HAM10000_images_part_2\ISIC_0033709.jpg
HAM10000_images_part_2,ISIC_0033710.jpg,.jpg,322794,HAM10000_images_part_2\ISIC_0033710.jpg
HAM10000_images_part_2,ISIC_0033711.jpg,.jpg,269430,HAM10000_images_part_2\ISIC_0033711.jpg
HAM10000_images_part_2,ISIC_0033712.jpg,.jpg,304563,HAM10000_images_part_2\ISIC_0033712.jpg
HAM10000_images_part_2,ISIC_0033713.jpg,.jpg,296003,HAM10000_images_part_2\ISIC_0033713.jpg
HAM10000_images_part_2,ISIC_0033714.jpg,.jpg,300688,HAM10000_images_part_2\ISIC_0033714.jpg
HAM10000_images_part_2,ISIC_0033715.jpg,.jpg,260665,HAM10000_images_part_2\ISIC_0033715.jpg
HAM10000_images_part_2,ISIC_0033716.jpg,.jpg,192660,HAM10000_images_part_2\ISIC_0033716.jpg
HAM10000_images_part_2,ISIC_0033717.jpg,.jpg,264263,HAM10000_images_part_2\ISIC_0033717.jpg
HAM10000_images_part_2,ISIC_0033718.jpg,.jpg,264305,HAM10000_images_part_2\ISIC_0033718.jpg
HAM10000_images_part_2,ISIC_0033719.jpg,.jpg,267927,HAM10000_images_part_2\ISIC_0033719.jpg
HAM10000_images_part_2,ISIC_0033720.jpg,.jpg,263902,HAM10000_images_part_2\ISIC_0033720.jpg
HAM10000_images_part_2,ISIC_0033721.jpg,.jpg,237162,HAM10000_images_part_2\ISIC_0033721.jpg
HAM10000_images_part_2,ISIC_0033722.jpg,.jpg,363676,HAM10000_images_part_2\ISIC_0033722.jpg
HAM10000_images_part_2,ISIC_0033723.jpg,.jpg,278938,HAM10000_images_part_2\ISIC_0033723.jpg
HAM10000_images_part_2,ISIC_0033724.jpg,.jpg,244360,HAM10000_images_part_2\ISIC_0033724.jpg
HAM10000_images_part_2,ISIC_0033725.jpg,.jpg,229535,HAM10000_images_part_2\ISIC_0033725.jpg
HAM10000_images_part_2,ISIC_0033726.jpg,.jpg,254040,HAM10000_images_part_2\ISIC_0033726.jpg
HAM10000_images_part_2,ISIC_0033727.jpg,.jpg,259252,HAM10000_images_part_2\ISIC_0033727.jpg
HAM10000_images_part_2,ISIC_0033728.jpg,.jpg,309945,HAM10000_images_part_2\ISIC_0033728.jpg
HAM10000_images_part_2,ISIC_0033729.jpg,.jpg,270050,HAM10000_images_part_2\ISIC_0033729.jpg
HAM10000_images_part_2,ISIC_0033730.jpg,.jpg,314669,HAM10000_images_part_2\ISIC_0033730.jpg
HAM10000_images_part_2,ISIC_0033731.jpg,.jpg,162070,HAM10000_images_part_2\ISIC_0033731.jpg
HAM10000_images_part_2,ISIC_0033732.jpg,.jpg,279159,HAM10000_images_part_2\ISIC_0033732.jpg
HAM10000_images_part_2,ISIC_0033733.jpg,.jpg,284329,HAM10000_images_part_2\ISIC_0033733.jpg
HAM10000_images_part_2,ISIC_0033734.jpg,.jpg,287538,HAM10000_images_part_2\ISIC_0033734.jpg
HAM10000_images_part_2,ISIC_0033735.jpg,.jpg,194861,HAM10000_images_part_2\ISIC_0033735.jpg
HAM10000_images_part_2,ISIC_0033736.jpg,.jpg,323845,HAM10000_images_part_2\ISIC_0033736.jpg
HAM10000_images_part_2,ISIC_0033737.jpg,.jpg,308263,HAM10000_images_part_2\ISIC_0033737.jpg
HAM10000_images_part_2,ISIC_0033738.jpg,.jpg,248338,HAM10000_images_part_2\ISIC_0033738.jpg
HAM10000_images_part_2,ISIC_0033739.jpg,.jpg,262084,HAM10000_images_part_2\ISIC_0033739.jpg
HAM10000_images_part_2,ISIC_0033740.jpg,.jpg,265394,HAM10000_images_part_2\ISIC_0033740.jpg
HAM10000_images_part_2,ISIC_0033741.jpg,.jpg,287232,HAM10000_images_part_2\ISIC_0033741.jpg
HAM10000_images_part_2,ISIC_0033742.jpg,.jpg,345051,HAM10000_images_part_2\ISIC_0033742.jpg
HAM10000_images_part_2,ISIC_0033743.jpg,.jpg,236050,HAM10000_images_part_2\ISIC_0033743.jpg
HAM10000_images_part_2,ISIC_0033744.jpg,.jpg,203591,HAM10000_images_part_2\ISIC_0033744.jpg
HAM10000_images_part_2,ISIC_0033745.jpg,.jpg,296185,HAM10000_images_part_2\ISIC_0033745.jpg
HAM10000_images_part_2,ISIC_0033746.jpg,.jpg,351137,HAM10000_images_part_2\ISIC_0033746.jpg
HAM10000_images_part_2,ISIC_0033747.jpg,.jpg,307055,HAM10000_images_part_2\ISIC_0033747.jpg
HAM10000_images_part_2,ISIC_0033748.jpg,.jpg,318430,HAM10000_images_part_2\ISIC_0033748.jpg
HAM10000_images_part_2,ISIC_0033749.jpg,.jpg,279705,HAM10000_images_part_2\ISIC_0033749.jpg
HAM10000_images_part_2,ISIC_0033750.jpg,.jpg,354955,HAM10000_images_part_2\ISIC_0033750.jpg
HAM10000_images_part_2,ISIC_0033751.jpg,.jpg,262416,HAM10000_images_part_2\ISIC_0033751.jpg
HAM10000_images_part_2,ISIC_0033752.jpg,.jpg,204395,HAM10000_images_part_2\ISIC_0033752.jpg
HAM10000_images_part_2,ISIC_0033753.jpg,.jpg,314364,HAM10000_images_part_2\ISIC_0033753.jpg
HAM10000_images_part_2,ISIC_0033754.jpg,.jpg,397083,HAM10000_images_part_2\ISIC_0033754.jpg
HAM10000_images_part_2,ISIC_0033755.jpg,.jpg,264258,HAM10000_images_part_2\ISIC_0033755.jpg
HAM10000_images_part_2,ISIC_0033756.jpg,.jpg,312542,HAM10000_images_part_2\ISIC_0033756.jpg
HAM10000_images_part_2,ISIC_0033757.jpg,.jpg,298196,HAM10000_images_part_2\ISIC_0033757.jpg
HAM10000_images_part_2,ISIC_0033758.jpg,.jpg,278734,HAM10000_images_part_2\ISIC_0033758.jpg
HAM10000_images_part_2,ISIC_0033759.jpg,.jpg,295984,HAM10000_images_part_2\ISIC_0033759.jpg
HAM10000_images_part_2,ISIC_0033760.jpg,.jpg,313460,HAM10000_images_part_2\ISIC_0033760.jpg
HAM10000_images_part_2,ISIC_0033761.jpg,.jpg,199414,HAM10000_images_part_2\ISIC_0033761.jpg
HAM10000_images_part_2,ISIC_0033762.jpg,.jpg,340465,HAM10000_images_part_2\ISIC_0033762.jpg
HAM10000_images_part_2,ISIC_0033763.jpg,.jpg,254089,HAM10000_images_part_2\ISIC_0033763.jpg
HAM10000_images_part_2,ISIC_0033764.jpg,.jpg,316299,HAM10000_images_part_2\ISIC_0033764.jpg
HAM10000_images_part_2,ISIC_0033765.jpg,.jpg,294480,HAM10000_images_part_2\ISIC_0033765.jpg
HAM10000_images_part_2,ISIC_0033766.jpg,.jpg,301795,HAM10000_images_part_2\ISIC_0033766.jpg
HAM10000_images_part_2,ISIC_0033767.jpg,.jpg,264967,HAM10000_images_part_2\ISIC_0033767.jpg
HAM10000_images_part_2,ISIC_0033768.jpg,.jpg,202403,HAM10000_images_part_2\ISIC_0033768.jpg
HAM10000_images_part_2,ISIC_0033769.jpg,.jpg,273433,HAM10000_images_part_2\ISIC_0033769.jpg
HAM10000_images_part_2,ISIC_0033770.jpg,.jpg,301953,HAM10000_images_part_2\ISIC_0033770.jpg
HAM10000_images_part_2,ISIC_0033771.jpg,.jpg,267627,HAM10000_images_part_2\ISIC_0033771.jpg
HAM10000_images_part_2,ISIC_0033772.jpg,.jpg,348830,HAM10000_images_part_2\ISIC_0033772.jpg
HAM10000_images_part_2,ISIC_0033773.jpg,.jpg,321283,HAM10000_images_part_2\ISIC_0033773.jpg
HAM10000_images_part_2,ISIC_0033774.jpg,.jpg,318280,HAM10000_images_part_2\ISIC_0033774.jpg
HAM10000_images_part_2,ISIC_0033775.jpg,.jpg,285722,HAM10000_images_part_2\ISIC_0033775.jpg
HAM10000_images_part_2,ISIC_0033776.jpg,.jpg,312275,HAM10000_images_part_2\ISIC_0033776.jpg
HAM10000_images_part_2,ISIC_0033777.jpg,.jpg,271814,HAM10000_images_part_2\ISIC_0033777.jpg
HAM10000_images_part_2,ISIC_0033778.jpg,.jpg,288782,HAM10000_images_part_2\ISIC_0033778.jpg
HAM10000_images_part_2,ISIC_0033779.jpg,.jpg,306041,HAM10000_images_part_2\ISIC_0033779.jpg
HAM10000_images_part_2,ISIC_0033780.jpg,.jpg,287034,HAM10000_images_part_2\ISIC_0033780.jpg
HAM10000_images_part_2,ISIC_0033781.jpg,.jpg,357191,HAM10000_images_part_2\ISIC_0033781.jpg
HAM10000_images_part_2,ISIC_0033782.jpg,.jpg,239575,HAM10000_images_part_2\ISIC_0033782.jpg
HAM10000_images_part_2,ISIC_0033783.jpg,.jpg,335023,HAM10000_images_part_2\ISIC_0033783.jpg
HAM10000_images_part_2,ISIC_0033784.jpg,.jpg,222948,HAM10000_images_part_2\ISIC_0033784.jpg
HAM10000_images_part_2,ISIC_0033785.jpg,.jpg,346616,HAM10000_images_part_2\ISIC_0033785.jpg
HAM10000_images_part_2,ISIC_0033786.jpg,.jpg,235597,HAM10000_images_part_2\ISIC_0033786.jpg
HAM10000_images_part_2,ISIC_0033787.jpg,.jpg,268397,HAM10000_images_part_2\ISIC_0033787.jpg
HAM10000_images_part_2,ISIC_0033788.jpg,.jpg,290278,HAM10000_images_part_2\ISIC_0033788.jpg
HAM10000_images_part_2,ISIC_0033789.jpg,.jpg,310029,HAM10000_images_part_2\ISIC_0033789.jpg
HAM10000_images_part_2,ISIC_0033790.jpg,.jpg,287093,HAM10000_images_part_2\ISIC_0033790.jpg
HAM10000_images_part_2,ISIC_0033791.jpg,.jpg,376733,HAM10000_images_part_2\ISIC_0033791.jpg
HAM10000_images_part_2,ISIC_0033792.jpg,.jpg,192507,HAM10000_images_part_2\ISIC_0033792.jpg
HAM10000_images_part_2,ISIC_0033793.jpg,.jpg,287131,HAM10000_images_part_2\ISIC_0033793.jpg
HAM10000_images_part_2,ISIC_0033794.jpg,.jpg,284867,HAM10000_images_part_2\ISIC_0033794.jpg
HAM10000_images_part_2,ISIC_0033795.jpg,.jpg,216164,HAM10000_images_part_2\ISIC_0033795.jpg
HAM10000_images_part_2,ISIC_0033796.jpg,.jpg,298343,HAM10000_images_part_2\ISIC_0033796.jpg
HAM10000_images_part_2,ISIC_0033797.jpg,.jpg,318979,HAM10000_images_part_2\ISIC_0033797.jpg
HAM10000_images_part_2,ISIC_0033798.jpg,.jpg,226125,HAM10000_images_part_2\ISIC_0033798.jpg
HAM10000_images_part_2,ISIC_0033799.jpg,.jpg,185659,HAM10000_images_part_2\ISIC_0033799.jpg
HAM10000_images_part_2,ISIC_0033800.jpg,.jpg,268258,HAM10000_images_part_2\ISIC_0033800.jpg
HAM10000_images_part_2,ISIC_0033801.jpg,.jpg,298610,HAM10000_images_part_2\ISIC_0033801.jpg
HAM10000_images_part_2,ISIC_0033802.jpg,.jpg,321388,HAM10000_images_part_2\ISIC_0033802.jpg
HAM10000_images_part_2,ISIC_0033803.jpg,.jpg,317739,HAM10000_images_part_2\ISIC_0033803.jpg
HAM10000_images_part_2,ISIC_0033804.jpg,.jpg,311274,HAM10000_images_part_2\ISIC_0033804.jpg
HAM10000_images_part_2,ISIC_0033805.jpg,.jpg,307414,HAM10000_images_part_2\ISIC_0033805.jpg
HAM10000_images_part_2,ISIC_0033806.jpg,.jpg,348064,HAM10000_images_part_2\ISIC_0033806.jpg
HAM10000_images_part_2,ISIC_0033807.jpg,.jpg,311314,HAM10000_images_part_2\ISIC_0033807.jpg
HAM10000_images_part_2,ISIC_0033808.jpg,.jpg,303372,HAM10000_images_part_2\ISIC_0033808.jpg
HAM10000_images_part_2,ISIC_0033809.jpg,.jpg,265515,HAM10000_images_part_2\ISIC_0033809.jpg
HAM10000_images_part_2,ISIC_0033810.jpg,.jpg,275550,HAM10000_images_part_2\ISIC_0033810.jpg
HAM10000_images_part_2,ISIC_0033811.jpg,.jpg,299697,HAM10000_images_part_2\ISIC_0033811.jpg
HAM10000_images_part_2,ISIC_0033812.jpg,.jpg,311446,HAM10000_images_part_2\ISIC_0033812.jpg
HAM10000_images_part_2,ISIC_0033813.jpg,.jpg,329704,HAM10000_images_part_2\ISIC_0033813.jpg
HAM10000_images_part_2,ISIC_0033814.jpg,.jpg,285344,HAM10000_images_part_2\ISIC_0033814.jpg
HAM10000_images_part_2,ISIC_0033815.jpg,.jpg,295724,HAM10000_images_part_2\ISIC_0033815.jpg
HAM10000_images_part_2,ISIC_0033816.jpg,.jpg,271269,HAM10000_images_part_2\ISIC_0033816.jpg
HAM10000_images_part_2,ISIC_0033817.jpg,.jpg,272225,HAM10000_images_part_2\ISIC_0033817.jpg
HAM10000_images_part_2,ISIC_0033818.jpg,.jpg,274105,HAM10000_images_part_2\ISIC_0033818.jpg
HAM10000_images_part_2,ISIC_0033819.jpg,.jpg,338212,HAM10000_images_part_2\ISIC_0033819.jpg
HAM10000_images_part_2,ISIC_0033820.jpg,.jpg,298383,HAM10000_images_part_2\ISIC_0033820.jpg
HAM10000_images_part_2,ISIC_0033821.jpg,.jpg,311218,HAM10000_images_part_2\ISIC_0033821.jpg
HAM10000_images_part_2,ISIC_0033822.jpg,.jpg,303396,HAM10000_images_part_2\ISIC_0033822.jpg
HAM10000_images_part_2,ISIC_0033823.jpg,.jpg,292684,HAM10000_images_part_2\ISIC_0033823.jpg
HAM10000_images_part_2,ISIC_0033824.jpg,.jpg,255559,HAM10000_images_part_2\ISIC_0033824.jpg
HAM10000_images_part_2,ISIC_0033825.jpg,.jpg,230195,HAM10000_images_part_2\ISIC_0033825.jpg
HAM10000_images_part_2,ISIC_0033826.jpg,.jpg,308207,HAM10000_images_part_2\ISIC_0033826.jpg
HAM10000_images_part_2,ISIC_0033827.jpg,.jpg,270564,HAM10000_images_part_2\ISIC_0033827.jpg
HAM10000_images_part_2,ISIC_0033828.jpg,.jpg,279706,HAM10000_images_part_2\ISIC_0033828.jpg
HAM10000_images_part_2,ISIC_0033829.jpg,.jpg,205120,HAM10000_images_part_2\ISIC_0033829.jpg
HAM10000_images_part_2,ISIC_0033830.jpg,.jpg,257394,HAM10000_images_part_2\ISIC_0033830.jpg
HAM10000_images_part_2,ISIC_0033831.jpg,.jpg,323131,HAM10000_images_part_2\ISIC_0033831.jpg
HAM10000_images_part_2,ISIC_0033832.jpg,.jpg,339621,HAM10000_images_part_2\ISIC_0033832.jpg
HAM10000_images_part_2,ISIC_0033833.jpg,.jpg,279330,HAM10000_images_part_2\ISIC_0033833.jpg
HAM10000_images_part_2,ISIC_0033834.jpg,.jpg,308597,HAM10000_images_part_2\ISIC_0033834.jpg
HAM10000_images_part_2,ISIC_0033835.jpg,.jpg,293730,HAM10000_images_part_2\ISIC_0033835.jpg
HAM10000_images_part_2,ISIC_0033836.jpg,.jpg,264515,HAM10000_images_part_2\ISIC_0033836.jpg
HAM10000_images_part_2,ISIC_0033837.jpg,.jpg,284617,HAM10000_images_part_2\ISIC_0033837.jpg
HAM10000_images_part_2,ISIC_0033838.jpg,.jpg,264129,HAM10000_images_part_2\ISIC_0033838.jpg
HAM10000_images_part_2,ISIC_0033839.jpg,.jpg,305910,HAM10000_images_part_2\ISIC_0033839.jpg
HAM10000_images_part_2,ISIC_0033840.jpg,.jpg,283974,HAM10000_images_part_2\ISIC_0033840.jpg
HAM10000_images_part_2,ISIC_0033841.jpg,.jpg,260117,HAM10000_images_part_2\ISIC_0033841.jpg
HAM10000_images_part_2,ISIC_0033842.jpg,.jpg,285038,HAM10000_images_part_2\ISIC_0033842.jpg
HAM10000_images_part_2,ISIC_0033843.jpg,.jpg,331946,HAM10000_images_part_2\ISIC_0033843.jpg
HAM10000_images_part_2,ISIC_0033844.jpg,.jpg,270181,HAM10000_images_part_2\ISIC_0033844.jpg
HAM10000_images_part_2,ISIC_0033845.jpg,.jpg,289169,HAM10000_images_part_2\ISIC_0033845.jpg
HAM10000_images_part_2,ISIC_0033846.jpg,.jpg,181725,HAM10000_images_part_2\ISIC_0033846.jpg
HAM10000_images_part_2,ISIC_0033847.jpg,.jpg,288032,HAM10000_images_part_2\ISIC_0033847.jpg
HAM10000_images_part_2,ISIC_0033848.jpg,.jpg,307262,HAM10000_images_part_2\ISIC_0033848.jpg
HAM10000_images_part_2,ISIC_0033849.jpg,.jpg,296605,HAM10000_images_part_2\ISIC_0033849.jpg
HAM10000_images_part_2,ISIC_0033850.jpg,.jpg,214666,HAM10000_images_part_2\ISIC_0033850.jpg
HAM10000_images_part_2,ISIC_0033851.jpg,.jpg,213679,HAM10000_images_part_2\ISIC_0033851.jpg
HAM10000_images_part_2,ISIC_0033852.jpg,.jpg,275939,HAM10000_images_part_2\ISIC_0033852.jpg
HAM10000_images_part_2,ISIC_0033853.jpg,.jpg,327604,HAM10000_images_part_2\ISIC_0033853.jpg
HAM10000_images_part_2,ISIC_0033854.jpg,.jpg,254300,HAM10000_images_part_2\ISIC_0033854.jpg
HAM10000_images_part_2,ISIC_0033855.jpg,.jpg,335366,HAM10000_images_part_2\ISIC_0033855.jpg
HAM10000_images_part_2,ISIC_0033856.jpg,.jpg,255504,HAM10000_images_part_2\ISIC_0033856.jpg
HAM10000_images_part_2,ISIC_0033857.jpg,.jpg,232436,HAM10000_images_part_2\ISIC_0033857.jpg
HAM10000_images_part_2,ISIC_0033858.jpg,.jpg,331658,HAM10000_images_part_2\ISIC_0033858.jpg
HAM10000_images_part_2,ISIC_0033859.jpg,.jpg,311769,HAM10000_images_part_2\ISIC_0033859.jpg
HAM10000_images_part_2,ISIC_0033860.jpg,.jpg,308841,HAM10000_images_part_2\ISIC_0033860.jpg
HAM10000_images_part_2,ISIC_0033861.jpg,.jpg,261721,HAM10000_images_part_2\ISIC_0033861.jpg
HAM10000_images_part_2,ISIC_0033862.jpg,.jpg,284347,HAM10000_images_part_2\ISIC_0033862.jpg
HAM10000_images_part_2,ISIC_0033863.jpg,.jpg,224297,HAM10000_images_part_2\ISIC_0033863.jpg
HAM10000_images_part_2,ISIC_0033864.jpg,.jpg,320013,HAM10000_images_part_2\ISIC_0033864.jpg
HAM10000_images_part_2,ISIC_0033865.jpg,.jpg,294614,HAM10000_images_part_2\ISIC_0033865.jpg
HAM10000_images_part_2,ISIC_0033866.jpg,.jpg,339096,HAM10000_images_part_2\ISIC_0033866.jpg
HAM10000_images_part_2,ISIC_0033867.jpg,.jpg,200255,HAM10000_images_part_2\ISIC_0033867.jpg
HAM10000_images_part_2,ISIC_0033868.jpg,.jpg,268479,HAM10000_images_part_2\ISIC_0033868.jpg
HAM10000_images_part_2,ISIC_0033869.jpg,.jpg,300808,HAM10000_images_part_2\ISIC_0033869.jpg
HAM10000_images_part_2,ISIC_0033870.jpg,.jpg,298359,HAM10000_images_part_2\ISIC_0033870.jpg
HAM10000_images_part_2,ISIC_0033871.jpg,.jpg,306058,HAM10000_images_part_2\ISIC_0033871.jpg
HAM10000_images_part_2,ISIC_0033872.jpg,.jpg,311350,HAM10000_images_part_2\ISIC_0033872.jpg
HAM10000_images_part_2,ISIC_0033873.jpg,.jpg,286872,HAM10000_images_part_2\ISIC_0033873.jpg
HAM10000_images_part_2,ISIC_0033874.jpg,.jpg,230994,HAM10000_images_part_2\ISIC_0033874.jpg
HAM10000_images_part_2,ISIC_0033875.jpg,.jpg,283785,HAM10000_images_part_2\ISIC_0033875.jpg
HAM10000_images_part_2,ISIC_0033876.jpg,.jpg,294489,HAM10000_images_part_2\ISIC_0033876.jpg
HAM10000_images_part_2,ISIC_0033877.jpg,.jpg,255388,HAM10000_images_part_2\ISIC_0033877.jpg
HAM10000_images_part_2,ISIC_0033878.jpg,.jpg,353428,HAM10000_images_part_2\ISIC_0033878.jpg
HAM10000_images_part_2,ISIC_0033879.jpg,.jpg,347788,HAM10000_images_part_2\ISIC_0033879.jpg
HAM10000_images_part_2,ISIC_0033880.jpg,.jpg,241309,HAM10000_images_part_2\ISIC_0033880.jpg
HAM10000_images_part_2,ISIC_0033881.jpg,.jpg,301231,HAM10000_images_part_2\ISIC_0033881.jpg
HAM10000_images_part_2,ISIC_0033882.jpg,.jpg,260413,HAM10000_images_part_2\ISIC_0033882.jpg
HAM10000_images_part_2,ISIC_0033883.jpg,.jpg,322266,HAM10000_images_part_2\ISIC_0033883.jpg
HAM10000_images_part_2,ISIC_0033884.jpg,.jpg,278436,HAM10000_images_part_2\ISIC_0033884.jpg
HAM10000_images_part_2,ISIC_0033885.jpg,.jpg,302129,HAM10000_images_part_2\ISIC_0033885.jpg
HAM10000_images_part_2,ISIC_0033886.jpg,.jpg,335112,HAM10000_images_part_2\ISIC_0033886.jpg
HAM10000_images_part_2,ISIC_0033887.jpg,.jpg,219243,HAM10000_images_part_2\ISIC_0033887.jpg
HAM10000_images_part_2,ISIC_0033888.jpg,.jpg,306562,HAM10000_images_part_2\ISIC_0033888.jpg
HAM10000_images_part_2,ISIC_0033889.jpg,.jpg,267632,HAM10000_images_part_2\ISIC_0033889.jpg
HAM10000_images_part_2,ISIC_0033890.jpg,.jpg,271343,HAM10000_images_part_2\ISIC_0033890.jpg
HAM10000_images_part_2,ISIC_0033891.jpg,.jpg,281017,HAM10000_images_part_2\ISIC_0033891.jpg
HAM10000_images_part_2,ISIC_0033892.jpg,.jpg,364941,HAM10000_images_part_2\ISIC_0033892.jpg
HAM10000_images_part_2,ISIC_0033893.jpg,.jpg,344799,HAM10000_images_part_2\ISIC_0033893.jpg
HAM10000_images_part_2,ISIC_0033894.jpg,.jpg,215668,HAM10000_images_part_2\ISIC_0033894.jpg
HAM10000_images_part_2,ISIC_0033895.jpg,.jpg,299855,HAM10000_images_part_2\ISIC_0033895.jpg
HAM10000_images_part_2,ISIC_0033896.jpg,.jpg,288620,HAM10000_images_part_2\ISIC_0033896.jpg
HAM10000_images_part_2,ISIC_0033897.jpg,.jpg,275153,HAM10000_images_part_2\ISIC_0033897.jpg
HAM10000_images_part_2,ISIC_0033898.jpg,.jpg,250133,HAM10000_images_part_2\ISIC_0033898.jpg
HAM10000_images_part_2,ISIC_0033899.jpg,.jpg,281451,HAM10000_images_part_2\ISIC_0033899.jpg
HAM10000_images_part_2,ISIC_0033900.jpg,.jpg,300894,HAM10000_images_part_2\ISIC_0033900.jpg
HAM10000_images_part_2,ISIC_0033901.jpg,.jpg,342745,HAM10000_images_part_2\ISIC_0033901.jpg
HAM10000_images_part_2,ISIC_0033902.jpg,.jpg,351139,HAM10000_images_part_2\ISIC_0033902.jpg
HAM10000_images_part_2,ISIC_0033903.jpg,.jpg,291375,HAM10000_images_part_2\ISIC_0033903.jpg
HAM10000_images_part_2,ISIC_0033904.jpg,.jpg,302659,HAM10000_images_part_2\ISIC_0033904.jpg
HAM10000_images_part_2,ISIC_0033905.jpg,.jpg,294936,HAM10000_images_part_2\ISIC_0033905.jpg
HAM10000_images_part_2,ISIC_0033906.jpg,.jpg,302502,HAM10000_images_part_2\ISIC_0033906.jpg
HAM10000_images_part_2,ISIC_0033907.jpg,.jpg,309825,HAM10000_images_part_2\ISIC_0033907.jpg
HAM10000_images_part_2,ISIC_0033908.jpg,.jpg,281041,HAM10000_images_part_2\ISIC_0033908.jpg
HAM10000_images_part_2,ISIC_0033909.jpg,.jpg,346580,HAM10000_images_part_2\ISIC_0033909.jpg
HAM10000_images_part_2,ISIC_0033910.jpg,.jpg,276512,HAM10000_images_part_2\ISIC_0033910.jpg
HAM10000_images_part_2,ISIC_0033911.jpg,.jpg,305780,HAM10000_images_part_2\ISIC_0033911.jpg
HAM10000_images_part_2,ISIC_0033912.jpg,.jpg,259309,HAM10000_images_part_2\ISIC_0033912.jpg
HAM10000_images_part_2,ISIC_0033913.jpg,.jpg,307381,HAM10000_images_part_2\ISIC_0033913.jpg
HAM10000_images_part_2,ISIC_0033914.jpg,.jpg,280018,HAM10000_images_part_2\ISIC_0033914.jpg
HAM10000_images_part_2,ISIC_0033915.jpg,.jpg,279240,HAM10000_images_part_2\ISIC_0033915.jpg
HAM10000_images_part_2,ISIC_0033916.jpg,.jpg,279284,HAM10000_images_part_2\ISIC_0033916.jpg
HAM10000_images_part_2,ISIC_0033917.jpg,.jpg,205373,HAM10000_images_part_2\ISIC_0033917.jpg
HAM10000_images_part_2,ISIC_0033918.jpg,.jpg,272971,HAM10000_images_part_2\ISIC_0033918.jpg
HAM10000_images_part_2,ISIC_0033919.jpg,.jpg,253481,HAM10000_images_part_2\ISIC_0033919.jpg
HAM10000_images_part_2,ISIC_0033920.jpg,.jpg,269739,HAM10000_images_part_2\ISIC_0033920.jpg
HAM10000_images_part_2,ISIC_0033921.jpg,.jpg,263962,HAM10000_images_part_2\ISIC_0033921.jpg
HAM10000_images_part_2,ISIC_0033922.jpg,.jpg,289461,HAM10000_images_part_2\ISIC_0033922.jpg
HAM10000_images_part_2,ISIC_0033923.jpg,.jpg,287928,HAM10000_images_part_2\ISIC_0033923.jpg
HAM10000_images_part_2,ISIC_0033924.jpg,.jpg,342585,HAM10000_images_part_2\ISIC_0033924.jpg
HAM10000_images_part_2,ISIC_0033925.jpg,.jpg,282427,HAM10000_images_part_2\ISIC_0033925.jpg
HAM10000_images_part_2,ISIC_0033926.jpg,.jpg,198572,HAM10000_images_part_2\ISIC_0033926.jpg
HAM10000_images_part_2,ISIC_0033927.jpg,.jpg,262111,HAM10000_images_part_2\ISIC_0033927.jpg
HAM10000_images_part_2,ISIC_0033928.jpg,.jpg,257126,HAM10000_images_part_2\ISIC_0033928.jpg
HAM10000_images_part_2,ISIC_0033929.jpg,.jpg,305281,HAM10000_images_part_2\ISIC_0033929.jpg
HAM10000_images_part_2,ISIC_0033930.jpg,.jpg,290703,HAM10000_images_part_2\ISIC_0033930.jpg
HAM10000_images_part_2,ISIC_0033931.jpg,.jpg,352925,HAM10000_images_part_2\ISIC_0033931.jpg
HAM10000_images_part_2,ISIC_0033932.jpg,.jpg,297852,HAM10000_images_part_2\ISIC_0033932.jpg
HAM10000_images_part_2,ISIC_0033933.jpg,.jpg,302274,HAM10000_images_part_2\ISIC_0033933.jpg
HAM10000_images_part_2,ISIC_0033934.jpg,.jpg,318226,HAM10000_images_part_2\ISIC_0033934.jpg
HAM10000_images_part_2,ISIC_0033935.jpg,.jpg,269947,HAM10000_images_part_2\ISIC_0033935.jpg
HAM10000_images_part_2,ISIC_0033936.jpg,.jpg,259870,HAM10000_images_part_2\ISIC_0033936.jpg
HAM10000_images_part_2,ISIC_0033937.jpg,.jpg,284169,HAM10000_images_part_2\ISIC_0033937.jpg
HAM10000_images_part_2,ISIC_0033938.jpg,.jpg,199053,HAM10000_images_part_2\ISIC_0033938.jpg
HAM10000_images_part_2,ISIC_0033939.jpg,.jpg,294812,HAM10000_images_part_2\ISIC_0033939.jpg
HAM10000_images_part_2,ISIC_0033940.jpg,.jpg,270433,HAM10000_images_part_2\ISIC_0033940.jpg
HAM10000_images_part_2,ISIC_0033941.jpg,.jpg,272859,HAM10000_images_part_2\ISIC_0033941.jpg
HAM10000_images_part_2,ISIC_0033942.jpg,.jpg,354851,HAM10000_images_part_2\ISIC_0033942.jpg
HAM10000_images_part_2,ISIC_0033943.jpg,.jpg,354794,HAM10000_images_part_2\ISIC_0033943.jpg
HAM10000_images_part_2,ISIC_0033944.jpg,.jpg,265264,HAM10000_images_part_2\ISIC_0033944.jpg
HAM10000_images_part_2,ISIC_0033945.jpg,.jpg,248004,HAM10000_images_part_2\ISIC_0033945.jpg
HAM10000_images_part_2,ISIC_0033946.jpg,.jpg,281759,HAM10000_images_part_2\ISIC_0033946.jpg
HAM10000_images_part_2,ISIC_0033947.jpg,.jpg,345469,HAM10000_images_part_2\ISIC_0033947.jpg
HAM10000_images_part_2,ISIC_0033948.jpg,.jpg,317383,HAM10000_images_part_2\ISIC_0033948.jpg
HAM10000_images_part_2,ISIC_0033949.jpg,.jpg,356633,HAM10000_images_part_2\ISIC_0033949.jpg
HAM10000_images_part_2,ISIC_0033950.jpg,.jpg,357030,HAM10000_images_part_2\ISIC_0033950.jpg
HAM10000_images_part_2,ISIC_0033951.jpg,.jpg,283174,HAM10000_images_part_2\ISIC_0033951.jpg
HAM10000_images_part_2,ISIC_0033952.jpg,.jpg,320851,HAM10000_images_part_2\ISIC_0033952.jpg
HAM10000_images_part_2,ISIC_0033953.jpg,.jpg,258188,HAM10000_images_part_2\ISIC_0033953.jpg
HAM10000_images_part_2,ISIC_0033954.jpg,.jpg,264548,HAM10000_images_part_2\ISIC_0033954.jpg
HAM10000_images_part_2,ISIC_0033955.jpg,.jpg,321963,HAM10000_images_part_2\ISIC_0033955.jpg
HAM10000_images_part_2,ISIC_0033956.jpg,.jpg,194070,HAM10000_images_part_2\ISIC_0033956.jpg
HAM10000_images_part_2,ISIC_0033957.jpg,.jpg,276603,HAM10000_images_part_2\ISIC_0033957.jpg
HAM10000_images_part_2,ISIC_0033958.jpg,.jpg,344734,HAM10000_images_part_2\ISIC_0033958.jpg
HAM10000_images_part_2,ISIC_0033959.jpg,.jpg,331795,HAM10000_images_part_2\ISIC_0033959.jpg
HAM10000_images_part_2,ISIC_0033960.jpg,.jpg,259876,HAM10000_images_part_2\ISIC_0033960.jpg
HAM10000_images_part_2,ISIC_0033961.jpg,.jpg,272235,HAM10000_images_part_2\ISIC_0033961.jpg
HAM10000_images_part_2,ISIC_0033962.jpg,.jpg,281273,HAM10000_images_part_2\ISIC_0033962.jpg
HAM10000_images_part_2,ISIC_0033963.jpg,.jpg,287792,HAM10000_images_part_2\ISIC_0033963.jpg
HAM10000_images_part_2,ISIC_0033964.jpg,.jpg,295967,HAM10000_images_part_2\ISIC_0033964.jpg
HAM10000_images_part_2,ISIC_0033965.jpg,.jpg,87989,HAM10000_images_part_2\ISIC_0033965.jpg
HAM10000_images_part_2,ISIC_0033966.jpg,.jpg,281023,HAM10000_images_part_2\ISIC_0033966.jpg
HAM10000_images_part_2,ISIC_0033967.jpg,.jpg,355413,HAM10000_images_part_2\ISIC_0033967.jpg
HAM10000_images_part_2,ISIC_0033968.jpg,.jpg,298595,HAM10000_images_part_2\ISIC_0033968.jpg
HAM10000_images_part_2,ISIC_0033969.jpg,.jpg,265568,HAM10000_images_part_2\ISIC_0033969.jpg
HAM10000_images_part_2,ISIC_0033970.jpg,.jpg,300106,HAM10000_images_part_2\ISIC_0033970.jpg
HAM10000_images_part_2,ISIC_0033971.jpg,.jpg,275088,HAM10000_images_part_2\ISIC_0033971.jpg
HAM10000_images_part_2,ISIC_0033972.jpg,.jpg,229432,HAM10000_images_part_2\ISIC_0033972.jpg
HAM10000_images_part_2,ISIC_0033973.jpg,.jpg,306087,HAM10000_images_part_2\ISIC_0033973.jpg
HAM10000_images_part_2,ISIC_0033974.jpg,.jpg,261706,HAM10000_images_part_2\ISIC_0033974.jpg
HAM10000_images_part_2,ISIC_0033975.jpg,.jpg,316583,HAM10000_images_part_2\ISIC_0033975.jpg
HAM10000_images_part_2,ISIC_0033976.jpg,.jpg,259008,HAM10000_images_part_2\ISIC_0033976.jpg
HAM10000_images_part_2,ISIC_0033977.jpg,.jpg,280875,HAM10000_images_part_2\ISIC_0033977.jpg
HAM10000_images_part_2,ISIC_0033978.jpg,.jpg,306456,HAM10000_images_part_2\ISIC_0033978.jpg
HAM10000_images_part_2,ISIC_0033979.jpg,.jpg,273577,HAM10000_images_part_2\ISIC_0033979.jpg
HAM10000_images_part_2,ISIC_0033980.jpg,.jpg,308650,HAM10000_images_part_2\ISIC_0033980.jpg
HAM10000_images_part_2,ISIC_0033981.jpg,.jpg,304251,HAM10000_images_part_2\ISIC_0033981.jpg
HAM10000_images_part_2,ISIC_0033982.jpg,.jpg,286506,HAM10000_images_part_2\ISIC_0033982.jpg
HAM10000_images_part_2,ISIC_0033983.jpg,.jpg,328188,HAM10000_images_part_2\ISIC_0033983.jpg
HAM10000_images_part_2,ISIC_0033984.jpg,.jpg,290414,HAM10000_images_part_2\ISIC_0033984.jpg
HAM10000_images_part_2,ISIC_0033985.jpg,.jpg,315507,HAM10000_images_part_2\ISIC_0033985.jpg
HAM10000_images_part_2,ISIC_0033986.jpg,.jpg,335318,HAM10000_images_part_2\ISIC_0033986.jpg
HAM10000_images_part_2,ISIC_0033987.jpg,.jpg,316323,HAM10000_images_part_2\ISIC_0033987.jpg
HAM10000_images_part_2,ISIC_0033988.jpg,.jpg,293294,HAM10000_images_part_2\ISIC_0033988.jpg
HAM10000_images_part_2,ISIC_0033989.jpg,.jpg,296112,HAM10000_images_part_2\ISIC_0033989.jpg
HAM10000_images_part_2,ISIC_0033990.jpg,.jpg,331209,HAM10000_images_part_2\ISIC_0033990.jpg
HAM10000_images_part_2,ISIC_0033991.jpg,.jpg,241649,HAM10000_images_part_2\ISIC_0033991.jpg
HAM10000_images_part_2,ISIC_0033992.jpg,.jpg,267501,HAM10000_images_part_2\ISIC_0033992.jpg
HAM10000_images_part_2,ISIC_0033993.jpg,.jpg,303289,HAM10000_images_part_2\ISIC_0033993.jpg
HAM10000_images_part_2,ISIC_0033994.jpg,.jpg,250130,HAM10000_images_part_2\ISIC_0033994.jpg
HAM10000_images_part_2,ISIC_0033995.jpg,.jpg,284123,HAM10000_images_part_2\ISIC_0033995.jpg
HAM10000_images_part_2,ISIC_0033996.jpg,.jpg,277578,HAM10000_images_part_2\ISIC_0033996.jpg
HAM10000_images_part_2,ISIC_0033997.jpg,.jpg,272817,HAM10000_images_part_2\ISIC_0033997.jpg
HAM10000_images_part_2,ISIC_0033998.jpg,.jpg,253884,HAM10000_images_part_2\ISIC_0033998.jpg
HAM10000_images_part_2,ISIC_0033999.jpg,.jpg,268947,HAM10000_images_part_2\ISIC_0033999.jpg
HAM10000_images_part_2,ISIC_0034000.jpg,.jpg,352663,HAM10000_images_part_2\ISIC_0034000.jpg
HAM10000_images_part_2,ISIC_0034001.jpg,.jpg,219963,HAM10000_images_part_2\ISIC_0034001.jpg
HAM10000_images_part_2,ISIC_0034002.jpg,.jpg,273354,HAM10000_images_part_2\ISIC_0034002.jpg
HAM10000_images_part_2,ISIC_0034003.jpg,.jpg,291071,HAM10000_images_part_2\ISIC_0034003.jpg
HAM10000_images_part_2,ISIC_0034004.jpg,.jpg,183813,HAM10000_images_part_2\ISIC_0034004.jpg
HAM10000_images_part_2,ISIC_0034005.jpg,.jpg,287813,HAM10000_images_part_2\ISIC_0034005.jpg
HAM10000_images_part_2,ISIC_0034006.jpg,.jpg,244689,HAM10000_images_part_2\ISIC_0034006.jpg
HAM10000_images_part_2,ISIC_0034007.jpg,.jpg,356552,HAM10000_images_part_2\ISIC_0034007.jpg
HAM10000_images_part_2,ISIC_0034008.jpg,.jpg,255327,HAM10000_images_part_2\ISIC_0034008.jpg
HAM10000_images_part_2,ISIC_0034009.jpg,.jpg,258839,HAM10000_images_part_2\ISIC_0034009.jpg
HAM10000_images_part_2,ISIC_0034010.jpg,.jpg,221531,HAM10000_images_part_2\ISIC_0034010.jpg
HAM10000_images_part_2,ISIC_0034011.jpg,.jpg,287289,HAM10000_images_part_2\ISIC_0034011.jpg
HAM10000_images_part_2,ISIC_0034012.jpg,.jpg,337033,HAM10000_images_part_2\ISIC_0034012.jpg
HAM10000_images_part_2,ISIC_0034013.jpg,.jpg,293048,HAM10000_images_part_2\ISIC_0034013.jpg
HAM10000_images_part_2,ISIC_0034014.jpg,.jpg,304837,HAM10000_images_part_2\ISIC_0034014.jpg
HAM10000_images_part_2,ISIC_0034015.jpg,.jpg,314304,HAM10000_images_part_2\ISIC_0034015.jpg
HAM10000_images_part_2,ISIC_0034016.jpg,.jpg,267289,HAM10000_images_part_2\ISIC_0034016.jpg
HAM10000_images_part_2,ISIC_0034017.jpg,.jpg,293124,HAM10000_images_part_2\ISIC_0034017.jpg
HAM10000_images_part_2,ISIC_0034018.jpg,.jpg,277430,HAM10000_images_part_2\ISIC_0034018.jpg
HAM10000_images_part_2,ISIC_0034019.jpg,.jpg,290786,HAM10000_images_part_2\ISIC_0034019.jpg
HAM10000_images_part_2,ISIC_0034020.jpg,.jpg,262354,HAM10000_images_part_2\ISIC_0034020.jpg
HAM10000_images_part_2,ISIC_0034021.jpg,.jpg,253788,HAM10000_images_part_2\ISIC_0034021.jpg
HAM10000_images_part_2,ISIC_0034022.jpg,.jpg,222755,HAM10000_images_part_2\ISIC_0034022.jpg
HAM10000_images_part_2,ISIC_0034023.jpg,.jpg,304476,HAM10000_images_part_2\ISIC_0034023.jpg
HAM10000_images_part_2,ISIC_0034024.jpg,.jpg,211872,HAM10000_images_part_2\ISIC_0034024.jpg
HAM10000_images_part_2,ISIC_0034025.jpg,.jpg,294710,HAM10000_images_part_2\ISIC_0034025.jpg
HAM10000_images_part_2,ISIC_0034026.jpg,.jpg,192015,HAM10000_images_part_2\ISIC_0034026.jpg
HAM10000_images_part_2,ISIC_0034027.jpg,.jpg,297081,HAM10000_images_part_2\ISIC_0034027.jpg
HAM10000_images_part_2,ISIC_0034028.jpg,.jpg,230439,HAM10000_images_part_2\ISIC_0034028.jpg
HAM10000_images_part_2,ISIC_0034029.jpg,.jpg,272812,HAM10000_images_part_2\ISIC_0034029.jpg
HAM10000_images_part_2,ISIC_0034030.jpg,.jpg,266379,HAM10000_images_part_2\ISIC_0034030.jpg
HAM10000_images_part_2,ISIC_0034031.jpg,.jpg,388866,HAM10000_images_part_2\ISIC_0034031.jpg
HAM10000_images_part_2,ISIC_0034032.jpg,.jpg,263164,HAM10000_images_part_2\ISIC_0034032.jpg
HAM10000_images_part_2,ISIC_0034033.jpg,.jpg,317562,HAM10000_images_part_2\ISIC_0034033.jpg
HAM10000_images_part_2,ISIC_0034034.jpg,.jpg,381051,HAM10000_images_part_2\ISIC_0034034.jpg
HAM10000_images_part_2,ISIC_0034035.jpg,.jpg,273542,HAM10000_images_part_2\ISIC_0034035.jpg
HAM10000_images_part_2,ISIC_0034036.jpg,.jpg,298865,HAM10000_images_part_2\ISIC_0034036.jpg
HAM10000_images_part_2,ISIC_0034037.jpg,.jpg,307103,HAM10000_images_part_2\ISIC_0034037.jpg
HAM10000_images_part_2,ISIC_0034038.jpg,.jpg,310478,HAM10000_images_part_2\ISIC_0034038.jpg
HAM10000_images_part_2,ISIC_0034039.jpg,.jpg,296242,HAM10000_images_part_2\ISIC_0034039.jpg
HAM10000_images_part_2,ISIC_0034040.jpg,.jpg,300284,HAM10000_images_part_2\ISIC_0034040.jpg
HAM10000_images_part_2,ISIC_0034041.jpg,.jpg,263196,HAM10000_images_part_2\ISIC_0034041.jpg
HAM10000_images_part_2,ISIC_0034042.jpg,.jpg,276591,HAM10000_images_part_2\ISIC_0034042.jpg
HAM10000_images_part_2,ISIC_0034043.jpg,.jpg,276406,HAM10000_images_part_2\ISIC_0034043.jpg
HAM10000_images_part_2,ISIC_0034044.jpg,.jpg,306773,HAM10000_images_part_2\ISIC_0034044.jpg
HAM10000_images_part_2,ISIC_0034045.jpg,.jpg,234054,HAM10000_images_part_2\ISIC_0034045.jpg
HAM10000_images_part_2,ISIC_0034046.jpg,.jpg,314323,HAM10000_images_part_2\ISIC_0034046.jpg
HAM10000_images_part_2,ISIC_0034047.jpg,.jpg,254081,HAM10000_images_part_2\ISIC_0034047.jpg
HAM10000_images_part_2,ISIC_0034048.jpg,.jpg,311767,HAM10000_images_part_2\ISIC_0034048.jpg
HAM10000_images_part_2,ISIC_0034049.jpg,.jpg,330519,HAM10000_images_part_2\ISIC_0034049.jpg
HAM10000_images_part_2,ISIC_0034050.jpg,.jpg,254611,HAM10000_images_part_2\ISIC_0034050.jpg
HAM10000_images_part_2,ISIC_0034051.jpg,.jpg,313357,HAM10000_images_part_2\ISIC_0034051.jpg
HAM10000_images_part_2,ISIC_0034052.jpg,.jpg,306319,HAM10000_images_part_2\ISIC_0034052.jpg
HAM10000_images_part_2,ISIC_0034053.jpg,.jpg,243701,HAM10000_images_part_2\ISIC_0034053.jpg
HAM10000_images_part_2,ISIC_0034054.jpg,.jpg,306077,HAM10000_images_part_2\ISIC_0034054.jpg
HAM10000_images_part_2,ISIC_0034055.jpg,.jpg,281556,HAM10000_images_part_2\ISIC_0034055.jpg
HAM10000_images_part_2,ISIC_0034056.jpg,.jpg,317032,HAM10000_images_part_2\ISIC_0034056.jpg
HAM10000_images_part_2,ISIC_0034057.jpg,.jpg,347059,HAM10000_images_part_2\ISIC_0034057.jpg
HAM10000_images_part_2,ISIC_0034058.jpg,.jpg,332120,HAM10000_images_part_2\ISIC_0034058.jpg
HAM10000_images_part_2,ISIC_0034059.jpg,.jpg,346039,HAM10000_images_part_2\ISIC_0034059.jpg
HAM10000_images_part_2,ISIC_0034060.jpg,.jpg,282652,HAM10000_images_part_2\ISIC_0034060.jpg
HAM10000_images_part_2,ISIC_0034061.jpg,.jpg,269540,HAM10000_images_part_2\ISIC_0034061.jpg
HAM10000_images_part_2,ISIC_0034062.jpg,.jpg,290135,HAM10000_images_part_2\ISIC_0034062.jpg
HAM10000_images_part_2,ISIC_0034063.jpg,.jpg,317920,HAM10000_images_part_2\ISIC_0034063.jpg
HAM10000_images_part_2,ISIC_0034064.jpg,.jpg,272310,HAM10000_images_part_2\ISIC_0034064.jpg
HAM10000_images_part_2,ISIC_0034065.jpg,.jpg,330878,HAM10000_images_part_2\ISIC_0034065.jpg
HAM10000_images_part_2,ISIC_0034066.jpg,.jpg,332942,HAM10000_images_part_2\ISIC_0034066.jpg
HAM10000_images_part_2,ISIC_0034067.jpg,.jpg,283156,HAM10000_images_part_2\ISIC_0034067.jpg
HAM10000_images_part_2,ISIC_0034068.jpg,.jpg,287988,HAM10000_images_part_2\ISIC_0034068.jpg
HAM10000_images_part_2,ISIC_0034069.jpg,.jpg,261568,HAM10000_images_part_2\ISIC_0034069.jpg
HAM10000_images_part_2,ISIC_0034070.jpg,.jpg,203234,HAM10000_images_part_2\ISIC_0034070.jpg
HAM10000_images_part_2,ISIC_0034071.jpg,.jpg,321022,HAM10000_images_part_2\ISIC_0034071.jpg
HAM10000_images_part_2,ISIC_0034072.jpg,.jpg,277143,HAM10000_images_part_2\ISIC_0034072.jpg
HAM10000_images_part_2,ISIC_0034073.jpg,.jpg,286733,HAM10000_images_part_2\ISIC_0034073.jpg
HAM10000_images_part_2,ISIC_0034074.jpg,.jpg,309818,HAM10000_images_part_2\ISIC_0034074.jpg
HAM10000_images_part_2,ISIC_0034075.jpg,.jpg,318091,HAM10000_images_part_2\ISIC_0034075.jpg
HAM10000_images_part_2,ISIC_0034076.jpg,.jpg,293001,HAM10000_images_part_2\ISIC_0034076.jpg
HAM10000_images_part_2,ISIC_0034077.jpg,.jpg,313404,HAM10000_images_part_2\ISIC_0034077.jpg
HAM10000_images_part_2,ISIC_0034078.jpg,.jpg,207364,HAM10000_images_part_2\ISIC_0034078.jpg
HAM10000_images_part_2,ISIC_0034079.jpg,.jpg,266823,HAM10000_images_part_2\ISIC_0034079.jpg
HAM10000_images_part_2,ISIC_0034080.jpg,.jpg,291163,HAM10000_images_part_2\ISIC_0034080.jpg
HAM10000_images_part_2,ISIC_0034081.jpg,.jpg,327859,HAM10000_images_part_2\ISIC_0034081.jpg
HAM10000_images_part_2,ISIC_0034082.jpg,.jpg,317395,HAM10000_images_part_2\ISIC_0034082.jpg
HAM10000_images_part_2,ISIC_0034083.jpg,.jpg,275993,HAM10000_images_part_2\ISIC_0034083.jpg
HAM10000_images_part_2,ISIC_0034084.jpg,.jpg,269233,HAM10000_images_part_2\ISIC_0034084.jpg
HAM10000_images_part_2,ISIC_0034085.jpg,.jpg,291990,HAM10000_images_part_2\ISIC_0034085.jpg
HAM10000_images_part_2,ISIC_0034086.jpg,.jpg,223750,HAM10000_images_part_2\ISIC_0034086.jpg
HAM10000_images_part_2,ISIC_0034087.jpg,.jpg,298456,HAM10000_images_part_2\ISIC_0034087.jpg
HAM10000_images_part_2,ISIC_0034088.jpg,.jpg,276688,HAM10000_images_part_2\ISIC_0034088.jpg
HAM10000_images_part_2,ISIC_0034089.jpg,.jpg,356010,HAM10000_images_part_2\ISIC_0034089.jpg
HAM10000_images_part_2,ISIC_0034090.jpg,.jpg,259482,HAM10000_images_part_2\ISIC_0034090.jpg
HAM10000_images_part_2,ISIC_0034091.jpg,.jpg,370198,HAM10000_images_part_2\ISIC_0034091.jpg
HAM10000_images_part_2,ISIC_0034092.jpg,.jpg,339351,HAM10000_images_part_2\ISIC_0034092.jpg
HAM10000_images_part_2,ISIC_0034093.jpg,.jpg,293107,HAM10000_images_part_2\ISIC_0034093.jpg
HAM10000_images_part_2,ISIC_0034094.jpg,.jpg,282257,HAM10000_images_part_2\ISIC_0034094.jpg
HAM10000_images_part_2,ISIC_0034095.jpg,.jpg,325453,HAM10000_images_part_2\ISIC_0034095.jpg
HAM10000_images_part_2,ISIC_0034096.jpg,.jpg,261281,HAM10000_images_part_2\ISIC_0034096.jpg
HAM10000_images_part_2,ISIC_0034097.jpg,.jpg,256675,HAM10000_images_part_2\ISIC_0034097.jpg
HAM10000_images_part_2,ISIC_0034098.jpg,.jpg,302364,HAM10000_images_part_2\ISIC_0034098.jpg
HAM10000_images_part_2,ISIC_0034099.jpg,.jpg,283027,HAM10000_images_part_2\ISIC_0034099.jpg
HAM10000_images_part_2,ISIC_0034100.jpg,.jpg,200472,HAM10000_images_part_2\ISIC_0034100.jpg
HAM10000_images_part_2,ISIC_0034101.jpg,.jpg,351759,HAM10000_images_part_2\ISIC_0034101.jpg
HAM10000_images_part_2,ISIC_0034102.jpg,.jpg,273630,HAM10000_images_part_2\ISIC_0034102.jpg
HAM10000_images_part_2,ISIC_0034103.jpg,.jpg,305117,HAM10000_images_part_2\ISIC_0034103.jpg
HAM10000_images_part_2,ISIC_0034104.jpg,.jpg,305681,HAM10000_images_part_2\ISIC_0034104.jpg
HAM10000_images_part_2,ISIC_0034105.jpg,.jpg,202247,HAM10000_images_part_2\ISIC_0034105.jpg
HAM10000_images_part_2,ISIC_0034106.jpg,.jpg,218968,HAM10000_images_part_2\ISIC_0034106.jpg
HAM10000_images_part_2,ISIC_0034107.jpg,.jpg,286560,HAM10000_images_part_2\ISIC_0034107.jpg
HAM10000_images_part_2,ISIC_0034108.jpg,.jpg,251284,HAM10000_images_part_2\ISIC_0034108.jpg
HAM10000_images_part_2,ISIC_0034109.jpg,.jpg,292644,HAM10000_images_part_2\ISIC_0034109.jpg
HAM10000_images_part_2,ISIC_0034110.jpg,.jpg,200764,HAM10000_images_part_2\ISIC_0034110.jpg
HAM10000_images_part_2,ISIC_0034111.jpg,.jpg,314496,HAM10000_images_part_2\ISIC_0034111.jpg
HAM10000_images_part_2,ISIC_0034112.jpg,.jpg,277319,HAM10000_images_part_2\ISIC_0034112.jpg
HAM10000_images_part_2,ISIC_0034113.jpg,.jpg,213668,HAM10000_images_part_2\ISIC_0034113.jpg
HAM10000_images_part_2,ISIC_0034114.jpg,.jpg,314475,HAM10000_images_part_2\ISIC_0034114.jpg
HAM10000_images_part_2,ISIC_0034115.jpg,.jpg,340432,HAM10000_images_part_2\ISIC_0034115.jpg
HAM10000_images_part_2,ISIC_0034116.jpg,.jpg,292650,HAM10000_images_part_2\ISIC_0034116.jpg
HAM10000_images_part_2,ISIC_0034117.jpg,.jpg,299189,HAM10000_images_part_2\ISIC_0034117.jpg
HAM10000_images_part_2,ISIC_0034118.jpg,.jpg,221950,HAM10000_images_part_2\ISIC_0034118.jpg
HAM10000_images_part_2,ISIC_0034119.jpg,.jpg,353451,HAM10000_images_part_2\ISIC_0034119.jpg
HAM10000_images_part_2,ISIC_0034120.jpg,.jpg,267669,HAM10000_images_part_2\ISIC_0034120.jpg
HAM10000_images_part_2,ISIC_0034121.jpg,.jpg,268638,HAM10000_images_part_2\ISIC_0034121.jpg
HAM10000_images_part_2,ISIC_0034122.jpg,.jpg,278832,HAM10000_images_part_2\ISIC_0034122.jpg
HAM10000_images_part_2,ISIC_0034123.jpg,.jpg,216589,HAM10000_images_part_2\ISIC_0034123.jpg
HAM10000_images_part_2,ISIC_0034124.jpg,.jpg,308527,HAM10000_images_part_2\ISIC_0034124.jpg
HAM10000_images_part_2,ISIC_0034125.jpg,.jpg,311438,HAM10000_images_part_2\ISIC_0034125.jpg
HAM10000_images_part_2,ISIC_0034126.jpg,.jpg,321368,HAM10000_images_part_2\ISIC_0034126.jpg
HAM10000_images_part_2,ISIC_0034127.jpg,.jpg,341838,HAM10000_images_part_2\ISIC_0034127.jpg
HAM10000_images_part_2,ISIC_0034128.jpg,.jpg,251670,HAM10000_images_part_2\ISIC_0034128.jpg
HAM10000_images_part_2,ISIC_0034129.jpg,.jpg,256637,HAM10000_images_part_2\ISIC_0034129.jpg
HAM10000_images_part_2,ISIC_0034130.jpg,.jpg,293407,HAM10000_images_part_2\ISIC_0034130.jpg
HAM10000_images_part_2,ISIC_0034131.jpg,.jpg,283433,HAM10000_images_part_2\ISIC_0034131.jpg
HAM10000_images_part_2,ISIC_0034132.jpg,.jpg,296282,HAM10000_images_part_2\ISIC_0034132.jpg
HAM10000_images_part_2,ISIC_0034133.jpg,.jpg,282690,HAM10000_images_part_2\ISIC_0034133.jpg
HAM10000_images_part_2,ISIC_0034134.jpg,.jpg,274901,HAM10000_images_part_2\ISIC_0034134.jpg
HAM10000_images_part_2,ISIC_0034135.jpg,.jpg,279322,HAM10000_images_part_2\ISIC_0034135.jpg
HAM10000_images_part_2,ISIC_0034136.jpg,.jpg,313943,HAM10000_images_part_2\ISIC_0034136.jpg
HAM10000_images_part_2,ISIC_0034137.jpg,.jpg,291870,HAM10000_images_part_2\ISIC_0034137.jpg
HAM10000_images_part_2,ISIC_0034138.jpg,.jpg,213761,HAM10000_images_part_2\ISIC_0034138.jpg
HAM10000_images_part_2,ISIC_0034139.jpg,.jpg,257661,HAM10000_images_part_2\ISIC_0034139.jpg
HAM10000_images_part_2,ISIC_0034140.jpg,.jpg,303681,HAM10000_images_part_2\ISIC_0034140.jpg
HAM10000_images_part_2,ISIC_0034141.jpg,.jpg,346577,HAM10000_images_part_2\ISIC_0034141.jpg
HAM10000_images_part_2,ISIC_0034142.jpg,.jpg,300910,HAM10000_images_part_2\ISIC_0034142.jpg
HAM10000_images_part_2,ISIC_0034143.jpg,.jpg,313101,HAM10000_images_part_2\ISIC_0034143.jpg
HAM10000_images_part_2,ISIC_0034144.jpg,.jpg,294285,HAM10000_images_part_2\ISIC_0034144.jpg
HAM10000_images_part_2,ISIC_0034145.jpg,.jpg,319907,HAM10000_images_part_2\ISIC_0034145.jpg
HAM10000_images_part_2,ISIC_0034146.jpg,.jpg,301415,HAM10000_images_part_2\ISIC_0034146.jpg
HAM10000_images_part_2,ISIC_0034147.jpg,.jpg,298380,HAM10000_images_part_2\ISIC_0034147.jpg
HAM10000_images_part_2,ISIC_0034148.jpg,.jpg,248329,HAM10000_images_part_2\ISIC_0034148.jpg
HAM10000_images_part_2,ISIC_0034149.jpg,.jpg,290076,HAM10000_images_part_2\ISIC_0034149.jpg
HAM10000_images_part_2,ISIC_0034150.jpg,.jpg,336458,HAM10000_images_part_2\ISIC_0034150.jpg
HAM10000_images_part_2,ISIC_0034151.jpg,.jpg,314277,HAM10000_images_part_2\ISIC_0034151.jpg
HAM10000_images_part_2,ISIC_0034152.jpg,.jpg,278307,HAM10000_images_part_2\ISIC_0034152.jpg
HAM10000_images_part_2,ISIC_0034153.jpg,.jpg,275469,HAM10000_images_part_2\ISIC_0034153.jpg
HAM10000_images_part_2,ISIC_0034154.jpg,.jpg,312147,HAM10000_images_part_2\ISIC_0034154.jpg
HAM10000_images_part_2,ISIC_0034155.jpg,.jpg,363044,HAM10000_images_part_2\ISIC_0034155.jpg
HAM10000_images_part_2,ISIC_0034156.jpg,.jpg,299644,HAM10000_images_part_2\ISIC_0034156.jpg
HAM10000_images_part_2,ISIC_0034157.jpg,.jpg,277582,HAM10000_images_part_2\ISIC_0034157.jpg
HAM10000_images_part_2,ISIC_0034158.jpg,.jpg,307376,HAM10000_images_part_2\ISIC_0034158.jpg
HAM10000_images_part_2,ISIC_0034159.jpg,.jpg,293244,HAM10000_images_part_2\ISIC_0034159.jpg
HAM10000_images_part_2,ISIC_0034160.jpg,.jpg,289720,HAM10000_images_part_2\ISIC_0034160.jpg
HAM10000_images_part_2,ISIC_0034161.jpg,.jpg,282237,HAM10000_images_part_2\ISIC_0034161.jpg
HAM10000_images_part_2,ISIC_0034162.jpg,.jpg,311317,HAM10000_images_part_2\ISIC_0034162.jpg
HAM10000_images_part_2,ISIC_0034163.jpg,.jpg,272394,HAM10000_images_part_2\ISIC_0034163.jpg
HAM10000_images_part_2,ISIC_0034164.jpg,.jpg,299814,HAM10000_images_part_2\ISIC_0034164.jpg
HAM10000_images_part_2,ISIC_0034165.jpg,.jpg,349380,HAM10000_images_part_2\ISIC_0034165.jpg
HAM10000_images_part_2,ISIC_0034166.jpg,.jpg,226403,HAM10000_images_part_2\ISIC_0034166.jpg
HAM10000_images_part_2,ISIC_0034167.jpg,.jpg,354481,HAM10000_images_part_2\ISIC_0034167.jpg
HAM10000_images_part_2,ISIC_0034168.jpg,.jpg,285442,HAM10000_images_part_2\ISIC_0034168.jpg
HAM10000_images_part_2,ISIC_0034169.jpg,.jpg,289881,HAM10000_images_part_2\ISIC_0034169.jpg
HAM10000_images_part_2,ISIC_0034170.jpg,.jpg,287728,HAM10000_images_part_2\ISIC_0034170.jpg
HAM10000_images_part_2,ISIC_0034171.jpg,.jpg,265825,HAM10000_images_part_2\ISIC_0034171.jpg
HAM10000_images_part_2,ISIC_0034172.jpg,.jpg,270063,HAM10000_images_part_2\ISIC_0034172.jpg
HAM10000_images_part_2,ISIC_0034173.jpg,.jpg,317403,HAM10000_images_part_2\ISIC_0034173.jpg
HAM10000_images_part_2,ISIC_0034174.jpg,.jpg,311541,HAM10000_images_part_2\ISIC_0034174.jpg
HAM10000_images_part_2,ISIC_0034175.jpg,.jpg,352522,HAM10000_images_part_2\ISIC_0034175.jpg
HAM10000_images_part_2,ISIC_0034176.jpg,.jpg,243700,HAM10000_images_part_2\ISIC_0034176.jpg
HAM10000_images_part_2,ISIC_0034177.jpg,.jpg,276415,HAM10000_images_part_2\ISIC_0034177.jpg
HAM10000_images_part_2,ISIC_0034178.jpg,.jpg,254239,HAM10000_images_part_2\ISIC_0034178.jpg
HAM10000_images_part_2,ISIC_0034179.jpg,.jpg,297396,HAM10000_images_part_2\ISIC_0034179.jpg
HAM10000_images_part_2,ISIC_0034180.jpg,.jpg,224046,HAM10000_images_part_2\ISIC_0034180.jpg
HAM10000_images_part_2,ISIC_0034181.jpg,.jpg,267906,HAM10000_images_part_2\ISIC_0034181.jpg
HAM10000_images_part_2,ISIC_0034182.jpg,.jpg,313412,HAM10000_images_part_2\ISIC_0034182.jpg
HAM10000_images_part_2,ISIC_0034183.jpg,.jpg,301535,HAM10000_images_part_2\ISIC_0034183.jpg
HAM10000_images_part_2,ISIC_0034184.jpg,.jpg,248967,HAM10000_images_part_2\ISIC_0034184.jpg
HAM10000_images_part_2,ISIC_0034185.jpg,.jpg,290146,HAM10000_images_part_2\ISIC_0034185.jpg
HAM10000_images_part_2,ISIC_0034186.jpg,.jpg,345684,HAM10000_images_part_2\ISIC_0034186.jpg
HAM10000_images_part_2,ISIC_0034187.jpg,.jpg,331889,HAM10000_images_part_2\ISIC_0034187.jpg
HAM10000_images_part_2,ISIC_0034188.jpg,.jpg,309844,HAM10000_images_part_2\ISIC_0034188.jpg
HAM10000_images_part_2,ISIC_0034189.jpg,.jpg,373083,HAM10000_images_part_2\ISIC_0034189.jpg
HAM10000_images_part_2,ISIC_0034190.jpg,.jpg,193435,HAM10000_images_part_2\ISIC_0034190.jpg
HAM10000_images_part_2,ISIC_0034191.jpg,.jpg,265314,HAM10000_images_part_2\ISIC_0034191.jpg
HAM10000_images_part_2,ISIC_0034192.jpg,.jpg,332722,HAM10000_images_part_2\ISIC_0034192.jpg
HAM10000_images_part_2,ISIC_0034193.jpg,.jpg,264727,HAM10000_images_part_2\ISIC_0034193.jpg
HAM10000_images_part_2,ISIC_0034194.jpg,.jpg,301518,HAM10000_images_part_2\ISIC_0034194.jpg
HAM10000_images_part_2,ISIC_0034195.jpg,.jpg,268782,HAM10000_images_part_2\ISIC_0034195.jpg
HAM10000_images_part_2,ISIC_0034196.jpg,.jpg,271367,HAM10000_images_part_2\ISIC_0034196.jpg
HAM10000_images_part_2,ISIC_0034197.jpg,.jpg,343318,HAM10000_images_part_2\ISIC_0034197.jpg
HAM10000_images_part_2,ISIC_0034198.jpg,.jpg,276589,HAM10000_images_part_2\ISIC_0034198.jpg
HAM10000_images_part_2,ISIC_0034199.jpg,.jpg,285349,HAM10000_images_part_2\ISIC_0034199.jpg
HAM10000_images_part_2,ISIC_0034200.jpg,.jpg,266363,HAM10000_images_part_2\ISIC_0034200.jpg
HAM10000_images_part_2,ISIC_0034201.jpg,.jpg,197312,HAM10000_images_part_2\ISIC_0034201.jpg
HAM10000_images_part_2,ISIC_0034202.jpg,.jpg,249638,HAM10000_images_part_2\ISIC_0034202.jpg
HAM10000_images_part_2,ISIC_0034203.jpg,.jpg,195512,HAM10000_images_part_2\ISIC_0034203.jpg
HAM10000_images_part_2,ISIC_0034204.jpg,.jpg,315094,HAM10000_images_part_2\ISIC_0034204.jpg
HAM10000_images_part_2,ISIC_0034205.jpg,.jpg,270750,HAM10000_images_part_2\ISIC_0034205.jpg
HAM10000_images_part_2,ISIC_0034206.jpg,.jpg,296989,HAM10000_images_part_2\ISIC_0034206.jpg
HAM10000_images_part_2,ISIC_0034207.jpg,.jpg,172339,HAM10000_images_part_2\ISIC_0034207.jpg
HAM10000_images_part_2,ISIC_0034208.jpg,.jpg,365702,HAM10000_images_part_2\ISIC_0034208.jpg
HAM10000_images_part_2,ISIC_0034209.jpg,.jpg,291678,HAM10000_images_part_2\ISIC_0034209.jpg
HAM10000_images_part_2,ISIC_0034210.jpg,.jpg,282170,HAM10000_images_part_2\ISIC_0034210.jpg
HAM10000_images_part_2,ISIC_0034211.jpg,.jpg,273992,HAM10000_images_part_2\ISIC_0034211.jpg
HAM10000_images_part_2,ISIC_0034212.jpg,.jpg,318304,HAM10000_images_part_2\ISIC_0034212.jpg
HAM10000_images_part_2,ISIC_0034213.jpg,.jpg,302931,HAM10000_images_part_2\ISIC_0034213.jpg
HAM10000_images_part_2,ISIC_0034214.jpg,.jpg,328436,HAM10000_images_part_2\ISIC_0034214.jpg
HAM10000_images_part_2,ISIC_0034215.jpg,.jpg,316198,HAM10000_images_part_2\ISIC_0034215.jpg
HAM10000_images_part_2,ISIC_0034216.jpg,.jpg,345390,HAM10000_images_part_2\ISIC_0034216.jpg
HAM10000_images_part_2,ISIC_0034217.jpg,.jpg,269739,HAM10000_images_part_2\ISIC_0034217.jpg
HAM10000_images_part_2,ISIC_0034218.jpg,.jpg,287483,HAM10000_images_part_2\ISIC_0034218.jpg
HAM10000_images_part_2,ISIC_0034219.jpg,.jpg,290985,HAM10000_images_part_2\ISIC_0034219.jpg
HAM10000_images_part_2,ISIC_0034220.jpg,.jpg,285775,HAM10000_images_part_2\ISIC_0034220.jpg
HAM10000_images_part_2,ISIC_0034221.jpg,.jpg,242624,HAM10000_images_part_2\ISIC_0034221.jpg
HAM10000_images_part_2,ISIC_0034222.jpg,.jpg,273628,HAM10000_images_part_2\ISIC_0034222.jpg
HAM10000_images_part_2,ISIC_0034223.jpg,.jpg,317842,HAM10000_images_part_2\ISIC_0034223.jpg
HAM10000_images_part_2,ISIC_0034224.jpg,.jpg,291097,HAM10000_images_part_2\ISIC_0034224.jpg
HAM10000_images_part_2,ISIC_0034225.jpg,.jpg,306453,HAM10000_images_part_2\ISIC_0034225.jpg
HAM10000_images_part_2,ISIC_0034226.jpg,.jpg,284873,HAM10000_images_part_2\ISIC_0034226.jpg
HAM10000_images_part_2,ISIC_0034227.jpg,.jpg,273730,HAM10000_images_part_2\ISIC_0034227.jpg
HAM10000_images_part_2,ISIC_0034228.jpg,.jpg,365675,HAM10000_images_part_2\ISIC_0034228.jpg
HAM10000_images_part_2,ISIC_0034229.jpg,.jpg,311305,HAM10000_images_part_2\ISIC_0034229.jpg
HAM10000_images_part_2,ISIC_0034230.jpg,.jpg,213123,HAM10000_images_part_2\ISIC_0034230.jpg
HAM10000_images_part_2,ISIC_0034231.jpg,.jpg,313604,HAM10000_images_part_2\ISIC_0034231.jpg
HAM10000_images_part_2,ISIC_0034232.jpg,.jpg,261143,HAM10000_images_part_2\ISIC_0034232.jpg
HAM10000_images_part_2,ISIC_0034233.jpg,.jpg,191733,HAM10000_images_part_2\ISIC_0034233.jpg
HAM10000_images_part_2,ISIC_0034234.jpg,.jpg,317439,HAM10000_images_part_2\ISIC_0034234.jpg
HAM10000_images_part_2,ISIC_0034235.jpg,.jpg,347742,HAM10000_images_part_2\ISIC_0034235.jpg
HAM10000_images_part_2,ISIC_0034236.jpg,.jpg,295392,HAM10000_images_part_2\ISIC_0034236.jpg
HAM10000_images_part_2,ISIC_0034237.jpg,.jpg,271745,HAM10000_images_part_2\ISIC_0034237.jpg
HAM10000_images_part_2,ISIC_0034238.jpg,.jpg,305544,HAM10000_images_part_2\ISIC_0034238.jpg
HAM10000_images_part_2,ISIC_0034239.jpg,.jpg,288830,HAM10000_images_part_2\ISIC_0034239.jpg
HAM10000_images_part_2,ISIC_0034240.jpg,.jpg,298458,HAM10000_images_part_2\ISIC_0034240.jpg
HAM10000_images_part_2,ISIC_0034241.jpg,.jpg,257575,HAM10000_images_part_2\ISIC_0034241.jpg
HAM10000_images_part_2,ISIC_0034242.jpg,.jpg,331097,HAM10000_images_part_2\ISIC_0034242.jpg
HAM10000_images_part_2,ISIC_0034243.jpg,.jpg,296768,HAM10000_images_part_2\ISIC_0034243.jpg
HAM10000_images_part_2,ISIC_0034244.jpg,.jpg,303930,HAM10000_images_part_2\ISIC_0034244.jpg
HAM10000_images_part_2,ISIC_0034245.jpg,.jpg,292630,HAM10000_images_part_2\ISIC_0034245.jpg
HAM10000_images_part_2,ISIC_0034246.jpg,.jpg,282487,HAM10000_images_part_2\ISIC_0034246.jpg
HAM10000_images_part_2,ISIC_0034247.jpg,.jpg,310683,HAM10000_images_part_2\ISIC_0034247.jpg
HAM10000_images_part_2,ISIC_0034248.jpg,.jpg,350367,HAM10000_images_part_2\ISIC_0034248.jpg
HAM10000_images_part_2,ISIC_0034249.jpg,.jpg,290241,HAM10000_images_part_2\ISIC_0034249.jpg
HAM10000_images_part_2,ISIC_0034250.jpg,.jpg,293359,HAM10000_images_part_2\ISIC_0034250.jpg
HAM10000_images_part_2,ISIC_0034251.jpg,.jpg,244089,HAM10000_images_part_2\ISIC_0034251.jpg
HAM10000_images_part_2,ISIC_0034252.jpg,.jpg,319730,HAM10000_images_part_2\ISIC_0034252.jpg
HAM10000_images_part_2,ISIC_0034253.jpg,.jpg,349310,HAM10000_images_part_2\ISIC_0034253.jpg
HAM10000_images_part_2,ISIC_0034254.jpg,.jpg,352488,HAM10000_images_part_2\ISIC_0034254.jpg
HAM10000_images_part_2,ISIC_0034255.jpg,.jpg,265272,HAM10000_images_part_2\ISIC_0034255.jpg
HAM10000_images_part_2,ISIC_0034256.jpg,.jpg,301245,HAM10000_images_part_2\ISIC_0034256.jpg
HAM10000_images_part_2,ISIC_0034257.jpg,.jpg,276988,HAM10000_images_part_2\ISIC_0034257.jpg
HAM10000_images_part_2,ISIC_0034258.jpg,.jpg,286273,HAM10000_images_part_2\ISIC_0034258.jpg
HAM10000_images_part_2,ISIC_0034259.jpg,.jpg,381746,HAM10000_images_part_2\ISIC_0034259.jpg
HAM10000_images_part_2,ISIC_0034260.jpg,.jpg,279876,HAM10000_images_part_2\ISIC_0034260.jpg
HAM10000_images_part_2,ISIC_0034261.jpg,.jpg,275053,HAM10000_images_part_2\ISIC_0034261.jpg
HAM10000_images_part_2,ISIC_0034262.jpg,.jpg,327976,HAM10000_images_part_2\ISIC_0034262.jpg
HAM10000_images_part_2,ISIC_0034263.jpg,.jpg,296863,HAM10000_images_part_2\ISIC_0034263.jpg
HAM10000_images_part_2,ISIC_0034264.jpg,.jpg,250541,HAM10000_images_part_2\ISIC_0034264.jpg
HAM10000_images_part_2,ISIC_0034265.jpg,.jpg,298959,HAM10000_images_part_2\ISIC_0034265.jpg
HAM10000_images_part_2,ISIC_0034266.jpg,.jpg,264082,HAM10000_images_part_2\ISIC_0034266.jpg
HAM10000_images_part_2,ISIC_0034267.jpg,.jpg,284191,HAM10000_images_part_2\ISIC_0034267.jpg
HAM10000_images_part_2,ISIC_0034268.jpg,.jpg,289976,HAM10000_images_part_2\ISIC_0034268.jpg
HAM10000_images_part_2,ISIC_0034269.jpg,.jpg,194212,HAM10000_images_part_2\ISIC_0034269.jpg
HAM10000_images_part_2,ISIC_0034270.jpg,.jpg,284459,HAM10000_images_part_2\ISIC_0034270.jpg
HAM10000_images_part_2,ISIC_0034271.jpg,.jpg,275863,HAM10000_images_part_2\ISIC_0034271.jpg
HAM10000_images_part_2,ISIC_0034272.jpg,.jpg,195783,HAM10000_images_part_2\ISIC_0034272.jpg
HAM10000_images_part_2,ISIC_0034273.jpg,.jpg,333527,HAM10000_images_part_2\ISIC_0034273.jpg
HAM10000_images_part_2,ISIC_0034274.jpg,.jpg,307203,HAM10000_images_part_2\ISIC_0034274.jpg
HAM10000_images_part_2,ISIC_0034275.jpg,.jpg,351971,HAM10000_images_part_2\ISIC_0034275.jpg
HAM10000_images_part_2,ISIC_0034276.jpg,.jpg,345511,HAM10000_images_part_2\ISIC_0034276.jpg
HAM10000_images_part_2,ISIC_0034277.jpg,.jpg,281366,HAM10000_images_part_2\ISIC_0034277.jpg
HAM10000_images_part_2,ISIC_0034278.jpg,.jpg,322848,HAM10000_images_part_2\ISIC_0034278.jpg
HAM10000_images_part_2,ISIC_0034279.jpg,.jpg,307022,HAM10000_images_part_2\ISIC_0034279.jpg
HAM10000_images_part_2,ISIC_0034280.jpg,.jpg,244539,HAM10000_images_part_2\ISIC_0034280.jpg
HAM10000_images_part_2,ISIC_0034281.jpg,.jpg,269772,HAM10000_images_part_2\ISIC_0034281.jpg
HAM10000_images_part_2,ISIC_0034282.jpg,.jpg,258150,HAM10000_images_part_2\ISIC_0034282.jpg
HAM10000_images_part_2,ISIC_0034283.jpg,.jpg,299683,HAM10000_images_part_2\ISIC_0034283.jpg
HAM10000_images_part_2,ISIC_0034284.jpg,.jpg,327933,HAM10000_images_part_2\ISIC_0034284.jpg
HAM10000_images_part_2,ISIC_0034285.jpg,.jpg,326696,HAM10000_images_part_2\ISIC_0034285.jpg
HAM10000_images_part_2,ISIC_0034286.jpg,.jpg,282595,HAM10000_images_part_2\ISIC_0034286.jpg
HAM10000_images_part_2,ISIC_0034287.jpg,.jpg,274269,HAM10000_images_part_2\ISIC_0034287.jpg
HAM10000_images_part_2,ISIC_0034288.jpg,.jpg,276544,HAM10000_images_part_2\ISIC_0034288.jpg
HAM10000_images_part_2,ISIC_0034289.jpg,.jpg,325357,HAM10000_images_part_2\ISIC_0034289.jpg
HAM10000_images_part_2,ISIC_0034290.jpg,.jpg,311936,HAM10000_images_part_2\ISIC_0034290.jpg
HAM10000_images_part_2,ISIC_0034291.jpg,.jpg,306224,HAM10000_images_part_2\ISIC_0034291.jpg
HAM10000_images_part_2,ISIC_0034292.jpg,.jpg,175825,HAM10000_images_part_2\ISIC_0034292.jpg
HAM10000_images_part_2,ISIC_0034293.jpg,.jpg,290429,HAM10000_images_part_2\ISIC_0034293.jpg
HAM10000_images_part_2,ISIC_0034294.jpg,.jpg,358701,HAM10000_images_part_2\ISIC_0034294.jpg
HAM10000_images_part_2,ISIC_0034295.jpg,.jpg,298657,HAM10000_images_part_2\ISIC_0034295.jpg
HAM10000_images_part_2,ISIC_0034296.jpg,.jpg,190501,HAM10000_images_part_2\ISIC_0034296.jpg
HAM10000_images_part_2,ISIC_0034297.jpg,.jpg,278233,HAM10000_images_part_2\ISIC_0034297.jpg
HAM10000_images_part_2,ISIC_0034298.jpg,.jpg,201274,HAM10000_images_part_2\ISIC_0034298.jpg
HAM10000_images_part_2,ISIC_0034299.jpg,.jpg,224161,HAM10000_images_part_2\ISIC_0034299.jpg
HAM10000_images_part_2,ISIC_0034300.jpg,.jpg,291421,HAM10000_images_part_2\ISIC_0034300.jpg
HAM10000_images_part_2,ISIC_0034301.jpg,.jpg,194759,HAM10000_images_part_2\ISIC_0034301.jpg
HAM10000_images_part_2,ISIC_0034302.jpg,.jpg,335273,HAM10000_images_part_2\ISIC_0034302.jpg
HAM10000_images_part_2,ISIC_0034303.jpg,.jpg,359990,HAM10000_images_part_2\ISIC_0034303.jpg
HAM10000_images_part_2,ISIC_0034304.jpg,.jpg,242865,HAM10000_images_part_2\ISIC_0034304.jpg
HAM10000_images_part_2,ISIC_0034305.jpg,.jpg,252979,HAM10000_images_part_2\ISIC_0034305.jpg
HAM10000_images_part_2,ISIC_0034306.jpg,.jpg,304567,HAM10000_images_part_2\ISIC_0034306.jpg
HAM10000_images_part_2,ISIC_0034307.jpg,.jpg,275758,HAM10000_images_part_2\ISIC_0034307.jpg
HAM10000_images_part_2,ISIC_0034308.jpg,.jpg,293374,HAM10000_images_part_2\ISIC_0034308.jpg
HAM10000_images_part_2,ISIC_0034309.jpg,.jpg,283486,HAM10000_images_part_2\ISIC_0034309.jpg
HAM10000_images_part_2,ISIC_0034310.jpg,.jpg,295286,HAM10000_images_part_2\ISIC_0034310.jpg
HAM10000_images_part_2,ISIC_0034311.jpg,.jpg,317582,HAM10000_images_part_2\ISIC_0034311.jpg
HAM10000_images_part_2,ISIC_0034312.jpg,.jpg,325608,HAM10000_images_part_2\ISIC_0034312.jpg
HAM10000_images_part_2,ISIC_0034313.jpg,.jpg,330446,HAM10000_images_part_2\ISIC_0034313.jpg
HAM10000_images_part_2,ISIC_0034314.jpg,.jpg,295452,HAM10000_images_part_2\ISIC_0034314.jpg
HAM10000_images_part_2,ISIC_0034315.jpg,.jpg,344506,HAM10000_images_part_2\ISIC_0034315.jpg
HAM10000_images_part_2,ISIC_0034316.jpg,.jpg,322377,HAM10000_images_part_2\ISIC_0034316.jpg
HAM10000_images_part_2,ISIC_0034317.jpg,.jpg,238307,HAM10000_images_part_2\ISIC_0034317.jpg
HAM10000_images_part_2,ISIC_0034318.jpg,.jpg,310929,HAM10000_images_part_2\ISIC_0034318.jpg
HAM10000_images_part_2,ISIC_0034319.jpg,.jpg,309164,HAM10000_images_part_2\ISIC_0034319.jpg
HAM10000_images_part_2,ISIC_0034320.jpg,.jpg,336322,HAM10000_images_part_2\ISIC_0034320.jpg
