relative_path,status,error_message,width,height,mode
HAM10000_images_part_1\ISIC_0024306.jpg,OK,,600,450,RGB
HAM10000_images_part_1\ISIC_0024307.jpg,OK,,600,450,RGB
HAM10000_images_part_1\ISIC_0024308.jpg,OK,,600,450,RGB
HAM10000_images_part_1\ISIC_0024309.jpg,OK,,600,450,RGB
HAM10000_images_part_1\ISIC_0024310.jpg,OK,,600,450,RGB
HAM10000_images_part_1\ISIC_0024311.jpg,OK,,600,450,RGB
HAM10000_images_part_1\ISIC_0024312.jpg,OK,,600,450,RGB
HAM10000_images_part_1\ISIC_0024313.jpg,OK,,600,450,RGB
HAM10000_images_part_1\ISIC_0024314.jpg,OK,,600,450,RGB
HAM10000_images_part_1\ISIC_0024315.jpg,OK,,600,450,RGB
HAM10000_images_part_1\ISIC_0024316.jpg,OK,,600,450,RGB
HAM10000_images_part_1\ISIC_0024317.jpg,OK,,600,450,RGB
HAM10000_images_part_1\ISIC_0024318.jpg,OK,,600,450,RGB
HAM10000_images_part_1\ISIC_0024319.jpg,OK,,600,450,RGB
HAM10000_images_part_1\ISIC_0024320.jpg,OK,,600,450,RGB
HAM10000_images_part_1\ISIC_0024321.jpg,OK,,600,450,RGB
HAM10000_images_part_1\ISIC_0024322.jpg,OK,,600,450,RGB
HAM10000_images_part_1\ISIC_0024323.jpg,OK,,600,450,RGB
HAM10000_images_part_1\ISIC_0024324.jpg,OK,,600,450,RGB
HAM10000_images_part_1\ISIC_0024325.jpg,OK,,600,450,RGB
HAM10000_images_part_1\ISIC_0024326.jpg,OK,,600,450,RGB
HAM10000_images_part_1\ISIC_0024327.jpg,OK,,600,450,RGB
HAM10000_images_part_1\ISIC_0024328.jpg,OK,,600,450,RGB
HAM10000_images_part_1\ISIC_0024329.jpg,OK,,600,450,RGB
HAM10000_images_part_1\ISIC_0024330.jpg,OK,,600,450,RGB
HAM10000_images_part_1\ISIC_0024331.jpg,OK,,600,450,RGB
HAM10000_images_part_1\ISIC_0024332.jpg,OK,,600,450,RGB
HAM10000_images_part_1\ISIC_0024333.jpg,OK,,600,450,RGB
HAM10000_images_part_1\ISIC_0024334.jpg,OK,,600,450,RGB
HAM10000_images_part_1\ISIC_0024335.jpg,OK,,600,450,RGB
HAM10000_images_part_1\ISIC_0024336.jpg,OK,,600,450,RGB
HAM10000_images_part_1\ISIC_0024337.jpg,OK,,600,450,RGB
HAM10000_images_part_1\ISIC_0024338.jpg,OK,,600,450,RGB
HAM10000_images_part_1\ISIC_0024339.jpg,OK,,600,450,RGB
HAM10000_images_part_1\ISIC_0024340.jpg,OK,,600,450,RGB
HAM10000_images_part_1\ISIC_0024341.jpg,OK,,600,450,RGB
HAM10000_images_part_1\ISIC_0024342.jpg,OK,,600,450,RGB
HAM10000_images_part_1\ISIC_0024343.jpg,OK,,600,450,RGB
HAM10000_images_part_1\ISIC_0024344.jpg,OK,,600,450,RGB
HAM10000_images_part_1\ISIC_0024345.jpg,OK,,600,450,RGB
HAM10000_images_part_1\ISIC_0024346.jpg,OK,,600,450,RGB
HAM10000_images_part_1\ISIC_0024347.jpg,OK,,600,450,RGB
HAM10000_images_part_1\ISIC_0024348.jpg,OK,,600,450,RGB
HAM10000_images_part_1\ISIC_0024349.jpg,OK,,600,450,RGB
HAM10000_images_part_1\ISIC_0024350.jpg,OK,,600,450,RGB
HAM10000_images_part_1\ISIC_0024351.jpg,OK,,600,450,RGB
HAM10000_images_part_1\ISIC_0024352.jpg,OK,,600,450,RGB
HAM10000_images_part_1\ISIC_0024353.jpg,OK,,600,450,RGB
HAM10000_images_part_1\ISIC_0024354.jpg,OK,,600,450,RGB
HAM10000_images_part_1\ISIC_0024355.jpg,OK,,600,450,RGB
HAM10000_images_part_1\ISIC_0024356.jpg,OK,,600,450,RGB
HAM10000_images_part_1\ISIC_0024357.jpg,OK,,600,450,RGB
HAM10000_images_part_1\ISIC_0024358.jpg,OK,,600,450,RGB
HAM10000_images_part_1\ISIC_0024359.jpg,OK,,600,450,RGB
HAM10000_images_part_1\ISIC_0024360.jpg,OK,,600,450,RGB
HAM10000_images_part_1\ISIC_0024361.jpg,OK,,600,450,RGB
HAM10000_images_part_1\ISIC_0024362.jpg,OK,,600,450,RGB
HAM10000_images_part_1\ISIC_0024363.jpg,OK,,600,450,RGB
HAM10000_images_part_1\ISIC_0024364.jpg,OK,,600,450,RGB
HAM10000_images_part_1\ISIC_0024365.jpg,OK,,600,450,RGB
HAM10000_images_part_1\ISIC_0024366.jpg,OK,,600,450,RGB
HAM10000_images_part_1\ISIC_0024367.jpg,OK,,600,450,RGB
HAM10000_images_part_1\ISIC_0024368.jpg,OK,,600,450,RGB
HAM10000_images_part_1\ISIC_0024369.jpg,OK,,600,450,RGB
HAM10000_images_part_1\ISIC_0024370.jpg,OK,,600,450,RGB
HAM10000_images_part_1\ISIC_0024371.jpg,OK,,600,450,RGB
HAM10000_images_part_1\ISIC_0024372.jpg,OK,,600,450,RGB
HAM10000_images_part_1\ISIC_0024373.jpg,OK,,600,450,RGB
HAM10000_images_part_1\ISIC_0024374.jpg,OK,,600,450,RGB
HAM10000_images_part_1\ISIC_0024375.jpg,OK,,600,450,RGB
HAM10000_images_part_1\ISIC_0024376.jpg,OK,,600,450,RGB
HAM10000_images_part_1\ISIC_0024377.jpg,OK,,600,450,RGB
HAM10000_images_part_1\ISIC_0024378.jpg,OK,,600,450,RGB
HAM10000_images_part_1\ISIC_0024379.jpg,OK,,600,450,RGB
HAM10000_images_part_1\ISIC_0024380.jpg,OK,,600,450,RGB
HAM10000_images_part_1\ISIC_0024381.jpg,OK,,600,450,RGB
HAM10000_images_part_1\ISIC_0024382.jpg,OK,,600,450,RGB
HAM10000_images_part_1\ISIC_0024383.jpg,OK,,600,450,RGB
HAM10000_images_part_1\ISIC_0024384.jpg,OK,,600,450,RGB
HAM10000_images_part_1\ISIC_0024385.jpg,OK,,600,450,RGB
HAM10000_images_part_1\ISIC_0024386.jpg,OK,,600,450,RGB
HAM10000_images_part_1\ISIC_0024387.jpg,OK,,600,450,RGB
HAM10000_images_part_1\ISIC_0024388.jpg,OK,,600,450,RGB
HAM10000_images_part_1\ISIC_0024389.jpg,OK,,600,450,RGB
HAM10000_images_part_1\ISIC_0024390.jpg,OK,,600,450,RGB
HAM10000_images_part_1\ISIC_0024391.jpg,OK,,600,450,RGB
HAM10000_images_part_1\ISIC_0024392.jpg,OK,,600,450,RGB
HAM10000_images_part_1\ISIC_0024393.jpg,OK,,600,450,RGB
HAM10000_images_part_1\ISIC_0024394.jpg,OK,,600,450,RGB
HAM10000_images_part_1\ISIC_0024395.jpg,OK,,600,450,RGB
HAM10000_images_part_1\ISIC_0024396.jpg,OK,,600,450,RGB
HAM10000_images_part_1\ISIC_0024397.jpg,OK,,600,450,RGB
HAM10000_images_part_1\ISIC_0024398.jpg,OK,,600,450,RGB
HAM10000_images_part_1\ISIC_0024399.jpg,OK,,600,450,RGB
HAM10000_images_part_1\ISIC_0024400.jpg,OK,,600,450,RGB
HAM10000_images_part_1\ISIC_0024401.jpg,OK,,600,450,RGB
HAM10000_images_part_1\ISIC_0024402.jpg,OK,,600,450,RGB
HAM10000_images_part_1\ISIC_0024403.jpg,OK,,600,450,RGB
HAM10000_images_part_1\ISIC_0024404.jpg,OK,,600,450,RGB
HAM10000_images_part_1\ISIC_0024405.jpg,OK,,600,450,RGB
HAM10000_images_part_1\ISIC_0024406.jpg,OK,,600,450,RGB
HAM10000_images_part_1\ISIC_0024407.jpg,OK,,600,450,RGB
HAM10000_images_part_1\ISIC_0024408.jpg,OK,,600,450,RGB
HAM10000_images_part_1\ISIC_0024409.jpg,OK,,600,450,RGB
HAM10000_images_part_1\ISIC_0024410.jpg,OK,,600,450,RGB
HAM10000_images_part_1\ISIC_0024411.jpg,OK,,600,450,RGB
HAM10000_images_part_1\ISIC_0024412.jpg,OK,,600,450,RGB
HAM10000_images_part_1\ISIC_0024413.jpg,OK,,600,450,RGB
HAM10000_images_part_1\ISIC_0024414.jpg,OK,,600,450,RGB
HAM10000_images_part_1\ISIC_0024415.jpg,OK,,600,450,RGB
HAM10000_images_part_1\ISIC_0024416.jpg,OK,,600,450,RGB
HAM10000_images_part_1\ISIC_0024417.jpg,OK,,600,450,RGB
HAM10000_images_part_1\ISIC_0024418.jpg,OK,,600,450,RGB
HAM10000_images_part_1\ISIC_0024419.jpg,OK,,600,450,RGB
HAM10000_images_part_1\ISIC_0024420.jpg,OK,,600,450,RGB
HAM10000_images_part_1\ISIC_0024421.jpg,OK,,600,450,RGB
HAM10000_images_part_1\ISIC_0024422.jpg,OK,,600,450,RGB
HAM10000_images_part_1\ISIC_0024423.jpg,OK,,600,450,RGB
HAM10000_images_part_1\ISIC_0024424.jpg,OK,,600,450,RGB
HAM10000_images_part_1\ISIC_0024425.jpg,OK,,600,450,RGB
HAM10000_images_part_1\ISIC_0024426.jpg,OK,,600,450,RGB
HAM10000_images_part_1\ISIC_0024427.jpg,OK,,600,450,RGB
HAM10000_images_part_1\ISIC_0024428.jpg,OK,,600,450,RGB
HAM10000_images_part_1\ISIC_0024429.jpg,OK,,600,450,RGB
HAM10000_images_part_1\ISIC_0024430.jpg,OK,,600,450,RGB
HAM10000_images_part_1\ISIC_0024431.jpg,OK,,600,450,RGB
HAM10000_images_part_1\ISIC_0024432.jpg,OK,,600,450,RGB
HAM10000_images_part_1\ISIC_0024433.jpg,OK,,600,450,RGB
HAM10000_images_part_1\ISIC_0024434.jpg,OK,,600,450,RGB
HAM10000_images_part_1\ISIC_0024435.jpg,OK,,600,450,RGB
HAM10000_images_part_1\ISIC_0024436.jpg,OK,,600,450,RGB
HAM10000_images_part_1\ISIC_0024437.jpg,OK,,600,450,RGB
HAM10000_images_part_1\ISIC_0024438.jpg,OK,,600,450,RGB
HAM10000_images_part_1\ISIC_0024439.jpg,OK,,600,450,RGB
HAM10000_images_part_1\ISIC_0024440.jpg,OK,,600,450,RGB
HAM10000_images_part_1\ISIC_0024441.jpg,OK,,600,450,RGB
HAM10000_images_part_1\ISIC_0024442.jpg,OK,,600,450,RGB
HAM10000_images_part_1\ISIC_0024443.jpg,OK,,600,450,RGB
HAM10000_images_part_1\ISIC_0024444.jpg,OK,,600,450,RGB
HAM10000_images_part_1\ISIC_0024445.jpg,OK,,600,450,RGB
HAM10000_images_part_1\ISIC_0024446.jpg,OK,,600,450,RGB
HAM10000_images_part_1\ISIC_0024447.jpg,OK,,600,450,RGB
HAM10000_images_part_1\ISIC_0024448.jpg,OK,,600,450,RGB
HAM10000_images_part_1\ISIC_0024449.jpg,OK,,600,450,RGB
HAM10000_images_part_1\ISIC_0024450.jpg,OK,,600,450,RGB
HAM10000_images_part_1\ISIC_0024451.jpg,OK,,600,450,RGB
HAM10000_images_part_1\ISIC_0024452.jpg,OK,,600,450,RGB
HAM10000_images_part_1\ISIC_0024453.jpg,OK,,600,450,RGB
HAM10000_images_part_1\ISIC_0024454.jpg,OK,,600,450,RGB
HAM10000_images_part_1\ISIC_0024455.jpg,OK,,600,450,RGB
HAM10000_images_part_1\ISIC_0024456.jpg,OK,,600,450,RGB
HAM10000_images_part_1\ISIC_0024457.jpg,OK,,600,450,RGB
HAM10000_images_part_1\ISIC_0024458.jpg,OK,,600,450,RGB
HAM10000_images_part_1\ISIC_0024459.jpg,OK,,600,450,RGB
HAM10000_images_part_1\ISIC_0024460.jpg,OK,,600,450,RGB
HAM10000_images_part_1\ISIC_0024461.jpg,OK,,600,450,RGB
HAM10000_images_part_1\ISIC_0024462.jpg,OK,,600,450,RGB
HAM10000_images_part_1\ISIC_0024463.jpg,OK,,600,450,RGB
HAM10000_images_part_1\ISIC_0024464.jpg,OK,,600,450,RGB
HAM10000_images_part_1\ISIC_0024465.jpg,OK,,600,450,RGB
HAM10000_images_part_1\ISIC_0024466.jpg,OK,,600,450,RGB
HAM10000_images_part_1\ISIC_0024467.jpg,OK,,600,450,RGB
HAM10000_images_part_1\ISIC_0024468.jpg,OK,,600,450,RGB
HAM10000_images_part_1\ISIC_0024469.jpg,OK,,600,450,RGB
HAM10000_images_part_1\ISIC_0024470.jpg,OK,,600,450,RGB
HAM10000_images_part_1\ISIC_0024471.jpg,OK,,600,450,RGB
HAM10000_images_part_1\ISIC_0024472.jpg,OK,,600,450,RGB
HAM10000_images_part_1\ISIC_0024473.jpg,OK,,600,450,RGB
HAM10000_images_part_1\ISIC_0024474.jpg,OK,,600,450,RGB
HAM10000_images_part_1\ISIC_0024475.jpg,OK,,600,450,RGB
HAM10000_images_part_1\ISIC_0024476.jpg,OK,,600,450,RGB
HAM10000_images_part_1\ISIC_0024477.jpg,OK,,600,450,RGB
HAM10000_images_part_1\ISIC_0024478.jpg,OK,,600,450,RGB
HAM10000_images_part_1\ISIC_0024479.jpg,OK,,600,450,RGB
HAM10000_images_part_1\ISIC_0024480.jpg,OK,,600,450,RGB
HAM10000_images_part_1\ISIC_0024481.jpg,OK,,600,450,RGB
HAM10000_images_part_1\ISIC_0024482.jpg,OK,,600,450,RGB
HAM10000_images_part_1\ISIC_0024483.jpg,OK,,600,450,RGB
HAM10000_images_part_1\ISIC_0024484.jpg,OK,,600,450,RGB
HAM10000_images_part_1\ISIC_0024485.jpg,OK,,600,450,RGB
HAM10000_images_part_1\ISIC_0024486.jpg,OK,,600,450,RGB
HAM10000_images_part_1\ISIC_0024487.jpg,OK,,600,450,RGB
HAM10000_images_part_1\ISIC_0024488.jpg,OK,,600,450,RGB
HAM10000_images_part_1\ISIC_0024489.jpg,OK,,600,450,RGB
HAM10000_images_part_1\ISIC_0024490.jpg,OK,,600,450,RGB
HAM10000_images_part_1\ISIC_0024491.jpg,OK,,600,450,RGB
HAM10000_images_part_1\ISIC_0024492.jpg,OK,,600,450,RGB
HAM10000_images_part_1\ISIC_0024493.jpg,OK,,600,450,RGB
HAM10000_images_part_1\ISIC_0024494.jpg,OK,,600,450,RGB
HAM10000_images_part_1\ISIC_0024495.jpg,OK,,600,450,RGB
HAM10000_images_part_1\ISIC_0024496.jpg,OK,,600,450,RGB
HAM10000_images_part_1\ISIC_0024497.jpg,OK,,600,450,RGB
HAM10000_images_part_1\ISIC_0024498.jpg,OK,,600,450,RGB
HAM10000_images_part_1\ISIC_0024499.jpg,OK,,600,450,RGB
HAM10000_images_part_1\ISIC_0024500.jpg,OK,,600,450,RGB
HAM10000_images_part_1\ISIC_0024501.jpg,OK,,600,450,RGB
HAM10000_images_part_1\ISIC_0024502.jpg,OK,,600,450,RGB
HAM10000_images_part_1\ISIC_0024503.jpg,OK,,600,450,RGB
HAM10000_images_part_1\ISIC_0024504.jpg,OK,,600,450,RGB
HAM10000_images_part_1\ISIC_0024505.jpg,OK,,600,450,RGB
HAM10000_images_part_1\ISIC_0024506.jpg,OK,,600,450,RGB
HAM10000_images_part_1\ISIC_0024507.jpg,OK,,600,450,RGB
HAM10000_images_part_1\ISIC_0024508.jpg,OK,,600,450,RGB
HAM10000_images_part_1\ISIC_0024509.jpg,OK,,600,450,RGB
HAM10000_images_part_1\ISIC_0024510.jpg,OK,,600,450,RGB
HAM10000_images_part_1\ISIC_0024511.jpg,OK,,600,450,RGB
HAM10000_images_part_1\ISIC_0024512.jpg,OK,,600,450,RGB
HAM10000_images_part_1\ISIC_0024513.jpg,OK,,600,450,RGB
HAM10000_images_part_1\ISIC_0024514.jpg,OK,,600,450,RGB
HAM10000_images_part_1\ISIC_0024515.jpg,OK,,600,450,RGB
HAM10000_images_part_1\ISIC_0024516.jpg,OK,,600,450,RGB
HAM10000_images_part_1\ISIC_0024517.jpg,OK,,600,450,RGB
HAM10000_images_part_1\ISIC_0024518.jpg,OK,,600,450,RGB
HAM10000_images_part_1\ISIC_0024519.jpg,OK,,600,450,RGB
HAM10000_images_part_1\ISIC_0024520.jpg,OK,,600,450,RGB
HAM10000_images_part_1\ISIC_0024521.jpg,OK,,600,450,RGB
HAM10000_images_part_1\ISIC_0024522.jpg,OK,,600,450,RGB
HAM10000_images_part_1\ISIC_0024523.jpg,OK,,600,450,RGB
HAM10000_images_part_1\ISIC_0024524.jpg,OK,,600,450,RGB
HAM10000_images_part_1\ISIC_0024525.jpg,OK,,600,450,RGB
HAM10000_images_part_1\ISIC_0024526.jpg,OK,,600,450,RGB
HAM10000_images_part_1\ISIC_0024527.jpg,OK,,600,450,RGB
HAM10000_images_part_1\ISIC_0024528.jpg,OK,,600,450,RGB
HAM10000_images_part_1\ISIC_0024529.jpg,OK,,600,450,RGB
HAM10000_images_part_1\ISIC_0024530.jpg,OK,,600,450,RGB
HAM10000_images_part_1\ISIC_0024531.jpg,OK,,600,450,RGB
HAM10000_images_part_1\ISIC_0024532.jpg,OK,,600,450,RGB
HAM10000_images_part_1\ISIC_0024533.jpg,OK,,600,450,RGB
HAM10000_images_part_1\ISIC_0024534.jpg,OK,,600,450,RGB
HAM10000_images_part_1\ISIC_0024535.jpg,OK,,600,450,RGB
HAM10000_images_part_1\ISIC_0024536.jpg,OK,,600,450,RGB
HAM10000_images_part_1\ISIC_0024537.jpg,OK,,600,450,RGB
HAM10000_images_part_1\ISIC_0024538.jpg,OK,,600,450,RGB
HAM10000_images_part_1\ISIC_0024539.jpg,OK,,600,450,RGB
HAM10000_images_part_1\ISIC_0024540.jpg,OK,,600,450,RGB
HAM10000_images_part_1\ISIC_0024541.jpg,OK,,600,450,RGB
HAM10000_images_part_1\ISIC_0024542.jpg,OK,,600,450,RGB
HAM10000_images_part_1\ISIC_0024543.jpg,OK,,600,450,RGB
HAM10000_images_part_1\ISIC_0024544.jpg,OK,,600,450,RGB
HAM10000_images_part_1\ISIC_0024545.jpg,OK,,600,450,RGB
HAM10000_images_part_1\ISIC_0024546.jpg,OK,,600,450,RGB
HAM10000_images_part_1\ISIC_0024547.jpg,OK,,600,450,RGB
HAM10000_images_part_1\ISIC_0024548.jpg,OK,,600,450,RGB
HAM10000_images_part_1\ISIC_0024549.jpg,OK,,600,450,RGB
HAM10000_images_part_1\ISIC_0024550.jpg,OK,,600,450,RGB
HAM10000_images_part_1\ISIC_0024551.jpg,OK,,600,450,RGB
HAM10000_images_part_1\ISIC_0024552.jpg,OK,,600,450,RGB
HAM10000_images_part_1\ISIC_0024553.jpg,OK,,600,450,RGB
HAM10000_images_part_1\ISIC_0024554.jpg,OK,,600,450,RGB
HAM10000_images_part_1\ISIC_0024555.jpg,OK,,600,450,RGB
HAM10000_images_part_1\ISIC_0024556.jpg,OK,,600,450,RGB
HAM10000_images_part_1\ISIC_0024557.jpg,OK,,600,450,RGB
HAM10000_images_part_1\ISIC_0024558.jpg,OK,,600,450,RGB
HAM10000_images_part_1\ISIC_0024559.jpg,OK,,600,450,RGB
HAM10000_images_part_1\ISIC_0024560.jpg,OK,,600,450,RGB
HAM10000_images_part_1\ISIC_0024561.jpg,OK,,600,450,RGB
HAM10000_images_part_1\ISIC_0024562.jpg,OK,,600,450,RGB
HAM10000_images_part_1\ISIC_0024563.jpg,OK,,600,450,RGB
HAM10000_images_part_1\ISIC_0024564.jpg,OK,,600,450,RGB
HAM10000_images_part_1\ISIC_0024565.jpg,OK,,600,450,RGB
HAM10000_images_part_1\ISIC_0024566.jpg,OK,,600,450,RGB
HAM10000_images_part_1\ISIC_0024567.jpg,OK,,600,450,RGB
HAM10000_images_part_1\ISIC_0024568.jpg,OK,,600,450,RGB
HAM10000_images_part_1\ISIC_0024569.jpg,OK,,600,450,RGB
HAM10000_images_part_1\ISIC_0024570.jpg,OK,,600,450,RGB
HAM10000_images_part_1\ISIC_0024571.jpg,OK,,600,450,RGB
HAM10000_images_part_1\ISIC_0024572.jpg,OK,,600,450,RGB
HAM10000_images_part_1\ISIC_0024573.jpg,OK,,600,450,RGB
HAM10000_images_part_1\ISIC_0024574.jpg,OK,,600,450,RGB
HAM10000_images_part_1\ISIC_0024575.jpg,OK,,600,450,RGB
HAM10000_images_part_1\ISIC_0024576.jpg,OK,,600,450,RGB
HAM10000_images_part_1\ISIC_0024577.jpg,OK,,600,450,RGB
HAM10000_images_part_1\ISIC_0024578.jpg,OK,,600,450,RGB
HAM10000_images_part_1\ISIC_0024579.jpg,OK,,600,450,RGB
HAM10000_images_part_1\ISIC_0024580.jpg,OK,,600,450,RGB
HAM10000_images_part_1\ISIC_0024581.jpg,OK,,600,450,RGB
HAM10000_images_part_1\ISIC_0024582.jpg,OK,,600,450,RGB
HAM10000_images_part_1\ISIC_0024583.jpg,OK,,600,450,RGB
HAM10000_images_part_1\ISIC_0024584.jpg,OK,,600,450,RGB
HAM10000_images_part_1\ISIC_0024585.jpg,OK,,600,450,RGB
HAM10000_images_part_1\ISIC_0024586.jpg,OK,,600,450,RGB
HAM10000_images_part_1\ISIC_0024587.jpg,OK,,600,450,RGB
HAM10000_images_part_1\ISIC_0024588.jpg,OK,,600,450,RGB
HAM10000_images_part_1\ISIC_0024589.jpg,OK,,600,450,RGB
HAM10000_images_part_1\ISIC_0024590.jpg,OK,,600,450,RGB
HAM10000_images_part_1\ISIC_0024591.jpg,OK,,600,450,RGB
HAM10000_images_part_1\ISIC_0024592.jpg,OK,,600,450,RGB
HAM10000_images_part_1\ISIC_0024593.jpg,OK,,600,450,RGB
HAM10000_images_part_1\ISIC_0024594.jpg,OK,,600,450,RGB
HAM10000_images_part_1\ISIC_0024595.jpg,OK,,600,450,RGB
HAM10000_images_part_1\ISIC_0024596.jpg,OK,,600,450,RGB
HAM10000_images_part_1\ISIC_0024597.jpg,OK,,600,450,RGB
HAM10000_images_part_1\ISIC_0024598.jpg,OK,,600,450,RGB
HAM10000_images_part_1\ISIC_0024599.jpg,OK,,600,450,RGB
HAM10000_images_part_1\ISIC_0024600.jpg,OK,,600,450,RGB
HAM10000_images_part_1\ISIC_0024601.jpg,OK,,600,450,RGB
HAM10000_images_part_1\ISIC_0024602.jpg,OK,,600,450,RGB
HAM10000_images_part_1\ISIC_0024603.jpg,OK,,600,450,RGB
HAM10000_images_part_1\ISIC_0024604.jpg,OK,,600,450,RGB
HAM10000_images_part_1\ISIC_0024605.jpg,OK,,600,450,RGB
HAM10000_images_part_1\ISIC_0024606.jpg,OK,,600,450,RGB
HAM10000_images_part_1\ISIC_0024607.jpg,OK,,600,450,RGB
HAM10000_images_part_1\ISIC_0024608.jpg,OK,,600,450,RGB
HAM10000_images_part_1\ISIC_0024609.jpg,OK,,600,450,RGB
HAM10000_images_part_1\ISIC_0024610.jpg,OK,,600,450,RGB
HAM10000_images_part_1\ISIC_0024611.jpg,OK,,600,450,RGB
HAM10000_images_part_1\ISIC_0024612.jpg,OK,,600,450,RGB
HAM10000_images_part_1\ISIC_0024613.jpg,OK,,600,450,RGB
HAM10000_images_part_1\ISIC_0024614.jpg,OK,,600,450,RGB
HAM10000_images_part_1\ISIC_0024615.jpg,OK,,600,450,RGB
HAM10000_images_part_1\ISIC_0024616.jpg,OK,,600,450,RGB
HAM10000_images_part_1\ISIC_0024617.jpg,OK,,600,450,RGB
HAM10000_images_part_1\ISIC_0024618.jpg,OK,,600,450,RGB
HAM10000_images_part_1\ISIC_0024619.jpg,OK,,600,450,RGB
HAM10000_images_part_1\ISIC_0024620.jpg,OK,,600,450,RGB
HAM10000_images_part_1\ISIC_0024621.jpg,OK,,600,450,RGB
HAM10000_images_part_1\ISIC_0024622.jpg,OK,,600,450,RGB
HAM10000_images_part_1\ISIC_0024623.jpg,OK,,600,450,RGB
HAM10000_images_part_1\ISIC_0024624.jpg,OK,,600,450,RGB
HAM10000_images_part_1\ISIC_0024625.jpg,OK,,600,450,RGB
HAM10000_images_part_1\ISIC_0024626.jpg,OK,,600,450,RGB
HAM10000_images_part_1\ISIC_0024627.jpg,OK,,600,450,RGB
HAM10000_images_part_1\ISIC_0024628.jpg,OK,,600,450,RGB
HAM10000_images_part_1\ISIC_0024629.jpg,OK,,600,450,RGB
HAM10000_images_part_1\ISIC_0024630.jpg,OK,,600,450,RGB
HAM10000_images_part_1\ISIC_0024631.jpg,OK,,600,450,RGB
HAM10000_images_part_1\ISIC_0024632.jpg,OK,,600,450,RGB
HAM10000_images_part_1\ISIC_0024633.jpg,OK,,600,450,RGB
HAM10000_images_part_1\ISIC_0024634.jpg,OK,,600,450,RGB
HAM10000_images_part_1\ISIC_0024635.jpg,OK,,600,450,RGB
HAM10000_images_part_1\ISIC_0024636.jpg,OK,,600,450,RGB
HAM10000_images_part_1\ISIC_0024637.jpg,OK,,600,450,RGB
HAM10000_images_part_1\ISIC_0024638.jpg,OK,,600,450,RGB
HAM10000_images_part_1\ISIC_0024639.jpg,OK,,600,450,RGB
HAM10000_images_part_1\ISIC_0024640.jpg,OK,,600,450,RGB
HAM10000_images_part_1\ISIC_0024641.jpg,OK,,600,450,RGB
HAM10000_images_part_1\ISIC_0024642.jpg,OK,,600,450,RGB
HAM10000_images_part_1\ISIC_0024643.jpg,OK,,600,450,RGB
HAM10000_images_part_1\ISIC_0024644.jpg,OK,,600,450,RGB
HAM10000_images_part_1\ISIC_0024645.jpg,OK,,600,450,RGB
HAM10000_images_part_1\ISIC_0024646.jpg,OK,,600,450,RGB
HAM10000_images_part_1\ISIC_0024647.jpg,OK,,600,450,RGB
HAM10000_images_part_1\ISIC_0024648.jpg,OK,,600,450,RGB
HAM10000_images_part_1\ISIC_0024649.jpg,OK,,600,450,RGB
HAM10000_images_part_1\ISIC_0024650.jpg,OK,,600,450,RGB
HAM10000_images_part_1\ISIC_0024651.jpg,OK,,600,450,RGB
HAM10000_images_part_1\ISIC_0024652.jpg,OK,,600,450,RGB
HAM10000_images_part_1\ISIC_0024653.jpg,OK,,600,450,RGB
HAM10000_images_part_1\ISIC_0024654.jpg,OK,,600,450,RGB
HAM10000_images_part_1\ISIC_0024655.jpg,OK,,600,450,RGB
HAM10000_images_part_1\ISIC_0024656.jpg,OK,,600,450,RGB
HAM10000_images_part_1\ISIC_0024657.jpg,OK,,600,450,RGB
HAM10000_images_part_1\ISIC_0024658.jpg,OK,,600,450,RGB
HAM10000_images_part_1\ISIC_0024659.jpg,OK,,600,450,RGB
HAM10000_images_part_1\ISIC_0024660.jpg,OK,,600,450,RGB
HAM10000_images_part_1\ISIC_0024661.jpg,OK,,600,450,RGB
HAM10000_images_part_1\ISIC_0024662.jpg,OK,,600,450,RGB
HAM10000_images_part_1\ISIC_0024663.jpg,OK,,600,450,RGB
HAM10000_images_part_1\ISIC_0024664.jpg,OK,,600,450,RGB
HAM10000_images_part_1\ISIC_0024665.jpg,OK,,600,450,RGB
HAM10000_images_part_1\ISIC_0024666.jpg,OK,,600,450,RGB
HAM10000_images_part_1\ISIC_0024667.jpg,OK,,600,450,RGB
HAM10000_images_part_1\ISIC_0024668.jpg,OK,,600,450,RGB
HAM10000_images_part_1\ISIC_0024669.jpg,OK,,600,450,RGB
HAM10000_images_part_1\ISIC_0024670.jpg,OK,,600,450,RGB
HAM10000_images_part_1\ISIC_0024671.jpg,OK,,600,450,RGB
HAM10000_images_part_1\ISIC_0024672.jpg,OK,,600,450,RGB
HAM10000_images_part_1\ISIC_0024673.jpg,OK,,600,450,RGB
HAM10000_images_part_1\ISIC_0024674.jpg,OK,,600,450,RGB
HAM10000_images_part_1\ISIC_0024675.jpg,OK,,600,450,RGB
HAM10000_images_part_1\ISIC_0024676.jpg,OK,,600,450,RGB
HAM10000_images_part_1\ISIC_0024677.jpg,OK,,600,450,RGB
HAM10000_images_part_1\ISIC_0024678.jpg,OK,,600,450,RGB
HAM10000_images_part_1\ISIC_0024679.jpg,OK,,600,450,RGB
HAM10000_images_part_1\ISIC_0024680.jpg,OK,,600,450,RGB
HAM10000_images_part_1\ISIC_0024681.jpg,OK,,600,450,RGB
HAM10000_images_part_1\ISIC_0024682.jpg,OK,,600,450,RGB
HAM10000_images_part_1\ISIC_0024683.jpg,OK,,600,450,RGB
HAM10000_images_part_1\ISIC_0024684.jpg,OK,,600,450,RGB
HAM10000_images_part_1\ISIC_0024685.jpg,OK,,600,450,RGB
HAM10000_images_part_1\ISIC_0024686.jpg,OK,,600,450,RGB
HAM10000_images_part_1\ISIC_0024687.jpg,OK,,600,450,RGB
HAM10000_images_part_1\ISIC_0024688.jpg,OK,,600,450,RGB
HAM10000_images_part_1\ISIC_0024689.jpg,OK,,600,450,RGB
HAM10000_images_part_1\ISIC_0024690.jpg,OK,,600,450,RGB
HAM10000_images_part_1\ISIC_0024691.jpg,OK,,600,450,RGB
HAM10000_images_part_1\ISIC_0024692.jpg,OK,,600,450,RGB
HAM10000_images_part_1\ISIC_0024693.jpg,OK,,600,450,RGB
HAM10000_images_part_1\ISIC_0024694.jpg,OK,,600,450,RGB
HAM10000_images_part_1\ISIC_0024695.jpg,OK,,600,450,RGB
HAM10000_images_part_1\ISIC_0024696.jpg,OK,,600,450,RGB
HAM10000_images_part_1\ISIC_0024697.jpg,OK,,600,450,RGB
HAM10000_images_part_1\ISIC_0024698.jpg,OK,,600,450,RGB
HAM10000_images_part_1\ISIC_0024699.jpg,OK,,600,450,RGB
HAM10000_images_part_1\ISIC_0024700.jpg,OK,,600,450,RGB
HAM10000_images_part_1\ISIC_0024701.jpg,OK,,600,450,RGB
HAM10000_images_part_1\ISIC_0024702.jpg,OK,,600,450,RGB
HAM10000_images_part_1\ISIC_0024703.jpg,OK,,600,450,RGB
HAM10000_images_part_1\ISIC_0024704.jpg,OK,,600,450,RGB
HAM10000_images_part_1\ISIC_0024705.jpg,OK,,600,450,RGB
HAM10000_images_part_1\ISIC_0024706.jpg,OK,,600,450,RGB
HAM10000_images_part_1\ISIC_0024707.jpg,OK,,600,450,RGB
HAM10000_images_part_1\ISIC_0024708.jpg,OK,,600,450,RGB
HAM10000_images_part_1\ISIC_0024709.jpg,OK,,600,450,RGB
HAM10000_images_part_1\ISIC_0024710.jpg,OK,,600,450,RGB
HAM10000_images_part_1\ISIC_0024711.jpg,OK,,600,450,RGB
HAM10000_images_part_1\ISIC_0024712.jpg,OK,,600,450,RGB
HAM10000_images_part_1\ISIC_0024713.jpg,OK,,600,450,RGB
HAM10000_images_part_1\ISIC_0024714.jpg,OK,,600,450,RGB
HAM10000_images_part_1\ISIC_0024715.jpg,OK,,600,450,RGB
HAM10000_images_part_1\ISIC_0024716.jpg,OK,,600,450,RGB
HAM10000_images_part_1\ISIC_0024717.jpg,OK,,600,450,RGB
HAM10000_images_part_1\ISIC_0024718.jpg,OK,,600,450,RGB
HAM10000_images_part_1\ISIC_0024719.jpg,OK,,600,450,RGB
HAM10000_images_part_1\ISIC_0024720.jpg,OK,,600,450,RGB
HAM10000_images_part_1\ISIC_0024721.jpg,OK,,600,450,RGB
HAM10000_images_part_1\ISIC_0024722.jpg,OK,,600,450,RGB
HAM10000_images_part_1\ISIC_0024723.jpg,OK,,600,450,RGB
HAM10000_images_part_1\ISIC_0024724.jpg,OK,,600,450,RGB
HAM10000_images_part_1\ISIC_0024725.jpg,OK,,600,450,RGB
HAM10000_images_part_1\ISIC_0024726.jpg,OK,,600,450,RGB
HAM10000_images_part_1\ISIC_0024727.jpg,OK,,600,450,RGB
HAM10000_images_part_1\ISIC_0024728.jpg,OK,,600,450,RGB
HAM10000_images_part_1\ISIC_0024729.jpg,OK,,600,450,RGB
HAM10000_images_part_1\ISIC_0024730.jpg,OK,,600,450,RGB
HAM10000_images_part_1\ISIC_0024731.jpg,OK,,600,450,RGB
HAM10000_images_part_1\ISIC_0024732.jpg,OK,,600,450,RGB
HAM10000_images_part_1\ISIC_0024733.jpg,OK,,600,450,RGB
HAM10000_images_part_1\ISIC_0024734.jpg,OK,,600,450,RGB
HAM10000_images_part_1\ISIC_0024735.jpg,OK,,600,450,RGB
HAM10000_images_part_1\ISIC_0024736.jpg,OK,,600,450,RGB
HAM10000_images_part_1\ISIC_0024737.jpg,OK,,600,450,RGB
HAM10000_images_part_1\ISIC_0024738.jpg,OK,,600,450,RGB
HAM10000_images_part_1\ISIC_0024739.jpg,OK,,600,450,RGB
HAM10000_images_part_1\ISIC_0024740.jpg,OK,,600,450,RGB
HAM10000_images_part_1\ISIC_0024741.jpg,OK,,600,450,RGB
HAM10000_images_part_1\ISIC_0024742.jpg,OK,,600,450,RGB
HAM10000_images_part_1\ISIC_0024743.jpg,OK,,600,450,RGB
HAM10000_images_part_1\ISIC_0024744.jpg,OK,,600,450,RGB
HAM10000_images_part_1\ISIC_0024745.jpg,OK,,600,450,RGB
HAM10000_images_part_1\ISIC_0024746.jpg,OK,,600,450,RGB
HAM10000_images_part_1\ISIC_0024747.jpg,OK,,600,450,RGB
HAM10000_images_part_1\ISIC_0024748.jpg,OK,,600,450,RGB
HAM10000_images_part_1\ISIC_0024749.jpg,OK,,600,450,RGB
HAM10000_images_part_1\ISIC_0024750.jpg,OK,,600,450,RGB
HAM10000_images_part_1\ISIC_0024751.jpg,OK,,600,450,RGB
HAM10000_images_part_1\ISIC_0024752.jpg,OK,,600,450,RGB
HAM10000_images_part_1\ISIC_0024753.jpg,OK,,600,450,RGB
HAM10000_images_part_1\ISIC_0024754.jpg,OK,,600,450,RGB
HAM10000_images_part_1\ISIC_0024755.jpg,OK,,600,450,RGB
HAM10000_images_part_1\ISIC_0024756.jpg,OK,,600,450,RGB
HAM10000_images_part_1\ISIC_0024757.jpg,OK,,600,450,RGB
HAM10000_images_part_1\ISIC_0024758.jpg,OK,,600,450,RGB
HAM10000_images_part_1\ISIC_0024759.jpg,OK,,600,450,RGB
HAM10000_images_part_1\ISIC_0024760.jpg,OK,,600,450,RGB
HAM10000_images_part_1\ISIC_0024761.jpg,OK,,600,450,RGB
HAM10000_images_part_1\ISIC_0024762.jpg,OK,,600,450,RGB
HAM10000_images_part_1\ISIC_0024763.jpg,OK,,600,450,RGB
HAM10000_images_part_1\ISIC_0024764.jpg,OK,,600,450,RGB
HAM10000_images_part_1\ISIC_0024765.jpg,OK,,600,450,RGB
HAM10000_images_part_1\ISIC_0024766.jpg,OK,,600,450,RGB
HAM10000_images_part_1\ISIC_0024767.jpg,OK,,600,450,RGB
HAM10000_images_part_1\ISIC_0024768.jpg,OK,,600,450,RGB
HAM10000_images_part_1\ISIC_0024769.jpg,OK,,600,450,RGB
HAM10000_images_part_1\ISIC_0024770.jpg,OK,,600,450,RGB
HAM10000_images_part_1\ISIC_0024771.jpg,OK,,600,450,RGB
HAM10000_images_part_1\ISIC_0024772.jpg,OK,,600,450,RGB
HAM10000_images_part_1\ISIC_0024773.jpg,OK,,600,450,RGB
HAM10000_images_part_1\ISIC_0024774.jpg,OK,,600,450,RGB
HAM10000_images_part_1\ISIC_0024775.jpg,OK,,600,450,RGB
HAM10000_images_part_1\ISIC_0024776.jpg,OK,,600,450,RGB
HAM10000_images_part_1\ISIC_0024777.jpg,OK,,600,450,RGB
HAM10000_images_part_1\ISIC_0024778.jpg,OK,,600,450,RGB
HAM10000_images_part_1\ISIC_0024779.jpg,OK,,600,450,RGB
HAM10000_images_part_1\ISIC_0024780.jpg,OK,,600,450,RGB
HAM10000_images_part_1\ISIC_0024781.jpg,OK,,600,450,RGB
HAM10000_images_part_1\ISIC_0024782.jpg,OK,,600,450,RGB
HAM10000_images_part_1\ISIC_0024783.jpg,OK,,600,450,RGB
HAM10000_images_part_1\ISIC_0024784.jpg,OK,,600,450,RGB
HAM10000_images_part_1\ISIC_0024785.jpg,OK,,600,450,RGB
HAM10000_images_part_1\ISIC_0024786.jpg,OK,,600,450,RGB
HAM10000_images_part_1\ISIC_0024787.jpg,OK,,600,450,RGB
HAM10000_images_part_1\ISIC_0024788.jpg,OK,,600,450,RGB
HAM10000_images_part_1\ISIC_0024789.jpg,OK,,600,450,RGB
HAM10000_images_part_1\ISIC_0024790.jpg,OK,,600,450,RGB
HAM10000_images_part_1\ISIC_0024791.jpg,OK,,600,450,RGB
HAM10000_images_part_1\ISIC_0024792.jpg,OK,,600,450,RGB
HAM10000_images_part_1\ISIC_0024793.jpg,OK,,600,450,RGB
HAM10000_images_part_1\ISIC_0024794.jpg,OK,,600,450,RGB
HAM10000_images_part_1\ISIC_0024795.jpg,OK,,600,450,RGB
HAM10000_images_part_1\ISIC_0024796.jpg,OK,,600,450,RGB
HAM10000_images_part_1\ISIC_0024797.jpg,OK,,600,450,RGB
HAM10000_images_part_1\ISIC_0024798.jpg,OK,,600,450,RGB
HAM10000_images_part_1\ISIC_0024799.jpg,OK,,600,450,RGB
HAM10000_images_part_1\ISIC_0024800.jpg,OK,,600,450,RGB
HAM10000_images_part_1\ISIC_0024801.jpg,OK,,600,450,RGB
HAM10000_images_part_1\ISIC_0024802.jpg,OK,,600,450,RGB
HAM10000_images_part_1\ISIC_0024803.jpg,OK,,600,450,RGB
HAM10000_images_part_1\ISIC_0024804.jpg,OK,,600,450,RGB
HAM10000_images_part_1\ISIC_0024805.jpg,OK,,600,450,RGB
HAM10000_images_part_1\ISIC_0024806.jpg,OK,,600,450,RGB
HAM10000_images_part_1\ISIC_0024807.jpg,OK,,600,450,RGB
HAM10000_images_part_1\ISIC_0024808.jpg,OK,,600,450,RGB
HAM10000_images_part_1\ISIC_0024809.jpg,OK,,600,450,RGB
HAM10000_images_part_1\ISIC_0024810.jpg,OK,,600,450,RGB
HAM10000_images_part_1\ISIC_0024811.jpg,OK,,600,450,RGB
HAM10000_images_part_1\ISIC_0024812.jpg,OK,,600,450,RGB
HAM10000_images_part_1\ISIC_0024813.jpg,OK,,600,450,RGB
HAM10000_images_part_1\ISIC_0024814.jpg,OK,,600,450,RGB
HAM10000_images_part_1\ISIC_0024815.jpg,OK,,600,450,RGB
HAM10000_images_part_1\ISIC_0024816.jpg,OK,,600,450,RGB
HAM10000_images_part_1\ISIC_0024817.jpg,OK,,600,450,RGB
HAM10000_images_part_1\ISIC_0024818.jpg,OK,,600,450,RGB
HAM10000_images_part_1\ISIC_0024819.jpg,OK,,600,450,RGB
HAM10000_images_part_1\ISIC_0024820.jpg,OK,,600,450,RGB
HAM10000_images_part_1\ISIC_0024821.jpg,OK,,600,450,RGB
HAM10000_images_part_1\ISIC_0024822.jpg,OK,,600,450,RGB
HAM10000_images_part_1\ISIC_0024823.jpg,OK,,600,450,RGB
HAM10000_images_part_1\ISIC_0024824.jpg,OK,,600,450,RGB
HAM10000_images_part_1\ISIC_0024825.jpg,OK,,600,450,RGB
HAM10000_images_part_1\ISIC_0024826.jpg,OK,,600,450,RGB
HAM10000_images_part_1\ISIC_0024827.jpg,OK,,600,450,RGB
HAM10000_images_part_1\ISIC_0024828.jpg,OK,,600,450,RGB
HAM10000_images_part_1\ISIC_0024829.jpg,OK,,600,450,RGB
HAM10000_images_part_1\ISIC_0024830.jpg,OK,,600,450,RGB
HAM10000_images_part_1\ISIC_0024831.jpg,OK,,600,450,RGB
HAM10000_images_part_1\ISIC_0024832.jpg,OK,,600,450,RGB
HAM10000_images_part_1\ISIC_0024833.jpg,OK,,600,450,RGB
HAM10000_images_part_1\ISIC_0024834.jpg,OK,,600,450,RGB
HAM10000_images_part_1\ISIC_0024835.jpg,OK,,600,450,RGB
HAM10000_images_part_1\ISIC_0024836.jpg,OK,,600,450,RGB
HAM10000_images_part_1\ISIC_0024837.jpg,OK,,600,450,RGB
HAM10000_images_part_1\ISIC_0024838.jpg,OK,,600,450,RGB
HAM10000_images_part_1\ISIC_0024839.jpg,OK,,600,450,RGB
HAM10000_images_part_1\ISIC_0024840.jpg,OK,,600,450,RGB
HAM10000_images_part_1\ISIC_0024841.jpg,OK,,600,450,RGB
HAM10000_images_part_1\ISIC_0024842.jpg,OK,,600,450,RGB
HAM10000_images_part_1\ISIC_0024843.jpg,OK,,600,450,RGB
HAM10000_images_part_1\ISIC_0024844.jpg,OK,,600,450,RGB
HAM10000_images_part_1\ISIC_0024845.jpg,OK,,600,450,RGB
HAM10000_images_part_1\ISIC_0024846.jpg,OK,,600,450,RGB
HAM10000_images_part_1\ISIC_0024847.jpg,OK,,600,450,RGB
HAM10000_images_part_1\ISIC_0024848.jpg,OK,,600,450,RGB
HAM10000_images_part_1\ISIC_0024849.jpg,OK,,600,450,RGB
HAM10000_images_part_1\ISIC_0024850.jpg,OK,,600,450,RGB
HAM10000_images_part_1\ISIC_0024851.jpg,OK,,600,450,RGB
HAM10000_images_part_1\ISIC_0024852.jpg,OK,,600,450,RGB
HAM10000_images_part_1\ISIC_0024853.jpg,OK,,600,450,RGB
HAM10000_images_part_1\ISIC_0024854.jpg,OK,,600,450,RGB
HAM10000_images_part_1\ISIC_0024855.jpg,OK,,600,450,RGB
HAM10000_images_part_1\ISIC_0024856.jpg,OK,,600,450,RGB
HAM10000_images_part_1\ISIC_0024857.jpg,OK,,600,450,RGB
HAM10000_images_part_1\ISIC_0024858.jpg,OK,,600,450,RGB
HAM10000_images_part_1\ISIC_0024859.jpg,OK,,600,450,RGB
HAM10000_images_part_1\ISIC_0024860.jpg,OK,,600,450,RGB
HAM10000_images_part_1\ISIC_0024861.jpg,OK,,600,450,RGB
HAM10000_images_part_1\ISIC_0024862.jpg,OK,,600,450,RGB
HAM10000_images_part_1\ISIC_0024863.jpg,OK,,600,450,RGB
HAM10000_images_part_1\ISIC_0024864.jpg,OK,,600,450,RGB
HAM10000_images_part_1\ISIC_0024865.jpg,OK,,600,450,RGB
HAM10000_images_part_1\ISIC_0024866.jpg,OK,,600,450,RGB
HAM10000_images_part_1\ISIC_0024867.jpg,OK,,600,450,RGB
HAM10000_images_part_1\ISIC_0024868.jpg,OK,,600,450,RGB
HAM10000_images_part_1\ISIC_0024869.jpg,OK,,600,450,RGB
HAM10000_images_part_1\ISIC_0024870.jpg,OK,,600,450,RGB
HAM10000_images_part_1\ISIC_0024871.jpg,OK,,600,450,RGB
HAM10000_images_part_1\ISIC_0024872.jpg,OK,,600,450,RGB
HAM10000_images_part_1\ISIC_0024873.jpg,OK,,600,450,RGB
HAM10000_images_part_1\ISIC_0024874.jpg,OK,,600,450,RGB
HAM10000_images_part_1\ISIC_0024875.jpg,OK,,600,450,RGB
HAM10000_images_part_1\ISIC_0024876.jpg,OK,,600,450,RGB
HAM10000_images_part_1\ISIC_0024877.jpg,OK,,600,450,RGB
HAM10000_images_part_1\ISIC_0024878.jpg,OK,,600,450,RGB
HAM10000_images_part_1\ISIC_0024879.jpg,OK,,600,450,RGB
HAM10000_images_part_1\ISIC_0024880.jpg,OK,,600,450,RGB
HAM10000_images_part_1\ISIC_0024881.jpg,OK,,600,450,RGB
HAM10000_images_part_1\ISIC_0024882.jpg,OK,,600,450,RGB
HAM10000_images_part_1\ISIC_0024883.jpg,OK,,600,450,RGB
HAM10000_images_part_1\ISIC_0024884.jpg,OK,,600,450,RGB
HAM10000_images_part_1\ISIC_0024885.jpg,OK,,600,450,RGB
HAM10000_images_part_1\ISIC_0024886.jpg,OK,,600,450,RGB
HAM10000_images_part_1\ISIC_0024887.jpg,OK,,600,450,RGB
HAM10000_images_part_1\ISIC_0024888.jpg,OK,,600,450,RGB
HAM10000_images_part_1\ISIC_0024889.jpg,OK,,600,450,RGB
HAM10000_images_part_1\ISIC_0024890.jpg,OK,,600,450,RGB
HAM10000_images_part_1\ISIC_0024891.jpg,OK,,600,450,RGB
HAM10000_images_part_1\ISIC_0024892.jpg,OK,,600,450,RGB
HAM10000_images_part_1\ISIC_0024893.jpg,OK,,600,450,RGB
HAM10000_images_part_1\ISIC_0024894.jpg,OK,,600,450,RGB
HAM10000_images_part_1\ISIC_0024895.jpg,OK,,600,450,RGB
HAM10000_images_part_1\ISIC_0024896.jpg,OK,,600,450,RGB
HAM10000_images_part_1\ISIC_0024897.jpg,OK,,600,450,RGB
HAM10000_images_part_1\ISIC_0024898.jpg,OK,,600,450,RGB
HAM10000_images_part_1\ISIC_0024899.jpg,OK,,600,450,RGB
HAM10000_images_part_1\ISIC_0024900.jpg,OK,,600,450,RGB
HAM10000_images_part_1\ISIC_0024901.jpg,OK,,600,450,RGB
HAM10000_images_part_1\ISIC_0024902.jpg,OK,,600,450,RGB
HAM10000_images_part_1\ISIC_0024903.jpg,OK,,600,450,RGB
HAM10000_images_part_1\ISIC_0024904.jpg,OK,,600,450,RGB
HAM10000_images_part_1\ISIC_0024905.jpg,OK,,600,450,RGB
HAM10000_images_part_1\ISIC_0024906.jpg,OK,,600,450,RGB
HAM10000_images_part_1\ISIC_0024907.jpg,OK,,600,450,RGB
HAM10000_images_part_1\ISIC_0024908.jpg,OK,,600,450,RGB
HAM10000_images_part_1\ISIC_0024909.jpg,OK,,600,450,RGB
HAM10000_images_part_1\ISIC_0024910.jpg,OK,,600,450,RGB
HAM10000_images_part_1\ISIC_0024911.jpg,OK,,600,450,RGB
HAM10000_images_part_1\ISIC_0024912.jpg,OK,,600,450,RGB
HAM10000_images_part_1\ISIC_0024913.jpg,OK,,600,450,RGB
HAM10000_images_part_1\ISIC_0024914.jpg,OK,,600,450,RGB
HAM10000_images_part_1\ISIC_0024915.jpg,OK,,600,450,RGB
HAM10000_images_part_1\ISIC_0024916.jpg,OK,,600,450,RGB
HAM10000_images_part_1\ISIC_0024917.jpg,OK,,600,450,RGB
HAM10000_images_part_1\ISIC_0024918.jpg,OK,,600,450,RGB
HAM10000_images_part_1\ISIC_0024919.jpg,OK,,600,450,RGB
HAM10000_images_part_1\ISIC_0024920.jpg,OK,,600,450,RGB
HAM10000_images_part_1\ISIC_0024921.jpg,OK,,600,450,RGB
HAM10000_images_part_1\ISIC_0024922.jpg,OK,,600,450,RGB
HAM10000_images_part_1\ISIC_0024923.jpg,OK,,600,450,RGB
HAM10000_images_part_1\ISIC_0024924.jpg,OK,,600,450,RGB
HAM10000_images_part_1\ISIC_0024925.jpg,OK,,600,450,RGB
HAM10000_images_part_1\ISIC_0024926.jpg,OK,,600,450,RGB
HAM10000_images_part_1\ISIC_0024927.jpg,OK,,600,450,RGB
HAM10000_images_part_1\ISIC_0024928.jpg,OK,,600,450,RGB
HAM10000_images_part_1\ISIC_0024929.jpg,OK,,600,450,RGB
HAM10000_images_part_1\ISIC_0024930.jpg,OK,,600,450,RGB
HAM10000_images_part_1\ISIC_0024931.jpg,OK,,600,450,RGB
HAM10000_images_part_1\ISIC_0024932.jpg,OK,,600,450,RGB
HAM10000_images_part_1\ISIC_0024933.jpg,OK,,600,450,RGB
HAM10000_images_part_1\ISIC_0024934.jpg,OK,,600,450,RGB
HAM10000_images_part_1\ISIC_0024935.jpg,OK,,600,450,RGB
HAM10000_images_part_1\ISIC_0024936.jpg,OK,,600,450,RGB
HAM10000_images_part_1\ISIC_0024937.jpg,OK,,600,450,RGB
HAM10000_images_part_1\ISIC_0024938.jpg,OK,,600,450,RGB
HAM10000_images_part_1\ISIC_0024939.jpg,OK,,600,450,RGB
HAM10000_images_part_1\ISIC_0024940.jpg,OK,,600,450,RGB
HAM10000_images_part_1\ISIC_0024941.jpg,OK,,600,450,RGB
HAM10000_images_part_1\ISIC_0024942.jpg,OK,,600,450,RGB
HAM10000_images_part_1\ISIC_0024943.jpg,OK,,600,450,RGB
HAM10000_images_part_1\ISIC_0024944.jpg,OK,,600,450,RGB
HAM10000_images_part_1\ISIC_0024945.jpg,OK,,600,450,RGB
HAM10000_images_part_1\ISIC_0024946.jpg,OK,,600,450,RGB
HAM10000_images_part_1\ISIC_0024947.jpg,OK,,600,450,RGB
HAM10000_images_part_1\ISIC_0024948.jpg,OK,,600,450,RGB
HAM10000_images_part_1\ISIC_0024949.jpg,OK,,600,450,RGB
HAM10000_images_part_1\ISIC_0024950.jpg,OK,,600,450,RGB
HAM10000_images_part_1\ISIC_0024951.jpg,OK,,600,450,RGB
HAM10000_images_part_1\ISIC_0024952.jpg,OK,,600,450,RGB
HAM10000_images_part_1\ISIC_0024953.jpg,OK,,600,450,RGB
HAM10000_images_part_1\ISIC_0024954.jpg,OK,,600,450,RGB
HAM10000_images_part_1\ISIC_0024955.jpg,OK,,600,450,RGB
HAM10000_images_part_1\ISIC_0024956.jpg,OK,,600,450,RGB
HAM10000_images_part_1\ISIC_0024957.jpg,OK,,600,450,RGB
HAM10000_images_part_1\ISIC_0024958.jpg,OK,,600,450,RGB
HAM10000_images_part_1\ISIC_0024959.jpg,OK,,600,450,RGB
HAM10000_images_part_1\ISIC_0024960.jpg,OK,,600,450,RGB
HAM10000_images_part_1\ISIC_0024961.jpg,OK,,600,450,RGB
HAM10000_images_part_1\ISIC_0024962.jpg,OK,,600,450,RGB
HAM10000_images_part_1\ISIC_0024963.jpg,OK,,600,450,RGB
HAM10000_images_part_1\ISIC_0024964.jpg,OK,,600,450,RGB
HAM10000_images_part_1\ISIC_0024965.jpg,OK,,600,450,RGB
HAM10000_images_part_1\ISIC_0024966.jpg,OK,,600,450,RGB
HAM10000_images_part_1\ISIC_0024967.jpg,OK,,600,450,RGB
HAM10000_images_part_1\ISIC_0024968.jpg,OK,,600,450,RGB
HAM10000_images_part_1\ISIC_0024969.jpg,OK,,600,450,RGB
HAM10000_images_part_1\ISIC_0024970.jpg,OK,,600,450,RGB
HAM10000_images_part_1\ISIC_0024971.jpg,OK,,600,450,RGB
HAM10000_images_part_1\ISIC_0024972.jpg,OK,,600,450,RGB
HAM10000_images_part_1\ISIC_0024973.jpg,OK,,600,450,RGB
HAM10000_images_part_1\ISIC_0024974.jpg,OK,,600,450,RGB
HAM10000_images_part_1\ISIC_0024975.jpg,OK,,600,450,RGB
HAM10000_images_part_1\ISIC_0024976.jpg,OK,,600,450,RGB
HAM10000_images_part_1\ISIC_0024977.jpg,OK,,600,450,RGB
HAM10000_images_part_1\ISIC_0024978.jpg,OK,,600,450,RGB
HAM10000_images_part_1\ISIC_0024979.jpg,OK,,600,450,RGB
HAM10000_images_part_1\ISIC_0024980.jpg,OK,,600,450,RGB
HAM10000_images_part_1\ISIC_0024981.jpg,OK,,600,450,RGB
HAM10000_images_part_1\ISIC_0024982.jpg,OK,,600,450,RGB
HAM10000_images_part_1\ISIC_0024983.jpg,OK,,600,450,RGB
HAM10000_images_part_1\ISIC_0024984.jpg,OK,,600,450,RGB
HAM10000_images_part_1\ISIC_0024985.jpg,OK,,600,450,RGB
HAM10000_images_part_1\ISIC_0024986.jpg,OK,,600,450,RGB
HAM10000_images_part_1\ISIC_0024987.jpg,OK,,600,450,RGB
HAM10000_images_part_1\ISIC_0024988.jpg,OK,,600,450,RGB
HAM10000_images_part_1\ISIC_0024989.jpg,OK,,600,450,RGB
HAM10000_images_part_1\ISIC_0024990.jpg,OK,,600,450,RGB
HAM10000_images_part_1\ISIC_0024991.jpg,OK,,600,450,RGB
HAM10000_images_part_1\ISIC_0024992.jpg,OK,,600,450,RGB
HAM10000_images_part_1\ISIC_0024993.jpg,OK,,600,450,RGB
HAM10000_images_part_1\ISIC_0024994.jpg,OK,,600,450,RGB
HAM10000_images_part_1\ISIC_0024995.jpg,OK,,600,450,RGB
HAM10000_images_part_1\ISIC_0024996.jpg,OK,,600,450,RGB
HAM10000_images_part_1\ISIC_0024997.jpg,OK,,600,450,RGB
HAM10000_images_part_1\ISIC_0024998.jpg,OK,,600,450,RGB
HAM10000_images_part_1\ISIC_0024999.jpg,OK,,600,450,RGB
HAM10000_images_part_1\ISIC_0025000.jpg,OK,,600,450,RGB
HAM10000_images_part_1\ISIC_0025001.jpg,OK,,600,450,RGB
HAM10000_images_part_1\ISIC_0025002.jpg,OK,,600,450,RGB
HAM10000_images_part_1\ISIC_0025003.jpg,OK,,600,450,RGB
HAM10000_images_part_1\ISIC_0025004.jpg,OK,,600,450,RGB
HAM10000_images_part_1\ISIC_0025005.jpg,OK,,600,450,RGB
HAM10000_images_part_1\ISIC_0025006.jpg,OK,,600,450,RGB
HAM10000_images_part_1\ISIC_0025007.jpg,OK,,600,450,RGB
HAM10000_images_part_1\ISIC_0025008.jpg,OK,,600,450,RGB
HAM10000_images_part_1\ISIC_0025009.jpg,OK,,600,450,RGB
HAM10000_images_part_1\ISIC_0025010.jpg,OK,,600,450,RGB
HAM10000_images_part_1\ISIC_0025011.jpg,OK,,600,450,RGB
HAM10000_images_part_1\ISIC_0025012.jpg,OK,,600,450,RGB
HAM10000_images_part_1\ISIC_0025013.jpg,OK,,600,450,RGB
HAM10000_images_part_1\ISIC_0025014.jpg,OK,,600,450,RGB
HAM10000_images_part_1\ISIC_0025015.jpg,OK,,600,450,RGB
HAM10000_images_part_1\ISIC_0025016.jpg,OK,,600,450,RGB
HAM10000_images_part_1\ISIC_0025017.jpg,OK,,600,450,RGB
HAM10000_images_part_1\ISIC_0025018.jpg,OK,,600,450,RGB
HAM10000_images_part_1\ISIC_0025019.jpg,OK,,600,450,RGB
HAM10000_images_part_1\ISIC_0025020.jpg,OK,,600,450,RGB
HAM10000_images_part_1\ISIC_0025021.jpg,OK,,600,450,RGB
HAM10000_images_part_1\ISIC_0025022.jpg,OK,,600,450,RGB
HAM10000_images_part_1\ISIC_0025023.jpg,OK,,600,450,RGB
HAM10000_images_part_1\ISIC_0025024.jpg,OK,,600,450,RGB
HAM10000_images_part_1\ISIC_0025025.jpg,OK,,600,450,RGB
HAM10000_images_part_1\ISIC_0025026.jpg,OK,,600,450,RGB
HAM10000_images_part_1\ISIC_0025027.jpg,OK,,600,450,RGB
HAM10000_images_part_1\ISIC_0025028.jpg,OK,,600,450,RGB
HAM10000_images_part_1\ISIC_0025029.jpg,OK,,600,450,RGB
HAM10000_images_part_1\ISIC_0025030.jpg,OK,,600,450,RGB
HAM10000_images_part_1\ISIC_0025031.jpg,OK,,600,450,RGB
HAM10000_images_part_1\ISIC_0025032.jpg,OK,,600,450,RGB
HAM10000_images_part_1\ISIC_0025033.jpg,OK,,600,450,RGB
HAM10000_images_part_1\ISIC_0025034.jpg,OK,,600,450,RGB
HAM10000_images_part_1\ISIC_0025035.jpg,OK,,600,450,RGB
HAM10000_images_part_1\ISIC_0025036.jpg,OK,,600,450,RGB
HAM10000_images_part_1\ISIC_0025037.jpg,OK,,600,450,RGB
HAM10000_images_part_1\ISIC_0025038.jpg,OK,,600,450,RGB
HAM10000_images_part_1\ISIC_0025039.jpg,OK,,600,450,RGB
HAM10000_images_part_1\ISIC_0025040.jpg,OK,,600,450,RGB
HAM10000_images_part_1\ISIC_0025041.jpg,OK,,600,450,RGB
HAM10000_images_part_1\ISIC_0025042.jpg,OK,,600,450,RGB
HAM10000_images_part_1\ISIC_0025043.jpg,OK,,600,450,RGB
HAM10000_images_part_1\ISIC_0025044.jpg,OK,,600,450,RGB
HAM10000_images_part_1\ISIC_0025045.jpg,OK,,600,450,RGB
HAM10000_images_part_1\ISIC_0025046.jpg,OK,,600,450,RGB
HAM10000_images_part_1\ISIC_0025047.jpg,OK,,600,450,RGB
HAM10000_images_part_1\ISIC_0025048.jpg,OK,,600,450,RGB
HAM10000_images_part_1\ISIC_0025049.jpg,OK,,600,450,RGB
HAM10000_images_part_1\ISIC_0025050.jpg,OK,,600,450,RGB
HAM10000_images_part_1\ISIC_0025051.jpg,OK,,600,450,RGB
HAM10000_images_part_1\ISIC_0025052.jpg,OK,,600,450,RGB
HAM10000_images_part_1\ISIC_0025053.jpg,OK,,600,450,RGB
HAM10000_images_part_1\ISIC_0025054.jpg,OK,,600,450,RGB
HAM10000_images_part_1\ISIC_0025055.jpg,OK,,600,450,RGB
HAM10000_images_part_1\ISIC_0025056.jpg,OK,,600,450,RGB
HAM10000_images_part_1\ISIC_0025057.jpg,OK,,600,450,RGB
HAM10000_images_part_1\ISIC_0025058.jpg,OK,,600,450,RGB
HAM10000_images_part_1\ISIC_0025059.jpg,OK,,600,450,RGB
HAM10000_images_part_1\ISIC_0025060.jpg,OK,,600,450,RGB
HAM10000_images_part_1\ISIC_0025061.jpg,OK,,600,450,RGB
HAM10000_images_part_1\ISIC_0025062.jpg,OK,,600,450,RGB
HAM10000_images_part_1\ISIC_0025063.jpg,OK,,600,450,RGB
HAM10000_images_part_1\ISIC_0025064.jpg,OK,,600,450,RGB
HAM10000_images_part_1\ISIC_0025065.jpg,OK,,600,450,RGB
HAM10000_images_part_1\ISIC_0025066.jpg,OK,,600,450,RGB
HAM10000_images_part_1\ISIC_0025067.jpg,OK,,600,450,RGB
HAM10000_images_part_1\ISIC_0025068.jpg,OK,,600,450,RGB
HAM10000_images_part_1\ISIC_0025069.jpg,OK,,600,450,RGB
HAM10000_images_part_1\ISIC_0025070.jpg,OK,,600,450,RGB
HAM10000_images_part_1\ISIC_0025071.jpg,OK,,600,450,RGB
HAM10000_images_part_1\ISIC_0025072.jpg,OK,,600,450,RGB
HAM10000_images_part_1\ISIC_0025073.jpg,OK,,600,450,RGB
HAM10000_images_part_1\ISIC_0025074.jpg,OK,,600,450,RGB
HAM10000_images_part_1\ISIC_0025075.jpg,OK,,600,450,RGB
HAM10000_images_part_1\ISIC_0025076.jpg,OK,,600,450,RGB
HAM10000_images_part_1\ISIC_0025077.jpg,OK,,600,450,RGB
HAM10000_images_part_1\ISIC_0025078.jpg,OK,,600,450,RGB
HAM10000_images_part_1\ISIC_0025079.jpg,OK,,600,450,RGB
HAM10000_images_part_1\ISIC_0025080.jpg,OK,,600,450,RGB
HAM10000_images_part_1\ISIC_0025081.jpg,OK,,600,450,RGB
HAM10000_images_part_1\ISIC_0025082.jpg,OK,,600,450,RGB
HAM10000_images_part_1\ISIC_0025083.jpg,OK,,600,450,RGB
HAM10000_images_part_1\ISIC_0025084.jpg,OK,,600,450,RGB
HAM10000_images_part_1\ISIC_0025085.jpg,OK,,600,450,RGB
HAM10000_images_part_1\ISIC_0025086.jpg,OK,,600,450,RGB
HAM10000_images_part_1\ISIC_0025087.jpg,OK,,600,450,RGB
HAM10000_images_part_1\ISIC_0025088.jpg,OK,,600,450,RGB
HAM10000_images_part_1\ISIC_0025089.jpg,OK,,600,450,RGB
HAM10000_images_part_1\ISIC_0025090.jpg,OK,,600,450,RGB
HAM10000_images_part_1\ISIC_0025091.jpg,OK,,600,450,RGB
HAM10000_images_part_1\ISIC_0025092.jpg,OK,,600,450,RGB
HAM10000_images_part_1\ISIC_0025093.jpg,OK,,600,450,RGB
HAM10000_images_part_1\ISIC_0025094.jpg,OK,,600,450,RGB
HAM10000_images_part_1\ISIC_0025095.jpg,OK,,600,450,RGB
HAM10000_images_part_1\ISIC_0025096.jpg,OK,,600,450,RGB
HAM10000_images_part_1\ISIC_0025097.jpg,OK,,600,450,RGB
HAM10000_images_part_1\ISIC_0025098.jpg,OK,,600,450,RGB
HAM10000_images_part_1\ISIC_0025099.jpg,OK,,600,450,RGB
HAM10000_images_part_1\ISIC_0025100.jpg,OK,,600,450,RGB
HAM10000_images_part_1\ISIC_0025101.jpg,OK,,600,450,RGB
HAM10000_images_part_1\ISIC_0025102.jpg,OK,,600,450,RGB
HAM10000_images_part_1\ISIC_0025103.jpg,OK,,600,450,RGB
HAM10000_images_part_1\ISIC_0025104.jpg,OK,,600,450,RGB
HAM10000_images_part_1\ISIC_0025105.jpg,OK,,600,450,RGB
HAM10000_images_part_1\ISIC_0025106.jpg,OK,,600,450,RGB
HAM10000_images_part_1\ISIC_0025107.jpg,OK,,600,450,RGB
HAM10000_images_part_1\ISIC_0025108.jpg,OK,,600,450,RGB
HAM10000_images_part_1\ISIC_0025109.jpg,OK,,600,450,RGB
HAM10000_images_part_1\ISIC_0025110.jpg,OK,,600,450,RGB
HAM10000_images_part_1\ISIC_0025111.jpg,OK,,600,450,RGB
HAM10000_images_part_1\ISIC_0025112.jpg,OK,,600,450,RGB
HAM10000_images_part_1\ISIC_0025113.jpg,OK,,600,450,RGB
HAM10000_images_part_1\ISIC_0025114.jpg,OK,,600,450,RGB
HAM10000_images_part_1\ISIC_0025115.jpg,OK,,600,450,RGB
HAM10000_images_part_1\ISIC_0025116.jpg,OK,,600,450,RGB
HAM10000_images_part_1\ISIC_0025117.jpg,OK,,600,450,RGB
HAM10000_images_part_1\ISIC_0025118.jpg,OK,,600,450,RGB
HAM10000_images_part_1\ISIC_0025119.jpg,OK,,600,450,RGB
HAM10000_images_part_1\ISIC_0025120.jpg,OK,,600,450,RGB
HAM10000_images_part_1\ISIC_0025121.jpg,OK,,600,450,RGB
HAM10000_images_part_1\ISIC_0025122.jpg,OK,,600,450,RGB
HAM10000_images_part_1\ISIC_0025123.jpg,OK,,600,450,RGB
HAM10000_images_part_1\ISIC_0025124.jpg,OK,,600,450,RGB
HAM10000_images_part_1\ISIC_0025125.jpg,OK,,600,450,RGB
HAM10000_images_part_1\ISIC_0025126.jpg,OK,,600,450,RGB
HAM10000_images_part_1\ISIC_0025127.jpg,OK,,600,450,RGB
HAM10000_images_part_1\ISIC_0025128.jpg,OK,,600,450,RGB
HAM10000_images_part_1\ISIC_0025129.jpg,OK,,600,450,RGB
HAM10000_images_part_1\ISIC_0025130.jpg,OK,,600,450,RGB
HAM10000_images_part_1\ISIC_0025131.jpg,OK,,600,450,RGB
HAM10000_images_part_1\ISIC_0025132.jpg,OK,,600,450,RGB
HAM10000_images_part_1\ISIC_0025133.jpg,OK,,600,450,RGB
HAM10000_images_part_1\ISIC_0025134.jpg,OK,,600,450,RGB
HAM10000_images_part_1\ISIC_0025135.jpg,OK,,600,450,RGB
HAM10000_images_part_1\ISIC_0025136.jpg,OK,,600,450,RGB
HAM10000_images_part_1\ISIC_0025137.jpg,OK,,600,450,RGB
HAM10000_images_part_1\ISIC_0025138.jpg,OK,,600,450,RGB
HAM10000_images_part_1\ISIC_0025139.jpg,OK,,600,450,RGB
HAM10000_images_part_1\ISIC_0025140.jpg,OK,,600,450,RGB
HAM10000_images_part_1\ISIC_0025141.jpg,OK,,600,450,RGB
HAM10000_images_part_1\ISIC_0025142.jpg,OK,,600,450,RGB
HAM10000_images_part_1\ISIC_0025143.jpg,OK,,600,450,RGB
HAM10000_images_part_1\ISIC_0025144.jpg,OK,,600,450,RGB
HAM10000_images_part_1\ISIC_0025145.jpg,OK,,600,450,RGB
HAM10000_images_part_1\ISIC_0025146.jpg,OK,,600,450,RGB
HAM10000_images_part_1\ISIC_0025147.jpg,OK,,600,450,RGB
HAM10000_images_part_1\ISIC_0025148.jpg,OK,,600,450,RGB
HAM10000_images_part_1\ISIC_0025149.jpg,OK,,600,450,RGB
HAM10000_images_part_1\ISIC_0025150.jpg,OK,,600,450,RGB
HAM10000_images_part_1\ISIC_0025151.jpg,OK,,600,450,RGB
HAM10000_images_part_1\ISIC_0025152.jpg,OK,,600,450,RGB
HAM10000_images_part_1\ISIC_0025153.jpg,OK,,600,450,RGB
HAM10000_images_part_1\ISIC_0025154.jpg,OK,,600,450,RGB
HAM10000_images_part_1\ISIC_0025155.jpg,OK,,600,450,RGB
HAM10000_images_part_1\ISIC_0025156.jpg,OK,,600,450,RGB
HAM10000_images_part_1\ISIC_0025157.jpg,OK,,600,450,RGB
HAM10000_images_part_1\ISIC_0025158.jpg,OK,,600,450,RGB
HAM10000_images_part_1\ISIC_0025159.jpg,OK,,600,450,RGB
HAM10000_images_part_1\ISIC_0025160.jpg,OK,,600,450,RGB
HAM10000_images_part_1\ISIC_0025161.jpg,OK,,600,450,RGB
HAM10000_images_part_1\ISIC_0025162.jpg,OK,,600,450,RGB
HAM10000_images_part_1\ISIC_0025163.jpg,OK,,600,450,RGB
HAM10000_images_part_1\ISIC_0025164.jpg,OK,,600,450,RGB
HAM10000_images_part_1\ISIC_0025165.jpg,OK,,600,450,RGB
HAM10000_images_part_1\ISIC_0025166.jpg,OK,,600,450,RGB
HAM10000_images_part_1\ISIC_0025167.jpg,OK,,600,450,RGB
HAM10000_images_part_1\ISIC_0025168.jpg,OK,,600,450,RGB
HAM10000_images_part_1\ISIC_0025169.jpg,OK,,600,450,RGB
HAM10000_images_part_1\ISIC_0025170.jpg,OK,,600,450,RGB
HAM10000_images_part_1\ISIC_0025171.jpg,OK,,600,450,RGB
HAM10000_images_part_1\ISIC_0025172.jpg,OK,,600,450,RGB
HAM10000_images_part_1\ISIC_0025173.jpg,OK,,600,450,RGB
HAM10000_images_part_1\ISIC_0025174.jpg,OK,,600,450,RGB
HAM10000_images_part_1\ISIC_0025175.jpg,OK,,600,450,RGB
HAM10000_images_part_1\ISIC_0025176.jpg,OK,,600,450,RGB
HAM10000_images_part_1\ISIC_0025177.jpg,OK,,600,450,RGB
HAM10000_images_part_1\ISIC_0025178.jpg,OK,,600,450,RGB
HAM10000_images_part_1\ISIC_0025179.jpg,OK,,600,450,RGB
HAM10000_images_part_1\ISIC_0025180.jpg,OK,,600,450,RGB
HAM10000_images_part_1\ISIC_0025181.jpg,OK,,600,450,RGB
HAM10000_images_part_1\ISIC_0025182.jpg,OK,,600,450,RGB
HAM10000_images_part_1\ISIC_0025183.jpg,OK,,600,450,RGB
HAM10000_images_part_1\ISIC_0025184.jpg,OK,,600,450,RGB
HAM10000_images_part_1\ISIC_0025185.jpg,OK,,600,450,RGB
HAM10000_images_part_1\ISIC_0025186.jpg,OK,,600,450,RGB
HAM10000_images_part_1\ISIC_0025187.jpg,OK,,600,450,RGB
HAM10000_images_part_1\ISIC_0025188.jpg,OK,,600,450,RGB
HAM10000_images_part_1\ISIC_0025189.jpg,OK,,600,450,RGB
HAM10000_images_part_1\ISIC_0025190.jpg,OK,,600,450,RGB
HAM10000_images_part_1\ISIC_0025191.jpg,OK,,600,450,RGB
HAM10000_images_part_1\ISIC_0025192.jpg,OK,,600,450,RGB
HAM10000_images_part_1\ISIC_0025193.jpg,OK,,600,450,RGB
HAM10000_images_part_1\ISIC_0025194.jpg,OK,,600,450,RGB
HAM10000_images_part_1\ISIC_0025195.jpg,OK,,600,450,RGB
HAM10000_images_part_1\ISIC_0025196.jpg,OK,,600,450,RGB
HAM10000_images_part_1\ISIC_0025197.jpg,OK,,600,450,RGB
HAM10000_images_part_1\ISIC_0025198.jpg,OK,,600,450,RGB
HAM10000_images_part_1\ISIC_0025199.jpg,OK,,600,450,RGB
HAM10000_images_part_1\ISIC_0025200.jpg,OK,,600,450,RGB
HAM10000_images_part_1\ISIC_0025201.jpg,OK,,600,450,RGB
HAM10000_images_part_1\ISIC_0025202.jpg,OK,,600,450,RGB
HAM10000_images_part_1\ISIC_0025203.jpg,OK,,600,450,RGB
HAM10000_images_part_1\ISIC_0025204.jpg,OK,,600,450,RGB
HAM10000_images_part_1\ISIC_0025205.jpg,OK,,600,450,RGB
HAM10000_images_part_1\ISIC_0025206.jpg,OK,,600,450,RGB
HAM10000_images_part_1\ISIC_0025207.jpg,OK,,600,450,RGB
HAM10000_images_part_1\ISIC_0025208.jpg,OK,,600,450,RGB
HAM10000_images_part_1\ISIC_0025209.jpg,OK,,600,450,RGB
HAM10000_images_part_1\ISIC_0025210.jpg,OK,,600,450,RGB
HAM10000_images_part_1\ISIC_0025211.jpg,OK,,600,450,RGB
HAM10000_images_part_1\ISIC_0025212.jpg,OK,,600,450,RGB
HAM10000_images_part_1\ISIC_0025213.jpg,OK,,600,450,RGB
HAM10000_images_part_1\ISIC_0025214.jpg,OK,,600,450,RGB
HAM10000_images_part_1\ISIC_0025215.jpg,OK,,600,450,RGB
HAM10000_images_part_1\ISIC_0025216.jpg,OK,,600,450,RGB
HAM10000_images_part_1\ISIC_0025217.jpg,OK,,600,450,RGB
HAM10000_images_part_1\ISIC_0025218.jpg,OK,,600,450,RGB
HAM10000_images_part_1\ISIC_0025219.jpg,OK,,600,450,RGB
HAM10000_images_part_1\ISIC_0025220.jpg,OK,,600,450,RGB
HAM10000_images_part_1\ISIC_0025221.jpg,OK,,600,450,RGB
HAM10000_images_part_1\ISIC_0025222.jpg,OK,,600,450,RGB
HAM10000_images_part_1\ISIC_0025223.jpg,OK,,600,450,RGB
HAM10000_images_part_1\ISIC_0025224.jpg,OK,,600,450,RGB
HAM10000_images_part_1\ISIC_0025225.jpg,OK,,600,450,RGB
HAM10000_images_part_1\ISIC_0025226.jpg,OK,,600,450,RGB
HAM10000_images_part_1\ISIC_0025227.jpg,OK,,600,450,RGB
HAM10000_images_part_1\ISIC_0025228.jpg,OK,,600,450,RGB
HAM10000_images_part_1\ISIC_0025229.jpg,OK,,600,450,RGB
HAM10000_images_part_1\ISIC_0025230.jpg,OK,,600,450,RGB
HAM10000_images_part_1\ISIC_0025231.jpg,OK,,600,450,RGB
HAM10000_images_part_1\ISIC_0025232.jpg,OK,,600,450,RGB
HAM10000_images_part_1\ISIC_0025233.jpg,OK,,600,450,RGB
HAM10000_images_part_1\ISIC_0025234.jpg,OK,,600,450,RGB
HAM10000_images_part_1\ISIC_0025235.jpg,OK,,600,450,RGB
HAM10000_images_part_1\ISIC_0025236.jpg,OK,,600,450,RGB
HAM10000_images_part_1\ISIC_0025237.jpg,OK,,600,450,RGB
HAM10000_images_part_1\ISIC_0025238.jpg,OK,,600,450,RGB
HAM10000_images_part_1\ISIC_0025239.jpg,OK,,600,450,RGB
HAM10000_images_part_1\ISIC_0025240.jpg,OK,,600,450,RGB
HAM10000_images_part_1\ISIC_0025241.jpg,OK,,600,450,RGB
HAM10000_images_part_1\ISIC_0025242.jpg,OK,,600,450,RGB
HAM10000_images_part_1\ISIC_0025243.jpg,OK,,600,450,RGB
HAM10000_images_part_1\ISIC_0025244.jpg,OK,,600,450,RGB
HAM10000_images_part_1\ISIC_0025245.jpg,OK,,600,450,RGB
HAM10000_images_part_1\ISIC_0025246.jpg,OK,,600,450,RGB
HAM10000_images_part_1\ISIC_0025247.jpg,OK,,600,450,RGB
HAM10000_images_part_1\ISIC_0025248.jpg,OK,,600,450,RGB
HAM10000_images_part_1\ISIC_0025249.jpg,OK,,600,450,RGB
HAM10000_images_part_1\ISIC_0025250.jpg,OK,,600,450,RGB
HAM10000_images_part_1\ISIC_0025251.jpg,OK,,600,450,RGB
HAM10000_images_part_1\ISIC_0025252.jpg,OK,,600,450,RGB
HAM10000_images_part_1\ISIC_0025253.jpg,OK,,600,450,RGB
HAM10000_images_part_1\ISIC_0025254.jpg,OK,,600,450,RGB
HAM10000_images_part_1\ISIC_0025255.jpg,OK,,600,450,RGB
HAM10000_images_part_1\ISIC_0025256.jpg,OK,,600,450,RGB
HAM10000_images_part_1\ISIC_0025257.jpg,OK,,600,450,RGB
HAM10000_images_part_1\ISIC_0025258.jpg,OK,,600,450,RGB
HAM10000_images_part_1\ISIC_0025259.jpg,OK,,600,450,RGB
HAM10000_images_part_1\ISIC_0025260.jpg,OK,,600,450,RGB
HAM10000_images_part_1\ISIC_0025261.jpg,OK,,600,450,RGB
HAM10000_images_part_1\ISIC_0025262.jpg,OK,,600,450,RGB
HAM10000_images_part_1\ISIC_0025263.jpg,OK,,600,450,RGB
HAM10000_images_part_1\ISIC_0025264.jpg,OK,,600,450,RGB
HAM10000_images_part_1\ISIC_0025265.jpg,OK,,600,450,RGB
HAM10000_images_part_1\ISIC_0025266.jpg,OK,,600,450,RGB
HAM10000_images_part_1\ISIC_0025267.jpg,OK,,600,450,RGB
HAM10000_images_part_1\ISIC_0025268.jpg,OK,,600,450,RGB
HAM10000_images_part_1\ISIC_0025269.jpg,OK,,600,450,RGB
HAM10000_images_part_1\ISIC_0025270.jpg,OK,,600,450,RGB
HAM10000_images_part_1\ISIC_0025271.jpg,OK,,600,450,RGB
HAM10000_images_part_1\ISIC_0025272.jpg,OK,,600,450,RGB
HAM10000_images_part_1\ISIC_0025273.jpg,OK,,600,450,RGB
HAM10000_images_part_1\ISIC_0025274.jpg,OK,,600,450,RGB
HAM10000_images_part_1\ISIC_0025275.jpg,OK,,600,450,RGB
HAM10000_images_part_1\ISIC_0025276.jpg,OK,,600,450,RGB
HAM10000_images_part_1\ISIC_0025277.jpg,OK,,600,450,RGB
HAM10000_images_part_1\ISIC_0025278.jpg,OK,,600,450,RGB
HAM10000_images_part_1\ISIC_0025279.jpg,OK,,600,450,RGB
HAM10000_images_part_1\ISIC_0025280.jpg,OK,,600,450,RGB
HAM10000_images_part_1\ISIC_0025281.jpg,OK,,600,450,RGB
HAM10000_images_part_1\ISIC_0025282.jpg,OK,,600,450,RGB
HAM10000_images_part_1\ISIC_0025283.jpg,OK,,600,450,RGB
HAM10000_images_part_1\ISIC_0025284.jpg,OK,,600,450,RGB
HAM10000_images_part_1\ISIC_0025285.jpg,OK,,600,450,RGB
HAM10000_images_part_1\ISIC_0025286.jpg,OK,,600,450,RGB
HAM10000_images_part_1\ISIC_0025287.jpg,OK,,600,450,RGB
HAM10000_images_part_1\ISIC_0025288.jpg,OK,,600,450,RGB
HAM10000_images_part_1\ISIC_0025289.jpg,OK,,600,450,RGB
HAM10000_images_part_1\ISIC_0025290.jpg,OK,,600,450,RGB
HAM10000_images_part_1\ISIC_0025291.jpg,OK,,600,450,RGB
HAM10000_images_part_1\ISIC_0025292.jpg,OK,,600,450,RGB
HAM10000_images_part_1\ISIC_0025293.jpg,OK,,600,450,RGB
HAM10000_images_part_1\ISIC_0025294.jpg,OK,,600,450,RGB
HAM10000_images_part_1\ISIC_0025295.jpg,OK,,600,450,RGB
HAM10000_images_part_1\ISIC_0025296.jpg,OK,,600,450,RGB
HAM10000_images_part_1\ISIC_0025297.jpg,OK,,600,450,RGB
HAM10000_images_part_1\ISIC_0025298.jpg,OK,,600,450,RGB
HAM10000_images_part_1\ISIC_0025299.jpg,OK,,600,450,RGB
HAM10000_images_part_1\ISIC_0025300.jpg,OK,,600,450,RGB
HAM10000_images_part_1\ISIC_0025301.jpg,OK,,600,450,RGB
HAM10000_images_part_1\ISIC_0025302.jpg,OK,,600,450,RGB
HAM10000_images_part_1\ISIC_0025303.jpg,OK,,600,450,RGB
HAM10000_images_part_1\ISIC_0025304.jpg,OK,,600,450,RGB
HAM10000_images_part_1\ISIC_0025305.jpg,OK,,600,450,RGB
HAM10000_images_part_1\ISIC_0025306.jpg,OK,,600,450,RGB
HAM10000_images_part_1\ISIC_0025307.jpg,OK,,600,450,RGB
HAM10000_images_part_1\ISIC_0025308.jpg,OK,,600,450,RGB
HAM10000_images_part_1\ISIC_0025309.jpg,OK,,600,450,RGB
HAM10000_images_part_1\ISIC_0025310.jpg,OK,,600,450,RGB
HAM10000_images_part_1\ISIC_0025311.jpg,OK,,600,450,RGB
HAM10000_images_part_1\ISIC_0025312.jpg,OK,,600,450,RGB
HAM10000_images_part_1\ISIC_0025313.jpg,OK,,600,450,RGB
HAM10000_images_part_1\ISIC_0025314.jpg,OK,,600,450,RGB
HAM10000_images_part_1\ISIC_0025315.jpg,OK,,600,450,RGB
HAM10000_images_part_1\ISIC_0025316.jpg,OK,,600,450,RGB
HAM10000_images_part_1\ISIC_0025317.jpg,OK,,600,450,RGB
HAM10000_images_part_1\ISIC_0025318.jpg,OK,,600,450,RGB
HAM10000_images_part_1\ISIC_0025319.jpg,OK,,600,450,RGB
HAM10000_images_part_1\ISIC_0025320.jpg,OK,,600,450,RGB
HAM10000_images_part_1\ISIC_0025321.jpg,OK,,600,450,RGB
HAM10000_images_part_1\ISIC_0025322.jpg,OK,,600,450,RGB
HAM10000_images_part_1\ISIC_0025323.jpg,OK,,600,450,RGB
HAM10000_images_part_1\ISIC_0025324.jpg,OK,,600,450,RGB
HAM10000_images_part_1\ISIC_0025325.jpg,OK,,600,450,RGB
HAM10000_images_part_1\ISIC_0025326.jpg,OK,,600,450,RGB
HAM10000_images_part_1\ISIC_0025327.jpg,OK,,600,450,RGB
HAM10000_images_part_1\ISIC_0025328.jpg,OK,,600,450,RGB
HAM10000_images_part_1\ISIC_0025329.jpg,OK,,600,450,RGB
HAM10000_images_part_1\ISIC_0025330.jpg,OK,,600,450,RGB
HAM10000_images_part_1\ISIC_0025331.jpg,OK,,600,450,RGB
HAM10000_images_part_1\ISIC_0025332.jpg,OK,,600,450,RGB
HAM10000_images_part_1\ISIC_0025333.jpg,OK,,600,450,RGB
HAM10000_images_part_1\ISIC_0025334.jpg,OK,,600,450,RGB
HAM10000_images_part_1\ISIC_0025335.jpg,OK,,600,450,RGB
HAM10000_images_part_1\ISIC_0025336.jpg,OK,,600,450,RGB
HAM10000_images_part_1\ISIC_0025337.jpg,OK,,600,450,RGB
HAM10000_images_part_1\ISIC_0025338.jpg,OK,,600,450,RGB
HAM10000_images_part_1\ISIC_0025339.jpg,OK,,600,450,RGB
HAM10000_images_part_1\ISIC_0025340.jpg,OK,,600,450,RGB
HAM10000_images_part_1\ISIC_0025341.jpg,OK,,600,450,RGB
HAM10000_images_part_1\ISIC_0025342.jpg,OK,,600,450,RGB
HAM10000_images_part_1\ISIC_0025343.jpg,OK,,600,450,RGB
HAM10000_images_part_1\ISIC_0025344.jpg,OK,,600,450,RGB
HAM10000_images_part_1\ISIC_0025345.jpg,OK,,600,450,RGB
HAM10000_images_part_1\ISIC_0025346.jpg,OK,,600,450,RGB
HAM10000_images_part_1\ISIC_0025347.jpg,OK,,600,450,RGB
HAM10000_images_part_1\ISIC_0025348.jpg,OK,,600,450,RGB
HAM10000_images_part_1\ISIC_0025349.jpg,OK,,600,450,RGB
HAM10000_images_part_1\ISIC_0025350.jpg,OK,,600,450,RGB
HAM10000_images_part_1\ISIC_0025351.jpg,OK,,600,450,RGB
HAM10000_images_part_1\ISIC_0025352.jpg,OK,,600,450,RGB
HAM10000_images_part_1\ISIC_0025353.jpg,OK,,600,450,RGB
HAM10000_images_part_1\ISIC_0025354.jpg,OK,,600,450,RGB
HAM10000_images_part_1\ISIC_0025355.jpg,OK,,600,450,RGB
HAM10000_images_part_1\ISIC_0025356.jpg,OK,,600,450,RGB
HAM10000_images_part_1\ISIC_0025357.jpg,OK,,600,450,RGB
HAM10000_images_part_1\ISIC_0025358.jpg,OK,,600,450,RGB
HAM10000_images_part_1\ISIC_0025359.jpg,OK,,600,450,RGB
HAM10000_images_part_1\ISIC_0025360.jpg,OK,,600,450,RGB
HAM10000_images_part_1\ISIC_0025361.jpg,OK,,600,450,RGB
HAM10000_images_part_1\ISIC_0025362.jpg,OK,,600,450,RGB
HAM10000_images_part_1\ISIC_0025363.jpg,OK,,600,450,RGB
HAM10000_images_part_1\ISIC_0025364.jpg,OK,,600,450,RGB
HAM10000_images_part_1\ISIC_0025365.jpg,OK,,600,450,RGB
HAM10000_images_part_1\ISIC_0025366.jpg,OK,,600,450,RGB
HAM10000_images_part_1\ISIC_0025367.jpg,OK,,600,450,RGB
HAM10000_images_part_1\ISIC_0025368.jpg,OK,,600,450,RGB
HAM10000_images_part_1\ISIC_0025369.jpg,OK,,600,450,RGB
HAM10000_images_part_1\ISIC_0025370.jpg,OK,,600,450,RGB
HAM10000_images_part_1\ISIC_0025371.jpg,OK,,600,450,RGB
HAM10000_images_part_1\ISIC_0025372.jpg,OK,,600,450,RGB
HAM10000_images_part_1\ISIC_0025373.jpg,OK,,600,450,RGB
HAM10000_images_part_1\ISIC_0025374.jpg,OK,,600,450,RGB
HAM10000_images_part_1\ISIC_0025375.jpg,OK,,600,450,RGB
HAM10000_images_part_1\ISIC_0025376.jpg,OK,,600,450,RGB
HAM10000_images_part_1\ISIC_0025377.jpg,OK,,600,450,RGB
HAM10000_images_part_1\ISIC_0025378.jpg,OK,,600,450,RGB
HAM10000_images_part_1\ISIC_0025379.jpg,OK,,600,450,RGB
HAM10000_images_part_1\ISIC_0025380.jpg,OK,,600,450,RGB
HAM10000_images_part_1\ISIC_0025381.jpg,OK,,600,450,RGB
HAM10000_images_part_1\ISIC_0025382.jpg,OK,,600,450,RGB
HAM10000_images_part_1\ISIC_0025383.jpg,OK,,600,450,RGB
HAM10000_images_part_1\ISIC_0025384.jpg,OK,,600,450,RGB
HAM10000_images_part_1\ISIC_0025385.jpg,OK,,600,450,RGB
HAM10000_images_part_1\ISIC_0025386.jpg,OK,,600,450,RGB
HAM10000_images_part_1\ISIC_0025387.jpg,OK,,600,450,RGB
HAM10000_images_part_1\ISIC_0025388.jpg,OK,,600,450,RGB
HAM10000_images_part_1\ISIC_0025389.jpg,OK,,600,450,RGB
HAM10000_images_part_1\ISIC_0025390.jpg,OK,,600,450,RGB
HAM10000_images_part_1\ISIC_0025391.jpg,OK,,600,450,RGB
HAM10000_images_part_1\ISIC_0025392.jpg,OK,,600,450,RGB
HAM10000_images_part_1\ISIC_0025393.jpg,OK,,600,450,RGB
HAM10000_images_part_1\ISIC_0025394.jpg,OK,,600,450,RGB
HAM10000_images_part_1\ISIC_0025395.jpg,OK,,600,450,RGB
HAM10000_images_part_1\ISIC_0025396.jpg,OK,,600,450,RGB
HAM10000_images_part_1\ISIC_0025397.jpg,OK,,600,450,RGB
HAM10000_images_part_1\ISIC_0025398.jpg,OK,,600,450,RGB
HAM10000_images_part_1\ISIC_0025399.jpg,OK,,600,450,RGB
HAM10000_images_part_1\ISIC_0025400.jpg,OK,,600,450,RGB
HAM10000_images_part_1\ISIC_0025401.jpg,OK,,600,450,RGB
HAM10000_images_part_1\ISIC_0025402.jpg,OK,,600,450,RGB
HAM10000_images_part_1\ISIC_0025403.jpg,OK,,600,450,RGB
HAM10000_images_part_1\ISIC_0025404.jpg,OK,,600,450,RGB
HAM10000_images_part_1\ISIC_0025405.jpg,OK,,600,450,RGB
HAM10000_images_part_1\ISIC_0025406.jpg,OK,,600,450,RGB
HAM10000_images_part_1\ISIC_0025407.jpg,OK,,600,450,RGB
HAM10000_images_part_1\ISIC_0025408.jpg,OK,,600,450,RGB
HAM10000_images_part_1\ISIC_0025409.jpg,OK,,600,450,RGB
HAM10000_images_part_1\ISIC_0025410.jpg,OK,,600,450,RGB
HAM10000_images_part_1\ISIC_0025411.jpg,OK,,600,450,RGB
HAM10000_images_part_1\ISIC_0025412.jpg,OK,,600,450,RGB
HAM10000_images_part_1\ISIC_0025413.jpg,OK,,600,450,RGB
HAM10000_images_part_1\ISIC_0025414.jpg,OK,,600,450,RGB
HAM10000_images_part_1\ISIC_0025415.jpg,OK,,600,450,RGB
HAM10000_images_part_1\ISIC_0025416.jpg,OK,,600,450,RGB
HAM10000_images_part_1\ISIC_0025417.jpg,OK,,600,450,RGB
HAM10000_images_part_1\ISIC_0025418.jpg,OK,,600,450,RGB
HAM10000_images_part_1\ISIC_0025419.jpg,OK,,600,450,RGB
HAM10000_images_part_1\ISIC_0025420.jpg,OK,,600,450,RGB
HAM10000_images_part_1\ISIC_0025421.jpg,OK,,600,450,RGB
HAM10000_images_part_1\ISIC_0025422.jpg,OK,,600,450,RGB
HAM10000_images_part_1\ISIC_0025423.jpg,OK,,600,450,RGB
HAM10000_images_part_1\ISIC_0025424.jpg,OK,,600,450,RGB
HAM10000_images_part_1\ISIC_0025425.jpg,OK,,600,450,RGB
HAM10000_images_part_1\ISIC_0025426.jpg,OK,,600,450,RGB
HAM10000_images_part_1\ISIC_0025427.jpg,OK,,600,450,RGB
HAM10000_images_part_1\ISIC_0025428.jpg,OK,,600,450,RGB
HAM10000_images_part_1\ISIC_0025429.jpg,OK,,600,450,RGB
HAM10000_images_part_1\ISIC_0025430.jpg,OK,,600,450,RGB
HAM10000_images_part_1\ISIC_0025431.jpg,OK,,600,450,RGB
HAM10000_images_part_1\ISIC_0025432.jpg,OK,,600,450,RGB
HAM10000_images_part_1\ISIC_0025433.jpg,OK,,600,450,RGB
HAM10000_images_part_1\ISIC_0025434.jpg,OK,,600,450,RGB
HAM10000_images_part_1\ISIC_0025435.jpg,OK,,600,450,RGB
HAM10000_images_part_1\ISIC_0025436.jpg,OK,,600,450,RGB
HAM10000_images_part_1\ISIC_0025437.jpg,OK,,600,450,RGB
HAM10000_images_part_1\ISIC_0025438.jpg,OK,,600,450,RGB
HAM10000_images_part_1\ISIC_0025439.jpg,OK,,600,450,RGB
HAM10000_images_part_1\ISIC_0025440.jpg,OK,,600,450,RGB
HAM10000_images_part_1\ISIC_0025441.jpg,OK,,600,450,RGB
HAM10000_images_part_1\ISIC_0025442.jpg,OK,,600,450,RGB
HAM10000_images_part_1\ISIC_0025443.jpg,OK,,600,450,RGB
HAM10000_images_part_1\ISIC_0025444.jpg,OK,,600,450,RGB
HAM10000_images_part_1\ISIC_0025445.jpg,OK,,600,450,RGB
HAM10000_images_part_1\ISIC_0025446.jpg,OK,,600,450,RGB
HAM10000_images_part_1\ISIC_0025447.jpg,OK,,600,450,RGB
HAM10000_images_part_1\ISIC_0025448.jpg,OK,,600,450,RGB
HAM10000_images_part_1\ISIC_0025449.jpg,OK,,600,450,RGB
HAM10000_images_part_1\ISIC_0025450.jpg,OK,,600,450,RGB
HAM10000_images_part_1\ISIC_0025451.jpg,OK,,600,450,RGB
HAM10000_images_part_1\ISIC_0025452.jpg,OK,,600,450,RGB
HAM10000_images_part_1\ISIC_0025453.jpg,OK,,600,450,RGB
HAM10000_images_part_1\ISIC_0025454.jpg,OK,,600,450,RGB
HAM10000_images_part_1\ISIC_0025455.jpg,OK,,600,450,RGB
HAM10000_images_part_1\ISIC_0025456.jpg,OK,,600,450,RGB
HAM10000_images_part_1\ISIC_0025457.jpg,OK,,600,450,RGB
HAM10000_images_part_1\ISIC_0025458.jpg,OK,,600,450,RGB
HAM10000_images_part_1\ISIC_0025459.jpg,OK,,600,450,RGB
HAM10000_images_part_1\ISIC_0025460.jpg,OK,,600,450,RGB
HAM10000_images_part_1\ISIC_0025461.jpg,OK,,600,450,RGB
HAM10000_images_part_1\ISIC_0025462.jpg,OK,,600,450,RGB
HAM10000_images_part_1\ISIC_0025463.jpg,OK,,600,450,RGB
HAM10000_images_part_1\ISIC_0025464.jpg,OK,,600,450,RGB
HAM10000_images_part_1\ISIC_0025465.jpg,OK,,600,450,RGB
HAM10000_images_part_1\ISIC_0025466.jpg,OK,,600,450,RGB
HAM10000_images_part_1\ISIC_0025467.jpg,OK,,600,450,RGB
HAM10000_images_part_1\ISIC_0025468.jpg,OK,,600,450,RGB
HAM10000_images_part_1\ISIC_0025469.jpg,OK,,600,450,RGB
HAM10000_images_part_1\ISIC_0025470.jpg,OK,,600,450,RGB
HAM10000_images_part_1\ISIC_0025471.jpg,OK,,600,450,RGB
HAM10000_images_part_1\ISIC_0025472.jpg,OK,,600,450,RGB
HAM10000_images_part_1\ISIC_0025473.jpg,OK,,600,450,RGB
HAM10000_images_part_1\ISIC_0025474.jpg,OK,,600,450,RGB
HAM10000_images_part_1\ISIC_0025475.jpg,OK,,600,450,RGB
HAM10000_images_part_1\ISIC_0025476.jpg,OK,,600,450,RGB
HAM10000_images_part_1\ISIC_0025477.jpg,OK,,600,450,RGB
HAM10000_images_part_1\ISIC_0025478.jpg,OK,,600,450,RGB
HAM10000_images_part_1\ISIC_0025479.jpg,OK,,600,450,RGB
HAM10000_images_part_1\ISIC_0025480.jpg,OK,,600,450,RGB
HAM10000_images_part_1\ISIC_0025481.jpg,OK,,600,450,RGB
HAM10000_images_part_1\ISIC_0025482.jpg,OK,,600,450,RGB
HAM10000_images_part_1\ISIC_0025483.jpg,OK,,600,450,RGB
HAM10000_images_part_1\ISIC_0025484.jpg,OK,,600,450,RGB
HAM10000_images_part_1\ISIC_0025485.jpg,OK,,600,450,RGB
HAM10000_images_part_1\ISIC_0025486.jpg,OK,,600,450,RGB
HAM10000_images_part_1\ISIC_0025487.jpg,OK,,600,450,RGB
HAM10000_images_part_1\ISIC_0025488.jpg,OK,,600,450,RGB
HAM10000_images_part_1\ISIC_0025489.jpg,OK,,600,450,RGB
HAM10000_images_part_1\ISIC_0025490.jpg,OK,,600,450,RGB
HAM10000_images_part_1\ISIC_0025491.jpg,OK,,600,450,RGB
HAM10000_images_part_1\ISIC_0025492.jpg,OK,,600,450,RGB
HAM10000_images_part_1\ISIC_0025493.jpg,OK,,600,450,RGB
HAM10000_images_part_1\ISIC_0025494.jpg,OK,,600,450,RGB
HAM10000_images_part_1\ISIC_0025495.jpg,OK,,600,450,RGB
HAM10000_images_part_1\ISIC_0025496.jpg,OK,,600,450,RGB
HAM10000_images_part_1\ISIC_0025497.jpg,OK,,600,450,RGB
HAM10000_images_part_1\ISIC_0025498.jpg,OK,,600,450,RGB
HAM10000_images_part_1\ISIC_0025499.jpg,OK,,600,450,RGB
HAM10000_images_part_1\ISIC_0025500.jpg,OK,,600,450,RGB
HAM10000_images_part_1\ISIC_0025501.jpg,OK,,600,450,RGB
HAM10000_images_part_1\ISIC_0025502.jpg,OK,,600,450,RGB
HAM10000_images_part_1\ISIC_0025503.jpg,OK,,600,450,RGB
HAM10000_images_part_1\ISIC_0025504.jpg,OK,,600,450,RGB
HAM10000_images_part_1\ISIC_0025505.jpg,OK,,600,450,RGB
HAM10000_images_part_1\ISIC_0025506.jpg,OK,,600,450,RGB
HAM10000_images_part_1\ISIC_0025507.jpg,OK,,600,450,RGB
HAM10000_images_part_1\ISIC_0025508.jpg,OK,,600,450,RGB
HAM10000_images_part_1\ISIC_0025509.jpg,OK,,600,450,RGB
HAM10000_images_part_1\ISIC_0025510.jpg,OK,,600,450,RGB
HAM10000_images_part_1\ISIC_0025511.jpg,OK,,600,450,RGB
HAM10000_images_part_1\ISIC_0025512.jpg,OK,,600,450,RGB
HAM10000_images_part_1\ISIC_0025513.jpg,OK,,600,450,RGB
HAM10000_images_part_1\ISIC_0025514.jpg,OK,,600,450,RGB
HAM10000_images_part_1\ISIC_0025515.jpg,OK,,600,450,RGB
HAM10000_images_part_1\ISIC_0025516.jpg,OK,,600,450,RGB
HAM10000_images_part_1\ISIC_0025517.jpg,OK,,600,450,RGB
HAM10000_images_part_1\ISIC_0025518.jpg,OK,,600,450,RGB
HAM10000_images_part_1\ISIC_0025519.jpg,OK,,600,450,RGB
HAM10000_images_part_1\ISIC_0025520.jpg,OK,,600,450,RGB
HAM10000_images_part_1\ISIC_0025521.jpg,OK,,600,450,RGB
HAM10000_images_part_1\ISIC_0025522.jpg,OK,,600,450,RGB
HAM10000_images_part_1\ISIC_0025523.jpg,OK,,600,450,RGB
HAM10000_images_part_1\ISIC_0025524.jpg,OK,,600,450,RGB
HAM10000_images_part_1\ISIC_0025525.jpg,OK,,600,450,RGB
HAM10000_images_part_1\ISIC_0025526.jpg,OK,,600,450,RGB
HAM10000_images_part_1\ISIC_0025527.jpg,OK,,600,450,RGB
HAM10000_images_part_1\ISIC_0025528.jpg,OK,,600,450,RGB
HAM10000_images_part_1\ISIC_0025529.jpg,OK,,600,450,RGB
HAM10000_images_part_1\ISIC_0025530.jpg,OK,,600,450,RGB
HAM10000_images_part_1\ISIC_0025531.jpg,OK,,600,450,RGB
HAM10000_images_part_1\ISIC_0025532.jpg,OK,,600,450,RGB
HAM10000_images_part_1\ISIC_0025533.jpg,OK,,600,450,RGB
HAM10000_images_part_1\ISIC_0025534.jpg,OK,,600,450,RGB
HAM10000_images_part_1\ISIC_0025535.jpg,OK,,600,450,RGB
HAM10000_images_part_1\ISIC_0025536.jpg,OK,,600,450,RGB
HAM10000_images_part_1\ISIC_0025537.jpg,OK,,600,450,RGB
HAM10000_images_part_1\ISIC_0025538.jpg,OK,,600,450,RGB
HAM10000_images_part_1\ISIC_0025539.jpg,OK,,600,450,RGB
HAM10000_images_part_1\ISIC_0025540.jpg,OK,,600,450,RGB
HAM10000_images_part_1\ISIC_0025541.jpg,OK,,600,450,RGB
HAM10000_images_part_1\ISIC_0025542.jpg,OK,,600,450,RGB
HAM10000_images_part_1\ISIC_0025543.jpg,OK,,600,450,RGB
HAM10000_images_part_1\ISIC_0025544.jpg,OK,,600,450,RGB
HAM10000_images_part_1\ISIC_0025545.jpg,OK,,600,450,RGB
HAM10000_images_part_1\ISIC_0025546.jpg,OK,,600,450,RGB
HAM10000_images_part_1\ISIC_0025547.jpg,OK,,600,450,RGB
HAM10000_images_part_1\ISIC_0025548.jpg,OK,,600,450,RGB
HAM10000_images_part_1\ISIC_0025549.jpg,OK,,600,450,RGB
HAM10000_images_part_1\ISIC_0025550.jpg,OK,,600,450,RGB
HAM10000_images_part_1\ISIC_0025551.jpg,OK,,600,450,RGB
HAM10000_images_part_1\ISIC_0025552.jpg,OK,,600,450,RGB
HAM10000_images_part_1\ISIC_0025553.jpg,OK,,600,450,RGB
HAM10000_images_part_1\ISIC_0025554.jpg,OK,,600,450,RGB
HAM10000_images_part_1\ISIC_0025555.jpg,OK,,600,450,RGB
HAM10000_images_part_1\ISIC_0025556.jpg,OK,,600,450,RGB
HAM10000_images_part_1\ISIC_0025557.jpg,OK,,600,450,RGB
HAM10000_images_part_1\ISIC_0025558.jpg,OK,,600,450,RGB
HAM10000_images_part_1\ISIC_0025559.jpg,OK,,600,450,RGB
HAM10000_images_part_1\ISIC_0025560.jpg,OK,,600,450,RGB
HAM10000_images_part_1\ISIC_0025561.jpg,OK,,600,450,RGB
HAM10000_images_part_1\ISIC_0025562.jpg,OK,,600,450,RGB
HAM10000_images_part_1\ISIC_0025563.jpg,OK,,600,450,RGB
HAM10000_images_part_1\ISIC_0025564.jpg,OK,,600,450,RGB
HAM10000_images_part_1\ISIC_0025565.jpg,OK,,600,450,RGB
HAM10000_images_part_1\ISIC_0025566.jpg,OK,,600,450,RGB
HAM10000_images_part_1\ISIC_0025567.jpg,OK,,600,450,RGB
HAM10000_images_part_1\ISIC_0025568.jpg,OK,,600,450,RGB
HAM10000_images_part_1\ISIC_0025569.jpg,OK,,600,450,RGB
HAM10000_images_part_1\ISIC_0025570.jpg,OK,,600,450,RGB
HAM10000_images_part_1\ISIC_0025571.jpg,OK,,600,450,RGB
HAM10000_images_part_1\ISIC_0025572.jpg,OK,,600,450,RGB
HAM10000_images_part_1\ISIC_0025573.jpg,OK,,600,450,RGB
HAM10000_images_part_1\ISIC_0025574.jpg,OK,,600,450,RGB
HAM10000_images_part_1\ISIC_0025575.jpg,OK,,600,450,RGB
HAM10000_images_part_1\ISIC_0025576.jpg,OK,,600,450,RGB
HAM10000_images_part_1\ISIC_0025577.jpg,OK,,600,450,RGB
HAM10000_images_part_1\ISIC_0025578.jpg,OK,,600,450,RGB
HAM10000_images_part_1\ISIC_0025579.jpg,OK,,600,450,RGB
HAM10000_images_part_1\ISIC_0025580.jpg,OK,,600,450,RGB
HAM10000_images_part_1\ISIC_0025581.jpg,OK,,600,450,RGB
HAM10000_images_part_1\ISIC_0025582.jpg,OK,,600,450,RGB
HAM10000_images_part_1\ISIC_0025583.jpg,OK,,600,450,RGB
HAM10000_images_part_1\ISIC_0025584.jpg,OK,,600,450,RGB
HAM10000_images_part_1\ISIC_0025585.jpg,OK,,600,450,RGB
HAM10000_images_part_1\ISIC_0025586.jpg,OK,,600,450,RGB
HAM10000_images_part_1\ISIC_0025587.jpg,OK,,600,450,RGB
HAM10000_images_part_1\ISIC_0025588.jpg,OK,,600,450,RGB
HAM10000_images_part_1\ISIC_0025589.jpg,OK,,600,450,RGB
HAM10000_images_part_1\ISIC_0025590.jpg,OK,,600,450,RGB
HAM10000_images_part_1\ISIC_0025591.jpg,OK,,600,450,RGB
HAM10000_images_part_1\ISIC_0025592.jpg,OK,,600,450,RGB
HAM10000_images_part_1\ISIC_0025593.jpg,OK,,600,450,RGB
HAM10000_images_part_1\ISIC_0025594.jpg,OK,,600,450,RGB
HAM10000_images_part_1\ISIC_0025595.jpg,OK,,600,450,RGB
HAM10000_images_part_1\ISIC_0025596.jpg,OK,,600,450,RGB
HAM10000_images_part_1\ISIC_0025597.jpg,OK,,600,450,RGB
HAM10000_images_part_1\ISIC_0025598.jpg,OK,,600,450,RGB
HAM10000_images_part_1\ISIC_0025599.jpg,OK,,600,450,RGB
HAM10000_images_part_1\ISIC_0025600.jpg,OK,,600,450,RGB
HAM10000_images_part_1\ISIC_0025601.jpg,OK,,600,450,RGB
HAM10000_images_part_1\ISIC_0025602.jpg,OK,,600,450,RGB
HAM10000_images_part_1\ISIC_0025603.jpg,OK,,600,450,RGB
HAM10000_images_part_1\ISIC_0025604.jpg,OK,,600,450,RGB
HAM10000_images_part_1\ISIC_0025605.jpg,OK,,600,450,RGB
HAM10000_images_part_1\ISIC_0025606.jpg,OK,,600,450,RGB
HAM10000_images_part_1\ISIC_0025607.jpg,OK,,600,450,RGB
HAM10000_images_part_1\ISIC_0025608.jpg,OK,,600,450,RGB
HAM10000_images_part_1\ISIC_0025609.jpg,OK,,600,450,RGB
HAM10000_images_part_1\ISIC_0025610.jpg,OK,,600,450,RGB
HAM10000_images_part_1\ISIC_0025611.jpg,OK,,600,450,RGB
HAM10000_images_part_1\ISIC_0025612.jpg,OK,,600,450,RGB
HAM10000_images_part_1\ISIC_0025613.jpg,OK,,600,450,RGB
HAM10000_images_part_1\ISIC_0025614.jpg,OK,,600,450,RGB
HAM10000_images_part_1\ISIC_0025615.jpg,OK,,600,450,RGB
HAM10000_images_part_1\ISIC_0025616.jpg,OK,,600,450,RGB
HAM10000_images_part_1\ISIC_0025617.jpg,OK,,600,450,RGB
HAM10000_images_part_1\ISIC_0025618.jpg,OK,,600,450,RGB
HAM10000_images_part_1\ISIC_0025619.jpg,OK,,600,450,RGB
HAM10000_images_part_1\ISIC_0025620.jpg,OK,,600,450,RGB
HAM10000_images_part_1\ISIC_0025621.jpg,OK,,600,450,RGB
HAM10000_images_part_1\ISIC_0025622.jpg,OK,,600,450,RGB
HAM10000_images_part_1\ISIC_0025623.jpg,OK,,600,450,RGB
HAM10000_images_part_1\ISIC_0025624.jpg,OK,,600,450,RGB
HAM10000_images_part_1\ISIC_0025625.jpg,OK,,600,450,RGB
HAM10000_images_part_1\ISIC_0025626.jpg,OK,,600,450,RGB
HAM10000_images_part_1\ISIC_0025627.jpg,OK,,600,450,RGB
HAM10000_images_part_1\ISIC_0025628.jpg,OK,,600,450,RGB
HAM10000_images_part_1\ISIC_0025629.jpg,OK,,600,450,RGB
HAM10000_images_part_1\ISIC_0025630.jpg,OK,,600,450,RGB
HAM10000_images_part_1\ISIC_0025631.jpg,OK,,600,450,RGB
HAM10000_images_part_1\ISIC_0025632.jpg,OK,,600,450,RGB
HAM10000_images_part_1\ISIC_0025633.jpg,OK,,600,450,RGB
HAM10000_images_part_1\ISIC_0025634.jpg,OK,,600,450,RGB
HAM10000_images_part_1\ISIC_0025635.jpg,OK,,600,450,RGB
HAM10000_images_part_1\ISIC_0025636.jpg,OK,,600,450,RGB
HAM10000_images_part_1\ISIC_0025637.jpg,OK,,600,450,RGB
HAM10000_images_part_1\ISIC_0025638.jpg,OK,,600,450,RGB
HAM10000_images_part_1\ISIC_0025639.jpg,OK,,600,450,RGB
HAM10000_images_part_1\ISIC_0025640.jpg,OK,,600,450,RGB
HAM10000_images_part_1\ISIC_0025641.jpg,OK,,600,450,RGB
HAM10000_images_part_1\ISIC_0025642.jpg,OK,,600,450,RGB
HAM10000_images_part_1\ISIC_0025643.jpg,OK,,600,450,RGB
HAM10000_images_part_1\ISIC_0025644.jpg,OK,,600,450,RGB
HAM10000_images_part_1\ISIC_0025645.jpg,OK,,600,450,RGB
HAM10000_images_part_1\ISIC_0025646.jpg,OK,,600,450,RGB
HAM10000_images_part_1\ISIC_0025647.jpg,OK,,600,450,RGB
HAM10000_images_part_1\ISIC_0025648.jpg,OK,,600,450,RGB
HAM10000_images_part_1\ISIC_0025649.jpg,OK,,600,450,RGB
HAM10000_images_part_1\ISIC_0025650.jpg,OK,,600,450,RGB
HAM10000_images_part_1\ISIC_0025651.jpg,OK,,600,450,RGB
HAM10000_images_part_1\ISIC_0025652.jpg,OK,,600,450,RGB
HAM10000_images_part_1\ISIC_0025653.jpg,OK,,600,450,RGB
HAM10000_images_part_1\ISIC_0025654.jpg,OK,,600,450,RGB
HAM10000_images_part_1\ISIC_0025655.jpg,OK,,600,450,RGB
HAM10000_images_part_1\ISIC_0025656.jpg,OK,,600,450,RGB
HAM10000_images_part_1\ISIC_0025657.jpg,OK,,600,450,RGB
HAM10000_images_part_1\ISIC_0025658.jpg,OK,,600,450,RGB
HAM10000_images_part_1\ISIC_0025659.jpg,OK,,600,450,RGB
HAM10000_images_part_1\ISIC_0025660.jpg,OK,,600,450,RGB
HAM10000_images_part_1\ISIC_0025661.jpg,OK,,600,450,RGB
HAM10000_images_part_1\ISIC_0025662.jpg,OK,,600,450,RGB
HAM10000_images_part_1\ISIC_0025663.jpg,OK,,600,450,RGB
HAM10000_images_part_1\ISIC_0025664.jpg,OK,,600,450,RGB
HAM10000_images_part_1\ISIC_0025665.jpg,OK,,600,450,RGB
HAM10000_images_part_1\ISIC_0025666.jpg,OK,,600,450,RGB
HAM10000_images_part_1\ISIC_0025667.jpg,OK,,600,450,RGB
HAM10000_images_part_1\ISIC_0025668.jpg,OK,,600,450,RGB
HAM10000_images_part_1\ISIC_0025669.jpg,OK,,600,450,RGB
HAM10000_images_part_1\ISIC_0025670.jpg,OK,,600,450,RGB
HAM10000_images_part_1\ISIC_0025671.jpg,OK,,600,450,RGB
HAM10000_images_part_1\ISIC_0025672.jpg,OK,,600,450,RGB
HAM10000_images_part_1\ISIC_0025673.jpg,OK,,600,450,RGB
HAM10000_images_part_1\ISIC_0025674.jpg,OK,,600,450,RGB
HAM10000_images_part_1\ISIC_0025675.jpg,OK,,600,450,RGB
HAM10000_images_part_1\ISIC_0025676.jpg,OK,,600,450,RGB
HAM10000_images_part_1\ISIC_0025677.jpg,OK,,600,450,RGB
HAM10000_images_part_1\ISIC_0025678.jpg,OK,,600,450,RGB
HAM10000_images_part_1\ISIC_0025679.jpg,OK,,600,450,RGB
HAM10000_images_part_1\ISIC_0025680.jpg,OK,,600,450,RGB
HAM10000_images_part_1\ISIC_0025681.jpg,OK,,600,450,RGB
HAM10000_images_part_1\ISIC_0025682.jpg,OK,,600,450,RGB
HAM10000_images_part_1\ISIC_0025683.jpg,OK,,600,450,RGB
HAM10000_images_part_1\ISIC_0025684.jpg,OK,,600,450,RGB
HAM10000_images_part_1\ISIC_0025685.jpg,OK,,600,450,RGB
HAM10000_images_part_1\ISIC_0025686.jpg,OK,,600,450,RGB
HAM10000_images_part_1\ISIC_0025687.jpg,OK,,600,450,RGB
HAM10000_images_part_1\ISIC_0025688.jpg,OK,,600,450,RGB
HAM10000_images_part_1\ISIC_0025689.jpg,OK,,600,450,RGB
HAM10000_images_part_1\ISIC_0025690.jpg,OK,,600,450,RGB
HAM10000_images_part_1\ISIC_0025691.jpg,OK,,600,450,RGB
HAM10000_images_part_1\ISIC_0025692.jpg,OK,,600,450,RGB
HAM10000_images_part_1\ISIC_0025693.jpg,OK,,600,450,RGB
HAM10000_images_part_1\ISIC_0025694.jpg,OK,,600,450,RGB
HAM10000_images_part_1\ISIC_0025695.jpg,OK,,600,450,RGB
HAM10000_images_part_1\ISIC_0025696.jpg,OK,,600,450,RGB
HAM10000_images_part_1\ISIC_0025697.jpg,OK,,600,450,RGB
HAM10000_images_part_1\ISIC_0025698.jpg,OK,,600,450,RGB
HAM10000_images_part_1\ISIC_0025699.jpg,OK,,600,450,RGB
HAM10000_images_part_1\ISIC_0025700.jpg,OK,,600,450,RGB
HAM10000_images_part_1\ISIC_0025701.jpg,OK,,600,450,RGB
HAM10000_images_part_1\ISIC_0025702.jpg,OK,,600,450,RGB
HAM10000_images_part_1\ISIC_0025703.jpg,OK,,600,450,RGB
HAM10000_images_part_1\ISIC_0025704.jpg,OK,,600,450,RGB
HAM10000_images_part_1\ISIC_0025705.jpg,OK,,600,450,RGB
HAM10000_images_part_1\ISIC_0025706.jpg,OK,,600,450,RGB
HAM10000_images_part_1\ISIC_0025707.jpg,OK,,600,450,RGB
HAM10000_images_part_1\ISIC_0025708.jpg,OK,,600,450,RGB
HAM10000_images_part_1\ISIC_0025709.jpg,OK,,600,450,RGB
HAM10000_images_part_1\ISIC_0025710.jpg,OK,,600,450,RGB
HAM10000_images_part_1\ISIC_0025711.jpg,OK,,600,450,RGB
HAM10000_images_part_1\ISIC_0025712.jpg,OK,,600,450,RGB
HAM10000_images_part_1\ISIC_0025713.jpg,OK,,600,450,RGB
HAM10000_images_part_1\ISIC_0025714.jpg,OK,,600,450,RGB
HAM10000_images_part_1\ISIC_0025715.jpg,OK,,600,450,RGB
HAM10000_images_part_1\ISIC_0025716.jpg,OK,,600,450,RGB
HAM10000_images_part_1\ISIC_0025717.jpg,OK,,600,450,RGB
HAM10000_images_part_1\ISIC_0025718.jpg,OK,,600,450,RGB
HAM10000_images_part_1\ISIC_0025719.jpg,OK,,600,450,RGB
HAM10000_images_part_1\ISIC_0025720.jpg,OK,,600,450,RGB
HAM10000_images_part_1\ISIC_0025721.jpg,OK,,600,450,RGB
HAM10000_images_part_1\ISIC_0025722.jpg,OK,,600,450,RGB
HAM10000_images_part_1\ISIC_0025723.jpg,OK,,600,450,RGB
HAM10000_images_part_1\ISIC_0025724.jpg,OK,,600,450,RGB
HAM10000_images_part_1\ISIC_0025725.jpg,OK,,600,450,RGB
HAM10000_images_part_1\ISIC_0025726.jpg,OK,,600,450,RGB
HAM10000_images_part_1\ISIC_0025727.jpg,OK,,600,450,RGB
HAM10000_images_part_1\ISIC_0025728.jpg,OK,,600,450,RGB
HAM10000_images_part_1\ISIC_0025729.jpg,OK,,600,450,RGB
HAM10000_images_part_1\ISIC_0025730.jpg,OK,,600,450,RGB
HAM10000_images_part_1\ISIC_0025731.jpg,OK,,600,450,RGB
HAM10000_images_part_1\ISIC_0025732.jpg,OK,,600,450,RGB
HAM10000_images_part_1\ISIC_0025733.jpg,OK,,600,450,RGB
HAM10000_images_part_1\ISIC_0025734.jpg,OK,,600,450,RGB
HAM10000_images_part_1\ISIC_0025735.jpg,OK,,600,450,RGB
HAM10000_images_part_1\ISIC_0025736.jpg,OK,,600,450,RGB
HAM10000_images_part_1\ISIC_0025737.jpg,OK,,600,450,RGB
HAM10000_images_part_1\ISIC_0025738.jpg,OK,,600,450,RGB
HAM10000_images_part_1\ISIC_0025739.jpg,OK,,600,450,RGB
HAM10000_images_part_1\ISIC_0025740.jpg,OK,,600,450,RGB
HAM10000_images_part_1\ISIC_0025741.jpg,OK,,600,450,RGB
HAM10000_images_part_1\ISIC_0025742.jpg,OK,,600,450,RGB
HAM10000_images_part_1\ISIC_0025743.jpg,OK,,600,450,RGB
HAM10000_images_part_1\ISIC_0025744.jpg,OK,,600,450,RGB
HAM10000_images_part_1\ISIC_0025745.jpg,OK,,600,450,RGB
HAM10000_images_part_1\ISIC_0025746.jpg,OK,,600,450,RGB
HAM10000_images_part_1\ISIC_0025747.jpg,OK,,600,450,RGB
HAM10000_images_part_1\ISIC_0025748.jpg,OK,,600,450,RGB
HAM10000_images_part_1\ISIC_0025749.jpg,OK,,600,450,RGB
HAM10000_images_part_1\ISIC_0025750.jpg,OK,,600,450,RGB
HAM10000_images_part_1\ISIC_0025751.jpg,OK,,600,450,RGB
HAM10000_images_part_1\ISIC_0025752.jpg,OK,,600,450,RGB
HAM10000_images_part_1\ISIC_0025753.jpg,OK,,600,450,RGB
HAM10000_images_part_1\ISIC_0025754.jpg,OK,,600,450,RGB
HAM10000_images_part_1\ISIC_0025755.jpg,OK,,600,450,RGB
HAM10000_images_part_1\ISIC_0025756.jpg,OK,,600,450,RGB
HAM10000_images_part_1\ISIC_0025757.jpg,OK,,600,450,RGB
HAM10000_images_part_1\ISIC_0025758.jpg,OK,,600,450,RGB
HAM10000_images_part_1\ISIC_0025759.jpg,OK,,600,450,RGB
HAM10000_images_part_1\ISIC_0025760.jpg,OK,,600,450,RGB
HAM10000_images_part_1\ISIC_0025761.jpg,OK,,600,450,RGB
HAM10000_images_part_1\ISIC_0025762.jpg,OK,,600,450,RGB
HAM10000_images_part_1\ISIC_0025763.jpg,OK,,600,450,RGB
HAM10000_images_part_1\ISIC_0025764.jpg,OK,,600,450,RGB
HAM10000_images_part_1\ISIC_0025765.jpg,OK,,600,450,RGB
HAM10000_images_part_1\ISIC_0025766.jpg,OK,,600,450,RGB
HAM10000_images_part_1\ISIC_0025767.jpg,OK,,600,450,RGB
HAM10000_images_part_1\ISIC_0025768.jpg,OK,,600,450,RGB
HAM10000_images_part_1\ISIC_0025769.jpg,OK,,600,450,RGB
HAM10000_images_part_1\ISIC_0025770.jpg,OK,,600,450,RGB
HAM10000_images_part_1\ISIC_0025771.jpg,OK,,600,450,RGB
HAM10000_images_part_1\ISIC_0025772.jpg,OK,,600,450,RGB
HAM10000_images_part_1\ISIC_0025773.jpg,OK,,600,450,RGB
HAM10000_images_part_1\ISIC_0025774.jpg,OK,,600,450,RGB
HAM10000_images_part_1\ISIC_0025775.jpg,OK,,600,450,RGB
HAM10000_images_part_1\ISIC_0025776.jpg,OK,,600,450,RGB
HAM10000_images_part_1\ISIC_0025777.jpg,OK,,600,450,RGB
HAM10000_images_part_1\ISIC_0025778.jpg,OK,,600,450,RGB
HAM10000_images_part_1\ISIC_0025779.jpg,OK,,600,450,RGB
HAM10000_images_part_1\ISIC_0025780.jpg,OK,,600,450,RGB
HAM10000_images_part_1\ISIC_0025781.jpg,OK,,600,450,RGB
HAM10000_images_part_1\ISIC_0025782.jpg,OK,,600,450,RGB
HAM10000_images_part_1\ISIC_0025783.jpg,OK,,600,450,RGB
HAM10000_images_part_1\ISIC_0025784.jpg,OK,,600,450,RGB
HAM10000_images_part_1\ISIC_0025785.jpg,OK,,600,450,RGB
HAM10000_images_part_1\ISIC_0025786.jpg,OK,,600,450,RGB
HAM10000_images_part_1\ISIC_0025787.jpg,OK,,600,450,RGB
HAM10000_images_part_1\ISIC_0025788.jpg,OK,,600,450,RGB
HAM10000_images_part_1\ISIC_0025789.jpg,OK,,600,450,RGB
HAM10000_images_part_1\ISIC_0025790.jpg,OK,,600,450,RGB
HAM10000_images_part_1\ISIC_0025791.jpg,OK,,600,450,RGB
HAM10000_images_part_1\ISIC_0025792.jpg,OK,,600,450,RGB
HAM10000_images_part_1\ISIC_0025793.jpg,OK,,600,450,RGB
HAM10000_images_part_1\ISIC_0025794.jpg,OK,,600,450,RGB
HAM10000_images_part_1\ISIC_0025795.jpg,OK,,600,450,RGB
HAM10000_images_part_1\ISIC_0025796.jpg,OK,,600,450,RGB
HAM10000_images_part_1\ISIC_0025797.jpg,OK,,600,450,RGB
HAM10000_images_part_1\ISIC_0025798.jpg,OK,,600,450,RGB
HAM10000_images_part_1\ISIC_0025799.jpg,OK,,600,450,RGB
HAM10000_images_part_1\ISIC_0025800.jpg,OK,,600,450,RGB
HAM10000_images_part_1\ISIC_0025801.jpg,OK,,600,450,RGB
HAM10000_images_part_1\ISIC_0025802.jpg,OK,,600,450,RGB
HAM10000_images_part_1\ISIC_0025803.jpg,OK,,600,450,RGB
HAM10000_images_part_1\ISIC_0025804.jpg,OK,,600,450,RGB
HAM10000_images_part_1\ISIC_0025805.jpg,OK,,600,450,RGB
HAM10000_images_part_1\ISIC_0025806.jpg,OK,,600,450,RGB
HAM10000_images_part_1\ISIC_0025807.jpg,OK,,600,450,RGB
HAM10000_images_part_1\ISIC_0025808.jpg,OK,,600,450,RGB
HAM10000_images_part_1\ISIC_0025809.jpg,OK,,600,450,RGB
HAM10000_images_part_1\ISIC_0025810.jpg,OK,,600,450,RGB
HAM10000_images_part_1\ISIC_0025811.jpg,OK,,600,450,RGB
HAM10000_images_part_1\ISIC_0025812.jpg,OK,,600,450,RGB
HAM10000_images_part_1\ISIC_0025813.jpg,OK,,600,450,RGB
HAM10000_images_part_1\ISIC_0025814.jpg,OK,,600,450,RGB
HAM10000_images_part_1\ISIC_0025815.jpg,OK,,600,450,RGB
HAM10000_images_part_1\ISIC_0025816.jpg,OK,,600,450,RGB
HAM10000_images_part_1\ISIC_0025817.jpg,OK,,600,450,RGB
HAM10000_images_part_1\ISIC_0025818.jpg,OK,,600,450,RGB
HAM10000_images_part_1\ISIC_0025819.jpg,OK,,600,450,RGB
HAM10000_images_part_1\ISIC_0025820.jpg,OK,,600,450,RGB
HAM10000_images_part_1\ISIC_0025821.jpg,OK,,600,450,RGB
HAM10000_images_part_1\ISIC_0025822.jpg,OK,,600,450,RGB
HAM10000_images_part_1\ISIC_0025823.jpg,OK,,600,450,RGB
HAM10000_images_part_1\ISIC_0025824.jpg,OK,,600,450,RGB
HAM10000_images_part_1\ISIC_0025825.jpg,OK,,600,450,RGB
HAM10000_images_part_1\ISIC_0025826.jpg,OK,,600,450,RGB
HAM10000_images_part_1\ISIC_0025827.jpg,OK,,600,450,RGB
HAM10000_images_part_1\ISIC_0025828.jpg,OK,,600,450,RGB
HAM10000_images_part_1\ISIC_0025829.jpg,OK,,600,450,RGB
HAM10000_images_part_1\ISIC_0025830.jpg,OK,,600,450,RGB
HAM10000_images_part_1\ISIC_0025831.jpg,OK,,600,450,RGB
HAM10000_images_part_1\ISIC_0025832.jpg,OK,,600,450,RGB
HAM10000_images_part_1\ISIC_0025833.jpg,OK,,600,450,RGB
HAM10000_images_part_1\ISIC_0025834.jpg,OK,,600,450,RGB
HAM10000_images_part_1\ISIC_0025835.jpg,OK,,600,450,RGB
HAM10000_images_part_1\ISIC_0025836.jpg,OK,,600,450,RGB
HAM10000_images_part_1\ISIC_0025837.jpg,OK,,600,450,RGB
HAM10000_images_part_1\ISIC_0025838.jpg,OK,,600,450,RGB
HAM10000_images_part_1\ISIC_0025839.jpg,OK,,600,450,RGB
HAM10000_images_part_1\ISIC_0025840.jpg,OK,,600,450,RGB
HAM10000_images_part_1\ISIC_0025841.jpg,OK,,600,450,RGB
HAM10000_images_part_1\ISIC_0025842.jpg,OK,,600,450,RGB
HAM10000_images_part_1\ISIC_0025843.jpg,OK,,600,450,RGB
HAM10000_images_part_1\ISIC_0025844.jpg,OK,,600,450,RGB
HAM10000_images_part_1\ISIC_0025845.jpg,OK,,600,450,RGB
HAM10000_images_part_1\ISIC_0025846.jpg,OK,,600,450,RGB
HAM10000_images_part_1\ISIC_0025847.jpg,OK,,600,450,RGB
HAM10000_images_part_1\ISIC_0025848.jpg,OK,,600,450,RGB
HAM10000_images_part_1\ISIC_0025849.jpg,OK,,600,450,RGB
HAM10000_images_part_1\ISIC_0025850.jpg,OK,,600,450,RGB
HAM10000_images_part_1\ISIC_0025851.jpg,OK,,600,450,RGB
HAM10000_images_part_1\ISIC_0025852.jpg,OK,,600,450,RGB
HAM10000_images_part_1\ISIC_0025853.jpg,OK,,600,450,RGB
HAM10000_images_part_1\ISIC_0025854.jpg,OK,,600,450,RGB
HAM10000_images_part_1\ISIC_0025855.jpg,OK,,600,450,RGB
HAM10000_images_part_1\ISIC_0025856.jpg,OK,,600,450,RGB
HAM10000_images_part_1\ISIC_0025857.jpg,OK,,600,450,RGB
HAM10000_images_part_1\ISIC_0025858.jpg,OK,,600,450,RGB
HAM10000_images_part_1\ISIC_0025859.jpg,OK,,600,450,RGB
HAM10000_images_part_1\ISIC_0025860.jpg,OK,,600,450,RGB
HAM10000_images_part_1\ISIC_0025861.jpg,OK,,600,450,RGB
HAM10000_images_part_1\ISIC_0025862.jpg,OK,,600,450,RGB
HAM10000_images_part_1\ISIC_0025863.jpg,OK,,600,450,RGB
HAM10000_images_part_1\ISIC_0025864.jpg,OK,,600,450,RGB
HAM10000_images_part_1\ISIC_0025865.jpg,OK,,600,450,RGB
HAM10000_images_part_1\ISIC_0025866.jpg,OK,,600,450,RGB
HAM10000_images_part_1\ISIC_0025867.jpg,OK,,600,450,RGB
HAM10000_images_part_1\ISIC_0025868.jpg,OK,,600,450,RGB
HAM10000_images_part_1\ISIC_0025869.jpg,OK,,600,450,RGB
HAM10000_images_part_1\ISIC_0025870.jpg,OK,,600,450,RGB
HAM10000_images_part_1\ISIC_0025871.jpg,OK,,600,450,RGB
HAM10000_images_part_1\ISIC_0025872.jpg,OK,,600,450,RGB
HAM10000_images_part_1\ISIC_0025873.jpg,OK,,600,450,RGB
HAM10000_images_part_1\ISIC_0025874.jpg,OK,,600,450,RGB
HAM10000_images_part_1\ISIC_0025875.jpg,OK,,600,450,RGB
HAM10000_images_part_1\ISIC_0025876.jpg,OK,,600,450,RGB
HAM10000_images_part_1\ISIC_0025877.jpg,OK,,600,450,RGB
HAM10000_images_part_1\ISIC_0025878.jpg,OK,,600,450,RGB
HAM10000_images_part_1\ISIC_0025879.jpg,OK,,600,450,RGB
HAM10000_images_part_1\ISIC_0025880.jpg,OK,,600,450,RGB
HAM10000_images_part_1\ISIC_0025881.jpg,OK,,600,450,RGB
HAM10000_images_part_1\ISIC_0025882.jpg,OK,,600,450,RGB
HAM10000_images_part_1\ISIC_0025883.jpg,OK,,600,450,RGB
HAM10000_images_part_1\ISIC_0025884.jpg,OK,,600,450,RGB
HAM10000_images_part_1\ISIC_0025885.jpg,OK,,600,450,RGB
HAM10000_images_part_1\ISIC_0025886.jpg,OK,,600,450,RGB
HAM10000_images_part_1\ISIC_0025887.jpg,OK,,600,450,RGB
HAM10000_images_part_1\ISIC_0025888.jpg,OK,,600,450,RGB
HAM10000_images_part_1\ISIC_0025889.jpg,OK,,600,450,RGB
HAM10000_images_part_1\ISIC_0025890.jpg,OK,,600,450,RGB
HAM10000_images_part_1\ISIC_0025891.jpg,OK,,600,450,RGB
HAM10000_images_part_1\ISIC_0025892.jpg,OK,,600,450,RGB
HAM10000_images_part_1\ISIC_0025893.jpg,OK,,600,450,RGB
HAM10000_images_part_1\ISIC_0025894.jpg,OK,,600,450,RGB
HAM10000_images_part_1\ISIC_0025895.jpg,OK,,600,450,RGB
HAM10000_images_part_1\ISIC_0025896.jpg,OK,,600,450,RGB
HAM10000_images_part_1\ISIC_0025897.jpg,OK,,600,450,RGB
HAM10000_images_part_1\ISIC_0025898.jpg,OK,,600,450,RGB
HAM10000_images_part_1\ISIC_0025899.jpg,OK,,600,450,RGB
HAM10000_images_part_1\ISIC_0025900.jpg,OK,,600,450,RGB
HAM10000_images_part_1\ISIC_0025901.jpg,OK,,600,450,RGB
HAM10000_images_part_1\ISIC_0025902.jpg,OK,,600,450,RGB
HAM10000_images_part_1\ISIC_0025903.jpg,OK,,600,450,RGB
HAM10000_images_part_1\ISIC_0025904.jpg,OK,,600,450,RGB
HAM10000_images_part_1\ISIC_0025905.jpg,OK,,600,450,RGB
HAM10000_images_part_1\ISIC_0025906.jpg,OK,,600,450,RGB
HAM10000_images_part_1\ISIC_0025907.jpg,OK,,600,450,RGB
HAM10000_images_part_1\ISIC_0025908.jpg,OK,,600,450,RGB
HAM10000_images_part_1\ISIC_0025909.jpg,OK,,600,450,RGB
HAM10000_images_part_1\ISIC_0025910.jpg,OK,,600,450,RGB
HAM10000_images_part_1\ISIC_0025911.jpg,OK,,600,450,RGB
HAM10000_images_part_1\ISIC_0025912.jpg,OK,,600,450,RGB
HAM10000_images_part_1\ISIC_0025913.jpg,OK,,600,450,RGB
HAM10000_images_part_1\ISIC_0025914.jpg,OK,,600,450,RGB
HAM10000_images_part_1\ISIC_0025915.jpg,OK,,600,450,RGB
HAM10000_images_part_1\ISIC_0025916.jpg,OK,,600,450,RGB
HAM10000_images_part_1\ISIC_0025917.jpg,OK,,600,450,RGB
HAM10000_images_part_1\ISIC_0025918.jpg,OK,,600,450,RGB
HAM10000_images_part_1\ISIC_0025919.jpg,OK,,600,450,RGB
HAM10000_images_part_1\ISIC_0025920.jpg,OK,,600,450,RGB
HAM10000_images_part_1\ISIC_0025921.jpg,OK,,600,450,RGB
HAM10000_images_part_1\ISIC_0025922.jpg,OK,,600,450,RGB
HAM10000_images_part_1\ISIC_0025923.jpg,OK,,600,450,RGB
HAM10000_images_part_1\ISIC_0025924.jpg,OK,,600,450,RGB
HAM10000_images_part_1\ISIC_0025925.jpg,OK,,600,450,RGB
HAM10000_images_part_1\ISIC_0025926.jpg,OK,,600,450,RGB
HAM10000_images_part_1\ISIC_0025927.jpg,OK,,600,450,RGB
HAM10000_images_part_1\ISIC_0025928.jpg,OK,,600,450,RGB
HAM10000_images_part_1\ISIC_0025929.jpg,OK,,600,450,RGB
HAM10000_images_part_1\ISIC_0025930.jpg,OK,,600,450,RGB
HAM10000_images_part_1\ISIC_0025931.jpg,OK,,600,450,RGB
HAM10000_images_part_1\ISIC_0025932.jpg,OK,,600,450,RGB
HAM10000_images_part_1\ISIC_0025933.jpg,OK,,600,450,RGB
HAM10000_images_part_1\ISIC_0025934.jpg,OK,,600,450,RGB
HAM10000_images_part_1\ISIC_0025935.jpg,OK,,600,450,RGB
HAM10000_images_part_1\ISIC_0025936.jpg,OK,,600,450,RGB
HAM10000_images_part_1\ISIC_0025937.jpg,OK,,600,450,RGB
HAM10000_images_part_1\ISIC_0025938.jpg,OK,,600,450,RGB
HAM10000_images_part_1\ISIC_0025939.jpg,OK,,600,450,RGB
HAM10000_images_part_1\ISIC_0025940.jpg,OK,,600,450,RGB
HAM10000_images_part_1\ISIC_0025941.jpg,OK,,600,450,RGB
HAM10000_images_part_1\ISIC_0025942.jpg,OK,,600,450,RGB
HAM10000_images_part_1\ISIC_0025943.jpg,OK,,600,450,RGB
HAM10000_images_part_1\ISIC_0025944.jpg,OK,,600,450,RGB
HAM10000_images_part_1\ISIC_0025945.jpg,OK,,600,450,RGB
HAM10000_images_part_1\ISIC_0025946.jpg,OK,,600,450,RGB
HAM10000_images_part_1\ISIC_0025947.jpg,OK,,600,450,RGB
HAM10000_images_part_1\ISIC_0025948.jpg,OK,,600,450,RGB
HAM10000_images_part_1\ISIC_0025949.jpg,OK,,600,450,RGB
HAM10000_images_part_1\ISIC_0025950.jpg,OK,,600,450,RGB
HAM10000_images_part_1\ISIC_0025951.jpg,OK,,600,450,RGB
HAM10000_images_part_1\ISIC_0025952.jpg,OK,,600,450,RGB
HAM10000_images_part_1\ISIC_0025953.jpg,OK,,600,450,RGB
HAM10000_images_part_1\ISIC_0025954.jpg,OK,,600,450,RGB
HAM10000_images_part_1\ISIC_0025955.jpg,OK,,600,450,RGB
HAM10000_images_part_1\ISIC_0025956.jpg,OK,,600,450,RGB
HAM10000_images_part_1\ISIC_0025957.jpg,OK,,600,450,RGB
HAM10000_images_part_1\ISIC_0025958.jpg,OK,,600,450,RGB
HAM10000_images_part_1\ISIC_0025959.jpg,OK,,600,450,RGB
HAM10000_images_part_1\ISIC_0025960.jpg,OK,,600,450,RGB
HAM10000_images_part_1\ISIC_0025961.jpg,OK,,600,450,RGB
HAM10000_images_part_1\ISIC_0025962.jpg,OK,,600,450,RGB
HAM10000_images_part_1\ISIC_0025963.jpg,OK,,600,450,RGB
HAM10000_images_part_1\ISIC_0025964.jpg,OK,,600,450,RGB
HAM10000_images_part_1\ISIC_0025965.jpg,OK,,600,450,RGB
HAM10000_images_part_1\ISIC_0025966.jpg,OK,,600,450,RGB
HAM10000_images_part_1\ISIC_0025967.jpg,OK,,600,450,RGB
HAM10000_images_part_1\ISIC_0025968.jpg,OK,,600,450,RGB
HAM10000_images_part_1\ISIC_0025969.jpg,OK,,600,450,RGB
HAM10000_images_part_1\ISIC_0025970.jpg,OK,,600,450,RGB
HAM10000_images_part_1\ISIC_0025971.jpg,OK,,600,450,RGB
HAM10000_images_part_1\ISIC_0025972.jpg,OK,,600,450,RGB
HAM10000_images_part_1\ISIC_0025973.jpg,OK,,600,450,RGB
HAM10000_images_part_1\ISIC_0025974.jpg,OK,,600,450,RGB
HAM10000_images_part_1\ISIC_0025975.jpg,OK,,600,450,RGB
HAM10000_images_part_1\ISIC_0025976.jpg,OK,,600,450,RGB
HAM10000_images_part_1\ISIC_0025977.jpg,OK,,600,450,RGB
HAM10000_images_part_1\ISIC_0025978.jpg,OK,,600,450,RGB
HAM10000_images_part_1\ISIC_0025979.jpg,OK,,600,450,RGB
HAM10000_images_part_1\ISIC_0025980.jpg,OK,,600,450,RGB
HAM10000_images_part_1\ISIC_0025981.jpg,OK,,600,450,RGB
HAM10000_images_part_1\ISIC_0025982.jpg,OK,,600,450,RGB
HAM10000_images_part_1\ISIC_0025983.jpg,OK,,600,450,RGB
HAM10000_images_part_1\ISIC_0025984.jpg,OK,,600,450,RGB
HAM10000_images_part_1\ISIC_0025985.jpg,OK,,600,450,RGB
HAM10000_images_part_1\ISIC_0025986.jpg,OK,,600,450,RGB
HAM10000_images_part_1\ISIC_0025987.jpg,OK,,600,450,RGB
HAM10000_images_part_1\ISIC_0025988.jpg,OK,,600,450,RGB
HAM10000_images_part_1\ISIC_0025989.jpg,OK,,600,450,RGB
HAM10000_images_part_1\ISIC_0025990.jpg,OK,,600,450,RGB
HAM10000_images_part_1\ISIC_0025991.jpg,OK,,600,450,RGB
HAM10000_images_part_1\ISIC_0025992.jpg,OK,,600,450,RGB
HAM10000_images_part_1\ISIC_0025993.jpg,OK,,600,450,RGB
HAM10000_images_part_1\ISIC_0025994.jpg,OK,,600,450,RGB
HAM10000_images_part_1\ISIC_0025995.jpg,OK,,600,450,RGB
HAM10000_images_part_1\ISIC_0025996.jpg,OK,,600,450,RGB
HAM10000_images_part_1\ISIC_0025997.jpg,OK,,600,450,RGB
HAM10000_images_part_1\ISIC_0025998.jpg,OK,,600,450,RGB
HAM10000_images_part_1\ISIC_0025999.jpg,OK,,600,450,RGB
HAM10000_images_part_1\ISIC_0026000.jpg,OK,,600,450,RGB
HAM10000_images_part_1\ISIC_0026001.jpg,OK,,600,450,RGB
HAM10000_images_part_1\ISIC_0026002.jpg,OK,,600,450,RGB
HAM10000_images_part_1\ISIC_0026003.jpg,OK,,600,450,RGB
HAM10000_images_part_1\ISIC_0026004.jpg,OK,,600,450,RGB
HAM10000_images_part_1\ISIC_0026005.jpg,OK,,600,450,RGB
HAM10000_images_part_1\ISIC_0026006.jpg,OK,,600,450,RGB
HAM10000_images_part_1\ISIC_0026007.jpg,OK,,600,450,RGB
HAM10000_images_part_1\ISIC_0026008.jpg,OK,,600,450,RGB
HAM10000_images_part_1\ISIC_0026009.jpg,OK,,600,450,RGB
HAM10000_images_part_1\ISIC_0026010.jpg,OK,,600,450,RGB
HAM10000_images_part_1\ISIC_0026011.jpg,OK,,600,450,RGB
HAM10000_images_part_1\ISIC_0026012.jpg,OK,,600,450,RGB
HAM10000_images_part_1\ISIC_0026013.jpg,OK,,600,450,RGB
HAM10000_images_part_1\ISIC_0026014.jpg,OK,,600,450,RGB
HAM10000_images_part_1\ISIC_0026015.jpg,OK,,600,450,RGB
HAM10000_images_part_1\ISIC_0026016.jpg,OK,,600,450,RGB
HAM10000_images_part_1\ISIC_0026017.jpg,OK,,600,450,RGB
HAM10000_images_part_1\ISIC_0026018.jpg,OK,,600,450,RGB
HAM10000_images_part_1\ISIC_0026019.jpg,OK,,600,450,RGB
HAM10000_images_part_1\ISIC_0026020.jpg,OK,,600,450,RGB
HAM10000_images_part_1\ISIC_0026021.jpg,OK,,600,450,RGB
HAM10000_images_part_1\ISIC_0026022.jpg,OK,,600,450,RGB
HAM10000_images_part_1\ISIC_0026023.jpg,OK,,600,450,RGB
HAM10000_images_part_1\ISIC_0026024.jpg,OK,,600,450,RGB
HAM10000_images_part_1\ISIC_0026025.jpg,OK,,600,450,RGB
HAM10000_images_part_1\ISIC_0026026.jpg,OK,,600,450,RGB
HAM10000_images_part_1\ISIC_0026027.jpg,OK,,600,450,RGB
HAM10000_images_part_1\ISIC_0026028.jpg,OK,,600,450,RGB
HAM10000_images_part_1\ISIC_0026029.jpg,OK,,600,450,RGB
HAM10000_images_part_1\ISIC_0026030.jpg,OK,,600,450,RGB
HAM10000_images_part_1\ISIC_0026031.jpg,OK,,600,450,RGB
HAM10000_images_part_1\ISIC_0026032.jpg,OK,,600,450,RGB
HAM10000_images_part_1\ISIC_0026033.jpg,OK,,600,450,RGB
HAM10000_images_part_1\ISIC_0026034.jpg,OK,,600,450,RGB
HAM10000_images_part_1\ISIC_0026035.jpg,OK,,600,450,RGB
HAM10000_images_part_1\ISIC_0026036.jpg,OK,,600,450,RGB
HAM10000_images_part_1\ISIC_0026037.jpg,OK,,600,450,RGB
HAM10000_images_part_1\ISIC_0026038.jpg,OK,,600,450,RGB
HAM10000_images_part_1\ISIC_0026039.jpg,OK,,600,450,RGB
HAM10000_images_part_1\ISIC_0026040.jpg,OK,,600,450,RGB
HAM10000_images_part_1\ISIC_0026041.jpg,OK,,600,450,RGB
HAM10000_images_part_1\ISIC_0026042.jpg,OK,,600,450,RGB
HAM10000_images_part_1\ISIC_0026043.jpg,OK,,600,450,RGB
HAM10000_images_part_1\ISIC_0026044.jpg,OK,,600,450,RGB
HAM10000_images_part_1\ISIC_0026045.jpg,OK,,600,450,RGB
HAM10000_images_part_1\ISIC_0026046.jpg,OK,,600,450,RGB
HAM10000_images_part_1\ISIC_0026047.jpg,OK,,600,450,RGB
HAM10000_images_part_1\ISIC_0026048.jpg,OK,,600,450,RGB
HAM10000_images_part_1\ISIC_0026049.jpg,OK,,600,450,RGB
HAM10000_images_part_1\ISIC_0026050.jpg,OK,,600,450,RGB
HAM10000_images_part_1\ISIC_0026051.jpg,OK,,600,450,RGB
HAM10000_images_part_1\ISIC_0026052.jpg,OK,,600,450,RGB
HAM10000_images_part_1\ISIC_0026053.jpg,OK,,600,450,RGB
HAM10000_images_part_1\ISIC_0026054.jpg,OK,,600,450,RGB
HAM10000_images_part_1\ISIC_0026055.jpg,OK,,600,450,RGB
HAM10000_images_part_1\ISIC_0026056.jpg,OK,,600,450,RGB
HAM10000_images_part_1\ISIC_0026057.jpg,OK,,600,450,RGB
HAM10000_images_part_1\ISIC_0026058.jpg,OK,,600,450,RGB
HAM10000_images_part_1\ISIC_0026059.jpg,OK,,600,450,RGB
HAM10000_images_part_1\ISIC_0026060.jpg,OK,,600,450,RGB
HAM10000_images_part_1\ISIC_0026061.jpg,OK,,600,450,RGB
HAM10000_images_part_1\ISIC_0026062.jpg,OK,,600,450,RGB
HAM10000_images_part_1\ISIC_0026063.jpg,OK,,600,450,RGB
HAM10000_images_part_1\ISIC_0026064.jpg,OK,,600,450,RGB
HAM10000_images_part_1\ISIC_0026065.jpg,OK,,600,450,RGB
HAM10000_images_part_1\ISIC_0026066.jpg,OK,,600,450,RGB
HAM10000_images_part_1\ISIC_0026067.jpg,OK,,600,450,RGB
HAM10000_images_part_1\ISIC_0026068.jpg,OK,,600,450,RGB
HAM10000_images_part_1\ISIC_0026069.jpg,OK,,600,450,RGB
HAM10000_images_part_1\ISIC_0026070.jpg,OK,,600,450,RGB
HAM10000_images_part_1\ISIC_0026071.jpg,OK,,600,450,RGB
HAM10000_images_part_1\ISIC_0026072.jpg,OK,,600,450,RGB
HAM10000_images_part_1\ISIC_0026073.jpg,OK,,600,450,RGB
HAM10000_images_part_1\ISIC_0026074.jpg,OK,,600,450,RGB
HAM10000_images_part_1\ISIC_0026075.jpg,OK,,600,450,RGB
HAM10000_images_part_1\ISIC_0026076.jpg,OK,,600,450,RGB
HAM10000_images_part_1\ISIC_0026077.jpg,OK,,600,450,RGB
HAM10000_images_part_1\ISIC_0026078.jpg,OK,,600,450,RGB
HAM10000_images_part_1\ISIC_0026079.jpg,OK,,600,450,RGB
HAM10000_images_part_1\ISIC_0026080.jpg,OK,,600,450,RGB
HAM10000_images_part_1\ISIC_0026081.jpg,OK,,600,450,RGB
HAM10000_images_part_1\ISIC_0026082.jpg,OK,,600,450,RGB
HAM10000_images_part_1\ISIC_0026083.jpg,OK,,600,450,RGB
HAM10000_images_part_1\ISIC_0026084.jpg,OK,,600,450,RGB
HAM10000_images_part_1\ISIC_0026085.jpg,OK,,600,450,RGB
HAM10000_images_part_1\ISIC_0026086.jpg,OK,,600,450,RGB
HAM10000_images_part_1\ISIC_0026087.jpg,OK,,600,450,RGB
HAM10000_images_part_1\ISIC_0026088.jpg,OK,,600,450,RGB
HAM10000_images_part_1\ISIC_0026089.jpg,OK,,600,450,RGB
HAM10000_images_part_1\ISIC_0026090.jpg,OK,,600,450,RGB
HAM10000_images_part_1\ISIC_0026091.jpg,OK,,600,450,RGB
HAM10000_images_part_1\ISIC_0026092.jpg,OK,,600,450,RGB
HAM10000_images_part_1\ISIC_0026093.jpg,OK,,600,450,RGB
HAM10000_images_part_1\ISIC_0026094.jpg,OK,,600,450,RGB
HAM10000_images_part_1\ISIC_0026095.jpg,OK,,600,450,RGB
HAM10000_images_part_1\ISIC_0026096.jpg,OK,,600,450,RGB
HAM10000_images_part_1\ISIC_0026097.jpg,OK,,600,450,RGB
HAM10000_images_part_1\ISIC_0026098.jpg,OK,,600,450,RGB
HAM10000_images_part_1\ISIC_0026099.jpg,OK,,600,450,RGB
HAM10000_images_part_1\ISIC_0026100.jpg,OK,,600,450,RGB
HAM10000_images_part_1\ISIC_0026101.jpg,OK,,600,450,RGB
HAM10000_images_part_1\ISIC_0026102.jpg,OK,,600,450,RGB
HAM10000_images_part_1\ISIC_0026103.jpg,OK,,600,450,RGB
HAM10000_images_part_1\ISIC_0026104.jpg,OK,,600,450,RGB
HAM10000_images_part_1\ISIC_0026105.jpg,OK,,600,450,RGB
HAM10000_images_part_1\ISIC_0026106.jpg,OK,,600,450,RGB
HAM10000_images_part_1\ISIC_0026107.jpg,OK,,600,450,RGB
HAM10000_images_part_1\ISIC_0026108.jpg,OK,,600,450,RGB
HAM10000_images_part_1\ISIC_0026109.jpg,OK,,600,450,RGB
HAM10000_images_part_1\ISIC_0026110.jpg,OK,,600,450,RGB
HAM10000_images_part_1\ISIC_0026111.jpg,OK,,600,450,RGB
HAM10000_images_part_1\ISIC_0026112.jpg,OK,,600,450,RGB
HAM10000_images_part_1\ISIC_0026113.jpg,OK,,600,450,RGB
HAM10000_images_part_1\ISIC_0026114.jpg,OK,,600,450,RGB
HAM10000_images_part_1\ISIC_0026115.jpg,OK,,600,450,RGB
HAM10000_images_part_1\ISIC_0026116.jpg,OK,,600,450,RGB
HAM10000_images_part_1\ISIC_0026117.jpg,OK,,600,450,RGB
HAM10000_images_part_1\ISIC_0026118.jpg,OK,,600,450,RGB
HAM10000_images_part_1\ISIC_0026119.jpg,OK,,600,450,RGB
HAM10000_images_part_1\ISIC_0026120.jpg,OK,,600,450,RGB
HAM10000_images_part_1\ISIC_0026121.jpg,OK,,600,450,RGB
HAM10000_images_part_1\ISIC_0026122.jpg,OK,,600,450,RGB
HAM10000_images_part_1\ISIC_0026123.jpg,OK,,600,450,RGB
HAM10000_images_part_1\ISIC_0026124.jpg,OK,,600,450,RGB
HAM10000_images_part_1\ISIC_0026125.jpg,OK,,600,450,RGB
HAM10000_images_part_1\ISIC_0026126.jpg,OK,,600,450,RGB
HAM10000_images_part_1\ISIC_0026127.jpg,OK,,600,450,RGB
HAM10000_images_part_1\ISIC_0026128.jpg,OK,,600,450,RGB
HAM10000_images_part_1\ISIC_0026129.jpg,OK,,600,450,RGB
HAM10000_images_part_1\ISIC_0026130.jpg,OK,,600,450,RGB
HAM10000_images_part_1\ISIC_0026131.jpg,OK,,600,450,RGB
HAM10000_images_part_1\ISIC_0026132.jpg,OK,,600,450,RGB
HAM10000_images_part_1\ISIC_0026133.jpg,OK,,600,450,RGB
HAM10000_images_part_1\ISIC_0026134.jpg,OK,,600,450,RGB
HAM10000_images_part_1\ISIC_0026135.jpg,OK,,600,450,RGB
HAM10000_images_part_1\ISIC_0026136.jpg,OK,,600,450,RGB
HAM10000_images_part_1\ISIC_0026137.jpg,OK,,600,450,RGB
HAM10000_images_part_1\ISIC_0026138.jpg,OK,,600,450,RGB
HAM10000_images_part_1\ISIC_0026139.jpg,OK,,600,450,RGB
HAM10000_images_part_1\ISIC_0026140.jpg,OK,,600,450,RGB
HAM10000_images_part_1\ISIC_0026141.jpg,OK,,600,450,RGB
HAM10000_images_part_1\ISIC_0026142.jpg,OK,,600,450,RGB
HAM10000_images_part_1\ISIC_0026143.jpg,OK,,600,450,RGB
HAM10000_images_part_1\ISIC_0026144.jpg,OK,,600,450,RGB
HAM10000_images_part_1\ISIC_0026145.jpg,OK,,600,450,RGB
HAM10000_images_part_1\ISIC_0026146.jpg,OK,,600,450,RGB
HAM10000_images_part_1\ISIC_0026147.jpg,OK,,600,450,RGB
HAM10000_images_part_1\ISIC_0026148.jpg,OK,,600,450,RGB
HAM10000_images_part_1\ISIC_0026149.jpg,OK,,600,450,RGB
HAM10000_images_part_1\ISIC_0026150.jpg,OK,,600,450,RGB
HAM10000_images_part_1\ISIC_0026151.jpg,OK,,600,450,RGB
HAM10000_images_part_1\ISIC_0026152.jpg,OK,,600,450,RGB
HAM10000_images_part_1\ISIC_0026153.jpg,OK,,600,450,RGB
HAM10000_images_part_1\ISIC_0026154.jpg,OK,,600,450,RGB
HAM10000_images_part_1\ISIC_0026155.jpg,OK,,600,450,RGB
HAM10000_images_part_1\ISIC_0026156.jpg,OK,,600,450,RGB
HAM10000_images_part_1\ISIC_0026157.jpg,OK,,600,450,RGB
HAM10000_images_part_1\ISIC_0026158.jpg,OK,,600,450,RGB
HAM10000_images_part_1\ISIC_0026159.jpg,OK,,600,450,RGB
HAM10000_images_part_1\ISIC_0026160.jpg,OK,,600,450,RGB
HAM10000_images_part_1\ISIC_0026161.jpg,OK,,600,450,RGB
HAM10000_images_part_1\ISIC_0026162.jpg,OK,,600,450,RGB
HAM10000_images_part_1\ISIC_0026163.jpg,OK,,600,450,RGB
HAM10000_images_part_1\ISIC_0026164.jpg,OK,,600,450,RGB
HAM10000_images_part_1\ISIC_0026165.jpg,OK,,600,450,RGB
HAM10000_images_part_1\ISIC_0026166.jpg,OK,,600,450,RGB
HAM10000_images_part_1\ISIC_0026167.jpg,OK,,600,450,RGB
HAM10000_images_part_1\ISIC_0026168.jpg,OK,,600,450,RGB
HAM10000_images_part_1\ISIC_0026169.jpg,OK,,600,450,RGB
HAM10000_images_part_1\ISIC_0026170.jpg,OK,,600,450,RGB
HAM10000_images_part_1\ISIC_0026171.jpg,OK,,600,450,RGB
HAM10000_images_part_1\ISIC_0026172.jpg,OK,,600,450,RGB
HAM10000_images_part_1\ISIC_0026173.jpg,OK,,600,450,RGB
HAM10000_images_part_1\ISIC_0026174.jpg,OK,,600,450,RGB
HAM10000_images_part_1\ISIC_0026175.jpg,OK,,600,450,RGB
HAM10000_images_part_1\ISIC_0026176.jpg,OK,,600,450,RGB
HAM10000_images_part_1\ISIC_0026177.jpg,OK,,600,450,RGB
HAM10000_images_part_1\ISIC_0026178.jpg,OK,,600,450,RGB
HAM10000_images_part_1\ISIC_0026179.jpg,OK,,600,450,RGB
HAM10000_images_part_1\ISIC_0026180.jpg,OK,,600,450,RGB
HAM10000_images_part_1\ISIC_0026181.jpg,OK,,600,450,RGB
HAM10000_images_part_1\ISIC_0026182.jpg,OK,,600,450,RGB
HAM10000_images_part_1\ISIC_0026183.jpg,OK,,600,450,RGB
HAM10000_images_part_1\ISIC_0026184.jpg,OK,,600,450,RGB
HAM10000_images_part_1\ISIC_0026185.jpg,OK,,600,450,RGB
HAM10000_images_part_1\ISIC_0026186.jpg,OK,,600,450,RGB
HAM10000_images_part_1\ISIC_0026187.jpg,OK,,600,450,RGB
HAM10000_images_part_1\ISIC_0026188.jpg,OK,,600,450,RGB
HAM10000_images_part_1\ISIC_0026189.jpg,OK,,600,450,RGB
HAM10000_images_part_1\ISIC_0026190.jpg,OK,,600,450,RGB
HAM10000_images_part_1\ISIC_0026191.jpg,OK,,600,450,RGB
HAM10000_images_part_1\ISIC_0026192.jpg,OK,,600,450,RGB
HAM10000_images_part_1\ISIC_0026193.jpg,OK,,600,450,RGB
HAM10000_images_part_1\ISIC_0026194.jpg,OK,,600,450,RGB
HAM10000_images_part_1\ISIC_0026195.jpg,OK,,600,450,RGB
HAM10000_images_part_1\ISIC_0026196.jpg,OK,,600,450,RGB
HAM10000_images_part_1\ISIC_0026197.jpg,OK,,600,450,RGB
HAM10000_images_part_1\ISIC_0026198.jpg,OK,,600,450,RGB
HAM10000_images_part_1\ISIC_0026199.jpg,OK,,600,450,RGB
HAM10000_images_part_1\ISIC_0026200.jpg,OK,,600,450,RGB
HAM10000_images_part_1\ISIC_0026201.jpg,OK,,600,450,RGB
HAM10000_images_part_1\ISIC_0026202.jpg,OK,,600,450,RGB
HAM10000_images_part_1\ISIC_0026203.jpg,OK,,600,450,RGB
HAM10000_images_part_1\ISIC_0026204.jpg,OK,,600,450,RGB
HAM10000_images_part_1\ISIC_0026205.jpg,OK,,600,450,RGB
HAM10000_images_part_1\ISIC_0026206.jpg,OK,,600,450,RGB
HAM10000_images_part_1\ISIC_0026207.jpg,OK,,600,450,RGB
HAM10000_images_part_1\ISIC_0026208.jpg,OK,,600,450,RGB
HAM10000_images_part_1\ISIC_0026209.jpg,OK,,600,450,RGB
HAM10000_images_part_1\ISIC_0026210.jpg,OK,,600,450,RGB
HAM10000_images_part_1\ISIC_0026211.jpg,OK,,600,450,RGB
HAM10000_images_part_1\ISIC_0026212.jpg,OK,,600,450,RGB
HAM10000_images_part_1\ISIC_0026213.jpg,OK,,600,450,RGB
HAM10000_images_part_1\ISIC_0026214.jpg,OK,,600,450,RGB
HAM10000_images_part_1\ISIC_0026215.jpg,OK,,600,450,RGB
HAM10000_images_part_1\ISIC_0026216.jpg,OK,,600,450,RGB
HAM10000_images_part_1\ISIC_0026217.jpg,OK,,600,450,RGB
HAM10000_images_part_1\ISIC_0026218.jpg,OK,,600,450,RGB
HAM10000_images_part_1\ISIC_0026219.jpg,OK,,600,450,RGB
HAM10000_images_part_1\ISIC_0026220.jpg,OK,,600,450,RGB
HAM10000_images_part_1\ISIC_0026221.jpg,OK,,600,450,RGB
HAM10000_images_part_1\ISIC_0026222.jpg,OK,,600,450,RGB
HAM10000_images_part_1\ISIC_0026223.jpg,OK,,600,450,RGB
HAM10000_images_part_1\ISIC_0026224.jpg,OK,,600,450,RGB
HAM10000_images_part_1\ISIC_0026225.jpg,OK,,600,450,RGB
HAM10000_images_part_1\ISIC_0026226.jpg,OK,,600,450,RGB
HAM10000_images_part_1\ISIC_0026227.jpg,OK,,600,450,RGB
HAM10000_images_part_1\ISIC_0026228.jpg,OK,,600,450,RGB
HAM10000_images_part_1\ISIC_0026229.jpg,OK,,600,450,RGB
HAM10000_images_part_1\ISIC_0026230.jpg,OK,,600,450,RGB
HAM10000_images_part_1\ISIC_0026231.jpg,OK,,600,450,RGB
HAM10000_images_part_1\ISIC_0026232.jpg,OK,,600,450,RGB
HAM10000_images_part_1\ISIC_0026233.jpg,OK,,600,450,RGB
HAM10000_images_part_1\ISIC_0026234.jpg,OK,,600,450,RGB
HAM10000_images_part_1\ISIC_0026235.jpg,OK,,600,450,RGB
HAM10000_images_part_1\ISIC_0026236.jpg,OK,,600,450,RGB
HAM10000_images_part_1\ISIC_0026237.jpg,OK,,600,450,RGB
HAM10000_images_part_1\ISIC_0026238.jpg,OK,,600,450,RGB
HAM10000_images_part_1\ISIC_0026239.jpg,OK,,600,450,RGB
HAM10000_images_part_1\ISIC_0026240.jpg,OK,,600,450,RGB
HAM10000_images_part_1\ISIC_0026241.jpg,OK,,600,450,RGB
HAM10000_images_part_1\ISIC_0026242.jpg,OK,,600,450,RGB
HAM10000_images_part_1\ISIC_0026243.jpg,OK,,600,450,RGB
HAM10000_images_part_1\ISIC_0026244.jpg,OK,,600,450,RGB
HAM10000_images_part_1\ISIC_0026245.jpg,OK,,600,450,RGB
HAM10000_images_part_1\ISIC_0026246.jpg,OK,,600,450,RGB
HAM10000_images_part_1\ISIC_0026247.jpg,OK,,600,450,RGB
HAM10000_images_part_1\ISIC_0026248.jpg,OK,,600,450,RGB
HAM10000_images_part_1\ISIC_0026249.jpg,OK,,600,450,RGB
HAM10000_images_part_1\ISIC_0026250.jpg,OK,,600,450,RGB
HAM10000_images_part_1\ISIC_0026251.jpg,OK,,600,450,RGB
HAM10000_images_part_1\ISIC_0026252.jpg,OK,,600,450,RGB
HAM10000_images_part_1\ISIC_0026253.jpg,OK,,600,450,RGB
HAM10000_images_part_1\ISIC_0026254.jpg,OK,,600,450,RGB
HAM10000_images_part_1\ISIC_0026255.jpg,OK,,600,450,RGB
HAM10000_images_part_1\ISIC_0026256.jpg,OK,,600,450,RGB
HAM10000_images_part_1\ISIC_0026257.jpg,OK,,600,450,RGB
HAM10000_images_part_1\ISIC_0026258.jpg,OK,,600,450,RGB
HAM10000_images_part_1\ISIC_0026259.jpg,OK,,600,450,RGB
HAM10000_images_part_1\ISIC_0026260.jpg,OK,,600,450,RGB
HAM10000_images_part_1\ISIC_0026261.jpg,OK,,600,450,RGB
HAM10000_images_part_1\ISIC_0026262.jpg,OK,,600,450,RGB
HAM10000_images_part_1\ISIC_0026263.jpg,OK,,600,450,RGB
HAM10000_images_part_1\ISIC_0026264.jpg,OK,,600,450,RGB
HAM10000_images_part_1\ISIC_0026265.jpg,OK,,600,450,RGB
HAM10000_images_part_1\ISIC_0026266.jpg,OK,,600,450,RGB
HAM10000_images_part_1\ISIC_0026267.jpg,OK,,600,450,RGB
HAM10000_images_part_1\ISIC_0026268.jpg,OK,,600,450,RGB
HAM10000_images_part_1\ISIC_0026269.jpg,OK,,600,450,RGB
HAM10000_images_part_1\ISIC_0026270.jpg,OK,,600,450,RGB
HAM10000_images_part_1\ISIC_0026271.jpg,OK,,600,450,RGB
HAM10000_images_part_1\ISIC_0026272.jpg,OK,,600,450,RGB
HAM10000_images_part_1\ISIC_0026273.jpg,OK,,600,450,RGB
HAM10000_images_part_1\ISIC_0026274.jpg,OK,,600,450,RGB
HAM10000_images_part_1\ISIC_0026275.jpg,OK,,600,450,RGB
HAM10000_images_part_1\ISIC_0026276.jpg,OK,,600,450,RGB
HAM10000_images_part_1\ISIC_0026277.jpg,OK,,600,450,RGB
HAM10000_images_part_1\ISIC_0026278.jpg,OK,,600,450,RGB
HAM10000_images_part_1\ISIC_0026279.jpg,OK,,600,450,RGB
HAM10000_images_part_1\ISIC_0026280.jpg,OK,,600,450,RGB
HAM10000_images_part_1\ISIC_0026281.jpg,OK,,600,450,RGB
HAM10000_images_part_1\ISIC_0026282.jpg,OK,,600,450,RGB
HAM10000_images_part_1\ISIC_0026283.jpg,OK,,600,450,RGB
HAM10000_images_part_1\ISIC_0026284.jpg,OK,,600,450,RGB
HAM10000_images_part_1\ISIC_0026285.jpg,OK,,600,450,RGB
HAM10000_images_part_1\ISIC_0026286.jpg,OK,,600,450,RGB
HAM10000_images_part_1\ISIC_0026287.jpg,OK,,600,450,RGB
HAM10000_images_part_1\ISIC_0026288.jpg,OK,,600,450,RGB
HAM10000_images_part_1\ISIC_0026289.jpg,OK,,600,450,RGB
HAM10000_images_part_1\ISIC_0026290.jpg,OK,,600,450,RGB
HAM10000_images_part_1\ISIC_0026291.jpg,OK,,600,450,RGB
HAM10000_images_part_1\ISIC_0026292.jpg,OK,,600,450,RGB
HAM10000_images_part_1\ISIC_0026293.jpg,OK,,600,450,RGB
HAM10000_images_part_1\ISIC_0026294.jpg,OK,,600,450,RGB
HAM10000_images_part_1\ISIC_0026295.jpg,OK,,600,450,RGB
HAM10000_images_part_1\ISIC_0026296.jpg,OK,,600,450,RGB
HAM10000_images_part_1\ISIC_0026297.jpg,OK,,600,450,RGB
HAM10000_images_part_1\ISIC_0026298.jpg,OK,,600,450,RGB
HAM10000_images_part_1\ISIC_0026299.jpg,OK,,600,450,RGB
HAM10000_images_part_1\ISIC_0026300.jpg,OK,,600,450,RGB
HAM10000_images_part_1\ISIC_0026301.jpg,OK,,600,450,RGB
HAM10000_images_part_1\ISIC_0026302.jpg,OK,,600,450,RGB
HAM10000_images_part_1\ISIC_0026303.jpg,OK,,600,450,RGB
HAM10000_images_part_1\ISIC_0026304.jpg,OK,,600,450,RGB
HAM10000_images_part_1\ISIC_0026305.jpg,OK,,600,450,RGB
HAM10000_images_part_1\ISIC_0026306.jpg,OK,,600,450,RGB
HAM10000_images_part_1\ISIC_0026307.jpg,OK,,600,450,RGB
HAM10000_images_part_1\ISIC_0026308.jpg,OK,,600,450,RGB
HAM10000_images_part_1\ISIC_0026309.jpg,OK,,600,450,RGB
HAM10000_images_part_1\ISIC_0026310.jpg,OK,,600,450,RGB
HAM10000_images_part_1\ISIC_0026311.jpg,OK,,600,450,RGB
HAM10000_images_part_1\ISIC_0026312.jpg,OK,,600,450,RGB
HAM10000_images_part_1\ISIC_0026313.jpg,OK,,600,450,RGB
HAM10000_images_part_1\ISIC_0026314.jpg,OK,,600,450,RGB
HAM10000_images_part_1\ISIC_0026315.jpg,OK,,600,450,RGB
HAM10000_images_part_1\ISIC_0026316.jpg,OK,,600,450,RGB
HAM10000_images_part_1\ISIC_0026317.jpg,OK,,600,450,RGB
HAM10000_images_part_1\ISIC_0026318.jpg,OK,,600,450,RGB
HAM10000_images_part_1\ISIC_0026319.jpg,OK,,600,450,RGB
HAM10000_images_part_1\ISIC_0026320.jpg,OK,,600,450,RGB
HAM10000_images_part_1\ISIC_0026321.jpg,OK,,600,450,RGB
HAM10000_images_part_1\ISIC_0026322.jpg,OK,,600,450,RGB
HAM10000_images_part_1\ISIC_0026323.jpg,OK,,600,450,RGB
HAM10000_images_part_1\ISIC_0026324.jpg,OK,,600,450,RGB
HAM10000_images_part_1\ISIC_0026325.jpg,OK,,600,450,RGB
HAM10000_images_part_1\ISIC_0026326.jpg,OK,,600,450,RGB
HAM10000_images_part_1\ISIC_0026327.jpg,OK,,600,450,RGB
HAM10000_images_part_1\ISIC_0026328.jpg,OK,,600,450,RGB
HAM10000_images_part_1\ISIC_0026329.jpg,OK,,600,450,RGB
HAM10000_images_part_1\ISIC_0026330.jpg,OK,,600,450,RGB
HAM10000_images_part_1\ISIC_0026331.jpg,OK,,600,450,RGB
HAM10000_images_part_1\ISIC_0026332.jpg,OK,,600,450,RGB
HAM10000_images_part_1\ISIC_0026333.jpg,OK,,600,450,RGB
HAM10000_images_part_1\ISIC_0026334.jpg,OK,,600,450,RGB
HAM10000_images_part_1\ISIC_0026335.jpg,OK,,600,450,RGB
HAM10000_images_part_1\ISIC_0026336.jpg,OK,,600,450,RGB
HAM10000_images_part_1\ISIC_0026337.jpg,OK,,600,450,RGB
HAM10000_images_part_1\ISIC_0026338.jpg,OK,,600,450,RGB
HAM10000_images_part_1\ISIC_0026339.jpg,OK,,600,450,RGB
HAM10000_images_part_1\ISIC_0026340.jpg,OK,,600,450,RGB
HAM10000_images_part_1\ISIC_0026341.jpg,OK,,600,450,RGB
HAM10000_images_part_1\ISIC_0026342.jpg,OK,,600,450,RGB
HAM10000_images_part_1\ISIC_0026343.jpg,OK,,600,450,RGB
HAM10000_images_part_1\ISIC_0026344.jpg,OK,,600,450,RGB
HAM10000_images_part_1\ISIC_0026345.jpg,OK,,600,450,RGB
HAM10000_images_part_1\ISIC_0026346.jpg,OK,,600,450,RGB
HAM10000_images_part_1\ISIC_0026347.jpg,OK,,600,450,RGB
HAM10000_images_part_1\ISIC_0026348.jpg,OK,,600,450,RGB
HAM10000_images_part_1\ISIC_0026349.jpg,OK,,600,450,RGB
HAM10000_images_part_1\ISIC_0026350.jpg,OK,,600,450,RGB
HAM10000_images_part_1\ISIC_0026351.jpg,OK,,600,450,RGB
HAM10000_images_part_1\ISIC_0026352.jpg,OK,,600,450,RGB
HAM10000_images_part_1\ISIC_0026353.jpg,OK,,600,450,RGB
HAM10000_images_part_1\ISIC_0026354.jpg,OK,,600,450,RGB
HAM10000_images_part_1\ISIC_0026355.jpg,OK,,600,450,RGB
HAM10000_images_part_1\ISIC_0026356.jpg,OK,,600,450,RGB
HAM10000_images_part_1\ISIC_0026357.jpg,OK,,600,450,RGB
HAM10000_images_part_1\ISIC_0026358.jpg,OK,,600,450,RGB
HAM10000_images_part_1\ISIC_0026359.jpg,OK,,600,450,RGB
HAM10000_images_part_1\ISIC_0026360.jpg,OK,,600,450,RGB
HAM10000_images_part_1\ISIC_0026361.jpg,OK,,600,450,RGB
HAM10000_images_part_1\ISIC_0026362.jpg,OK,,600,450,RGB
HAM10000_images_part_1\ISIC_0026363.jpg,OK,,600,450,RGB
HAM10000_images_part_1\ISIC_0026364.jpg,OK,,600,450,RGB
HAM10000_images_part_1\ISIC_0026365.jpg,OK,,600,450,RGB
HAM10000_images_part_1\ISIC_0026366.jpg,OK,,600,450,RGB
HAM10000_images_part_1\ISIC_0026367.jpg,OK,,600,450,RGB
HAM10000_images_part_1\ISIC_0026368.jpg,OK,,600,450,RGB
HAM10000_images_part_1\ISIC_0026369.jpg,OK,,600,450,RGB
HAM10000_images_part_1\ISIC_0026370.jpg,OK,,600,450,RGB
HAM10000_images_part_1\ISIC_0026371.jpg,OK,,600,450,RGB
HAM10000_images_part_1\ISIC_0026372.jpg,OK,,600,450,RGB
HAM10000_images_part_1\ISIC_0026373.jpg,OK,,600,450,RGB
HAM10000_images_part_1\ISIC_0026374.jpg,OK,,600,450,RGB
HAM10000_images_part_1\ISIC_0026375.jpg,OK,,600,450,RGB
HAM10000_images_part_1\ISIC_0026376.jpg,OK,,600,450,RGB
HAM10000_images_part_1\ISIC_0026377.jpg,OK,,600,450,RGB
HAM10000_images_part_1\ISIC_0026378.jpg,OK,,600,450,RGB
HAM10000_images_part_1\ISIC_0026379.jpg,OK,,600,450,RGB
HAM10000_images_part_1\ISIC_0026380.jpg,OK,,600,450,RGB
HAM10000_images_part_1\ISIC_0026381.jpg,OK,,600,450,RGB
HAM10000_images_part_1\ISIC_0026382.jpg,OK,,600,450,RGB
HAM10000_images_part_1\ISIC_0026383.jpg,OK,,600,450,RGB
HAM10000_images_part_1\ISIC_0026384.jpg,OK,,600,450,RGB
HAM10000_images_part_1\ISIC_0026385.jpg,OK,,600,450,RGB
HAM10000_images_part_1\ISIC_0026386.jpg,OK,,600,450,RGB
HAM10000_images_part_1\ISIC_0026387.jpg,OK,,600,450,RGB
HAM10000_images_part_1\ISIC_0026388.jpg,OK,,600,450,RGB
HAM10000_images_part_1\ISIC_0026389.jpg,OK,,600,450,RGB
HAM10000_images_part_1\ISIC_0026390.jpg,OK,,600,450,RGB
HAM10000_images_part_1\ISIC_0026391.jpg,OK,,600,450,RGB
HAM10000_images_part_1\ISIC_0026392.jpg,OK,,600,450,RGB
HAM10000_images_part_1\ISIC_0026393.jpg,OK,,600,450,RGB
HAM10000_images_part_1\ISIC_0026394.jpg,OK,,600,450,RGB
HAM10000_images_part_1\ISIC_0026395.jpg,OK,,600,450,RGB
HAM10000_images_part_1\ISIC_0026396.jpg,OK,,600,450,RGB
HAM10000_images_part_1\ISIC_0026397.jpg,OK,,600,450,RGB
HAM10000_images_part_1\ISIC_0026398.jpg,OK,,600,450,RGB
HAM10000_images_part_1\ISIC_0026399.jpg,OK,,600,450,RGB
HAM10000_images_part_1\ISIC_0026400.jpg,OK,,600,450,RGB
HAM10000_images_part_1\ISIC_0026401.jpg,OK,,600,450,RGB
HAM10000_images_part_1\ISIC_0026402.jpg,OK,,600,450,RGB
HAM10000_images_part_1\ISIC_0026403.jpg,OK,,600,450,RGB
HAM10000_images_part_1\ISIC_0026404.jpg,OK,,600,450,RGB
HAM10000_images_part_1\ISIC_0026405.jpg,OK,,600,450,RGB
HAM10000_images_part_1\ISIC_0026406.jpg,OK,,600,450,RGB
HAM10000_images_part_1\ISIC_0026407.jpg,OK,,600,450,RGB
HAM10000_images_part_1\ISIC_0026408.jpg,OK,,600,450,RGB
HAM10000_images_part_1\ISIC_0026409.jpg,OK,,600,450,RGB
HAM10000_images_part_1\ISIC_0026410.jpg,OK,,600,450,RGB
HAM10000_images_part_1\ISIC_0026411.jpg,OK,,600,450,RGB
HAM10000_images_part_1\ISIC_0026412.jpg,OK,,600,450,RGB
HAM10000_images_part_1\ISIC_0026413.jpg,OK,,600,450,RGB
HAM10000_images_part_1\ISIC_0026414.jpg,OK,,600,450,RGB
HAM10000_images_part_1\ISIC_0026415.jpg,OK,,600,450,RGB
HAM10000_images_part_1\ISIC_0026416.jpg,OK,,600,450,RGB
HAM10000_images_part_1\ISIC_0026417.jpg,OK,,600,450,RGB
HAM10000_images_part_1\ISIC_0026418.jpg,OK,,600,450,RGB
HAM10000_images_part_1\ISIC_0026419.jpg,OK,,600,450,RGB
HAM10000_images_part_1\ISIC_0026420.jpg,OK,,600,450,RGB
HAM10000_images_part_1\ISIC_0026421.jpg,OK,,600,450,RGB
HAM10000_images_part_1\ISIC_0026422.jpg,OK,,600,450,RGB
HAM10000_images_part_1\ISIC_0026423.jpg,OK,,600,450,RGB
HAM10000_images_part_1\ISIC_0026424.jpg,OK,,600,450,RGB
HAM10000_images_part_1\ISIC_0026425.jpg,OK,,600,450,RGB
HAM10000_images_part_1\ISIC_0026426.jpg,OK,,600,450,RGB
HAM10000_images_part_1\ISIC_0026427.jpg,OK,,600,450,RGB
HAM10000_images_part_1\ISIC_0026428.jpg,OK,,600,450,RGB
HAM10000_images_part_1\ISIC_0026429.jpg,OK,,600,450,RGB
HAM10000_images_part_1\ISIC_0026430.jpg,OK,,600,450,RGB
HAM10000_images_part_1\ISIC_0026431.jpg,OK,,600,450,RGB
HAM10000_images_part_1\ISIC_0026432.jpg,OK,,600,450,RGB
HAM10000_images_part_1\ISIC_0026433.jpg,OK,,600,450,RGB
HAM10000_images_part_1\ISIC_0026434.jpg,OK,,600,450,RGB
HAM10000_images_part_1\ISIC_0026435.jpg,OK,,600,450,RGB
HAM10000_images_part_1\ISIC_0026436.jpg,OK,,600,450,RGB
HAM10000_images_part_1\ISIC_0026437.jpg,OK,,600,450,RGB
HAM10000_images_part_1\ISIC_0026438.jpg,OK,,600,450,RGB
HAM10000_images_part_1\ISIC_0026439.jpg,OK,,600,450,RGB
HAM10000_images_part_1\ISIC_0026440.jpg,OK,,600,450,RGB
HAM10000_images_part_1\ISIC_0026441.jpg,OK,,600,450,RGB
HAM10000_images_part_1\ISIC_0026442.jpg,OK,,600,450,RGB
HAM10000_images_part_1\ISIC_0026443.jpg,OK,,600,450,RGB
HAM10000_images_part_1\ISIC_0026444.jpg,OK,,600,450,RGB
HAM10000_images_part_1\ISIC_0026445.jpg,OK,,600,450,RGB
HAM10000_images_part_1\ISIC_0026446.jpg,OK,,600,450,RGB
HAM10000_images_part_1\ISIC_0026447.jpg,OK,,600,450,RGB
HAM10000_images_part_1\ISIC_0026448.jpg,OK,,600,450,RGB
HAM10000_images_part_1\ISIC_0026449.jpg,OK,,600,450,RGB
HAM10000_images_part_1\ISIC_0026450.jpg,OK,,600,450,RGB
HAM10000_images_part_1\ISIC_0026451.jpg,OK,,600,450,RGB
HAM10000_images_part_1\ISIC_0026452.jpg,OK,,600,450,RGB
HAM10000_images_part_1\ISIC_0026453.jpg,OK,,600,450,RGB
HAM10000_images_part_1\ISIC_0026454.jpg,OK,,600,450,RGB
HAM10000_images_part_1\ISIC_0026455.jpg,OK,,600,450,RGB
HAM10000_images_part_1\ISIC_0026456.jpg,OK,,600,450,RGB
HAM10000_images_part_1\ISIC_0026457.jpg,OK,,600,450,RGB
HAM10000_images_part_1\ISIC_0026458.jpg,OK,,600,450,RGB
HAM10000_images_part_1\ISIC_0026459.jpg,OK,,600,450,RGB
HAM10000_images_part_1\ISIC_0026460.jpg,OK,,600,450,RGB
HAM10000_images_part_1\ISIC_0026461.jpg,OK,,600,450,RGB
HAM10000_images_part_1\ISIC_0026462.jpg,OK,,600,450,RGB
HAM10000_images_part_1\ISIC_0026463.jpg,OK,,600,450,RGB
HAM10000_images_part_1\ISIC_0026464.jpg,OK,,600,450,RGB
HAM10000_images_part_1\ISIC_0026465.jpg,OK,,600,450,RGB
HAM10000_images_part_1\ISIC_0026466.jpg,OK,,600,450,RGB
HAM10000_images_part_1\ISIC_0026467.jpg,OK,,600,450,RGB
HAM10000_images_part_1\ISIC_0026468.jpg,OK,,600,450,RGB
HAM10000_images_part_1\ISIC_0026469.jpg,OK,,600,450,RGB
HAM10000_images_part_1\ISIC_0026470.jpg,OK,,600,450,RGB
HAM10000_images_part_1\ISIC_0026471.jpg,OK,,600,450,RGB
HAM10000_images_part_1\ISIC_0026472.jpg,OK,,600,450,RGB
HAM10000_images_part_1\ISIC_0026473.jpg,OK,,600,450,RGB
HAM10000_images_part_1\ISIC_0026474.jpg,OK,,600,450,RGB
HAM10000_images_part_1\ISIC_0026475.jpg,OK,,600,450,RGB
HAM10000_images_part_1\ISIC_0026476.jpg,OK,,600,450,RGB
HAM10000_images_part_1\ISIC_0026477.jpg,OK,,600,450,RGB
HAM10000_images_part_1\ISIC_0026478.jpg,OK,,600,450,RGB
HAM10000_images_part_1\ISIC_0026479.jpg,OK,,600,450,RGB
HAM10000_images_part_1\ISIC_0026480.jpg,OK,,600,450,RGB
HAM10000_images_part_1\ISIC_0026481.jpg,OK,,600,450,RGB
HAM10000_images_part_1\ISIC_0026482.jpg,OK,,600,450,RGB
HAM10000_images_part_1\ISIC_0026483.jpg,OK,,600,450,RGB
HAM10000_images_part_1\ISIC_0026484.jpg,OK,,600,450,RGB
HAM10000_images_part_1\ISIC_0026485.jpg,OK,,600,450,RGB
HAM10000_images_part_1\ISIC_0026486.jpg,OK,,600,450,RGB
HAM10000_images_part_1\ISIC_0026487.jpg,OK,,600,450,RGB
HAM10000_images_part_1\ISIC_0026488.jpg,OK,,600,450,RGB
HAM10000_images_part_1\ISIC_0026489.jpg,OK,,600,450,RGB
HAM10000_images_part_1\ISIC_0026490.jpg,OK,,600,450,RGB
HAM10000_images_part_1\ISIC_0026491.jpg,OK,,600,450,RGB
HAM10000_images_part_1\ISIC_0026492.jpg,OK,,600,450,RGB
HAM10000_images_part_1\ISIC_0026493.jpg,OK,,600,450,RGB
HAM10000_images_part_1\ISIC_0026494.jpg,OK,,600,450,RGB
HAM10000_images_part_1\ISIC_0026495.jpg,OK,,600,450,RGB
HAM10000_images_part_1\ISIC_0026496.jpg,OK,,600,450,RGB
HAM10000_images_part_1\ISIC_0026497.jpg,OK,,600,450,RGB
HAM10000_images_part_1\ISIC_0026498.jpg,OK,,600,450,RGB
HAM10000_images_part_1\ISIC_0026499.jpg,OK,,600,450,RGB
HAM10000_images_part_1\ISIC_0026500.jpg,OK,,600,450,RGB
HAM10000_images_part_1\ISIC_0026501.jpg,OK,,600,450,RGB
HAM10000_images_part_1\ISIC_0026502.jpg,OK,,600,450,RGB
HAM10000_images_part_1\ISIC_0026503.jpg,OK,,600,450,RGB
HAM10000_images_part_1\ISIC_0026504.jpg,OK,,600,450,RGB
HAM10000_images_part_1\ISIC_0026505.jpg,OK,,600,450,RGB
HAM10000_images_part_1\ISIC_0026506.jpg,OK,,600,450,RGB
HAM10000_images_part_1\ISIC_0026507.jpg,OK,,600,450,RGB
HAM10000_images_part_1\ISIC_0026508.jpg,OK,,600,450,RGB
HAM10000_images_part_1\ISIC_0026509.jpg,OK,,600,450,RGB
HAM10000_images_part_1\ISIC_0026510.jpg,OK,,600,450,RGB
HAM10000_images_part_1\ISIC_0026511.jpg,OK,,600,450,RGB
HAM10000_images_part_1\ISIC_0026512.jpg,OK,,600,450,RGB
HAM10000_images_part_1\ISIC_0026513.jpg,OK,,600,450,RGB
HAM10000_images_part_1\ISIC_0026514.jpg,OK,,600,450,RGB
HAM10000_images_part_1\ISIC_0026515.jpg,OK,,600,450,RGB
HAM10000_images_part_1\ISIC_0026516.jpg,OK,,600,450,RGB
HAM10000_images_part_1\ISIC_0026517.jpg,OK,,600,450,RGB
HAM10000_images_part_1\ISIC_0026518.jpg,OK,,600,450,RGB
HAM10000_images_part_1\ISIC_0026519.jpg,OK,,600,450,RGB
HAM10000_images_part_1\ISIC_0026520.jpg,OK,,600,450,RGB
HAM10000_images_part_1\ISIC_0026521.jpg,OK,,600,450,RGB
HAM10000_images_part_1\ISIC_0026522.jpg,OK,,600,450,RGB
HAM10000_images_part_1\ISIC_0026523.jpg,OK,,600,450,RGB
HAM10000_images_part_1\ISIC_0026524.jpg,OK,,600,450,RGB
HAM10000_images_part_1\ISIC_0026525.jpg,OK,,600,450,RGB
HAM10000_images_part_1\ISIC_0026526.jpg,OK,,600,450,RGB
HAM10000_images_part_1\ISIC_0026527.jpg,OK,,600,450,RGB
HAM10000_images_part_1\ISIC_0026528.jpg,OK,,600,450,RGB
HAM10000_images_part_1\ISIC_0026529.jpg,OK,,600,450,RGB
HAM10000_images_part_1\ISIC_0026530.jpg,OK,,600,450,RGB
HAM10000_images_part_1\ISIC_0026531.jpg,OK,,600,450,RGB
HAM10000_images_part_1\ISIC_0026532.jpg,OK,,600,450,RGB
HAM10000_images_part_1\ISIC_0026533.jpg,OK,,600,450,RGB
HAM10000_images_part_1\ISIC_0026534.jpg,OK,,600,450,RGB
HAM10000_images_part_1\ISIC_0026535.jpg,OK,,600,450,RGB
HAM10000_images_part_1\ISIC_0026536.jpg,OK,,600,450,RGB
HAM10000_images_part_1\ISIC_0026537.jpg,OK,,600,450,RGB
HAM10000_images_part_1\ISIC_0026538.jpg,OK,,600,450,RGB
HAM10000_images_part_1\ISIC_0026539.jpg,OK,,600,450,RGB
HAM10000_images_part_1\ISIC_0026540.jpg,OK,,600,450,RGB
HAM10000_images_part_1\ISIC_0026541.jpg,OK,,600,450,RGB
HAM10000_images_part_1\ISIC_0026542.jpg,OK,,600,450,RGB
HAM10000_images_part_1\ISIC_0026543.jpg,OK,,600,450,RGB
HAM10000_images_part_1\ISIC_0026544.jpg,OK,,600,450,RGB
HAM10000_images_part_1\ISIC_0026545.jpg,OK,,600,450,RGB
HAM10000_images_part_1\ISIC_0026546.jpg,OK,,600,450,RGB
HAM10000_images_part_1\ISIC_0026547.jpg,OK,,600,450,RGB
HAM10000_images_part_1\ISIC_0026548.jpg,OK,,600,450,RGB
HAM10000_images_part_1\ISIC_0026549.jpg,OK,,600,450,RGB
HAM10000_images_part_1\ISIC_0026550.jpg,OK,,600,450,RGB
HAM10000_images_part_1\ISIC_0026551.jpg,OK,,600,450,RGB
HAM10000_images_part_1\ISIC_0026552.jpg,OK,,600,450,RGB
HAM10000_images_part_1\ISIC_0026553.jpg,OK,,600,450,RGB
HAM10000_images_part_1\ISIC_0026554.jpg,OK,,600,450,RGB
HAM10000_images_part_1\ISIC_0026555.jpg,OK,,600,450,RGB
HAM10000_images_part_1\ISIC_0026556.jpg,OK,,600,450,RGB
HAM10000_images_part_1\ISIC_0026557.jpg,OK,,600,450,RGB
HAM10000_images_part_1\ISIC_0026558.jpg,OK,,600,450,RGB
HAM10000_images_part_1\ISIC_0026559.jpg,OK,,600,450,RGB
HAM10000_images_part_1\ISIC_0026560.jpg,OK,,600,450,RGB
HAM10000_images_part_1\ISIC_0026561.jpg,OK,,600,450,RGB
HAM10000_images_part_1\ISIC_0026562.jpg,OK,,600,450,RGB
HAM10000_images_part_1\ISIC_0026563.jpg,OK,,600,450,RGB
HAM10000_images_part_1\ISIC_0026564.jpg,OK,,600,450,RGB
HAM10000_images_part_1\ISIC_0026565.jpg,OK,,600,450,RGB
HAM10000_images_part_1\ISIC_0026566.jpg,OK,,600,450,RGB
HAM10000_images_part_1\ISIC_0026567.jpg,OK,,600,450,RGB
HAM10000_images_part_1\ISIC_0026568.jpg,OK,,600,450,RGB
HAM10000_images_part_1\ISIC_0026569.jpg,OK,,600,450,RGB
HAM10000_images_part_1\ISIC_0026570.jpg,OK,,600,450,RGB
HAM10000_images_part_1\ISIC_0026571.jpg,OK,,600,450,RGB
HAM10000_images_part_1\ISIC_0026572.jpg,OK,,600,450,RGB
HAM10000_images_part_1\ISIC_0026573.jpg,OK,,600,450,RGB
HAM10000_images_part_1\ISIC_0026574.jpg,OK,,600,450,RGB
HAM10000_images_part_1\ISIC_0026575.jpg,OK,,600,450,RGB
HAM10000_images_part_1\ISIC_0026576.jpg,OK,,600,450,RGB
HAM10000_images_part_1\ISIC_0026577.jpg,OK,,600,450,RGB
HAM10000_images_part_1\ISIC_0026578.jpg,OK,,600,450,RGB
HAM10000_images_part_1\ISIC_0026579.jpg,OK,,600,450,RGB
HAM10000_images_part_1\ISIC_0026580.jpg,OK,,600,450,RGB
HAM10000_images_part_1\ISIC_0026581.jpg,OK,,600,450,RGB
HAM10000_images_part_1\ISIC_0026582.jpg,OK,,600,450,RGB
HAM10000_images_part_1\ISIC_0026583.jpg,OK,,600,450,RGB
HAM10000_images_part_1\ISIC_0026584.jpg,OK,,600,450,RGB
HAM10000_images_part_1\ISIC_0026585.jpg,OK,,600,450,RGB
HAM10000_images_part_1\ISIC_0026586.jpg,OK,,600,450,RGB
HAM10000_images_part_1\ISIC_0026587.jpg,OK,,600,450,RGB
HAM10000_images_part_1\ISIC_0026588.jpg,OK,,600,450,RGB
HAM10000_images_part_1\ISIC_0026589.jpg,OK,,600,450,RGB
HAM10000_images_part_1\ISIC_0026590.jpg,OK,,600,450,RGB
HAM10000_images_part_1\ISIC_0026591.jpg,OK,,600,450,RGB
HAM10000_images_part_1\ISIC_0026592.jpg,OK,,600,450,RGB
HAM10000_images_part_1\ISIC_0026593.jpg,OK,,600,450,RGB
HAM10000_images_part_1\ISIC_0026594.jpg,OK,,600,450,RGB
HAM10000_images_part_1\ISIC_0026595.jpg,OK,,600,450,RGB
HAM10000_images_part_1\ISIC_0026596.jpg,OK,,600,450,RGB
HAM10000_images_part_1\ISIC_0026597.jpg,OK,,600,450,RGB
HAM10000_images_part_1\ISIC_0026598.jpg,OK,,600,450,RGB
HAM10000_images_part_1\ISIC_0026599.jpg,OK,,600,450,RGB
HAM10000_images_part_1\ISIC_0026600.jpg,OK,,600,450,RGB
HAM10000_images_part_1\ISIC_0026601.jpg,OK,,600,450,RGB
HAM10000_images_part_1\ISIC_0026602.jpg,OK,,600,450,RGB
HAM10000_images_part_1\ISIC_0026603.jpg,OK,,600,450,RGB
HAM10000_images_part_1\ISIC_0026604.jpg,OK,,600,450,RGB
HAM10000_images_part_1\ISIC_0026605.jpg,OK,,600,450,RGB
HAM10000_images_part_1\ISIC_0026606.jpg,OK,,600,450,RGB
HAM10000_images_part_1\ISIC_0026607.jpg,OK,,600,450,RGB
HAM10000_images_part_1\ISIC_0026608.jpg,OK,,600,450,RGB
HAM10000_images_part_1\ISIC_0026609.jpg,OK,,600,450,RGB
HAM10000_images_part_1\ISIC_0026610.jpg,OK,,600,450,RGB
HAM10000_images_part_1\ISIC_0026611.jpg,OK,,600,450,RGB
HAM10000_images_part_1\ISIC_0026612.jpg,OK,,600,450,RGB
HAM10000_images_part_1\ISIC_0026613.jpg,OK,,600,450,RGB
HAM10000_images_part_1\ISIC_0026614.jpg,OK,,600,450,RGB
HAM10000_images_part_1\ISIC_0026615.jpg,OK,,600,450,RGB
HAM10000_images_part_1\ISIC_0026616.jpg,OK,,600,450,RGB
HAM10000_images_part_1\ISIC_0026617.jpg,OK,,600,450,RGB
HAM10000_images_part_1\ISIC_0026618.jpg,OK,,600,450,RGB
HAM10000_images_part_1\ISIC_0026619.jpg,OK,,600,450,RGB
HAM10000_images_part_1\ISIC_0026620.jpg,OK,,600,450,RGB
HAM10000_images_part_1\ISIC_0026621.jpg,OK,,600,450,RGB
HAM10000_images_part_1\ISIC_0026622.jpg,OK,,600,450,RGB
HAM10000_images_part_1\ISIC_0026623.jpg,OK,,600,450,RGB
HAM10000_images_part_1\ISIC_0026624.jpg,OK,,600,450,RGB
HAM10000_images_part_1\ISIC_0026625.jpg,OK,,600,450,RGB
HAM10000_images_part_1\ISIC_0026626.jpg,OK,,600,450,RGB
HAM10000_images_part_1\ISIC_0026627.jpg,OK,,600,450,RGB
HAM10000_images_part_1\ISIC_0026628.jpg,OK,,600,450,RGB
HAM10000_images_part_1\ISIC_0026629.jpg,OK,,600,450,RGB
HAM10000_images_part_1\ISIC_0026630.jpg,OK,,600,450,RGB
HAM10000_images_part_1\ISIC_0026631.jpg,OK,,600,450,RGB
HAM10000_images_part_1\ISIC_0026632.jpg,OK,,600,450,RGB
HAM10000_images_part_1\ISIC_0026633.jpg,OK,,600,450,RGB
HAM10000_images_part_1\ISIC_0026634.jpg,OK,,600,450,RGB
HAM10000_images_part_1\ISIC_0026635.jpg,OK,,600,450,RGB
HAM10000_images_part_1\ISIC_0026636.jpg,OK,,600,450,RGB
HAM10000_images_part_1\ISIC_0026637.jpg,OK,,600,450,RGB
HAM10000_images_part_1\ISIC_0026638.jpg,OK,,600,450,RGB
HAM10000_images_part_1\ISIC_0026639.jpg,OK,,600,450,RGB
HAM10000_images_part_1\ISIC_0026640.jpg,OK,,600,450,RGB
HAM10000_images_part_1\ISIC_0026641.jpg,OK,,600,450,RGB
HAM10000_images_part_1\ISIC_0026642.jpg,OK,,600,450,RGB
HAM10000_images_part_1\ISIC_0026643.jpg,OK,,600,450,RGB
HAM10000_images_part_1\ISIC_0026644.jpg,OK,,600,450,RGB
HAM10000_images_part_1\ISIC_0026645.jpg,OK,,600,450,RGB
HAM10000_images_part_1\ISIC_0026646.jpg,OK,,600,450,RGB
HAM10000_images_part_1\ISIC_0026647.jpg,OK,,600,450,RGB
HAM10000_images_part_1\ISIC_0026648.jpg,OK,,600,450,RGB
HAM10000_images_part_1\ISIC_0026649.jpg,OK,,600,450,RGB
HAM10000_images_part_1\ISIC_0026650.jpg,OK,,600,450,RGB
HAM10000_images_part_1\ISIC_0026651.jpg,OK,,600,450,RGB
HAM10000_images_part_1\ISIC_0026652.jpg,OK,,600,450,RGB
HAM10000_images_part_1\ISIC_0026653.jpg,OK,,600,450,RGB
HAM10000_images_part_1\ISIC_0026654.jpg,OK,,600,450,RGB
HAM10000_images_part_1\ISIC_0026655.jpg,OK,,600,450,RGB
HAM10000_images_part_1\ISIC_0026656.jpg,OK,,600,450,RGB
HAM10000_images_part_1\ISIC_0026657.jpg,OK,,600,450,RGB
HAM10000_images_part_1\ISIC_0026658.jpg,OK,,600,450,RGB
HAM10000_images_part_1\ISIC_0026659.jpg,OK,,600,450,RGB
HAM10000_images_part_1\ISIC_0026660.jpg,OK,,600,450,RGB
HAM10000_images_part_1\ISIC_0026661.jpg,OK,,600,450,RGB
HAM10000_images_part_1\ISIC_0026662.jpg,OK,,600,450,RGB
HAM10000_images_part_1\ISIC_0026663.jpg,OK,,600,450,RGB
HAM10000_images_part_1\ISIC_0026664.jpg,OK,,600,450,RGB
HAM10000_images_part_1\ISIC_0026665.jpg,OK,,600,450,RGB
HAM10000_images_part_1\ISIC_0026666.jpg,OK,,600,450,RGB
HAM10000_images_part_1\ISIC_0026667.jpg,OK,,600,450,RGB
HAM10000_images_part_1\ISIC_0026668.jpg,OK,,600,450,RGB
HAM10000_images_part_1\ISIC_0026669.jpg,OK,,600,450,RGB
HAM10000_images_part_1\ISIC_0026670.jpg,OK,,600,450,RGB
HAM10000_images_part_1\ISIC_0026671.jpg,OK,,600,450,RGB
HAM10000_images_part_1\ISIC_0026672.jpg,OK,,600,450,RGB
HAM10000_images_part_1\ISIC_0026673.jpg,OK,,600,450,RGB
HAM10000_images_part_1\ISIC_0026674.jpg,OK,,600,450,RGB
HAM10000_images_part_1\ISIC_0026675.jpg,OK,,600,450,RGB
HAM10000_images_part_1\ISIC_0026676.jpg,OK,,600,450,RGB
HAM10000_images_part_1\ISIC_0026677.jpg,OK,,600,450,RGB
HAM10000_images_part_1\ISIC_0026678.jpg,OK,,600,450,RGB
HAM10000_images_part_1\ISIC_0026679.jpg,OK,,600,450,RGB
HAM10000_images_part_1\ISIC_0026680.jpg,OK,,600,450,RGB
HAM10000_images_part_1\ISIC_0026681.jpg,OK,,600,450,RGB
HAM10000_images_part_1\ISIC_0026682.jpg,OK,,600,450,RGB
HAM10000_images_part_1\ISIC_0026683.jpg,OK,,600,450,RGB
HAM10000_images_part_1\ISIC_0026684.jpg,OK,,600,450,RGB
HAM10000_images_part_1\ISIC_0026685.jpg,OK,,600,450,RGB
HAM10000_images_part_1\ISIC_0026686.jpg,OK,,600,450,RGB
HAM10000_images_part_1\ISIC_0026687.jpg,OK,,600,450,RGB
HAM10000_images_part_1\ISIC_0026688.jpg,OK,,600,450,RGB
HAM10000_images_part_1\ISIC_0026689.jpg,OK,,600,450,RGB
HAM10000_images_part_1\ISIC_0026690.jpg,OK,,600,450,RGB
HAM10000_images_part_1\ISIC_0026691.jpg,OK,,600,450,RGB
HAM10000_images_part_1\ISIC_0026692.jpg,OK,,600,450,RGB
HAM10000_images_part_1\ISIC_0026693.jpg,OK,,600,450,RGB
HAM10000_images_part_1\ISIC_0026694.jpg,OK,,600,450,RGB
HAM10000_images_part_1\ISIC_0026695.jpg,OK,,600,450,RGB
HAM10000_images_part_1\ISIC_0026696.jpg,OK,,600,450,RGB
HAM10000_images_part_1\ISIC_0026697.jpg,OK,,600,450,RGB
HAM10000_images_part_1\ISIC_0026698.jpg,OK,,600,450,RGB
HAM10000_images_part_1\ISIC_0026699.jpg,OK,,600,450,RGB
HAM10000_images_part_1\ISIC_0026700.jpg,OK,,600,450,RGB
HAM10000_images_part_1\ISIC_0026701.jpg,OK,,600,450,RGB
HAM10000_images_part_1\ISIC_0026702.jpg,OK,,600,450,RGB
HAM10000_images_part_1\ISIC_0026703.jpg,OK,,600,450,RGB
HAM10000_images_part_1\ISIC_0026704.jpg,OK,,600,450,RGB
HAM10000_images_part_1\ISIC_0026705.jpg,OK,,600,450,RGB
HAM10000_images_part_1\ISIC_0026706.jpg,OK,,600,450,RGB
HAM10000_images_part_1\ISIC_0026707.jpg,OK,,600,450,RGB
HAM10000_images_part_1\ISIC_0026708.jpg,OK,,600,450,RGB
HAM10000_images_part_1\ISIC_0026709.jpg,OK,,600,450,RGB
HAM10000_images_part_1\ISIC_0026710.jpg,OK,,600,450,RGB
HAM10000_images_part_1\ISIC_0026711.jpg,OK,,600,450,RGB
HAM10000_images_part_1\ISIC_0026712.jpg,OK,,600,450,RGB
HAM10000_images_part_1\ISIC_0026713.jpg,OK,,600,450,RGB
HAM10000_images_part_1\ISIC_0026714.jpg,OK,,600,450,RGB
HAM10000_images_part_1\ISIC_0026715.jpg,OK,,600,450,RGB
HAM10000_images_part_1\ISIC_0026716.jpg,OK,,600,450,RGB
HAM10000_images_part_1\ISIC_0026717.jpg,OK,,600,450,RGB
HAM10000_images_part_1\ISIC_0026718.jpg,OK,,600,450,RGB
HAM10000_images_part_1\ISIC_0026719.jpg,OK,,600,450,RGB
HAM10000_images_part_1\ISIC_0026720.jpg,OK,,600,450,RGB
HAM10000_images_part_1\ISIC_0026721.jpg,OK,,600,450,RGB
HAM10000_images_part_1\ISIC_0026722.jpg,OK,,600,450,RGB
HAM10000_images_part_1\ISIC_0026723.jpg,OK,,600,450,RGB
HAM10000_images_part_1\ISIC_0026724.jpg,OK,,600,450,RGB
HAM10000_images_part_1\ISIC_0026725.jpg,OK,,600,450,RGB
HAM10000_images_part_1\ISIC_0026726.jpg,OK,,600,450,RGB
HAM10000_images_part_1\ISIC_0026727.jpg,OK,,600,450,RGB
HAM10000_images_part_1\ISIC_0026728.jpg,OK,,600,450,RGB
HAM10000_images_part_1\ISIC_0026729.jpg,OK,,600,450,RGB
HAM10000_images_part_1\ISIC_0026730.jpg,OK,,600,450,RGB
HAM10000_images_part_1\ISIC_0026731.jpg,OK,,600,450,RGB
HAM10000_images_part_1\ISIC_0026732.jpg,OK,,600,450,RGB
HAM10000_images_part_1\ISIC_0026733.jpg,OK,,600,450,RGB
HAM10000_images_part_1\ISIC_0026734.jpg,OK,,600,450,RGB
HAM10000_images_part_1\ISIC_0026735.jpg,OK,,600,450,RGB
HAM10000_images_part_1\ISIC_0026736.jpg,OK,,600,450,RGB
HAM10000_images_part_1\ISIC_0026737.jpg,OK,,600,450,RGB
HAM10000_images_part_1\ISIC_0026738.jpg,OK,,600,450,RGB
HAM10000_images_part_1\ISIC_0026739.jpg,OK,,600,450,RGB
HAM10000_images_part_1\ISIC_0026740.jpg,OK,,600,450,RGB
HAM10000_images_part_1\ISIC_0026741.jpg,OK,,600,450,RGB
HAM10000_images_part_1\ISIC_0026742.jpg,OK,,600,450,RGB
HAM10000_images_part_1\ISIC_0026743.jpg,OK,,600,450,RGB
HAM10000_images_part_1\ISIC_0026744.jpg,OK,,600,450,RGB
HAM10000_images_part_1\ISIC_0026745.jpg,OK,,600,450,RGB
HAM10000_images_part_1\ISIC_0026746.jpg,OK,,600,450,RGB
HAM10000_images_part_1\ISIC_0026747.jpg,OK,,600,450,RGB
HAM10000_images_part_1\ISIC_0026748.jpg,OK,,600,450,RGB
HAM10000_images_part_1\ISIC_0026749.jpg,OK,,600,450,RGB
HAM10000_images_part_1\ISIC_0026750.jpg,OK,,600,450,RGB
HAM10000_images_part_1\ISIC_0026751.jpg,OK,,600,450,RGB
HAM10000_images_part_1\ISIC_0026752.jpg,OK,,600,450,RGB
HAM10000_images_part_1\ISIC_0026753.jpg,OK,,600,450,RGB
HAM10000_images_part_1\ISIC_0026754.jpg,OK,,600,450,RGB
HAM10000_images_part_1\ISIC_0026755.jpg,OK,,600,450,RGB
HAM10000_images_part_1\ISIC_0026756.jpg,OK,,600,450,RGB
HAM10000_images_part_1\ISIC_0026757.jpg,OK,,600,450,RGB
HAM10000_images_part_1\ISIC_0026758.jpg,OK,,600,450,RGB
HAM10000_images_part_1\ISIC_0026759.jpg,OK,,600,450,RGB
HAM10000_images_part_1\ISIC_0026760.jpg,OK,,600,450,RGB
HAM10000_images_part_1\ISIC_0026761.jpg,OK,,600,450,RGB
HAM10000_images_part_1\ISIC_0026762.jpg,OK,,600,450,RGB
HAM10000_images_part_1\ISIC_0026763.jpg,OK,,600,450,RGB
HAM10000_images_part_1\ISIC_0026764.jpg,OK,,600,450,RGB
HAM10000_images_part_1\ISIC_0026765.jpg,OK,,600,450,RGB
HAM10000_images_part_1\ISIC_0026766.jpg,OK,,600,450,RGB
HAM10000_images_part_1\ISIC_0026767.jpg,OK,,600,450,RGB
HAM10000_images_part_1\ISIC_0026768.jpg,OK,,600,450,RGB
HAM10000_images_part_1\ISIC_0026769.jpg,OK,,600,450,RGB
HAM10000_images_part_1\ISIC_0026770.jpg,OK,,600,450,RGB
HAM10000_images_part_1\ISIC_0026771.jpg,OK,,600,450,RGB
HAM10000_images_part_1\ISIC_0026772.jpg,OK,,600,450,RGB
HAM10000_images_part_1\ISIC_0026773.jpg,OK,,600,450,RGB
HAM10000_images_part_1\ISIC_0026774.jpg,OK,,600,450,RGB
HAM10000_images_part_1\ISIC_0026775.jpg,OK,,600,450,RGB
HAM10000_images_part_1\ISIC_0026776.jpg,OK,,600,450,RGB
HAM10000_images_part_1\ISIC_0026777.jpg,OK,,600,450,RGB
HAM10000_images_part_1\ISIC_0026778.jpg,OK,,600,450,RGB
HAM10000_images_part_1\ISIC_0026779.jpg,OK,,600,450,RGB
HAM10000_images_part_1\ISIC_0026780.jpg,OK,,600,450,RGB
HAM10000_images_part_1\ISIC_0026781.jpg,OK,,600,450,RGB
HAM10000_images_part_1\ISIC_0026782.jpg,OK,,600,450,RGB
HAM10000_images_part_1\ISIC_0026783.jpg,OK,,600,450,RGB
HAM10000_images_part_1\ISIC_0026784.jpg,OK,,600,450,RGB
HAM10000_images_part_1\ISIC_0026785.jpg,OK,,600,450,RGB
HAM10000_images_part_1\ISIC_0026786.jpg,OK,,600,450,RGB
HAM10000_images_part_1\ISIC_0026787.jpg,OK,,600,450,RGB
HAM10000_images_part_1\ISIC_0026788.jpg,OK,,600,450,RGB
HAM10000_images_part_1\ISIC_0026789.jpg,OK,,600,450,RGB
HAM10000_images_part_1\ISIC_0026790.jpg,OK,,600,450,RGB
HAM10000_images_part_1\ISIC_0026791.jpg,OK,,600,450,RGB
HAM10000_images_part_1\ISIC_0026792.jpg,OK,,600,450,RGB
HAM10000_images_part_1\ISIC_0026793.jpg,OK,,600,450,RGB
HAM10000_images_part_1\ISIC_0026794.jpg,OK,,600,450,RGB
HAM10000_images_part_1\ISIC_0026795.jpg,OK,,600,450,RGB
HAM10000_images_part_1\ISIC_0026796.jpg,OK,,600,450,RGB
HAM10000_images_part_1\ISIC_0026797.jpg,OK,,600,450,RGB
HAM10000_images_part_1\ISIC_0026798.jpg,OK,,600,450,RGB
HAM10000_images_part_1\ISIC_0026799.jpg,OK,,600,450,RGB
HAM10000_images_part_1\ISIC_0026800.jpg,OK,,600,450,RGB
HAM10000_images_part_1\ISIC_0026801.jpg,OK,,600,450,RGB
HAM10000_images_part_1\ISIC_0026802.jpg,OK,,600,450,RGB
HAM10000_images_part_1\ISIC_0026803.jpg,OK,,600,450,RGB
HAM10000_images_part_1\ISIC_0026804.jpg,OK,,600,450,RGB
HAM10000_images_part_1\ISIC_0026805.jpg,OK,,600,450,RGB
HAM10000_images_part_1\ISIC_0026806.jpg,OK,,600,450,RGB
HAM10000_images_part_1\ISIC_0026807.jpg,OK,,600,450,RGB
HAM10000_images_part_1\ISIC_0026808.jpg,OK,,600,450,RGB
HAM10000_images_part_1\ISIC_0026809.jpg,OK,,600,450,RGB
HAM10000_images_part_1\ISIC_0026810.jpg,OK,,600,450,RGB
HAM10000_images_part_1\ISIC_0026811.jpg,OK,,600,450,RGB
HAM10000_images_part_1\ISIC_0026812.jpg,OK,,600,450,RGB
HAM10000_images_part_1\ISIC_0026813.jpg,OK,,600,450,RGB
HAM10000_images_part_1\ISIC_0026814.jpg,OK,,600,450,RGB
HAM10000_images_part_1\ISIC_0026815.jpg,OK,,600,450,RGB
HAM10000_images_part_1\ISIC_0026816.jpg,OK,,600,450,RGB
HAM10000_images_part_1\ISIC_0026817.jpg,OK,,600,450,RGB
HAM10000_images_part_1\ISIC_0026818.jpg,OK,,600,450,RGB
HAM10000_images_part_1\ISIC_0026819.jpg,OK,,600,450,RGB
HAM10000_images_part_1\ISIC_0026820.jpg,OK,,600,450,RGB
HAM10000_images_part_1\ISIC_0026821.jpg,OK,,600,450,RGB
HAM10000_images_part_1\ISIC_0026822.jpg,OK,,600,450,RGB
HAM10000_images_part_1\ISIC_0026823.jpg,OK,,600,450,RGB
HAM10000_images_part_1\ISIC_0026824.jpg,OK,,600,450,RGB
HAM10000_images_part_1\ISIC_0026825.jpg,OK,,600,450,RGB
HAM10000_images_part_1\ISIC_0026826.jpg,OK,,600,450,RGB
HAM10000_images_part_1\ISIC_0026827.jpg,OK,,600,450,RGB
HAM10000_images_part_1\ISIC_0026828.jpg,OK,,600,450,RGB
HAM10000_images_part_1\ISIC_0026829.jpg,OK,,600,450,RGB
HAM10000_images_part_1\ISIC_0026830.jpg,OK,,600,450,RGB
HAM10000_images_part_1\ISIC_0026831.jpg,OK,,600,450,RGB
HAM10000_images_part_1\ISIC_0026832.jpg,OK,,600,450,RGB
HAM10000_images_part_1\ISIC_0026833.jpg,OK,,600,450,RGB
HAM10000_images_part_1\ISIC_0026834.jpg,OK,,600,450,RGB
HAM10000_images_part_1\ISIC_0026835.jpg,OK,,600,450,RGB
HAM10000_images_part_1\ISIC_0026836.jpg,OK,,600,450,RGB
HAM10000_images_part_1\ISIC_0026837.jpg,OK,,600,450,RGB
HAM10000_images_part_1\ISIC_0026838.jpg,OK,,600,450,RGB
HAM10000_images_part_1\ISIC_0026839.jpg,OK,,600,450,RGB
HAM10000_images_part_1\ISIC_0026840.jpg,OK,,600,450,RGB
HAM10000_images_part_1\ISIC_0026841.jpg,OK,,600,450,RGB
HAM10000_images_part_1\ISIC_0026842.jpg,OK,,600,450,RGB
HAM10000_images_part_1\ISIC_0026843.jpg,OK,,600,450,RGB
HAM10000_images_part_1\ISIC_0026844.jpg,OK,,600,450,RGB
HAM10000_images_part_1\ISIC_0026845.jpg,OK,,600,450,RGB
HAM10000_images_part_1\ISIC_0026846.jpg,OK,,600,450,RGB
HAM10000_images_part_1\ISIC_0026847.jpg,OK,,600,450,RGB
HAM10000_images_part_1\ISIC_0026848.jpg,OK,,600,450,RGB
HAM10000_images_part_1\ISIC_0026849.jpg,OK,,600,450,RGB
HAM10000_images_part_1\ISIC_0026850.jpg,OK,,600,450,RGB
HAM10000_images_part_1\ISIC_0026851.jpg,OK,,600,450,RGB
HAM10000_images_part_1\ISIC_0026852.jpg,OK,,600,450,RGB
HAM10000_images_part_1\ISIC_0026853.jpg,OK,,600,450,RGB
HAM10000_images_part_1\ISIC_0026854.jpg,OK,,600,450,RGB
HAM10000_images_part_1\ISIC_0026855.jpg,OK,,600,450,RGB
HAM10000_images_part_1\ISIC_0026856.jpg,OK,,600,450,RGB
HAM10000_images_part_1\ISIC_0026857.jpg,OK,,600,450,RGB
HAM10000_images_part_1\ISIC_0026858.jpg,OK,,600,450,RGB
HAM10000_images_part_1\ISIC_0026859.jpg,OK,,600,450,RGB
HAM10000_images_part_1\ISIC_0026860.jpg,OK,,600,450,RGB
HAM10000_images_part_1\ISIC_0026861.jpg,OK,,600,450,RGB
HAM10000_images_part_1\ISIC_0026862.jpg,OK,,600,450,RGB
HAM10000_images_part_1\ISIC_0026863.jpg,OK,,600,450,RGB
HAM10000_images_part_1\ISIC_0026864.jpg,OK,,600,450,RGB
HAM10000_images_part_1\ISIC_0026865.jpg,OK,,600,450,RGB
HAM10000_images_part_1\ISIC_0026866.jpg,OK,,600,450,RGB
HAM10000_images_part_1\ISIC_0026867.jpg,OK,,600,450,RGB
HAM10000_images_part_1\ISIC_0026868.jpg,OK,,600,450,RGB
HAM10000_images_part_1\ISIC_0026869.jpg,OK,,600,450,RGB
HAM10000_images_part_1\ISIC_0026870.jpg,OK,,600,450,RGB
HAM10000_images_part_1\ISIC_0026871.jpg,OK,,600,450,RGB
HAM10000_images_part_1\ISIC_0026872.jpg,OK,,600,450,RGB
HAM10000_images_part_1\ISIC_0026873.jpg,OK,,600,450,RGB
HAM10000_images_part_1\ISIC_0026874.jpg,OK,,600,450,RGB
HAM10000_images_part_1\ISIC_0026875.jpg,OK,,600,450,RGB
HAM10000_images_part_1\ISIC_0026876.jpg,OK,,600,450,RGB
HAM10000_images_part_1\ISIC_0026877.jpg,OK,,600,450,RGB
HAM10000_images_part_1\ISIC_0026878.jpg,OK,,600,450,RGB
HAM10000_images_part_1\ISIC_0026879.jpg,OK,,600,450,RGB
HAM10000_images_part_1\ISIC_0026880.jpg,OK,,600,450,RGB
HAM10000_images_part_1\ISIC_0026881.jpg,OK,,600,450,RGB
HAM10000_images_part_1\ISIC_0026882.jpg,OK,,600,450,RGB
HAM10000_images_part_1\ISIC_0026883.jpg,OK,,600,450,RGB
HAM10000_images_part_1\ISIC_0026884.jpg,OK,,600,450,RGB
HAM10000_images_part_1\ISIC_0026885.jpg,OK,,600,450,RGB
HAM10000_images_part_1\ISIC_0026886.jpg,OK,,600,450,RGB
HAM10000_images_part_1\ISIC_0026887.jpg,OK,,600,450,RGB
HAM10000_images_part_1\ISIC_0026888.jpg,OK,,600,450,RGB
HAM10000_images_part_1\ISIC_0026889.jpg,OK,,600,450,RGB
HAM10000_images_part_1\ISIC_0026890.jpg,OK,,600,450,RGB
HAM10000_images_part_1\ISIC_0026891.jpg,OK,,600,450,RGB
HAM10000_images_part_1\ISIC_0026892.jpg,OK,,600,450,RGB
HAM10000_images_part_1\ISIC_0026893.jpg,OK,,600,450,RGB
HAM10000_images_part_1\ISIC_0026894.jpg,OK,,600,450,RGB
HAM10000_images_part_1\ISIC_0026895.jpg,OK,,600,450,RGB
HAM10000_images_part_1\ISIC_0026896.jpg,OK,,600,450,RGB
HAM10000_images_part_1\ISIC_0026897.jpg,OK,,600,450,RGB
HAM10000_images_part_1\ISIC_0026898.jpg,OK,,600,450,RGB
HAM10000_images_part_1\ISIC_0026899.jpg,OK,,600,450,RGB
HAM10000_images_part_1\ISIC_0026900.jpg,OK,,600,450,RGB
HAM10000_images_part_1\ISIC_0026901.jpg,OK,,600,450,RGB
HAM10000_images_part_1\ISIC_0026902.jpg,OK,,600,450,RGB
HAM10000_images_part_1\ISIC_0026903.jpg,OK,,600,450,RGB
HAM10000_images_part_1\ISIC_0026904.jpg,OK,,600,450,RGB
HAM10000_images_part_1\ISIC_0026905.jpg,OK,,600,450,RGB
HAM10000_images_part_1\ISIC_0026906.jpg,OK,,600,450,RGB
HAM10000_images_part_1\ISIC_0026907.jpg,OK,,600,450,RGB
HAM10000_images_part_1\ISIC_0026908.jpg,OK,,600,450,RGB
HAM10000_images_part_1\ISIC_0026909.jpg,OK,,600,450,RGB
HAM10000_images_part_1\ISIC_0026910.jpg,OK,,600,450,RGB
HAM10000_images_part_1\ISIC_0026911.jpg,OK,,600,450,RGB
HAM10000_images_part_1\ISIC_0026912.jpg,OK,,600,450,RGB
HAM10000_images_part_1\ISIC_0026913.jpg,OK,,600,450,RGB
HAM10000_images_part_1\ISIC_0026914.jpg,OK,,600,450,RGB
HAM10000_images_part_1\ISIC_0026915.jpg,OK,,600,450,RGB
HAM10000_images_part_1\ISIC_0026916.jpg,OK,,600,450,RGB
HAM10000_images_part_1\ISIC_0026917.jpg,OK,,600,450,RGB
HAM10000_images_part_1\ISIC_0026918.jpg,OK,,600,450,RGB
HAM10000_images_part_1\ISIC_0026919.jpg,OK,,600,450,RGB
HAM10000_images_part_1\ISIC_0026920.jpg,OK,,600,450,RGB
HAM10000_images_part_1\ISIC_0026921.jpg,OK,,600,450,RGB
HAM10000_images_part_1\ISIC_0026922.jpg,OK,,600,450,RGB
HAM10000_images_part_1\ISIC_0026923.jpg,OK,,600,450,RGB
HAM10000_images_part_1\ISIC_0026924.jpg,OK,,600,450,RGB
HAM10000_images_part_1\ISIC_0026925.jpg,OK,,600,450,RGB
HAM10000_images_part_1\ISIC_0026926.jpg,OK,,600,450,RGB
HAM10000_images_part_1\ISIC_0026927.jpg,OK,,600,450,RGB
HAM10000_images_part_1\ISIC_0026928.jpg,OK,,600,450,RGB
HAM10000_images_part_1\ISIC_0026929.jpg,OK,,600,450,RGB
HAM10000_images_part_1\ISIC_0026930.jpg,OK,,600,450,RGB
HAM10000_images_part_1\ISIC_0026931.jpg,OK,,600,450,RGB
HAM10000_images_part_1\ISIC_0026932.jpg,OK,,600,450,RGB
HAM10000_images_part_1\ISIC_0026933.jpg,OK,,600,450,RGB
HAM10000_images_part_1\ISIC_0026934.jpg,OK,,600,450,RGB
HAM10000_images_part_1\ISIC_0026935.jpg,OK,,600,450,RGB
HAM10000_images_part_1\ISIC_0026936.jpg,OK,,600,450,RGB
HAM10000_images_part_1\ISIC_0026937.jpg,OK,,600,450,RGB
HAM10000_images_part_1\ISIC_0026938.jpg,OK,,600,450,RGB
HAM10000_images_part_1\ISIC_0026939.jpg,OK,,600,450,RGB
HAM10000_images_part_1\ISIC_0026940.jpg,OK,,600,450,RGB
HAM10000_images_part_1\ISIC_0026941.jpg,OK,,600,450,RGB
HAM10000_images_part_1\ISIC_0026942.jpg,OK,,600,450,RGB
HAM10000_images_part_1\ISIC_0026943.jpg,OK,,600,450,RGB
HAM10000_images_part_1\ISIC_0026944.jpg,OK,,600,450,RGB
HAM10000_images_part_1\ISIC_0026945.jpg,OK,,600,450,RGB
HAM10000_images_part_1\ISIC_0026946.jpg,OK,,600,450,RGB
HAM10000_images_part_1\ISIC_0026947.jpg,OK,,600,450,RGB
HAM10000_images_part_1\ISIC_0026948.jpg,OK,,600,450,RGB
HAM10000_images_part_1\ISIC_0026949.jpg,OK,,600,450,RGB
HAM10000_images_part_1\ISIC_0026950.jpg,OK,,600,450,RGB
HAM10000_images_part_1\ISIC_0026951.jpg,OK,,600,450,RGB
HAM10000_images_part_1\ISIC_0026952.jpg,OK,,600,450,RGB
HAM10000_images_part_1\ISIC_0026953.jpg,OK,,600,450,RGB
HAM10000_images_part_1\ISIC_0026954.jpg,OK,,600,450,RGB
HAM10000_images_part_1\ISIC_0026955.jpg,OK,,600,450,RGB
HAM10000_images_part_1\ISIC_0026956.jpg,OK,,600,450,RGB
HAM10000_images_part_1\ISIC_0026957.jpg,OK,,600,450,RGB
HAM10000_images_part_1\ISIC_0026958.jpg,OK,,600,450,RGB
HAM10000_images_part_1\ISIC_0026959.jpg,OK,,600,450,RGB
HAM10000_images_part_1\ISIC_0026960.jpg,OK,,600,450,RGB
HAM10000_images_part_1\ISIC_0026961.jpg,OK,,600,450,RGB
HAM10000_images_part_1\ISIC_0026962.jpg,OK,,600,450,RGB
HAM10000_images_part_1\ISIC_0026963.jpg,OK,,600,450,RGB
HAM10000_images_part_1\ISIC_0026964.jpg,OK,,600,450,RGB
HAM10000_images_part_1\ISIC_0026965.jpg,OK,,600,450,RGB
HAM10000_images_part_1\ISIC_0026966.jpg,OK,,600,450,RGB
HAM10000_images_part_1\ISIC_0026967.jpg,OK,,600,450,RGB
HAM10000_images_part_1\ISIC_0026968.jpg,OK,,600,450,RGB
HAM10000_images_part_1\ISIC_0026969.jpg,OK,,600,450,RGB
HAM10000_images_part_1\ISIC_0026970.jpg,OK,,600,450,RGB
HAM10000_images_part_1\ISIC_0026971.jpg,OK,,600,450,RGB
HAM10000_images_part_1\ISIC_0026972.jpg,OK,,600,450,RGB
HAM10000_images_part_1\ISIC_0026973.jpg,OK,,600,450,RGB
HAM10000_images_part_1\ISIC_0026974.jpg,OK,,600,450,RGB
HAM10000_images_part_1\ISIC_0026975.jpg,OK,,600,450,RGB
HAM10000_images_part_1\ISIC_0026976.jpg,OK,,600,450,RGB
HAM10000_images_part_1\ISIC_0026977.jpg,OK,,600,450,RGB
HAM10000_images_part_1\ISIC_0026978.jpg,OK,,600,450,RGB
HAM10000_images_part_1\ISIC_0026979.jpg,OK,,600,450,RGB
HAM10000_images_part_1\ISIC_0026980.jpg,OK,,600,450,RGB
HAM10000_images_part_1\ISIC_0026981.jpg,OK,,600,450,RGB
HAM10000_images_part_1\ISIC_0026982.jpg,OK,,600,450,RGB
HAM10000_images_part_1\ISIC_0026983.jpg,OK,,600,450,RGB
HAM10000_images_part_1\ISIC_0026984.jpg,OK,,600,450,RGB
HAM10000_images_part_1\ISIC_0026985.jpg,OK,,600,450,RGB
HAM10000_images_part_1\ISIC_0026986.jpg,OK,,600,450,RGB
HAM10000_images_part_1\ISIC_0026987.jpg,OK,,600,450,RGB
HAM10000_images_part_1\ISIC_0026988.jpg,OK,,600,450,RGB
HAM10000_images_part_1\ISIC_0026989.jpg,OK,,600,450,RGB
HAM10000_images_part_1\ISIC_0026990.jpg,OK,,600,450,RGB
HAM10000_images_part_1\ISIC_0026991.jpg,OK,,600,450,RGB
HAM10000_images_part_1\ISIC_0026992.jpg,OK,,600,450,RGB
HAM10000_images_part_1\ISIC_0026993.jpg,OK,,600,450,RGB
HAM10000_images_part_1\ISIC_0026994.jpg,OK,,600,450,RGB
HAM10000_images_part_1\ISIC_0026995.jpg,OK,,600,450,RGB
HAM10000_images_part_1\ISIC_0026996.jpg,OK,,600,450,RGB
HAM10000_images_part_1\ISIC_0026997.jpg,OK,,600,450,RGB
HAM10000_images_part_1\ISIC_0026998.jpg,OK,,600,450,RGB
HAM10000_images_part_1\ISIC_0026999.jpg,OK,,600,450,RGB
HAM10000_images_part_1\ISIC_0027000.jpg,OK,,600,450,RGB
HAM10000_images_part_1\ISIC_0027001.jpg,OK,,600,450,RGB
HAM10000_images_part_1\ISIC_0027002.jpg,OK,,600,450,RGB
HAM10000_images_part_1\ISIC_0027003.jpg,OK,,600,450,RGB
HAM10000_images_part_1\ISIC_0027004.jpg,OK,,600,450,RGB
HAM10000_images_part_1\ISIC_0027005.jpg,OK,,600,450,RGB
HAM10000_images_part_1\ISIC_0027006.jpg,OK,,600,450,RGB
HAM10000_images_part_1\ISIC_0027007.jpg,OK,,600,450,RGB
HAM10000_images_part_1\ISIC_0027008.jpg,OK,,600,450,RGB
HAM10000_images_part_1\ISIC_0027009.jpg,OK,,600,450,RGB
HAM10000_images_part_1\ISIC_0027010.jpg,OK,,600,450,RGB
HAM10000_images_part_1\ISIC_0027011.jpg,OK,,600,450,RGB
HAM10000_images_part_1\ISIC_0027012.jpg,OK,,600,450,RGB
HAM10000_images_part_1\ISIC_0027013.jpg,OK,,600,450,RGB
HAM10000_images_part_1\ISIC_0027014.jpg,OK,,600,450,RGB
HAM10000_images_part_1\ISIC_0027015.jpg,OK,,600,450,RGB
HAM10000_images_part_1\ISIC_0027016.jpg,OK,,600,450,RGB
HAM10000_images_part_1\ISIC_0027017.jpg,OK,,600,450,RGB
HAM10000_images_part_1\ISIC_0027018.jpg,OK,,600,450,RGB
HAM10000_images_part_1\ISIC_0027019.jpg,OK,,600,450,RGB
HAM10000_images_part_1\ISIC_0027020.jpg,OK,,600,450,RGB
HAM10000_images_part_1\ISIC_0027021.jpg,OK,,600,450,RGB
HAM10000_images_part_1\ISIC_0027022.jpg,OK,,600,450,RGB
HAM10000_images_part_1\ISIC_0027023.jpg,OK,,600,450,RGB
HAM10000_images_part_1\ISIC_0027024.jpg,OK,,600,450,RGB
HAM10000_images_part_1\ISIC_0027025.jpg,OK,,600,450,RGB
HAM10000_images_part_1\ISIC_0027026.jpg,OK,,600,450,RGB
HAM10000_images_part_1\ISIC_0027027.jpg,OK,,600,450,RGB
HAM10000_images_part_1\ISIC_0027028.jpg,OK,,600,450,RGB
HAM10000_images_part_1\ISIC_0027029.jpg,OK,,600,450,RGB
HAM10000_images_part_1\ISIC_0027030.jpg,OK,,600,450,RGB
HAM10000_images_part_1\ISIC_0027031.jpg,OK,,600,450,RGB
HAM10000_images_part_1\ISIC_0027032.jpg,OK,,600,450,RGB
HAM10000_images_part_1\ISIC_0027033.jpg,OK,,600,450,RGB
HAM10000_images_part_1\ISIC_0027034.jpg,OK,,600,450,RGB
HAM10000_images_part_1\ISIC_0027035.jpg,OK,,600,450,RGB
HAM10000_images_part_1\ISIC_0027036.jpg,OK,,600,450,RGB
HAM10000_images_part_1\ISIC_0027037.jpg,OK,,600,450,RGB
HAM10000_images_part_1\ISIC_0027038.jpg,OK,,600,450,RGB
HAM10000_images_part_1\ISIC_0027039.jpg,OK,,600,450,RGB
HAM10000_images_part_1\ISIC_0027040.jpg,OK,,600,450,RGB
HAM10000_images_part_1\ISIC_0027041.jpg,OK,,600,450,RGB
HAM10000_images_part_1\ISIC_0027042.jpg,OK,,600,450,RGB
HAM10000_images_part_1\ISIC_0027043.jpg,OK,,600,450,RGB
HAM10000_images_part_1\ISIC_0027044.jpg,OK,,600,450,RGB
HAM10000_images_part_1\ISIC_0027045.jpg,OK,,600,450,RGB
HAM10000_images_part_1\ISIC_0027046.jpg,OK,,600,450,RGB
HAM10000_images_part_1\ISIC_0027047.jpg,OK,,600,450,RGB
HAM10000_images_part_1\ISIC_0027048.jpg,OK,,600,450,RGB
HAM10000_images_part_1\ISIC_0027049.jpg,OK,,600,450,RGB
HAM10000_images_part_1\ISIC_0027050.jpg,OK,,600,450,RGB
HAM10000_images_part_1\ISIC_0027051.jpg,OK,,600,450,RGB
HAM10000_images_part_1\ISIC_0027052.jpg,OK,,600,450,RGB
HAM10000_images_part_1\ISIC_0027053.jpg,OK,,600,450,RGB
HAM10000_images_part_1\ISIC_0027054.jpg,OK,,600,450,RGB
HAM10000_images_part_1\ISIC_0027055.jpg,OK,,600,450,RGB
HAM10000_images_part_1\ISIC_0027056.jpg,OK,,600,450,RGB
HAM10000_images_part_1\ISIC_0027057.jpg,OK,,600,450,RGB
HAM10000_images_part_1\ISIC_0027058.jpg,OK,,600,450,RGB
HAM10000_images_part_1\ISIC_0027059.jpg,OK,,600,450,RGB
HAM10000_images_part_1\ISIC_0027060.jpg,OK,,600,450,RGB
HAM10000_images_part_1\ISIC_0027061.jpg,OK,,600,450,RGB
HAM10000_images_part_1\ISIC_0027062.jpg,OK,,600,450,RGB
HAM10000_images_part_1\ISIC_0027063.jpg,OK,,600,450,RGB
HAM10000_images_part_1\ISIC_0027064.jpg,OK,,600,450,RGB
HAM10000_images_part_1\ISIC_0027065.jpg,OK,,600,450,RGB
HAM10000_images_part_1\ISIC_0027066.jpg,OK,,600,450,RGB
HAM10000_images_part_1\ISIC_0027067.jpg,OK,,600,450,RGB
HAM10000_images_part_1\ISIC_0027068.jpg,OK,,600,450,RGB
HAM10000_images_part_1\ISIC_0027069.jpg,OK,,600,450,RGB
HAM10000_images_part_1\ISIC_0027070.jpg,OK,,600,450,RGB
HAM10000_images_part_1\ISIC_0027071.jpg,OK,,600,450,RGB
HAM10000_images_part_1\ISIC_0027072.jpg,OK,,600,450,RGB
HAM10000_images_part_1\ISIC_0027073.jpg,OK,,600,450,RGB
HAM10000_images_part_1\ISIC_0027074.jpg,OK,,600,450,RGB
HAM10000_images_part_1\ISIC_0027075.jpg,OK,,600,450,RGB
HAM10000_images_part_1\ISIC_0027076.jpg,OK,,600,450,RGB
HAM10000_images_part_1\ISIC_0027077.jpg,OK,,600,450,RGB
HAM10000_images_part_1\ISIC_0027078.jpg,OK,,600,450,RGB
HAM10000_images_part_1\ISIC_0027079.jpg,OK,,600,450,RGB
HAM10000_images_part_1\ISIC_0027080.jpg,OK,,600,450,RGB
HAM10000_images_part_1\ISIC_0027081.jpg,OK,,600,450,RGB
HAM10000_images_part_1\ISIC_0027082.jpg,OK,,600,450,RGB
HAM10000_images_part_1\ISIC_0027083.jpg,OK,,600,450,RGB
HAM10000_images_part_1\ISIC_0027084.jpg,OK,,600,450,RGB
HAM10000_images_part_1\ISIC_0027085.jpg,OK,,600,450,RGB
HAM10000_images_part_1\ISIC_0027086.jpg,OK,,600,450,RGB
HAM10000_images_part_1\ISIC_0027087.jpg,OK,,600,450,RGB
HAM10000_images_part_1\ISIC_0027088.jpg,OK,,600,450,RGB
HAM10000_images_part_1\ISIC_0027089.jpg,OK,,600,450,RGB
HAM10000_images_part_1\ISIC_0027090.jpg,OK,,600,450,RGB
HAM10000_images_part_1\ISIC_0027091.jpg,OK,,600,450,RGB
HAM10000_images_part_1\ISIC_0027092.jpg,OK,,600,450,RGB
HAM10000_images_part_1\ISIC_0027093.jpg,OK,,600,450,RGB
HAM10000_images_part_1\ISIC_0027094.jpg,OK,,600,450,RGB
HAM10000_images_part_1\ISIC_0027095.jpg,OK,,600,450,RGB
HAM10000_images_part_1\ISIC_0027096.jpg,OK,,600,450,RGB
HAM10000_images_part_1\ISIC_0027097.jpg,OK,,600,450,RGB
HAM10000_images_part_1\ISIC_0027098.jpg,OK,,600,450,RGB
HAM10000_images_part_1\ISIC_0027099.jpg,OK,,600,450,RGB
HAM10000_images_part_1\ISIC_0027100.jpg,OK,,600,450,RGB
HAM10000_images_part_1\ISIC_0027101.jpg,OK,,600,450,RGB
HAM10000_images_part_1\ISIC_0027102.jpg,OK,,600,450,RGB
HAM10000_images_part_1\ISIC_0027103.jpg,OK,,600,450,RGB
HAM10000_images_part_1\ISIC_0027104.jpg,OK,,600,450,RGB
HAM10000_images_part_1\ISIC_0027105.jpg,OK,,600,450,RGB
HAM10000_images_part_1\ISIC_0027106.jpg,OK,,600,450,RGB
HAM10000_images_part_1\ISIC_0027107.jpg,OK,,600,450,RGB
HAM10000_images_part_1\ISIC_0027108.jpg,OK,,600,450,RGB
HAM10000_images_part_1\ISIC_0027109.jpg,OK,,600,450,RGB
HAM10000_images_part_1\ISIC_0027110.jpg,OK,,600,450,RGB
HAM10000_images_part_1\ISIC_0027111.jpg,OK,,600,450,RGB
HAM10000_images_part_1\ISIC_0027112.jpg,OK,,600,450,RGB
HAM10000_images_part_1\ISIC_0027113.jpg,OK,,600,450,RGB
HAM10000_images_part_1\ISIC_0027114.jpg,OK,,600,450,RGB
HAM10000_images_part_1\ISIC_0027115.jpg,OK,,600,450,RGB
HAM10000_images_part_1\ISIC_0027116.jpg,OK,,600,450,RGB
HAM10000_images_part_1\ISIC_0027117.jpg,OK,,600,450,RGB
HAM10000_images_part_1\ISIC_0027118.jpg,OK,,600,450,RGB
HAM10000_images_part_1\ISIC_0027119.jpg,OK,,600,450,RGB
HAM10000_images_part_1\ISIC_0027120.jpg,OK,,600,450,RGB
HAM10000_images_part_1\ISIC_0027121.jpg,OK,,600,450,RGB
HAM10000_images_part_1\ISIC_0027122.jpg,OK,,600,450,RGB
HAM10000_images_part_1\ISIC_0027123.jpg,OK,,600,450,RGB
HAM10000_images_part_1\ISIC_0027124.jpg,OK,,600,450,RGB
HAM10000_images_part_1\ISIC_0027125.jpg,OK,,600,450,RGB
HAM10000_images_part_1\ISIC_0027126.jpg,OK,,600,450,RGB
HAM10000_images_part_1\ISIC_0027127.jpg,OK,,600,450,RGB
HAM10000_images_part_1\ISIC_0027128.jpg,OK,,600,450,RGB
HAM10000_images_part_1\ISIC_0027129.jpg,OK,,600,450,RGB
HAM10000_images_part_1\ISIC_0027130.jpg,OK,,600,450,RGB
HAM10000_images_part_1\ISIC_0027131.jpg,OK,,600,450,RGB
HAM10000_images_part_1\ISIC_0027132.jpg,OK,,600,450,RGB
HAM10000_images_part_1\ISIC_0027133.jpg,OK,,600,450,RGB
HAM10000_images_part_1\ISIC_0027134.jpg,OK,,600,450,RGB
HAM10000_images_part_1\ISIC_0027135.jpg,OK,,600,450,RGB
HAM10000_images_part_1\ISIC_0027136.jpg,OK,,600,450,RGB
HAM10000_images_part_1\ISIC_0027137.jpg,OK,,600,450,RGB
HAM10000_images_part_1\ISIC_0027138.jpg,OK,,600,450,RGB
HAM10000_images_part_1\ISIC_0027139.jpg,OK,,600,450,RGB
HAM10000_images_part_1\ISIC_0027140.jpg,OK,,600,450,RGB
HAM10000_images_part_1\ISIC_0027141.jpg,OK,,600,450,RGB
HAM10000_images_part_1\ISIC_0027142.jpg,OK,,600,450,RGB
HAM10000_images_part_1\ISIC_0027143.jpg,OK,,600,450,RGB
HAM10000_images_part_1\ISIC_0027144.jpg,OK,,600,450,RGB
HAM10000_images_part_1\ISIC_0027145.jpg,OK,,600,450,RGB
HAM10000_images_part_1\ISIC_0027146.jpg,OK,,600,450,RGB
HAM10000_images_part_1\ISIC_0027147.jpg,OK,,600,450,RGB
HAM10000_images_part_1\ISIC_0027148.jpg,OK,,600,450,RGB
HAM10000_images_part_1\ISIC_0027149.jpg,OK,,600,450,RGB
HAM10000_images_part_1\ISIC_0027150.jpg,OK,,600,450,RGB
HAM10000_images_part_1\ISIC_0027151.jpg,OK,,600,450,RGB
HAM10000_images_part_1\ISIC_0027152.jpg,OK,,600,450,RGB
HAM10000_images_part_1\ISIC_0027153.jpg,OK,,600,450,RGB
HAM10000_images_part_1\ISIC_0027154.jpg,OK,,600,450,RGB
HAM10000_images_part_1\ISIC_0027155.jpg,OK,,600,450,RGB
HAM10000_images_part_1\ISIC_0027156.jpg,OK,,600,450,RGB
HAM10000_images_part_1\ISIC_0027157.jpg,OK,,600,450,RGB
HAM10000_images_part_1\ISIC_0027158.jpg,OK,,600,450,RGB
HAM10000_images_part_1\ISIC_0027159.jpg,OK,,600,450,RGB
HAM10000_images_part_1\ISIC_0027160.jpg,OK,,600,450,RGB
HAM10000_images_part_1\ISIC_0027161.jpg,OK,,600,450,RGB
HAM10000_images_part_1\ISIC_0027162.jpg,OK,,600,450,RGB
HAM10000_images_part_1\ISIC_0027163.jpg,OK,,600,450,RGB
HAM10000_images_part_1\ISIC_0027164.jpg,OK,,600,450,RGB
HAM10000_images_part_1\ISIC_0027165.jpg,OK,,600,450,RGB
HAM10000_images_part_1\ISIC_0027166.jpg,OK,,600,450,RGB
HAM10000_images_part_1\ISIC_0027167.jpg,OK,,600,450,RGB
HAM10000_images_part_1\ISIC_0027168.jpg,OK,,600,450,RGB
HAM10000_images_part_1\ISIC_0027169.jpg,OK,,600,450,RGB
HAM10000_images_part_1\ISIC_0027170.jpg,OK,,600,450,RGB
HAM10000_images_part_1\ISIC_0027171.jpg,OK,,600,450,RGB
HAM10000_images_part_1\ISIC_0027172.jpg,OK,,600,450,RGB
HAM10000_images_part_1\ISIC_0027173.jpg,OK,,600,450,RGB
HAM10000_images_part_1\ISIC_0027174.jpg,OK,,600,450,RGB
HAM10000_images_part_1\ISIC_0027175.jpg,OK,,600,450,RGB
HAM10000_images_part_1\ISIC_0027176.jpg,OK,,600,450,RGB
HAM10000_images_part_1\ISIC_0027177.jpg,OK,,600,450,RGB
HAM10000_images_part_1\ISIC_0027178.jpg,OK,,600,450,RGB
HAM10000_images_part_1\ISIC_0027179.jpg,OK,,600,450,RGB
HAM10000_images_part_1\ISIC_0027180.jpg,OK,,600,450,RGB
HAM10000_images_part_1\ISIC_0027181.jpg,OK,,600,450,RGB
HAM10000_images_part_1\ISIC_0027182.jpg,OK,,600,450,RGB
HAM10000_images_part_1\ISIC_0027183.jpg,OK,,600,450,RGB
HAM10000_images_part_1\ISIC_0027184.jpg,OK,,600,450,RGB
HAM10000_images_part_1\ISIC_0027185.jpg,OK,,600,450,RGB
HAM10000_images_part_1\ISIC_0027186.jpg,OK,,600,450,RGB
HAM10000_images_part_1\ISIC_0027187.jpg,OK,,600,450,RGB
HAM10000_images_part_1\ISIC_0027188.jpg,OK,,600,450,RGB
HAM10000_images_part_1\ISIC_0027189.jpg,OK,,600,450,RGB
HAM10000_images_part_1\ISIC_0027190.jpg,OK,,600,450,RGB
HAM10000_images_part_1\ISIC_0027191.jpg,OK,,600,450,RGB
HAM10000_images_part_1\ISIC_0027192.jpg,OK,,600,450,RGB
HAM10000_images_part_1\ISIC_0027193.jpg,OK,,600,450,RGB
HAM10000_images_part_1\ISIC_0027194.jpg,OK,,600,450,RGB
HAM10000_images_part_1\ISIC_0027195.jpg,OK,,600,450,RGB
HAM10000_images_part_1\ISIC_0027196.jpg,OK,,600,450,RGB
HAM10000_images_part_1\ISIC_0027197.jpg,OK,,600,450,RGB
HAM10000_images_part_1\ISIC_0027198.jpg,OK,,600,450,RGB
HAM10000_images_part_1\ISIC_0027199.jpg,OK,,600,450,RGB
HAM10000_images_part_1\ISIC_0027200.jpg,OK,,600,450,RGB
HAM10000_images_part_1\ISIC_0027201.jpg,OK,,600,450,RGB
HAM10000_images_part_1\ISIC_0027202.jpg,OK,,600,450,RGB
HAM10000_images_part_1\ISIC_0027203.jpg,OK,,600,450,RGB
HAM10000_images_part_1\ISIC_0027204.jpg,OK,,600,450,RGB
HAM10000_images_part_1\ISIC_0027205.jpg,OK,,600,450,RGB
HAM10000_images_part_1\ISIC_0027206.jpg,OK,,600,450,RGB
HAM10000_images_part_1\ISIC_0027207.jpg,OK,,600,450,RGB
HAM10000_images_part_1\ISIC_0027208.jpg,OK,,600,450,RGB
HAM10000_images_part_1\ISIC_0027209.jpg,OK,,600,450,RGB
HAM10000_images_part_1\ISIC_0027210.jpg,OK,,600,450,RGB
HAM10000_images_part_1\ISIC_0027211.jpg,OK,,600,450,RGB
HAM10000_images_part_1\ISIC_0027212.jpg,OK,,600,450,RGB
HAM10000_images_part_1\ISIC_0027213.jpg,OK,,600,450,RGB
HAM10000_images_part_1\ISIC_0027214.jpg,OK,,600,450,RGB
HAM10000_images_part_1\ISIC_0027215.jpg,OK,,600,450,RGB
HAM10000_images_part_1\ISIC_0027216.jpg,OK,,600,450,RGB
HAM10000_images_part_1\ISIC_0027217.jpg,OK,,600,450,RGB
HAM10000_images_part_1\ISIC_0027218.jpg,OK,,600,450,RGB
HAM10000_images_part_1\ISIC_0027219.jpg,OK,,600,450,RGB
HAM10000_images_part_1\ISIC_0027220.jpg,OK,,600,450,RGB
HAM10000_images_part_1\ISIC_0027221.jpg,OK,,600,450,RGB
HAM10000_images_part_1\ISIC_0027222.jpg,OK,,600,450,RGB
HAM10000_images_part_1\ISIC_0027223.jpg,OK,,600,450,RGB
HAM10000_images_part_1\ISIC_0027224.jpg,OK,,600,450,RGB
HAM10000_images_part_1\ISIC_0027225.jpg,OK,,600,450,RGB
HAM10000_images_part_1\ISIC_0027226.jpg,OK,,600,450,RGB
HAM10000_images_part_1\ISIC_0027227.jpg,OK,,600,450,RGB
HAM10000_images_part_1\ISIC_0027228.jpg,OK,,600,450,RGB
HAM10000_images_part_1\ISIC_0027229.jpg,OK,,600,450,RGB
HAM10000_images_part_1\ISIC_0027230.jpg,OK,,600,450,RGB
HAM10000_images_part_1\ISIC_0027231.jpg,OK,,600,450,RGB
HAM10000_images_part_1\ISIC_0027232.jpg,OK,,600,450,RGB
HAM10000_images_part_1\ISIC_0027233.jpg,OK,,600,450,RGB
HAM10000_images_part_1\ISIC_0027234.jpg,OK,,600,450,RGB
HAM10000_images_part_1\ISIC_0027235.jpg,OK,,600,450,RGB
HAM10000_images_part_1\ISIC_0027236.jpg,OK,,600,450,RGB
HAM10000_images_part_1\ISIC_0027237.jpg,OK,,600,450,RGB
HAM10000_images_part_1\ISIC_0027238.jpg,OK,,600,450,RGB
HAM10000_images_part_1\ISIC_0027239.jpg,OK,,600,450,RGB
HAM10000_images_part_1\ISIC_0027240.jpg,OK,,600,450,RGB
HAM10000_images_part_1\ISIC_0027241.jpg,OK,,600,450,RGB
HAM10000_images_part_1\ISIC_0027242.jpg,OK,,600,450,RGB
HAM10000_images_part_1\ISIC_0027243.jpg,OK,,600,450,RGB
HAM10000_images_part_1\ISIC_0027244.jpg,OK,,600,450,RGB
HAM10000_images_part_1\ISIC_0027245.jpg,OK,,600,450,RGB
HAM10000_images_part_1\ISIC_0027246.jpg,OK,,600,450,RGB
HAM10000_images_part_1\ISIC_0027247.jpg,OK,,600,450,RGB
HAM10000_images_part_1\ISIC_0027248.jpg,OK,,600,450,RGB
HAM10000_images_part_1\ISIC_0027249.jpg,OK,,600,450,RGB
HAM10000_images_part_1\ISIC_0027250.jpg,OK,,600,450,RGB
HAM10000_images_part_1\ISIC_0027251.jpg,OK,,600,450,RGB
HAM10000_images_part_1\ISIC_0027252.jpg,OK,,600,450,RGB
HAM10000_images_part_1\ISIC_0027253.jpg,OK,,600,450,RGB
HAM10000_images_part_1\ISIC_0027254.jpg,OK,,600,450,RGB
HAM10000_images_part_1\ISIC_0027255.jpg,OK,,600,450,RGB
HAM10000_images_part_1\ISIC_0027256.jpg,OK,,600,450,RGB
HAM10000_images_part_1\ISIC_0027257.jpg,OK,,600,450,RGB
HAM10000_images_part_1\ISIC_0027258.jpg,OK,,600,450,RGB
HAM10000_images_part_1\ISIC_0027259.jpg,OK,,600,450,RGB
HAM10000_images_part_1\ISIC_0027260.jpg,OK,,600,450,RGB
HAM10000_images_part_1\ISIC_0027261.jpg,OK,,600,450,RGB
HAM10000_images_part_1\ISIC_0027262.jpg,OK,,600,450,RGB
HAM10000_images_part_1\ISIC_0027263.jpg,OK,,600,450,RGB
HAM10000_images_part_1\ISIC_0027264.jpg,OK,,600,450,RGB
HAM10000_images_part_1\ISIC_0027265.jpg,OK,,600,450,RGB
HAM10000_images_part_1\ISIC_0027266.jpg,OK,,600,450,RGB
HAM10000_images_part_1\ISIC_0027267.jpg,OK,,600,450,RGB
HAM10000_images_part_1\ISIC_0027268.jpg,OK,,600,450,RGB
HAM10000_images_part_1\ISIC_0027269.jpg,OK,,600,450,RGB
HAM10000_images_part_1\ISIC_0027270.jpg,OK,,600,450,RGB
HAM10000_images_part_1\ISIC_0027271.jpg,OK,,600,450,RGB
HAM10000_images_part_1\ISIC_0027272.jpg,OK,,600,450,RGB
HAM10000_images_part_1\ISIC_0027273.jpg,OK,,600,450,RGB
HAM10000_images_part_1\ISIC_0027274.jpg,OK,,600,450,RGB
HAM10000_images_part_1\ISIC_0027275.jpg,OK,,600,450,RGB
HAM10000_images_part_1\ISIC_0027276.jpg,OK,,600,450,RGB
HAM10000_images_part_1\ISIC_0027277.jpg,OK,,600,450,RGB
HAM10000_images_part_1\ISIC_0027278.jpg,OK,,600,450,RGB
HAM10000_images_part_1\ISIC_0027279.jpg,OK,,600,450,RGB
HAM10000_images_part_1\ISIC_0027280.jpg,OK,,600,450,RGB
HAM10000_images_part_1\ISIC_0027281.jpg,OK,,600,450,RGB
HAM10000_images_part_1\ISIC_0027282.jpg,OK,,600,450,RGB
HAM10000_images_part_1\ISIC_0027283.jpg,OK,,600,450,RGB
HAM10000_images_part_1\ISIC_0027284.jpg,OK,,600,450,RGB
HAM10000_images_part_1\ISIC_0027285.jpg,OK,,600,450,RGB
HAM10000_images_part_1\ISIC_0027286.jpg,OK,,600,450,RGB
HAM10000_images_part_1\ISIC_0027287.jpg,OK,,600,450,RGB
HAM10000_images_part_1\ISIC_0027288.jpg,OK,,600,450,RGB
HAM10000_images_part_1\ISIC_0027289.jpg,OK,,600,450,RGB
HAM10000_images_part_1\ISIC_0027290.jpg,OK,,600,450,RGB
HAM10000_images_part_1\ISIC_0027291.jpg,OK,,600,450,RGB
HAM10000_images_part_1\ISIC_0027292.jpg,OK,,600,450,RGB
HAM10000_images_part_1\ISIC_0027293.jpg,OK,,600,450,RGB
HAM10000_images_part_1\ISIC_0027294.jpg,OK,,600,450,RGB
HAM10000_images_part_1\ISIC_0027295.jpg,OK,,600,450,RGB
HAM10000_images_part_1\ISIC_0027296.jpg,OK,,600,450,RGB
HAM10000_images_part_1\ISIC_0027297.jpg,OK,,600,450,RGB
HAM10000_images_part_1\ISIC_0027298.jpg,OK,,600,450,RGB
HAM10000_images_part_1\ISIC_0027299.jpg,OK,,600,450,RGB
HAM10000_images_part_1\ISIC_0027300.jpg,OK,,600,450,RGB
HAM10000_images_part_1\ISIC_0027301.jpg,OK,,600,450,RGB
HAM10000_images_part_1\ISIC_0027302.jpg,OK,,600,450,RGB
HAM10000_images_part_1\ISIC_0027303.jpg,OK,,600,450,RGB
HAM10000_images_part_1\ISIC_0027304.jpg,OK,,600,450,RGB
HAM10000_images_part_1\ISIC_0027305.jpg,OK,,600,450,RGB
HAM10000_images_part_1\ISIC_0027306.jpg,OK,,600,450,RGB
HAM10000_images_part_1\ISIC_0027307.jpg,OK,,600,450,RGB
HAM10000_images_part_1\ISIC_0027308.jpg,OK,,600,450,RGB
HAM10000_images_part_1\ISIC_0027309.jpg,OK,,600,450,RGB
HAM10000_images_part_1\ISIC_0027310.jpg,OK,,600,450,RGB
HAM10000_images_part_1\ISIC_0027311.jpg,OK,,600,450,RGB
HAM10000_images_part_1\ISIC_0027312.jpg,OK,,600,450,RGB
HAM10000_images_part_1\ISIC_0027313.jpg,OK,,600,450,RGB
HAM10000_images_part_1\ISIC_0027314.jpg,OK,,600,450,RGB
HAM10000_images_part_1\ISIC_0027315.jpg,OK,,600,450,RGB
HAM10000_images_part_1\ISIC_0027316.jpg,OK,,600,450,RGB
HAM10000_images_part_1\ISIC_0027317.jpg,OK,,600,450,RGB
HAM10000_images_part_1\ISIC_0027318.jpg,OK,,600,450,RGB
HAM10000_images_part_1\ISIC_0027319.jpg,OK,,600,450,RGB
HAM10000_images_part_1\ISIC_0027320.jpg,OK,,600,450,RGB
HAM10000_images_part_1\ISIC_0027321.jpg,OK,,600,450,RGB
HAM10000_images_part_1\ISIC_0027322.jpg,OK,,600,450,RGB
HAM10000_images_part_1\ISIC_0027323.jpg,OK,,600,450,RGB
HAM10000_images_part_1\ISIC_0027324.jpg,OK,,600,450,RGB
HAM10000_images_part_1\ISIC_0027325.jpg,OK,,600,450,RGB
HAM10000_images_part_1\ISIC_0027326.jpg,OK,,600,450,RGB
HAM10000_images_part_1\ISIC_0027327.jpg,OK,,600,450,RGB
HAM10000_images_part_1\ISIC_0027328.jpg,OK,,600,450,RGB
HAM10000_images_part_1\ISIC_0027329.jpg,OK,,600,450,RGB
HAM10000_images_part_1\ISIC_0027330.jpg,OK,,600,450,RGB
HAM10000_images_part_1\ISIC_0027331.jpg,OK,,600,450,RGB
HAM10000_images_part_1\ISIC_0027332.jpg,OK,,600,450,RGB
HAM10000_images_part_1\ISIC_0027333.jpg,OK,,600,450,RGB
HAM10000_images_part_1\ISIC_0027334.jpg,OK,,600,450,RGB
HAM10000_images_part_1\ISIC_0027335.jpg,OK,,600,450,RGB
HAM10000_images_part_1\ISIC_0027336.jpg,OK,,600,450,RGB
HAM10000_images_part_1\ISIC_0027337.jpg,OK,,600,450,RGB
HAM10000_images_part_1\ISIC_0027338.jpg,OK,,600,450,RGB
HAM10000_images_part_1\ISIC_0027339.jpg,OK,,600,450,RGB
HAM10000_images_part_1\ISIC_0027340.jpg,OK,,600,450,RGB
HAM10000_images_part_1\ISIC_0027341.jpg,OK,,600,450,RGB
HAM10000_images_part_1\ISIC_0027342.jpg,OK,,600,450,RGB
HAM10000_images_part_1\ISIC_0027343.jpg,OK,,600,450,RGB
HAM10000_images_part_1\ISIC_0027344.jpg,OK,,600,450,RGB
HAM10000_images_part_1\ISIC_0027345.jpg,OK,,600,450,RGB
HAM10000_images_part_1\ISIC_0027346.jpg,OK,,600,450,RGB
HAM10000_images_part_1\ISIC_0027347.jpg,OK,,600,450,RGB
HAM10000_images_part_1\ISIC_0027348.jpg,OK,,600,450,RGB
HAM10000_images_part_1\ISIC_0027349.jpg,OK,,600,450,RGB
HAM10000_images_part_1\ISIC_0027350.jpg,OK,,600,450,RGB
HAM10000_images_part_1\ISIC_0027351.jpg,OK,,600,450,RGB
HAM10000_images_part_1\ISIC_0027352.jpg,OK,,600,450,RGB
HAM10000_images_part_1\ISIC_0027353.jpg,OK,,600,450,RGB
HAM10000_images_part_1\ISIC_0027354.jpg,OK,,600,450,RGB
HAM10000_images_part_1\ISIC_0027355.jpg,OK,,600,450,RGB
HAM10000_images_part_1\ISIC_0027356.jpg,OK,,600,450,RGB
HAM10000_images_part_1\ISIC_0027357.jpg,OK,,600,450,RGB
HAM10000_images_part_1\ISIC_0027358.jpg,OK,,600,450,RGB
HAM10000_images_part_1\ISIC_0027359.jpg,OK,,600,450,RGB
HAM10000_images_part_1\ISIC_0027360.jpg,OK,,600,450,RGB
HAM10000_images_part_1\ISIC_0027361.jpg,OK,,600,450,RGB
HAM10000_images_part_1\ISIC_0027362.jpg,OK,,600,450,RGB
HAM10000_images_part_1\ISIC_0027363.jpg,OK,,600,450,RGB
HAM10000_images_part_1\ISIC_0027364.jpg,OK,,600,450,RGB
HAM10000_images_part_1\ISIC_0027365.jpg,OK,,600,450,RGB
HAM10000_images_part_1\ISIC_0027366.jpg,OK,,600,450,RGB
HAM10000_images_part_1\ISIC_0027367.jpg,OK,,600,450,RGB
HAM10000_images_part_1\ISIC_0027368.jpg,OK,,600,450,RGB
HAM10000_images_part_1\ISIC_0027369.jpg,OK,,600,450,RGB
HAM10000_images_part_1\ISIC_0027370.jpg,OK,,600,450,RGB
HAM10000_images_part_1\ISIC_0027371.jpg,OK,,600,450,RGB
HAM10000_images_part_1\ISIC_0027372.jpg,OK,,600,450,RGB
HAM10000_images_part_1\ISIC_0027373.jpg,OK,,600,450,RGB
HAM10000_images_part_1\ISIC_0027374.jpg,OK,,600,450,RGB
HAM10000_images_part_1\ISIC_0027375.jpg,OK,,600,450,RGB
HAM10000_images_part_1\ISIC_0027376.jpg,OK,,600,450,RGB
HAM10000_images_part_1\ISIC_0027377.jpg,OK,,600,450,RGB
HAM10000_images_part_1\ISIC_0027378.jpg,OK,,600,450,RGB
HAM10000_images_part_1\ISIC_0027379.jpg,OK,,600,450,RGB
HAM10000_images_part_1\ISIC_0027380.jpg,OK,,600,450,RGB
HAM10000_images_part_1\ISIC_0027381.jpg,OK,,600,450,RGB
HAM10000_images_part_1\ISIC_0027382.jpg,OK,,600,450,RGB
HAM10000_images_part_1\ISIC_0027383.jpg,OK,,600,450,RGB
HAM10000_images_part_1\ISIC_0027384.jpg,OK,,600,450,RGB
HAM10000_images_part_1\ISIC_0027385.jpg,OK,,600,450,RGB
HAM10000_images_part_1\ISIC_0027386.jpg,OK,,600,450,RGB
HAM10000_images_part_1\ISIC_0027387.jpg,OK,,600,450,RGB
HAM10000_images_part_1\ISIC_0027388.jpg,OK,,600,450,RGB
HAM10000_images_part_1\ISIC_0027389.jpg,OK,,600,450,RGB
HAM10000_images_part_1\ISIC_0027390.jpg,OK,,600,450,RGB
HAM10000_images_part_1\ISIC_0027391.jpg,OK,,600,450,RGB
HAM10000_images_part_1\ISIC_0027392.jpg,OK,,600,450,RGB
HAM10000_images_part_1\ISIC_0027393.jpg,OK,,600,450,RGB
HAM10000_images_part_1\ISIC_0027394.jpg,OK,,600,450,RGB
HAM10000_images_part_1\ISIC_0027395.jpg,OK,,600,450,RGB
HAM10000_images_part_1\ISIC_0027396.jpg,OK,,600,450,RGB
HAM10000_images_part_1\ISIC_0027397.jpg,OK,,600,450,RGB
HAM10000_images_part_1\ISIC_0027398.jpg,OK,,600,450,RGB
HAM10000_images_part_1\ISIC_0027399.jpg,OK,,600,450,RGB
HAM10000_images_part_1\ISIC_0027400.jpg,OK,,600,450,RGB
HAM10000_images_part_1\ISIC_0027401.jpg,OK,,600,450,RGB
HAM10000_images_part_1\ISIC_0027402.jpg,OK,,600,450,RGB
HAM10000_images_part_1\ISIC_0027403.jpg,OK,,600,450,RGB
HAM10000_images_part_1\ISIC_0027404.jpg,OK,,600,450,RGB
HAM10000_images_part_1\ISIC_0027405.jpg,OK,,600,450,RGB
HAM10000_images_part_1\ISIC_0027406.jpg,OK,,600,450,RGB
HAM10000_images_part_1\ISIC_0027407.jpg,OK,,600,450,RGB
HAM10000_images_part_1\ISIC_0027408.jpg,OK,,600,450,RGB
HAM10000_images_part_1\ISIC_0027409.jpg,OK,,600,450,RGB
HAM10000_images_part_1\ISIC_0027410.jpg,OK,,600,450,RGB
HAM10000_images_part_1\ISIC_0027411.jpg,OK,,600,450,RGB
HAM10000_images_part_1\ISIC_0027412.jpg,OK,,600,450,RGB
HAM10000_images_part_1\ISIC_0027413.jpg,OK,,600,450,RGB
HAM10000_images_part_1\ISIC_0027414.jpg,OK,,600,450,RGB
HAM10000_images_part_1\ISIC_0027415.jpg,OK,,600,450,RGB
HAM10000_images_part_1\ISIC_0027416.jpg,OK,,600,450,RGB
HAM10000_images_part_1\ISIC_0027417.jpg,OK,,600,450,RGB
HAM10000_images_part_1\ISIC_0027418.jpg,OK,,600,450,RGB
HAM10000_images_part_1\ISIC_0027419.jpg,OK,,600,450,RGB
HAM10000_images_part_1\ISIC_0027420.jpg,OK,,600,450,RGB
HAM10000_images_part_1\ISIC_0027421.jpg,OK,,600,450,RGB
HAM10000_images_part_1\ISIC_0027422.jpg,OK,,600,450,RGB
HAM10000_images_part_1\ISIC_0027423.jpg,OK,,600,450,RGB
HAM10000_images_part_1\ISIC_0027424.jpg,OK,,600,450,RGB
HAM10000_images_part_1\ISIC_0027425.jpg,OK,,600,450,RGB
HAM10000_images_part_1\ISIC_0027426.jpg,OK,,600,450,RGB
HAM10000_images_part_1\ISIC_0027427.jpg,OK,,600,450,RGB
HAM10000_images_part_1\ISIC_0027428.jpg,OK,,600,450,RGB
HAM10000_images_part_1\ISIC_0027429.jpg,OK,,600,450,RGB
HAM10000_images_part_1\ISIC_0027430.jpg,OK,,600,450,RGB
HAM10000_images_part_1\ISIC_0027431.jpg,OK,,600,450,RGB
HAM10000_images_part_1\ISIC_0027432.jpg,OK,,600,450,RGB
HAM10000_images_part_1\ISIC_0027433.jpg,OK,,600,450,RGB
HAM10000_images_part_1\ISIC_0027434.jpg,OK,,600,450,RGB
HAM10000_images_part_1\ISIC_0027435.jpg,OK,,600,450,RGB
HAM10000_images_part_1\ISIC_0027436.jpg,OK,,600,450,RGB
HAM10000_images_part_1\ISIC_0027437.jpg,OK,,600,450,RGB
HAM10000_images_part_1\ISIC_0027438.jpg,OK,,600,450,RGB
HAM10000_images_part_1\ISIC_0027439.jpg,OK,,600,450,RGB
HAM10000_images_part_1\ISIC_0027440.jpg,OK,,600,450,RGB
HAM10000_images_part_1\ISIC_0027441.jpg,OK,,600,450,RGB
HAM10000_images_part_1\ISIC_0027442.jpg,OK,,600,450,RGB
HAM10000_images_part_1\ISIC_0027443.jpg,OK,,600,450,RGB
HAM10000_images_part_1\ISIC_0027444.jpg,OK,,600,450,RGB
HAM10000_images_part_1\ISIC_0027445.jpg,OK,,600,450,RGB
HAM10000_images_part_1\ISIC_0027446.jpg,OK,,600,450,RGB
HAM10000_images_part_1\ISIC_0027447.jpg,OK,,600,450,RGB
HAM10000_images_part_1\ISIC_0027448.jpg,OK,,600,450,RGB
HAM10000_images_part_1\ISIC_0027449.jpg,OK,,600,450,RGB
HAM10000_images_part_1\ISIC_0027450.jpg,OK,,600,450,RGB
HAM10000_images_part_1\ISIC_0027451.jpg,OK,,600,450,RGB
HAM10000_images_part_1\ISIC_0027452.jpg,OK,,600,450,RGB
HAM10000_images_part_1\ISIC_0027453.jpg,OK,,600,450,RGB
HAM10000_images_part_1\ISIC_0027454.jpg,OK,,600,450,RGB
HAM10000_images_part_1\ISIC_0027455.jpg,OK,,600,450,RGB
HAM10000_images_part_1\ISIC_0027456.jpg,OK,,600,450,RGB
HAM10000_images_part_1\ISIC_0027457.jpg,OK,,600,450,RGB
HAM10000_images_part_1\ISIC_0027458.jpg,OK,,600,450,RGB
HAM10000_images_part_1\ISIC_0027459.jpg,OK,,600,450,RGB
HAM10000_images_part_1\ISIC_0027460.jpg,OK,,600,450,RGB
HAM10000_images_part_1\ISIC_0027461.jpg,OK,,600,450,RGB
HAM10000_images_part_1\ISIC_0027462.jpg,OK,,600,450,RGB
HAM10000_images_part_1\ISIC_0027463.jpg,OK,,600,450,RGB
HAM10000_images_part_1\ISIC_0027464.jpg,OK,,600,450,RGB
HAM10000_images_part_1\ISIC_0027465.jpg,OK,,600,450,RGB
HAM10000_images_part_1\ISIC_0027466.jpg,OK,,600,450,RGB
HAM10000_images_part_1\ISIC_0027467.jpg,OK,,600,450,RGB
HAM10000_images_part_1\ISIC_0027468.jpg,OK,,600,450,RGB
HAM10000_images_part_1\ISIC_0027469.jpg,OK,,600,450,RGB
HAM10000_images_part_1\ISIC_0027470.jpg,OK,,600,450,RGB
HAM10000_images_part_1\ISIC_0027471.jpg,OK,,600,450,RGB
HAM10000_images_part_1\ISIC_0027472.jpg,OK,,600,450,RGB
HAM10000_images_part_1\ISIC_0027473.jpg,OK,,600,450,RGB
HAM10000_images_part_1\ISIC_0027474.jpg,OK,,600,450,RGB
HAM10000_images_part_1\ISIC_0027475.jpg,OK,,600,450,RGB
HAM10000_images_part_1\ISIC_0027476.jpg,OK,,600,450,RGB
HAM10000_images_part_1\ISIC_0027477.jpg,OK,,600,450,RGB
HAM10000_images_part_1\ISIC_0027478.jpg,OK,,600,450,RGB
HAM10000_images_part_1\ISIC_0027479.jpg,OK,,600,450,RGB
HAM10000_images_part_1\ISIC_0027480.jpg,OK,,600,450,RGB
HAM10000_images_part_1\ISIC_0027481.jpg,OK,,600,450,RGB
HAM10000_images_part_1\ISIC_0027482.jpg,OK,,600,450,RGB
HAM10000_images_part_1\ISIC_0027483.jpg,OK,,600,450,RGB
HAM10000_images_part_1\ISIC_0027484.jpg,OK,,600,450,RGB
HAM10000_images_part_1\ISIC_0027485.jpg,OK,,600,450,RGB
HAM10000_images_part_1\ISIC_0027486.jpg,OK,,600,450,RGB
HAM10000_images_part_1\ISIC_0027487.jpg,OK,,600,450,RGB
HAM10000_images_part_1\ISIC_0027488.jpg,OK,,600,450,RGB
HAM10000_images_part_1\ISIC_0027489.jpg,OK,,600,450,RGB
HAM10000_images_part_1\ISIC_0027490.jpg,OK,,600,450,RGB
HAM10000_images_part_1\ISIC_0027491.jpg,OK,,600,450,RGB
HAM10000_images_part_1\ISIC_0027492.jpg,OK,,600,450,RGB
HAM10000_images_part_1\ISIC_0027493.jpg,OK,,600,450,RGB
HAM10000_images_part_1\ISIC_0027494.jpg,OK,,600,450,RGB
HAM10000_images_part_1\ISIC_0027495.jpg,OK,,600,450,RGB
HAM10000_images_part_1\ISIC_0027496.jpg,OK,,600,450,RGB
HAM10000_images_part_1\ISIC_0027497.jpg,OK,,600,450,RGB
HAM10000_images_part_1\ISIC_0027498.jpg,OK,,600,450,RGB
HAM10000_images_part_1\ISIC_0027499.jpg,OK,,600,450,RGB
HAM10000_images_part_1\ISIC_0027500.jpg,OK,,600,450,RGB
HAM10000_images_part_1\ISIC_0027501.jpg,OK,,600,450,RGB
HAM10000_images_part_1\ISIC_0027502.jpg,OK,,600,450,RGB
HAM10000_images_part_1\ISIC_0027503.jpg,OK,,600,450,RGB
HAM10000_images_part_1\ISIC_0027504.jpg,OK,,600,450,RGB
HAM10000_images_part_1\ISIC_0027505.jpg,OK,,600,450,RGB
HAM10000_images_part_1\ISIC_0027506.jpg,OK,,600,450,RGB
HAM10000_images_part_1\ISIC_0027507.jpg,OK,,600,450,RGB
HAM10000_images_part_1\ISIC_0027508.jpg,OK,,600,450,RGB
HAM10000_images_part_1\ISIC_0027509.jpg,OK,,600,450,RGB
HAM10000_images_part_1\ISIC_0027510.jpg,OK,,600,450,RGB
HAM10000_images_part_1\ISIC_0027511.jpg,OK,,600,450,RGB
HAM10000_images_part_1\ISIC_0027512.jpg,OK,,600,450,RGB
HAM10000_images_part_1\ISIC_0027513.jpg,OK,,600,450,RGB
HAM10000_images_part_1\ISIC_0027514.jpg,OK,,600,450,RGB
HAM10000_images_part_1\ISIC_0027515.jpg,OK,,600,450,RGB
HAM10000_images_part_1\ISIC_0027516.jpg,OK,,600,450,RGB
HAM10000_images_part_1\ISIC_0027517.jpg,OK,,600,450,RGB
HAM10000_images_part_1\ISIC_0027518.jpg,OK,,600,450,RGB
HAM10000_images_part_1\ISIC_0027519.jpg,OK,,600,450,RGB
HAM10000_images_part_1\ISIC_0027520.jpg,OK,,600,450,RGB
HAM10000_images_part_1\ISIC_0027521.jpg,OK,,600,450,RGB
HAM10000_images_part_1\ISIC_0027522.jpg,OK,,600,450,RGB
HAM10000_images_part_1\ISIC_0027523.jpg,OK,,600,450,RGB
HAM10000_images_part_1\ISIC_0027524.jpg,OK,,600,450,RGB
HAM10000_images_part_1\ISIC_0027525.jpg,OK,,600,450,RGB
HAM10000_images_part_1\ISIC_0027526.jpg,OK,,600,450,RGB
HAM10000_images_part_1\ISIC_0027527.jpg,OK,,600,450,RGB
HAM10000_images_part_1\ISIC_0027528.jpg,OK,,600,450,RGB
HAM10000_images_part_1\ISIC_0027529.jpg,OK,,600,450,RGB
HAM10000_images_part_1\ISIC_0027530.jpg,OK,,600,450,RGB
HAM10000_images_part_1\ISIC_0027531.jpg,OK,,600,450,RGB
HAM10000_images_part_1\ISIC_0027532.jpg,OK,,600,450,RGB
HAM10000_images_part_1\ISIC_0027533.jpg,OK,,600,450,RGB
HAM10000_images_part_1\ISIC_0027534.jpg,OK,,600,450,RGB
HAM10000_images_part_1\ISIC_0027535.jpg,OK,,600,450,RGB
HAM10000_images_part_1\ISIC_0027536.jpg,OK,,600,450,RGB
HAM10000_images_part_1\ISIC_0027537.jpg,OK,,600,450,RGB
HAM10000_images_part_1\ISIC_0027538.jpg,OK,,600,450,RGB
HAM10000_images_part_1\ISIC_0027539.jpg,OK,,600,450,RGB
HAM10000_images_part_1\ISIC_0027540.jpg,OK,,600,450,RGB
HAM10000_images_part_1\ISIC_0027541.jpg,OK,,600,450,RGB
HAM10000_images_part_1\ISIC_0027542.jpg,OK,,600,450,RGB
HAM10000_images_part_1\ISIC_0027543.jpg,OK,,600,450,RGB
HAM10000_images_part_1\ISIC_0027544.jpg,OK,,600,450,RGB
HAM10000_images_part_1\ISIC_0027545.jpg,OK,,600,450,RGB
HAM10000_images_part_1\ISIC_0027546.jpg,OK,,600,450,RGB
HAM10000_images_part_1\ISIC_0027547.jpg,OK,,600,450,RGB
HAM10000_images_part_1\ISIC_0027548.jpg,OK,,600,450,RGB
HAM10000_images_part_1\ISIC_0027549.jpg,OK,,600,450,RGB
HAM10000_images_part_1\ISIC_0027550.jpg,OK,,600,450,RGB
HAM10000_images_part_1\ISIC_0027551.jpg,OK,,600,450,RGB
HAM10000_images_part_1\ISIC_0027552.jpg,OK,,600,450,RGB
HAM10000_images_part_1\ISIC_0027553.jpg,OK,,600,450,RGB
HAM10000_images_part_1\ISIC_0027554.jpg,OK,,600,450,RGB
HAM10000_images_part_1\ISIC_0027555.jpg,OK,,600,450,RGB
HAM10000_images_part_1\ISIC_0027556.jpg,OK,,600,450,RGB
HAM10000_images_part_1\ISIC_0027557.jpg,OK,,600,450,RGB
HAM10000_images_part_1\ISIC_0027558.jpg,OK,,600,450,RGB
HAM10000_images_part_1\ISIC_0027559.jpg,OK,,600,450,RGB
HAM10000_images_part_1\ISIC_0027560.jpg,OK,,600,450,RGB
HAM10000_images_part_1\ISIC_0027561.jpg,OK,,600,450,RGB
HAM10000_images_part_1\ISIC_0027562.jpg,OK,,600,450,RGB
HAM10000_images_part_1\ISIC_0027563.jpg,OK,,600,450,RGB
HAM10000_images_part_1\ISIC_0027564.jpg,OK,,600,450,RGB
HAM10000_images_part_1\ISIC_0027565.jpg,OK,,600,450,RGB
HAM10000_images_part_1\ISIC_0027566.jpg,OK,,600,450,RGB
HAM10000_images_part_1\ISIC_0027567.jpg,OK,,600,450,RGB
HAM10000_images_part_1\ISIC_0027568.jpg,OK,,600,450,RGB
HAM10000_images_part_1\ISIC_0027569.jpg,OK,,600,450,RGB
HAM10000_images_part_1\ISIC_0027570.jpg,OK,,600,450,RGB
HAM10000_images_part_1\ISIC_0027571.jpg,OK,,600,450,RGB
HAM10000_images_part_1\ISIC_0027572.jpg,OK,,600,450,RGB
HAM10000_images_part_1\ISIC_0027573.jpg,OK,,600,450,RGB
HAM10000_images_part_1\ISIC_0027574.jpg,OK,,600,450,RGB
HAM10000_images_part_1\ISIC_0027575.jpg,OK,,600,450,RGB
HAM10000_images_part_1\ISIC_0027576.jpg,OK,,600,450,RGB
HAM10000_images_part_1\ISIC_0027577.jpg,OK,,600,450,RGB
HAM10000_images_part_1\ISIC_0027578.jpg,OK,,600,450,RGB
HAM10000_images_part_1\ISIC_0027579.jpg,OK,,600,450,RGB
HAM10000_images_part_1\ISIC_0027580.jpg,OK,,600,450,RGB
HAM10000_images_part_1\ISIC_0027581.jpg,OK,,600,450,RGB
HAM10000_images_part_1\ISIC_0027582.jpg,OK,,600,450,RGB
HAM10000_images_part_1\ISIC_0027583.jpg,OK,,600,450,RGB
HAM10000_images_part_1\ISIC_0027584.jpg,OK,,600,450,RGB
HAM10000_images_part_1\ISIC_0027585.jpg,OK,,600,450,RGB
HAM10000_images_part_1\ISIC_0027586.jpg,OK,,600,450,RGB
HAM10000_images_part_1\ISIC_0027587.jpg,OK,,600,450,RGB
HAM10000_images_part_1\ISIC_0027588.jpg,OK,,600,450,RGB
HAM10000_images_part_1\ISIC_0027589.jpg,OK,,600,450,RGB
HAM10000_images_part_1\ISIC_0027590.jpg,OK,,600,450,RGB
HAM10000_images_part_1\ISIC_0027591.jpg,OK,,600,450,RGB
HAM10000_images_part_1\ISIC_0027592.jpg,OK,,600,450,RGB
HAM10000_images_part_1\ISIC_0027593.jpg,OK,,600,450,RGB
HAM10000_images_part_1\ISIC_0027594.jpg,OK,,600,450,RGB
HAM10000_images_part_1\ISIC_0027595.jpg,OK,,600,450,RGB
HAM10000_images_part_1\ISIC_0027596.jpg,OK,,600,450,RGB
HAM10000_images_part_1\ISIC_0027597.jpg,OK,,600,450,RGB
HAM10000_images_part_1\ISIC_0027598.jpg,OK,,600,450,RGB
HAM10000_images_part_1\ISIC_0027599.jpg,OK,,600,450,RGB
HAM10000_images_part_1\ISIC_0027600.jpg,OK,,600,450,RGB
HAM10000_images_part_1\ISIC_0027601.jpg,OK,,600,450,RGB
HAM10000_images_part_1\ISIC_0027602.jpg,OK,,600,450,RGB
HAM10000_images_part_1\ISIC_0027603.jpg,OK,,600,450,RGB
HAM10000_images_part_1\ISIC_0027604.jpg,OK,,600,450,RGB
HAM10000_images_part_1\ISIC_0027605.jpg,OK,,600,450,RGB
HAM10000_images_part_1\ISIC_0027606.jpg,OK,,600,450,RGB
HAM10000_images_part_1\ISIC_0027607.jpg,OK,,600,450,RGB
HAM10000_images_part_1\ISIC_0027608.jpg,OK,,600,450,RGB
HAM10000_images_part_1\ISIC_0027609.jpg,OK,,600,450,RGB
HAM10000_images_part_1\ISIC_0027610.jpg,OK,,600,450,RGB
HAM10000_images_part_1\ISIC_0027611.jpg,OK,,600,450,RGB
HAM10000_images_part_1\ISIC_0027612.jpg,OK,,600,450,RGB
HAM10000_images_part_1\ISIC_0027613.jpg,OK,,600,450,RGB
HAM10000_images_part_1\ISIC_0027614.jpg,OK,,600,450,RGB
HAM10000_images_part_1\ISIC_0027615.jpg,OK,,600,450,RGB
HAM10000_images_part_1\ISIC_0027616.jpg,OK,,600,450,RGB
HAM10000_images_part_1\ISIC_0027617.jpg,OK,,600,450,RGB
HAM10000_images_part_1\ISIC_0027618.jpg,OK,,600,450,RGB
HAM10000_images_part_1\ISIC_0027619.jpg,OK,,600,450,RGB
HAM10000_images_part_1\ISIC_0027620.jpg,OK,,600,450,RGB
HAM10000_images_part_1\ISIC_0027621.jpg,OK,,600,450,RGB
HAM10000_images_part_1\ISIC_0027622.jpg,OK,,600,450,RGB
HAM10000_images_part_1\ISIC_0027623.jpg,OK,,600,450,RGB
HAM10000_images_part_1\ISIC_0027624.jpg,OK,,600,450,RGB
HAM10000_images_part_1\ISIC_0027625.jpg,OK,,600,450,RGB
HAM10000_images_part_1\ISIC_0027626.jpg,OK,,600,450,RGB
HAM10000_images_part_1\ISIC_0027627.jpg,OK,,600,450,RGB
HAM10000_images_part_1\ISIC_0027628.jpg,OK,,600,450,RGB
HAM10000_images_part_1\ISIC_0027629.jpg,OK,,600,450,RGB
HAM10000_images_part_1\ISIC_0027630.jpg,OK,,600,450,RGB
HAM10000_images_part_1\ISIC_0027631.jpg,OK,,600,450,RGB
HAM10000_images_part_1\ISIC_0027632.jpg,OK,,600,450,RGB
HAM10000_images_part_1\ISIC_0027633.jpg,OK,,600,450,RGB
HAM10000_images_part_1\ISIC_0027634.jpg,OK,,600,450,RGB
HAM10000_images_part_1\ISIC_0027635.jpg,OK,,600,450,RGB
HAM10000_images_part_1\ISIC_0027636.jpg,OK,,600,450,RGB
HAM10000_images_part_1\ISIC_0027637.jpg,OK,,600,450,RGB
HAM10000_images_part_1\ISIC_0027638.jpg,OK,,600,450,RGB
HAM10000_images_part_1\ISIC_0027639.jpg,OK,,600,450,RGB
HAM10000_images_part_1\ISIC_0027640.jpg,OK,,600,450,RGB
HAM10000_images_part_1\ISIC_0027641.jpg,OK,,600,450,RGB
HAM10000_images_part_1\ISIC_0027642.jpg,OK,,600,450,RGB
HAM10000_images_part_1\ISIC_0027643.jpg,OK,,600,450,RGB
HAM10000_images_part_1\ISIC_0027644.jpg,OK,,600,450,RGB
HAM10000_images_part_1\ISIC_0027645.jpg,OK,,600,450,RGB
HAM10000_images_part_1\ISIC_0027646.jpg,OK,,600,450,RGB
HAM10000_images_part_1\ISIC_0027647.jpg,OK,,600,450,RGB
HAM10000_images_part_1\ISIC_0027648.jpg,OK,,600,450,RGB
HAM10000_images_part_1\ISIC_0027649.jpg,OK,,600,450,RGB
HAM10000_images_part_1\ISIC_0027650.jpg,OK,,600,450,RGB
HAM10000_images_part_1\ISIC_0027651.jpg,OK,,600,450,RGB
HAM10000_images_part_1\ISIC_0027652.jpg,OK,,600,450,RGB
HAM10000_images_part_1\ISIC_0027653.jpg,OK,,600,450,RGB
HAM10000_images_part_1\ISIC_0027654.jpg,OK,,600,450,RGB
HAM10000_images_part_1\ISIC_0027655.jpg,OK,,600,450,RGB
HAM10000_images_part_1\ISIC_0027656.jpg,OK,,600,450,RGB
HAM10000_images_part_1\ISIC_0027657.jpg,OK,,600,450,RGB
HAM10000_images_part_1\ISIC_0027658.jpg,OK,,600,450,RGB
HAM10000_images_part_1\ISIC_0027659.jpg,OK,,600,450,RGB
HAM10000_images_part_1\ISIC_0027660.jpg,OK,,600,450,RGB
HAM10000_images_part_1\ISIC_0027661.jpg,OK,,600,450,RGB
HAM10000_images_part_1\ISIC_0027662.jpg,OK,,600,450,RGB
HAM10000_images_part_1\ISIC_0027663.jpg,OK,,600,450,RGB
HAM10000_images_part_1\ISIC_0027664.jpg,OK,,600,450,RGB
HAM10000_images_part_1\ISIC_0027665.jpg,OK,,600,450,RGB
HAM10000_images_part_1\ISIC_0027666.jpg,OK,,600,450,RGB
HAM10000_images_part_1\ISIC_0027667.jpg,OK,,600,450,RGB
HAM10000_images_part_1\ISIC_0027668.jpg,OK,,600,450,RGB
HAM10000_images_part_1\ISIC_0027669.jpg,OK,,600,450,RGB
HAM10000_images_part_1\ISIC_0027670.jpg,OK,,600,450,RGB
HAM10000_images_part_1\ISIC_0027671.jpg,OK,,600,450,RGB
HAM10000_images_part_1\ISIC_0027672.jpg,OK,,600,450,RGB
HAM10000_images_part_1\ISIC_0027673.jpg,OK,,600,450,RGB
HAM10000_images_part_1\ISIC_0027674.jpg,OK,,600,450,RGB
HAM10000_images_part_1\ISIC_0027675.jpg,OK,,600,450,RGB
HAM10000_images_part_1\ISIC_0027676.jpg,OK,,600,450,RGB
HAM10000_images_part_1\ISIC_0027677.jpg,OK,,600,450,RGB
HAM10000_images_part_1\ISIC_0027678.jpg,OK,,600,450,RGB
HAM10000_images_part_1\ISIC_0027679.jpg,OK,,600,450,RGB
HAM10000_images_part_1\ISIC_0027680.jpg,OK,,600,450,RGB
HAM10000_images_part_1\ISIC_0027681.jpg,OK,,600,450,RGB
HAM10000_images_part_1\ISIC_0027682.jpg,OK,,600,450,RGB
HAM10000_images_part_1\ISIC_0027683.jpg,OK,,600,450,RGB
HAM10000_images_part_1\ISIC_0027684.jpg,OK,,600,450,RGB
HAM10000_images_part_1\ISIC_0027685.jpg,OK,,600,450,RGB
HAM10000_images_part_1\ISIC_0027686.jpg,OK,,600,450,RGB
HAM10000_images_part_1\ISIC_0027687.jpg,OK,,600,450,RGB
HAM10000_images_part_1\ISIC_0027688.jpg,OK,,600,450,RGB
HAM10000_images_part_1\ISIC_0027689.jpg,OK,,600,450,RGB
HAM10000_images_part_1\ISIC_0027690.jpg,OK,,600,450,RGB
HAM10000_images_part_1\ISIC_0027691.jpg,OK,,600,450,RGB
HAM10000_images_part_1\ISIC_0027692.jpg,OK,,600,450,RGB
HAM10000_images_part_1\ISIC_0027693.jpg,OK,,600,450,RGB
HAM10000_images_part_1\ISIC_0027694.jpg,OK,,600,450,RGB
HAM10000_images_part_1\ISIC_0027695.jpg,OK,,600,450,RGB
HAM10000_images_part_1\ISIC_0027696.jpg,OK,,600,450,RGB
HAM10000_images_part_1\ISIC_0027697.jpg,OK,,600,450,RGB
HAM10000_images_part_1\ISIC_0027698.jpg,OK,,600,450,RGB
HAM10000_images_part_1\ISIC_0027699.jpg,OK,,600,450,RGB
HAM10000_images_part_1\ISIC_0027700.jpg,OK,,600,450,RGB
HAM10000_images_part_1\ISIC_0027701.jpg,OK,,600,450,RGB
HAM10000_images_part_1\ISIC_0027702.jpg,OK,,600,450,RGB
HAM10000_images_part_1\ISIC_0027703.jpg,OK,,600,450,RGB
HAM10000_images_part_1\ISIC_0027704.jpg,OK,,600,450,RGB
HAM10000_images_part_1\ISIC_0027705.jpg,OK,,600,450,RGB
HAM10000_images_part_1\ISIC_0027706.jpg,OK,,600,450,RGB
HAM10000_images_part_1\ISIC_0027707.jpg,OK,,600,450,RGB
HAM10000_images_part_1\ISIC_0027708.jpg,OK,,600,450,RGB
HAM10000_images_part_1\ISIC_0027709.jpg,OK,,600,450,RGB
HAM10000_images_part_1\ISIC_0027710.jpg,OK,,600,450,RGB
HAM10000_images_part_1\ISIC_0027711.jpg,OK,,600,450,RGB
HAM10000_images_part_1\ISIC_0027712.jpg,OK,,600,450,RGB
HAM10000_images_part_1\ISIC_0027713.jpg,OK,,600,450,RGB
HAM10000_images_part_1\ISIC_0027714.jpg,OK,,600,450,RGB
HAM10000_images_part_1\ISIC_0027715.jpg,OK,,600,450,RGB
HAM10000_images_part_1\ISIC_0027716.jpg,OK,,600,450,RGB
HAM10000_images_part_1\ISIC_0027717.jpg,OK,,600,450,RGB
HAM10000_images_part_1\ISIC_0027718.jpg,OK,,600,450,RGB
HAM10000_images_part_1\ISIC_0027719.jpg,OK,,600,450,RGB
HAM10000_images_part_1\ISIC_0027720.jpg,OK,,600,450,RGB
HAM10000_images_part_1\ISIC_0027721.jpg,OK,,600,450,RGB
HAM10000_images_part_1\ISIC_0027722.jpg,OK,,600,450,RGB
HAM10000_images_part_1\ISIC_0027723.jpg,OK,,600,450,RGB
HAM10000_images_part_1\ISIC_0027724.jpg,OK,,600,450,RGB
HAM10000_images_part_1\ISIC_0027725.jpg,OK,,600,450,RGB
HAM10000_images_part_1\ISIC_0027726.jpg,OK,,600,450,RGB
HAM10000_images_part_1\ISIC_0027727.jpg,OK,,600,450,RGB
HAM10000_images_part_1\ISIC_0027728.jpg,OK,,600,450,RGB
HAM10000_images_part_1\ISIC_0027729.jpg,OK,,600,450,RGB
HAM10000_images_part_1\ISIC_0027730.jpg,OK,,600,450,RGB
HAM10000_images_part_1\ISIC_0027731.jpg,OK,,600,450,RGB
HAM10000_images_part_1\ISIC_0027732.jpg,OK,,600,450,RGB
HAM10000_images_part_1\ISIC_0027733.jpg,OK,,600,450,RGB
HAM10000_images_part_1\ISIC_0027734.jpg,OK,,600,450,RGB
HAM10000_images_part_1\ISIC_0027735.jpg,OK,,600,450,RGB
HAM10000_images_part_1\ISIC_0027736.jpg,OK,,600,450,RGB
HAM10000_images_part_1\ISIC_0027737.jpg,OK,,600,450,RGB
HAM10000_images_part_1\ISIC_0027738.jpg,OK,,600,450,RGB
HAM10000_images_part_1\ISIC_0027739.jpg,OK,,600,450,RGB
HAM10000_images_part_1\ISIC_0027740.jpg,OK,,600,450,RGB
HAM10000_images_part_1\ISIC_0027741.jpg,OK,,600,450,RGB
HAM10000_images_part_1\ISIC_0027742.jpg,OK,,600,450,RGB
HAM10000_images_part_1\ISIC_0027743.jpg,OK,,600,450,RGB
HAM10000_images_part_1\ISIC_0027744.jpg,OK,,600,450,RGB
HAM10000_images_part_1\ISIC_0027745.jpg,OK,,600,450,RGB
HAM10000_images_part_1\ISIC_0027746.jpg,OK,,600,450,RGB
HAM10000_images_part_1\ISIC_0027747.jpg,OK,,600,450,RGB
HAM10000_images_part_1\ISIC_0027748.jpg,OK,,600,450,RGB
HAM10000_images_part_1\ISIC_0027749.jpg,OK,,600,450,RGB
HAM10000_images_part_1\ISIC_0027750.jpg,OK,,600,450,RGB
HAM10000_images_part_1\ISIC_0027751.jpg,OK,,600,450,RGB
HAM10000_images_part_1\ISIC_0027752.jpg,OK,,600,450,RGB
HAM10000_images_part_1\ISIC_0027753.jpg,OK,,600,450,RGB
HAM10000_images_part_1\ISIC_0027754.jpg,OK,,600,450,RGB
HAM10000_images_part_1\ISIC_0027755.jpg,OK,,600,450,RGB
HAM10000_images_part_1\ISIC_0027756.jpg,OK,,600,450,RGB
HAM10000_images_part_1\ISIC_0027757.jpg,OK,,600,450,RGB
HAM10000_images_part_1\ISIC_0027758.jpg,OK,,600,450,RGB
HAM10000_images_part_1\ISIC_0027759.jpg,OK,,600,450,RGB
HAM10000_images_part_1\ISIC_0027760.jpg,OK,,600,450,RGB
HAM10000_images_part_1\ISIC_0027761.jpg,OK,,600,450,RGB
HAM10000_images_part_1\ISIC_0027762.jpg,OK,,600,450,RGB
HAM10000_images_part_1\ISIC_0027763.jpg,OK,,600,450,RGB
HAM10000_images_part_1\ISIC_0027764.jpg,OK,,600,450,RGB
HAM10000_images_part_1\ISIC_0027765.jpg,OK,,600,450,RGB
HAM10000_images_part_1\ISIC_0027766.jpg,OK,,600,450,RGB
HAM10000_images_part_1\ISIC_0027767.jpg,OK,,600,450,RGB
HAM10000_images_part_1\ISIC_0027768.jpg,OK,,600,450,RGB
HAM10000_images_part_1\ISIC_0027769.jpg,OK,,600,450,RGB
HAM10000_images_part_1\ISIC_0027770.jpg,OK,,600,450,RGB
HAM10000_images_part_1\ISIC_0027771.jpg,OK,,600,450,RGB
HAM10000_images_part_1\ISIC_0027772.jpg,OK,,600,450,RGB
HAM10000_images_part_1\ISIC_0027773.jpg,OK,,600,450,RGB
HAM10000_images_part_1\ISIC_0027774.jpg,OK,,600,450,RGB
HAM10000_images_part_1\ISIC_0027775.jpg,OK,,600,450,RGB
HAM10000_images_part_1\ISIC_0027776.jpg,OK,,600,450,RGB
HAM10000_images_part_1\ISIC_0027777.jpg,OK,,600,450,RGB
HAM10000_images_part_1\ISIC_0027778.jpg,OK,,600,450,RGB
HAM10000_images_part_1\ISIC_0027779.jpg,OK,,600,450,RGB
HAM10000_images_part_1\ISIC_0027780.jpg,OK,,600,450,RGB
HAM10000_images_part_1\ISIC_0027781.jpg,OK,,600,450,RGB
HAM10000_images_part_1\ISIC_0027782.jpg,OK,,600,450,RGB
HAM10000_images_part_1\ISIC_0027783.jpg,OK,,600,450,RGB
HAM10000_images_part_1\ISIC_0027784.jpg,OK,,600,450,RGB
HAM10000_images_part_1\ISIC_0027785.jpg,OK,,600,450,RGB
HAM10000_images_part_1\ISIC_0027786.jpg,OK,,600,450,RGB
HAM10000_images_part_1\ISIC_0027787.jpg,OK,,600,450,RGB
HAM10000_images_part_1\ISIC_0027788.jpg,OK,,600,450,RGB
HAM10000_images_part_1\ISIC_0027789.jpg,OK,,600,450,RGB
HAM10000_images_part_1\ISIC_0027790.jpg,OK,,600,450,RGB
HAM10000_images_part_1\ISIC_0027791.jpg,OK,,600,450,RGB
HAM10000_images_part_1\ISIC_0027792.jpg,OK,,600,450,RGB
HAM10000_images_part_1\ISIC_0027793.jpg,OK,,600,450,RGB
HAM10000_images_part_1\ISIC_0027794.jpg,OK,,600,450,RGB
HAM10000_images_part_1\ISIC_0027795.jpg,OK,,600,450,RGB
HAM10000_images_part_1\ISIC_0027796.jpg,OK,,600,450,RGB
HAM10000_images_part_1\ISIC_0027797.jpg,OK,,600,450,RGB
HAM10000_images_part_1\ISIC_0027798.jpg,OK,,600,450,RGB
HAM10000_images_part_1\ISIC_0027799.jpg,OK,,600,450,RGB
HAM10000_images_part_1\ISIC_0027800.jpg,OK,,600,450,RGB
HAM10000_images_part_1\ISIC_0027801.jpg,OK,,600,450,RGB
HAM10000_images_part_1\ISIC_0027802.jpg,OK,,600,450,RGB
HAM10000_images_part_1\ISIC_0027803.jpg,OK,,600,450,RGB
HAM10000_images_part_1\ISIC_0027804.jpg,OK,,600,450,RGB
HAM10000_images_part_1\ISIC_0027805.jpg,OK,,600,450,RGB
HAM10000_images_part_1\ISIC_0027806.jpg,OK,,600,450,RGB
HAM10000_images_part_1\ISIC_0027807.jpg,OK,,600,450,RGB
HAM10000_images_part_1\ISIC_0027808.jpg,OK,,600,450,RGB
HAM10000_images_part_1\ISIC_0027809.jpg,OK,,600,450,RGB
HAM10000_images_part_1\ISIC_0027810.jpg,OK,,600,450,RGB
HAM10000_images_part_1\ISIC_0027811.jpg,OK,,600,450,RGB
HAM10000_images_part_1\ISIC_0027812.jpg,OK,,600,450,RGB
HAM10000_images_part_1\ISIC_0027813.jpg,OK,,600,450,RGB
HAM10000_images_part_1\ISIC_0027814.jpg,OK,,600,450,RGB
HAM10000_images_part_1\ISIC_0027815.jpg,OK,,600,450,RGB
HAM10000_images_part_1\ISIC_0027816.jpg,OK,,600,450,RGB
HAM10000_images_part_1\ISIC_0027817.jpg,OK,,600,450,RGB
HAM10000_images_part_1\ISIC_0027818.jpg,OK,,600,450,RGB
HAM10000_images_part_1\ISIC_0027819.jpg,OK,,600,450,RGB
HAM10000_images_part_1\ISIC_0027820.jpg,OK,,600,450,RGB
HAM10000_images_part_1\ISIC_0027821.jpg,OK,,600,450,RGB
HAM10000_images_part_1\ISIC_0027822.jpg,OK,,600,450,RGB
HAM10000_images_part_1\ISIC_0027823.jpg,OK,,600,450,RGB
HAM10000_images_part_1\ISIC_0027824.jpg,OK,,600,450,RGB
HAM10000_images_part_1\ISIC_0027825.jpg,OK,,600,450,RGB
HAM10000_images_part_1\ISIC_0027826.jpg,OK,,600,450,RGB
HAM10000_images_part_1\ISIC_0027827.jpg,OK,,600,450,RGB
HAM10000_images_part_1\ISIC_0027828.jpg,OK,,600,450,RGB
HAM10000_images_part_1\ISIC_0027829.jpg,OK,,600,450,RGB
HAM10000_images_part_1\ISIC_0027830.jpg,OK,,600,450,RGB
HAM10000_images_part_1\ISIC_0027831.jpg,OK,,600,450,RGB
HAM10000_images_part_1\ISIC_0027832.jpg,OK,,600,450,RGB
HAM10000_images_part_1\ISIC_0027833.jpg,OK,,600,450,RGB
HAM10000_images_part_1\ISIC_0027834.jpg,OK,,600,450,RGB
HAM10000_images_part_1\ISIC_0027835.jpg,OK,,600,450,RGB
HAM10000_images_part_1\ISIC_0027836.jpg,OK,,600,450,RGB
HAM10000_images_part_1\ISIC_0027837.jpg,OK,,600,450,RGB
HAM10000_images_part_1\ISIC_0027838.jpg,OK,,600,450,RGB
HAM10000_images_part_1\ISIC_0027839.jpg,OK,,600,450,RGB
HAM10000_images_part_1\ISIC_0027840.jpg,OK,,600,450,RGB
HAM10000_images_part_1\ISIC_0027841.jpg,OK,,600,450,RGB
HAM10000_images_part_1\ISIC_0027842.jpg,OK,,600,450,RGB
HAM10000_images_part_1\ISIC_0027843.jpg,OK,,600,450,RGB
HAM10000_images_part_1\ISIC_0027844.jpg,OK,,600,450,RGB
HAM10000_images_part_1\ISIC_0027845.jpg,OK,,600,450,RGB
HAM10000_images_part_1\ISIC_0027846.jpg,OK,,600,450,RGB
HAM10000_images_part_1\ISIC_0027847.jpg,OK,,600,450,RGB
HAM10000_images_part_1\ISIC_0027848.jpg,OK,,600,450,RGB
HAM10000_images_part_1\ISIC_0027849.jpg,OK,,600,450,RGB
HAM10000_images_part_1\ISIC_0027850.jpg,OK,,600,450,RGB
HAM10000_images_part_1\ISIC_0027851.jpg,OK,,600,450,RGB
HAM10000_images_part_1\ISIC_0027852.jpg,OK,,600,450,RGB
HAM10000_images_part_1\ISIC_0027853.jpg,OK,,600,450,RGB
HAM10000_images_part_1\ISIC_0027854.jpg,OK,,600,450,RGB
HAM10000_images_part_1\ISIC_0027855.jpg,OK,,600,450,RGB
HAM10000_images_part_1\ISIC_0027856.jpg,OK,,600,450,RGB
HAM10000_images_part_1\ISIC_0027857.jpg,OK,,600,450,RGB
HAM10000_images_part_1\ISIC_0027858.jpg,OK,,600,450,RGB
HAM10000_images_part_1\ISIC_0027859.jpg,OK,,600,450,RGB
HAM10000_images_part_1\ISIC_0027860.jpg,OK,,600,450,RGB
HAM10000_images_part_1\ISIC_0027861.jpg,OK,,600,450,RGB
HAM10000_images_part_1\ISIC_0027862.jpg,OK,,600,450,RGB
HAM10000_images_part_1\ISIC_0027863.jpg,OK,,600,450,RGB
HAM10000_images_part_1\ISIC_0027864.jpg,OK,,600,450,RGB
HAM10000_images_part_1\ISIC_0027865.jpg,OK,,600,450,RGB
HAM10000_images_part_1\ISIC_0027866.jpg,OK,,600,450,RGB
HAM10000_images_part_1\ISIC_0027867.jpg,OK,,600,450,RGB
HAM10000_images_part_1\ISIC_0027868.jpg,OK,,600,450,RGB
HAM10000_images_part_1\ISIC_0027869.jpg,OK,,600,450,RGB
HAM10000_images_part_1\ISIC_0027870.jpg,OK,,600,450,RGB
HAM10000_images_part_1\ISIC_0027871.jpg,OK,,600,450,RGB
HAM10000_images_part_1\ISIC_0027872.jpg,OK,,600,450,RGB
HAM10000_images_part_1\ISIC_0027873.jpg,OK,,600,450,RGB
HAM10000_images_part_1\ISIC_0027874.jpg,OK,,600,450,RGB
HAM10000_images_part_1\ISIC_0027875.jpg,OK,,600,450,RGB
HAM10000_images_part_1\ISIC_0027876.jpg,OK,,600,450,RGB
HAM10000_images_part_1\ISIC_0027877.jpg,OK,,600,450,RGB
HAM10000_images_part_1\ISIC_0027878.jpg,OK,,600,450,RGB
HAM10000_images_part_1\ISIC_0027879.jpg,OK,,600,450,RGB
HAM10000_images_part_1\ISIC_0027880.jpg,OK,,600,450,RGB
HAM10000_images_part_1\ISIC_0027881.jpg,OK,,600,450,RGB
HAM10000_images_part_1\ISIC_0027882.jpg,OK,,600,450,RGB
HAM10000_images_part_1\ISIC_0027883.jpg,OK,,600,450,RGB
HAM10000_images_part_1\ISIC_0027884.jpg,OK,,600,450,RGB
HAM10000_images_part_1\ISIC_0027885.jpg,OK,,600,450,RGB
HAM10000_images_part_1\ISIC_0027886.jpg,OK,,600,450,RGB
HAM10000_images_part_1\ISIC_0027887.jpg,OK,,600,450,RGB
HAM10000_images_part_1\ISIC_0027888.jpg,OK,,600,450,RGB
HAM10000_images_part_1\ISIC_0027889.jpg,OK,,600,450,RGB
HAM10000_images_part_1\ISIC_0027890.jpg,OK,,600,450,RGB
HAM10000_images_part_1\ISIC_0027891.jpg,OK,,600,450,RGB
HAM10000_images_part_1\ISIC_0027892.jpg,OK,,600,450,RGB
HAM10000_images_part_1\ISIC_0027893.jpg,OK,,600,450,RGB
HAM10000_images_part_1\ISIC_0027894.jpg,OK,,600,450,RGB
HAM10000_images_part_1\ISIC_0027895.jpg,OK,,600,450,RGB
HAM10000_images_part_1\ISIC_0027896.jpg,OK,,600,450,RGB
HAM10000_images_part_1\ISIC_0027897.jpg,OK,,600,450,RGB
HAM10000_images_part_1\ISIC_0027898.jpg,OK,,600,450,RGB
HAM10000_images_part_1\ISIC_0027899.jpg,OK,,600,450,RGB
HAM10000_images_part_1\ISIC_0027900.jpg,OK,,600,450,RGB
HAM10000_images_part_1\ISIC_0027901.jpg,OK,,600,450,RGB
HAM10000_images_part_1\ISIC_0027902.jpg,OK,,600,450,RGB
HAM10000_images_part_1\ISIC_0027903.jpg,OK,,600,450,RGB
HAM10000_images_part_1\ISIC_0027904.jpg,OK,,600,450,RGB
HAM10000_images_part_1\ISIC_0027905.jpg,OK,,600,450,RGB
HAM10000_images_part_1\ISIC_0027906.jpg,OK,,600,450,RGB
HAM10000_images_part_1\ISIC_0027907.jpg,OK,,600,450,RGB
HAM10000_images_part_1\ISIC_0027908.jpg,OK,,600,450,RGB
HAM10000_images_part_1\ISIC_0027909.jpg,OK,,600,450,RGB
HAM10000_images_part_1\ISIC_0027910.jpg,OK,,600,450,RGB
HAM10000_images_part_1\ISIC_0027911.jpg,OK,,600,450,RGB
HAM10000_images_part_1\ISIC_0027912.jpg,OK,,600,450,RGB
HAM10000_images_part_1\ISIC_0027913.jpg,OK,,600,450,RGB
HAM10000_images_part_1\ISIC_0027914.jpg,OK,,600,450,RGB
HAM10000_images_part_1\ISIC_0027915.jpg,OK,,600,450,RGB
HAM10000_images_part_1\ISIC_0027916.jpg,OK,,600,450,RGB
HAM10000_images_part_1\ISIC_0027917.jpg,OK,,600,450,RGB
HAM10000_images_part_1\ISIC_0027918.jpg,OK,,600,450,RGB
HAM10000_images_part_1\ISIC_0027919.jpg,OK,,600,450,RGB
HAM10000_images_part_1\ISIC_0027920.jpg,OK,,600,450,RGB
HAM10000_images_part_1\ISIC_0027921.jpg,OK,,600,450,RGB
HAM10000_images_part_1\ISIC_0027922.jpg,OK,,600,450,RGB
HAM10000_images_part_1\ISIC_0027923.jpg,OK,,600,450,RGB
HAM10000_images_part_1\ISIC_0027924.jpg,OK,,600,450,RGB
HAM10000_images_part_1\ISIC_0027925.jpg,OK,,600,450,RGB
HAM10000_images_part_1\ISIC_0027926.jpg,OK,,600,450,RGB
HAM10000_images_part_1\ISIC_0027927.jpg,OK,,600,450,RGB
HAM10000_images_part_1\ISIC_0027928.jpg,OK,,600,450,RGB
HAM10000_images_part_1\ISIC_0027929.jpg,OK,,600,450,RGB
HAM10000_images_part_1\ISIC_0027930.jpg,OK,,600,450,RGB
HAM10000_images_part_1\ISIC_0027931.jpg,OK,,600,450,RGB
HAM10000_images_part_1\ISIC_0027932.jpg,OK,,600,450,RGB
HAM10000_images_part_1\ISIC_0027933.jpg,OK,,600,450,RGB
HAM10000_images_part_1\ISIC_0027934.jpg,OK,,600,450,RGB
HAM10000_images_part_1\ISIC_0027935.jpg,OK,,600,450,RGB
HAM10000_images_part_1\ISIC_0027936.jpg,OK,,600,450,RGB
HAM10000_images_part_1\ISIC_0027937.jpg,OK,,600,450,RGB
HAM10000_images_part_1\ISIC_0027938.jpg,OK,,600,450,RGB
HAM10000_images_part_1\ISIC_0027939.jpg,OK,,600,450,RGB
HAM10000_images_part_1\ISIC_0027940.jpg,OK,,600,450,RGB
HAM10000_images_part_1\ISIC_0027941.jpg,OK,,600,450,RGB
HAM10000_images_part_1\ISIC_0027942.jpg,OK,,600,450,RGB
HAM10000_images_part_1\ISIC_0027943.jpg,OK,,600,450,RGB
HAM10000_images_part_1\ISIC_0027944.jpg,OK,,600,450,RGB
HAM10000_images_part_1\ISIC_0027945.jpg,OK,,600,450,RGB
HAM10000_images_part_1\ISIC_0027946.jpg,OK,,600,450,RGB
HAM10000_images_part_1\ISIC_0027947.jpg,OK,,600,450,RGB
HAM10000_images_part_1\ISIC_0027948.jpg,OK,,600,450,RGB
HAM10000_images_part_1\ISIC_0027949.jpg,OK,,600,450,RGB
HAM10000_images_part_1\ISIC_0027950.jpg,OK,,600,450,RGB
HAM10000_images_part_1\ISIC_0027951.jpg,OK,,600,450,RGB
HAM10000_images_part_1\ISIC_0027952.jpg,OK,,600,450,RGB
HAM10000_images_part_1\ISIC_0027953.jpg,OK,,600,450,RGB
HAM10000_images_part_1\ISIC_0027954.jpg,OK,,600,450,RGB
HAM10000_images_part_1\ISIC_0027955.jpg,OK,,600,450,RGB
HAM10000_images_part_1\ISIC_0027956.jpg,OK,,600,450,RGB
HAM10000_images_part_1\ISIC_0027957.jpg,OK,,600,450,RGB
HAM10000_images_part_1\ISIC_0027958.jpg,OK,,600,450,RGB
HAM10000_images_part_1\ISIC_0027959.jpg,OK,,600,450,RGB
HAM10000_images_part_1\ISIC_0027960.jpg,OK,,600,450,RGB
HAM10000_images_part_1\ISIC_0027961.jpg,OK,,600,450,RGB
HAM10000_images_part_1\ISIC_0027962.jpg,OK,,600,450,RGB
HAM10000_images_part_1\ISIC_0027963.jpg,OK,,600,450,RGB
HAM10000_images_part_1\ISIC_0027964.jpg,OK,,600,450,RGB
HAM10000_images_part_1\ISIC_0027965.jpg,OK,,600,450,RGB
HAM10000_images_part_1\ISIC_0027966.jpg,OK,,600,450,RGB
HAM10000_images_part_1\ISIC_0027967.jpg,OK,,600,450,RGB
HAM10000_images_part_1\ISIC_0027968.jpg,OK,,600,450,RGB
HAM10000_images_part_1\ISIC_0027969.jpg,OK,,600,450,RGB
HAM10000_images_part_1\ISIC_0027970.jpg,OK,,600,450,RGB
HAM10000_images_part_1\ISIC_0027971.jpg,OK,,600,450,RGB
HAM10000_images_part_1\ISIC_0027972.jpg,OK,,600,450,RGB
HAM10000_images_part_1\ISIC_0027973.jpg,OK,,600,450,RGB
HAM10000_images_part_1\ISIC_0027974.jpg,OK,,600,450,RGB
HAM10000_images_part_1\ISIC_0027975.jpg,OK,,600,450,RGB
HAM10000_images_part_1\ISIC_0027976.jpg,OK,,600,450,RGB
HAM10000_images_part_1\ISIC_0027977.jpg,OK,,600,450,RGB
HAM10000_images_part_1\ISIC_0027978.jpg,OK,,600,450,RGB
HAM10000_images_part_1\ISIC_0027979.jpg,OK,,600,450,RGB
HAM10000_images_part_1\ISIC_0027980.jpg,OK,,600,450,RGB
HAM10000_images_part_1\ISIC_0027981.jpg,OK,,600,450,RGB
HAM10000_images_part_1\ISIC_0027982.jpg,OK,,600,450,RGB
HAM10000_images_part_1\ISIC_0027983.jpg,OK,,600,450,RGB
HAM10000_images_part_1\ISIC_0027984.jpg,OK,,600,450,RGB
HAM10000_images_part_1\ISIC_0027985.jpg,OK,,600,450,RGB
HAM10000_images_part_1\ISIC_0027986.jpg,OK,,600,450,RGB
HAM10000_images_part_1\ISIC_0027987.jpg,OK,,600,450,RGB
HAM10000_images_part_1\ISIC_0027988.jpg,OK,,600,450,RGB
HAM10000_images_part_1\ISIC_0027989.jpg,OK,,600,450,RGB
HAM10000_images_part_1\ISIC_0027990.jpg,OK,,600,450,RGB
HAM10000_images_part_1\ISIC_0027991.jpg,OK,,600,450,RGB
HAM10000_images_part_1\ISIC_0027992.jpg,OK,,600,450,RGB
HAM10000_images_part_1\ISIC_0027993.jpg,OK,,600,450,RGB
HAM10000_images_part_1\ISIC_0027994.jpg,OK,,600,450,RGB
HAM10000_images_part_1\ISIC_0027995.jpg,OK,,600,450,RGB
HAM10000_images_part_1\ISIC_0027996.jpg,OK,,600,450,RGB
HAM10000_images_part_1\ISIC_0027997.jpg,OK,,600,450,RGB
HAM10000_images_part_1\ISIC_0027998.jpg,OK,,600,450,RGB
HAM10000_images_part_1\ISIC_0027999.jpg,OK,,600,450,RGB
HAM10000_images_part_1\ISIC_0028000.jpg,OK,,600,450,RGB
HAM10000_images_part_1\ISIC_0028001.jpg,OK,,600,450,RGB
HAM10000_images_part_1\ISIC_0028002.jpg,OK,,600,450,RGB
HAM10000_images_part_1\ISIC_0028003.jpg,OK,,600,450,RGB
HAM10000_images_part_1\ISIC_0028004.jpg,OK,,600,450,RGB
HAM10000_images_part_1\ISIC_0028005.jpg,OK,,600,450,RGB
HAM10000_images_part_1\ISIC_0028006.jpg,OK,,600,450,RGB
HAM10000_images_part_1\ISIC_0028007.jpg,OK,,600,450,RGB
HAM10000_images_part_1\ISIC_0028008.jpg,OK,,600,450,RGB
HAM10000_images_part_1\ISIC_0028009.jpg,OK,,600,450,RGB
HAM10000_images_part_1\ISIC_0028010.jpg,OK,,600,450,RGB
HAM10000_images_part_1\ISIC_0028011.jpg,OK,,600,450,RGB
HAM10000_images_part_1\ISIC_0028012.jpg,OK,,600,450,RGB
HAM10000_images_part_1\ISIC_0028013.jpg,OK,,600,450,RGB
HAM10000_images_part_1\ISIC_0028014.jpg,OK,,600,450,RGB
HAM10000_images_part_1\ISIC_0028015.jpg,OK,,600,450,RGB
HAM10000_images_part_1\ISIC_0028016.jpg,OK,,600,450,RGB
HAM10000_images_part_1\ISIC_0028017.jpg,OK,,600,450,RGB
HAM10000_images_part_1\ISIC_0028018.jpg,OK,,600,450,RGB
HAM10000_images_part_1\ISIC_0028019.jpg,OK,,600,450,RGB
HAM10000_images_part_1\ISIC_0028020.jpg,OK,,600,450,RGB
HAM10000_images_part_1\ISIC_0028021.jpg,OK,,600,450,RGB
HAM10000_images_part_1\ISIC_0028022.jpg,OK,,600,450,RGB
HAM10000_images_part_1\ISIC_0028023.jpg,OK,,600,450,RGB
HAM10000_images_part_1\ISIC_0028024.jpg,OK,,600,450,RGB
HAM10000_images_part_1\ISIC_0028025.jpg,OK,,600,450,RGB
HAM10000_images_part_1\ISIC_0028026.jpg,OK,,600,450,RGB
HAM10000_images_part_1\ISIC_0028027.jpg,OK,,600,450,RGB
HAM10000_images_part_1\ISIC_0028028.jpg,OK,,600,450,RGB
HAM10000_images_part_1\ISIC_0028029.jpg,OK,,600,450,RGB
HAM10000_images_part_1\ISIC_0028030.jpg,OK,,600,450,RGB
HAM10000_images_part_1\ISIC_0028031.jpg,OK,,600,450,RGB
HAM10000_images_part_1\ISIC_0028032.jpg,OK,,600,450,RGB
HAM10000_images_part_1\ISIC_0028033.jpg,OK,,600,450,RGB
HAM10000_images_part_1\ISIC_0028034.jpg,OK,,600,450,RGB
HAM10000_images_part_1\ISIC_0028035.jpg,OK,,600,450,RGB
HAM10000_images_part_1\ISIC_0028036.jpg,OK,,600,450,RGB
HAM10000_images_part_1\ISIC_0028037.jpg,OK,,600,450,RGB
HAM10000_images_part_1\ISIC_0028038.jpg,OK,,600,450,RGB
HAM10000_images_part_1\ISIC_0028039.jpg,OK,,600,450,RGB
HAM10000_images_part_1\ISIC_0028040.jpg,OK,,600,450,RGB
HAM10000_images_part_1\ISIC_0028041.jpg,OK,,600,450,RGB
HAM10000_images_part_1\ISIC_0028042.jpg,OK,,600,450,RGB
HAM10000_images_part_1\ISIC_0028043.jpg,OK,,600,450,RGB
HAM10000_images_part_1\ISIC_0028044.jpg,OK,,600,450,RGB
HAM10000_images_part_1\ISIC_0028045.jpg,OK,,600,450,RGB
HAM10000_images_part_1\ISIC_0028046.jpg,OK,,600,450,RGB
HAM10000_images_part_1\ISIC_0028047.jpg,OK,,600,450,RGB
HAM10000_images_part_1\ISIC_0028048.jpg,OK,,600,450,RGB
HAM10000_images_part_1\ISIC_0028049.jpg,OK,,600,450,RGB
HAM10000_images_part_1\ISIC_0028050.jpg,OK,,600,450,RGB
HAM10000_images_part_1\ISIC_0028051.jpg,OK,,600,450,RGB
HAM10000_images_part_1\ISIC_0028052.jpg,OK,,600,450,RGB
HAM10000_images_part_1\ISIC_0028053.jpg,OK,,600,450,RGB
HAM10000_images_part_1\ISIC_0028054.jpg,OK,,600,450,RGB
HAM10000_images_part_1\ISIC_0028055.jpg,OK,,600,450,RGB
HAM10000_images_part_1\ISIC_0028056.jpg,OK,,600,450,RGB
HAM10000_images_part_1\ISIC_0028057.jpg,OK,,600,450,RGB
HAM10000_images_part_1\ISIC_0028058.jpg,OK,,600,450,RGB
HAM10000_images_part_1\ISIC_0028059.jpg,OK,,600,450,RGB
HAM10000_images_part_1\ISIC_0028060.jpg,OK,,600,450,RGB
HAM10000_images_part_1\ISIC_0028061.jpg,OK,,600,450,RGB
HAM10000_images_part_1\ISIC_0028062.jpg,OK,,600,450,RGB
HAM10000_images_part_1\ISIC_0028063.jpg,OK,,600,450,RGB
HAM10000_images_part_1\ISIC_0028064.jpg,OK,,600,450,RGB
HAM10000_images_part_1\ISIC_0028065.jpg,OK,,600,450,RGB
HAM10000_images_part_1\ISIC_0028066.jpg,OK,,600,450,RGB
HAM10000_images_part_1\ISIC_0028067.jpg,OK,,600,450,RGB
HAM10000_images_part_1\ISIC_0028068.jpg,OK,,600,450,RGB
HAM10000_images_part_1\ISIC_0028069.jpg,OK,,600,450,RGB
HAM10000_images_part_1\ISIC_0028070.jpg,OK,,600,450,RGB
HAM10000_images_part_1\ISIC_0028071.jpg,OK,,600,450,RGB
HAM10000_images_part_1\ISIC_0028072.jpg,OK,,600,450,RGB
HAM10000_images_part_1\ISIC_0028073.jpg,OK,,600,450,RGB
HAM10000_images_part_1\ISIC_0028074.jpg,OK,,600,450,RGB
HAM10000_images_part_1\ISIC_0028075.jpg,OK,,600,450,RGB
HAM10000_images_part_1\ISIC_0028076.jpg,OK,,600,450,RGB
HAM10000_images_part_1\ISIC_0028077.jpg,OK,,600,450,RGB
HAM10000_images_part_1\ISIC_0028078.jpg,OK,,600,450,RGB
HAM10000_images_part_1\ISIC_0028079.jpg,OK,,600,450,RGB
HAM10000_images_part_1\ISIC_0028080.jpg,OK,,600,450,RGB
HAM10000_images_part_1\ISIC_0028081.jpg,OK,,600,450,RGB
HAM10000_images_part_1\ISIC_0028082.jpg,OK,,600,450,RGB
HAM10000_images_part_1\ISIC_0028083.jpg,OK,,600,450,RGB
HAM10000_images_part_1\ISIC_0028084.jpg,OK,,600,450,RGB
HAM10000_images_part_1\ISIC_0028085.jpg,OK,,600,450,RGB
HAM10000_images_part_1\ISIC_0028086.jpg,OK,,600,450,RGB
HAM10000_images_part_1\ISIC_0028087.jpg,OK,,600,450,RGB
HAM10000_images_part_1\ISIC_0028088.jpg,OK,,600,450,RGB
HAM10000_images_part_1\ISIC_0028089.jpg,OK,,600,450,RGB
HAM10000_images_part_1\ISIC_0028090.jpg,OK,,600,450,RGB
HAM10000_images_part_1\ISIC_0028091.jpg,OK,,600,450,RGB
HAM10000_images_part_1\ISIC_0028092.jpg,OK,,600,450,RGB
HAM10000_images_part_1\ISIC_0028093.jpg,OK,,600,450,RGB
HAM10000_images_part_1\ISIC_0028094.jpg,OK,,600,450,RGB
HAM10000_images_part_1\ISIC_0028095.jpg,OK,,600,450,RGB
HAM10000_images_part_1\ISIC_0028096.jpg,OK,,600,450,RGB
HAM10000_images_part_1\ISIC_0028097.jpg,OK,,600,450,RGB
HAM10000_images_part_1\ISIC_0028098.jpg,OK,,600,450,RGB
HAM10000_images_part_1\ISIC_0028099.jpg,OK,,600,450,RGB
HAM10000_images_part_1\ISIC_0028100.jpg,OK,,600,450,RGB
HAM10000_images_part_1\ISIC_0028101.jpg,OK,,600,450,RGB
HAM10000_images_part_1\ISIC_0028102.jpg,OK,,600,450,RGB
HAM10000_images_part_1\ISIC_0028103.jpg,OK,,600,450,RGB
HAM10000_images_part_1\ISIC_0028104.jpg,OK,,600,450,RGB
HAM10000_images_part_1\ISIC_0028105.jpg,OK,,600,450,RGB
HAM10000_images_part_1\ISIC_0028106.jpg,OK,,600,450,RGB
HAM10000_images_part_1\ISIC_0028107.jpg,OK,,600,450,RGB
HAM10000_images_part_1\ISIC_0028108.jpg,OK,,600,450,RGB
HAM10000_images_part_1\ISIC_0028109.jpg,OK,,600,450,RGB
HAM10000_images_part_1\ISIC_0028110.jpg,OK,,600,450,RGB
HAM10000_images_part_1\ISIC_0028111.jpg,OK,,600,450,RGB
HAM10000_images_part_1\ISIC_0028112.jpg,OK,,600,450,RGB
HAM10000_images_part_1\ISIC_0028113.jpg,OK,,600,450,RGB
HAM10000_images_part_1\ISIC_0028114.jpg,OK,,600,450,RGB
HAM10000_images_part_1\ISIC_0028115.jpg,OK,,600,450,RGB
HAM10000_images_part_1\ISIC_0028116.jpg,OK,,600,450,RGB
HAM10000_images_part_1\ISIC_0028117.jpg,OK,,600,450,RGB
HAM10000_images_part_1\ISIC_0028118.jpg,OK,,600,450,RGB
HAM10000_images_part_1\ISIC_0028119.jpg,OK,,600,450,RGB
HAM10000_images_part_1\ISIC_0028120.jpg,OK,,600,450,RGB
HAM10000_images_part_1\ISIC_0028121.jpg,OK,,600,450,RGB
HAM10000_images_part_1\ISIC_0028122.jpg,OK,,600,450,RGB
HAM10000_images_part_1\ISIC_0028123.jpg,OK,,600,450,RGB
HAM10000_images_part_1\ISIC_0028124.jpg,OK,,600,450,RGB
HAM10000_images_part_1\ISIC_0028125.jpg,OK,,600,450,RGB
HAM10000_images_part_1\ISIC_0028126.jpg,OK,,600,450,RGB
HAM10000_images_part_1\ISIC_0028127.jpg,OK,,600,450,RGB
HAM10000_images_part_1\ISIC_0028128.jpg,OK,,600,450,RGB
HAM10000_images_part_1\ISIC_0028129.jpg,OK,,600,450,RGB
HAM10000_images_part_1\ISIC_0028130.jpg,OK,,600,450,RGB
HAM10000_images_part_1\ISIC_0028131.jpg,OK,,600,450,RGB
HAM10000_images_part_1\ISIC_0028132.jpg,OK,,600,450,RGB
HAM10000_images_part_1\ISIC_0028133.jpg,OK,,600,450,RGB
HAM10000_images_part_1\ISIC_0028134.jpg,OK,,600,450,RGB
HAM10000_images_part_1\ISIC_0028135.jpg,OK,,600,450,RGB
HAM10000_images_part_1\ISIC_0028136.jpg,OK,,600,450,RGB
HAM10000_images_part_1\ISIC_0028137.jpg,OK,,600,450,RGB
HAM10000_images_part_1\ISIC_0028138.jpg,OK,,600,450,RGB
HAM10000_images_part_1\ISIC_0028139.jpg,OK,,600,450,RGB
HAM10000_images_part_1\ISIC_0028140.jpg,OK,,600,450,RGB
HAM10000_images_part_1\ISIC_0028141.jpg,OK,,600,450,RGB
HAM10000_images_part_1\ISIC_0028142.jpg,OK,,600,450,RGB
HAM10000_images_part_1\ISIC_0028143.jpg,OK,,600,450,RGB
HAM10000_images_part_1\ISIC_0028144.jpg,OK,,600,450,RGB
HAM10000_images_part_1\ISIC_0028145.jpg,OK,,600,450,RGB
HAM10000_images_part_1\ISIC_0028146.jpg,OK,,600,450,RGB
HAM10000_images_part_1\ISIC_0028147.jpg,OK,,600,450,RGB
HAM10000_images_part_1\ISIC_0028148.jpg,OK,,600,450,RGB
HAM10000_images_part_1\ISIC_0028149.jpg,OK,,600,450,RGB
HAM10000_images_part_1\ISIC_0028150.jpg,OK,,600,450,RGB
HAM10000_images_part_1\ISIC_0028151.jpg,OK,,600,450,RGB
HAM10000_images_part_1\ISIC_0028152.jpg,OK,,600,450,RGB
HAM10000_images_part_1\ISIC_0028153.jpg,OK,,600,450,RGB
HAM10000_images_part_1\ISIC_0028154.jpg,OK,,600,450,RGB
HAM10000_images_part_1\ISIC_0028155.jpg,OK,,600,450,RGB
HAM10000_images_part_1\ISIC_0028156.jpg,OK,,600,450,RGB
HAM10000_images_part_1\ISIC_0028157.jpg,OK,,600,450,RGB
HAM10000_images_part_1\ISIC_0028158.jpg,OK,,600,450,RGB
HAM10000_images_part_1\ISIC_0028159.jpg,OK,,600,450,RGB
HAM10000_images_part_1\ISIC_0028160.jpg,OK,,600,450,RGB
HAM10000_images_part_1\ISIC_0028161.jpg,OK,,600,450,RGB
HAM10000_images_part_1\ISIC_0028162.jpg,OK,,600,450,RGB
HAM10000_images_part_1\ISIC_0028163.jpg,OK,,600,450,RGB
HAM10000_images_part_1\ISIC_0028164.jpg,OK,,600,450,RGB
HAM10000_images_part_1\ISIC_0028165.jpg,OK,,600,450,RGB
HAM10000_images_part_1\ISIC_0028166.jpg,OK,,600,450,RGB
HAM10000_images_part_1\ISIC_0028167.jpg,OK,,600,450,RGB
HAM10000_images_part_1\ISIC_0028168.jpg,OK,,600,450,RGB
HAM10000_images_part_1\ISIC_0028169.jpg,OK,,600,450,RGB
HAM10000_images_part_1\ISIC_0028170.jpg,OK,,600,450,RGB
HAM10000_images_part_1\ISIC_0028171.jpg,OK,,600,450,RGB
HAM10000_images_part_1\ISIC_0028172.jpg,OK,,600,450,RGB
HAM10000_images_part_1\ISIC_0028173.jpg,OK,,600,450,RGB
HAM10000_images_part_1\ISIC_0028174.jpg,OK,,600,450,RGB
HAM10000_images_part_1\ISIC_0028175.jpg,OK,,600,450,RGB
HAM10000_images_part_1\ISIC_0028176.jpg,OK,,600,450,RGB
HAM10000_images_part_1\ISIC_0028177.jpg,OK,,600,450,RGB
HAM10000_images_part_1\ISIC_0028178.jpg,OK,,600,450,RGB
HAM10000_images_part_1\ISIC_0028179.jpg,OK,,600,450,RGB
HAM10000_images_part_1\ISIC_0028180.jpg,OK,,600,450,RGB
HAM10000_images_part_1\ISIC_0028181.jpg,OK,,600,450,RGB
HAM10000_images_part_1\ISIC_0028182.jpg,OK,,600,450,RGB
HAM10000_images_part_1\ISIC_0028183.jpg,OK,,600,450,RGB
HAM10000_images_part_1\ISIC_0028184.jpg,OK,,600,450,RGB
HAM10000_images_part_1\ISIC_0028185.jpg,OK,,600,450,RGB
HAM10000_images_part_1\ISIC_0028186.jpg,OK,,600,450,RGB
HAM10000_images_part_1\ISIC_0028187.jpg,OK,,600,450,RGB
HAM10000_images_part_1\ISIC_0028188.jpg,OK,,600,450,RGB
HAM10000_images_part_1\ISIC_0028189.jpg,OK,,600,450,RGB
HAM10000_images_part_1\ISIC_0028190.jpg,OK,,600,450,RGB
HAM10000_images_part_1\ISIC_0028191.jpg,OK,,600,450,RGB
HAM10000_images_part_1\ISIC_0028192.jpg,OK,,600,450,RGB
HAM10000_images_part_1\ISIC_0028193.jpg,OK,,600,450,RGB
HAM10000_images_part_1\ISIC_0028194.jpg,OK,,600,450,RGB
HAM10000_images_part_1\ISIC_0028195.jpg,OK,,600,450,RGB
HAM10000_images_part_1\ISIC_0028196.jpg,OK,,600,450,RGB
HAM10000_images_part_1\ISIC_0028197.jpg,OK,,600,450,RGB
HAM10000_images_part_1\ISIC_0028198.jpg,OK,,600,450,RGB
HAM10000_images_part_1\ISIC_0028199.jpg,OK,,600,450,RGB
HAM10000_images_part_1\ISIC_0028200.jpg,OK,,600,450,RGB
HAM10000_images_part_1\ISIC_0028201.jpg,OK,,600,450,RGB
HAM10000_images_part_1\ISIC_0028202.jpg,OK,,600,450,RGB
HAM10000_images_part_1\ISIC_0028203.jpg,OK,,600,450,RGB
HAM10000_images_part_1\ISIC_0028204.jpg,OK,,600,450,RGB
HAM10000_images_part_1\ISIC_0028205.jpg,OK,,600,450,RGB
HAM10000_images_part_1\ISIC_0028206.jpg,OK,,600,450,RGB
HAM10000_images_part_1\ISIC_0028207.jpg,OK,,600,450,RGB
HAM10000_images_part_1\ISIC_0028208.jpg,OK,,600,450,RGB
HAM10000_images_part_1\ISIC_0028209.jpg,OK,,600,450,RGB
HAM10000_images_part_1\ISIC_0028210.jpg,OK,,600,450,RGB
HAM10000_images_part_1\ISIC_0028211.jpg,OK,,600,450,RGB
HAM10000_images_part_1\ISIC_0028212.jpg,OK,,600,450,RGB
HAM10000_images_part_1\ISIC_0028213.jpg,OK,,600,450,RGB
HAM10000_images_part_1\ISIC_0028214.jpg,OK,,600,450,RGB
HAM10000_images_part_1\ISIC_0028215.jpg,OK,,600,450,RGB
HAM10000_images_part_1\ISIC_0028216.jpg,OK,,600,450,RGB
HAM10000_images_part_1\ISIC_0028217.jpg,OK,,600,450,RGB
HAM10000_images_part_1\ISIC_0028218.jpg,OK,,600,450,RGB
HAM10000_images_part_1\ISIC_0028219.jpg,OK,,600,450,RGB
HAM10000_images_part_1\ISIC_0028220.jpg,OK,,600,450,RGB
HAM10000_images_part_1\ISIC_0028221.jpg,OK,,600,450,RGB
HAM10000_images_part_1\ISIC_0028222.jpg,OK,,600,450,RGB
HAM10000_images_part_1\ISIC_0028223.jpg,OK,,600,450,RGB
HAM10000_images_part_1\ISIC_0028224.jpg,OK,,600,450,RGB
HAM10000_images_part_1\ISIC_0028225.jpg,OK,,600,450,RGB
HAM10000_images_part_1\ISIC_0028226.jpg,OK,,600,450,RGB
HAM10000_images_part_1\ISIC_0028227.jpg,OK,,600,450,RGB
HAM10000_images_part_1\ISIC_0028228.jpg,OK,,600,450,RGB
HAM10000_images_part_1\ISIC_0028229.jpg,OK,,600,450,RGB
HAM10000_images_part_1\ISIC_0028230.jpg,OK,,600,450,RGB
HAM10000_images_part_1\ISIC_0028231.jpg,OK,,600,450,RGB
HAM10000_images_part_1\ISIC_0028232.jpg,OK,,600,450,RGB
HAM10000_images_part_1\ISIC_0028233.jpg,OK,,600,450,RGB
HAM10000_images_part_1\ISIC_0028234.jpg,OK,,600,450,RGB
HAM10000_images_part_1\ISIC_0028235.jpg,OK,,600,450,RGB
HAM10000_images_part_1\ISIC_0028236.jpg,OK,,600,450,RGB
HAM10000_images_part_1\ISIC_0028237.jpg,OK,,600,450,RGB
HAM10000_images_part_1\ISIC_0028238.jpg,OK,,600,450,RGB
HAM10000_images_part_1\ISIC_0028239.jpg,OK,,600,450,RGB
HAM10000_images_part_1\ISIC_0028240.jpg,OK,,600,450,RGB
HAM10000_images_part_1\ISIC_0028241.jpg,OK,,600,450,RGB
HAM10000_images_part_1\ISIC_0028242.jpg,OK,,600,450,RGB
HAM10000_images_part_1\ISIC_0028243.jpg,OK,,600,450,RGB
HAM10000_images_part_1\ISIC_0028244.jpg,OK,,600,450,RGB
HAM10000_images_part_1\ISIC_0028245.jpg,OK,,600,450,RGB
HAM10000_images_part_1\ISIC_0028246.jpg,OK,,600,450,RGB
HAM10000_images_part_1\ISIC_0028247.jpg,OK,,600,450,RGB
HAM10000_images_part_1\ISIC_0028248.jpg,OK,,600,450,RGB
HAM10000_images_part_1\ISIC_0028249.jpg,OK,,600,450,RGB
HAM10000_images_part_1\ISIC_0028250.jpg,OK,,600,450,RGB
HAM10000_images_part_1\ISIC_0028251.jpg,OK,,600,450,RGB
HAM10000_images_part_1\ISIC_0028252.jpg,OK,,600,450,RGB
HAM10000_images_part_1\ISIC_0028253.jpg,OK,,600,450,RGB
HAM10000_images_part_1\ISIC_0028254.jpg,OK,,600,450,RGB
HAM10000_images_part_1\ISIC_0028255.jpg,OK,,600,450,RGB
HAM10000_images_part_1\ISIC_0028256.jpg,OK,,600,450,RGB
HAM10000_images_part_1\ISIC_0028257.jpg,OK,,600,450,RGB
HAM10000_images_part_1\ISIC_0028258.jpg,OK,,600,450,RGB
HAM10000_images_part_1\ISIC_0028259.jpg,OK,,600,450,RGB
HAM10000_images_part_1\ISIC_0028260.jpg,OK,,600,450,RGB
HAM10000_images_part_1\ISIC_0028261.jpg,OK,,600,450,RGB
HAM10000_images_part_1\ISIC_0028262.jpg,OK,,600,450,RGB
HAM10000_images_part_1\ISIC_0028263.jpg,OK,,600,450,RGB
HAM10000_images_part_1\ISIC_0028264.jpg,OK,,600,450,RGB
HAM10000_images_part_1\ISIC_0028265.jpg,OK,,600,450,RGB
HAM10000_images_part_1\ISIC_0028266.jpg,OK,,600,450,RGB
HAM10000_images_part_1\ISIC_0028267.jpg,OK,,600,450,RGB
HAM10000_images_part_1\ISIC_0028268.jpg,OK,,600,450,RGB
HAM10000_images_part_1\ISIC_0028269.jpg,OK,,600,450,RGB
HAM10000_images_part_1\ISIC_0028270.jpg,OK,,600,450,RGB
HAM10000_images_part_1\ISIC_0028271.jpg,OK,,600,450,RGB
HAM10000_images_part_1\ISIC_0028272.jpg,OK,,600,450,RGB
HAM10000_images_part_1\ISIC_0028273.jpg,OK,,600,450,RGB
HAM10000_images_part_1\ISIC_0028274.jpg,OK,,600,450,RGB
HAM10000_images_part_1\ISIC_0028275.jpg,OK,,600,450,RGB
HAM10000_images_part_1\ISIC_0028276.jpg,OK,,600,450,RGB
HAM10000_images_part_1\ISIC_0028277.jpg,OK,,600,450,RGB
HAM10000_images_part_1\ISIC_0028278.jpg,OK,,600,450,RGB
HAM10000_images_part_1\ISIC_0028279.jpg,OK,,600,450,RGB
HAM10000_images_part_1\ISIC_0028280.jpg,OK,,600,450,RGB
HAM10000_images_part_1\ISIC_0028281.jpg,OK,,600,450,RGB
HAM10000_images_part_1\ISIC_0028282.jpg,OK,,600,450,RGB
HAM10000_images_part_1\ISIC_0028283.jpg,OK,,600,450,RGB
HAM10000_images_part_1\ISIC_0028284.jpg,OK,,600,450,RGB
HAM10000_images_part_1\ISIC_0028285.jpg,OK,,600,450,RGB
HAM10000_images_part_1\ISIC_0028286.jpg,OK,,600,450,RGB
HAM10000_images_part_1\ISIC_0028287.jpg,OK,,600,450,RGB
HAM10000_images_part_1\ISIC_0028288.jpg,OK,,600,450,RGB
HAM10000_images_part_1\ISIC_0028289.jpg,OK,,600,450,RGB
HAM10000_images_part_1\ISIC_0028290.jpg,OK,,600,450,RGB
HAM10000_images_part_1\ISIC_0028291.jpg,OK,,600,450,RGB
HAM10000_images_part_1\ISIC_0028292.jpg,OK,,600,450,RGB
HAM10000_images_part_1\ISIC_0028293.jpg,OK,,600,450,RGB
HAM10000_images_part_1\ISIC_0028294.jpg,OK,,600,450,RGB
HAM10000_images_part_1\ISIC_0028295.jpg,OK,,600,450,RGB
HAM10000_images_part_1\ISIC_0028296.jpg,OK,,600,450,RGB
HAM10000_images_part_1\ISIC_0028297.jpg,OK,,600,450,RGB
HAM10000_images_part_1\ISIC_0028298.jpg,OK,,600,450,RGB
HAM10000_images_part_1\ISIC_0028299.jpg,OK,,600,450,RGB
HAM10000_images_part_1\ISIC_0028300.jpg,OK,,600,450,RGB
HAM10000_images_part_1\ISIC_0028301.jpg,OK,,600,450,RGB
HAM10000_images_part_1\ISIC_0028302.jpg,OK,,600,450,RGB
HAM10000_images_part_1\ISIC_0028303.jpg,OK,,600,450,RGB
HAM10000_images_part_1\ISIC_0028304.jpg,OK,,600,450,RGB
HAM10000_images_part_1\ISIC_0028305.jpg,OK,,600,450,RGB
HAM10000_images_part_1\ISIC_0028306.jpg,OK,,600,450,RGB
HAM10000_images_part_1\ISIC_0028307.jpg,OK,,600,450,RGB
HAM10000_images_part_1\ISIC_0028308.jpg,OK,,600,450,RGB
HAM10000_images_part_1\ISIC_0028309.jpg,OK,,600,450,RGB
HAM10000_images_part_1\ISIC_0028310.jpg,OK,,600,450,RGB
HAM10000_images_part_1\ISIC_0028311.jpg,OK,,600,450,RGB
HAM10000_images_part_1\ISIC_0028312.jpg,OK,,600,450,RGB
HAM10000_images_part_1\ISIC_0028313.jpg,OK,,600,450,RGB
HAM10000_images_part_1\ISIC_0028314.jpg,OK,,600,450,RGB
HAM10000_images_part_1\ISIC_0028315.jpg,OK,,600,450,RGB
HAM10000_images_part_1\ISIC_0028316.jpg,OK,,600,450,RGB
HAM10000_images_part_1\ISIC_0028317.jpg,OK,,600,450,RGB
HAM10000_images_part_1\ISIC_0028318.jpg,OK,,600,450,RGB
HAM10000_images_part_1\ISIC_0028319.jpg,OK,,600,450,RGB
HAM10000_images_part_1\ISIC_0028320.jpg,OK,,600,450,RGB
HAM10000_images_part_1\ISIC_0028321.jpg,OK,,600,450,RGB
HAM10000_images_part_1\ISIC_0028322.jpg,OK,,600,450,RGB
HAM10000_images_part_1\ISIC_0028323.jpg,OK,,600,450,RGB
HAM10000_images_part_1\ISIC_0028324.jpg,OK,,600,450,RGB
HAM10000_images_part_1\ISIC_0028325.jpg,OK,,600,450,RGB
HAM10000_images_part_1\ISIC_0028326.jpg,OK,,600,450,RGB
HAM10000_images_part_1\ISIC_0028327.jpg,OK,,600,450,RGB
HAM10000_images_part_1\ISIC_0028328.jpg,OK,,600,450,RGB
HAM10000_images_part_1\ISIC_0028329.jpg,OK,,600,450,RGB
HAM10000_images_part_1\ISIC_0028330.jpg,OK,,600,450,RGB
HAM10000_images_part_1\ISIC_0028331.jpg,OK,,600,450,RGB
HAM10000_images_part_1\ISIC_0028332.jpg,OK,,600,450,RGB
HAM10000_images_part_1\ISIC_0028333.jpg,OK,,600,450,RGB
HAM10000_images_part_1\ISIC_0028334.jpg,OK,,600,450,RGB
HAM10000_images_part_1\ISIC_0028335.jpg,OK,,600,450,RGB
HAM10000_images_part_1\ISIC_0028336.jpg,OK,,600,450,RGB
HAM10000_images_part_1\ISIC_0028337.jpg,OK,,600,450,RGB
HAM10000_images_part_1\ISIC_0028338.jpg,OK,,600,450,RGB
HAM10000_images_part_1\ISIC_0028339.jpg,OK,,600,450,RGB
HAM10000_images_part_1\ISIC_0028340.jpg,OK,,600,450,RGB
HAM10000_images_part_1\ISIC_0028341.jpg,OK,,600,450,RGB
HAM10000_images_part_1\ISIC_0028342.jpg,OK,,600,450,RGB
HAM10000_images_part_1\ISIC_0028343.jpg,OK,,600,450,RGB
HAM10000_images_part_1\ISIC_0028344.jpg,OK,,600,450,RGB
HAM10000_images_part_1\ISIC_0028345.jpg,OK,,600,450,RGB
HAM10000_images_part_1\ISIC_0028346.jpg,OK,,600,450,RGB
HAM10000_images_part_1\ISIC_0028347.jpg,OK,,600,450,RGB
HAM10000_images_part_1\ISIC_0028348.jpg,OK,,600,450,RGB
HAM10000_images_part_1\ISIC_0028349.jpg,OK,,600,450,RGB
HAM10000_images_part_1\ISIC_0028350.jpg,OK,,600,450,RGB
HAM10000_images_part_1\ISIC_0028351.jpg,OK,,600,450,RGB
HAM10000_images_part_1\ISIC_0028352.jpg,OK,,600,450,RGB
HAM10000_images_part_1\ISIC_0028353.jpg,OK,,600,450,RGB
HAM10000_images_part_1\ISIC_0028354.jpg,OK,,600,450,RGB
HAM10000_images_part_1\ISIC_0028355.jpg,OK,,600,450,RGB
HAM10000_images_part_1\ISIC_0028356.jpg,OK,,600,450,RGB
HAM10000_images_part_1\ISIC_0028357.jpg,OK,,600,450,RGB
HAM10000_images_part_1\ISIC_0028358.jpg,OK,,600,450,RGB
HAM10000_images_part_1\ISIC_0028359.jpg,OK,,600,450,RGB
HAM10000_images_part_1\ISIC_0028360.jpg,OK,,600,450,RGB
HAM10000_images_part_1\ISIC_0028361.jpg,OK,,600,450,RGB
HAM10000_images_part_1\ISIC_0028362.jpg,OK,,600,450,RGB
HAM10000_images_part_1\ISIC_0028363.jpg,OK,,600,450,RGB
HAM10000_images_part_1\ISIC_0028364.jpg,OK,,600,450,RGB
HAM10000_images_part_1\ISIC_0028365.jpg,OK,,600,450,RGB
HAM10000_images_part_1\ISIC_0028366.jpg,OK,,600,450,RGB
HAM10000_images_part_1\ISIC_0028367.jpg,OK,,600,450,RGB
HAM10000_images_part_1\ISIC_0028368.jpg,OK,,600,450,RGB
HAM10000_images_part_1\ISIC_0028369.jpg,OK,,600,450,RGB
HAM10000_images_part_1\ISIC_0028370.jpg,OK,,600,450,RGB
HAM10000_images_part_1\ISIC_0028371.jpg,OK,,600,450,RGB
HAM10000_images_part_1\ISIC_0028372.jpg,OK,,600,450,RGB
HAM10000_images_part_1\ISIC_0028373.jpg,OK,,600,450,RGB
HAM10000_images_part_1\ISIC_0028374.jpg,OK,,600,450,RGB
HAM10000_images_part_1\ISIC_0028375.jpg,OK,,600,450,RGB
HAM10000_images_part_1\ISIC_0028376.jpg,OK,,600,450,RGB
HAM10000_images_part_1\ISIC_0028377.jpg,OK,,600,450,RGB
HAM10000_images_part_1\ISIC_0028378.jpg,OK,,600,450,RGB
HAM10000_images_part_1\ISIC_0028379.jpg,OK,,600,450,RGB
HAM10000_images_part_1\ISIC_0028380.jpg,OK,,600,450,RGB
HAM10000_images_part_1\ISIC_0028381.jpg,OK,,600,450,RGB
HAM10000_images_part_1\ISIC_0028382.jpg,OK,,600,450,RGB
HAM10000_images_part_1\ISIC_0028383.jpg,OK,,600,450,RGB
HAM10000_images_part_1\ISIC_0028384.jpg,OK,,600,450,RGB
HAM10000_images_part_1\ISIC_0028385.jpg,OK,,600,450,RGB
HAM10000_images_part_1\ISIC_0028386.jpg,OK,,600,450,RGB
HAM10000_images_part_1\ISIC_0028387.jpg,OK,,600,450,RGB
HAM10000_images_part_1\ISIC_0028388.jpg,OK,,600,450,RGB
HAM10000_images_part_1\ISIC_0028389.jpg,OK,,600,450,RGB
HAM10000_images_part_1\ISIC_0028390.jpg,OK,,600,450,RGB
HAM10000_images_part_1\ISIC_0028391.jpg,OK,,600,450,RGB
HAM10000_images_part_1\ISIC_0028392.jpg,OK,,600,450,RGB
HAM10000_images_part_1\ISIC_0028393.jpg,OK,,600,450,RGB
HAM10000_images_part_1\ISIC_0028394.jpg,OK,,600,450,RGB
HAM10000_images_part_1\ISIC_0028395.jpg,OK,,600,450,RGB
HAM10000_images_part_1\ISIC_0028396.jpg,OK,,600,450,RGB
HAM10000_images_part_1\ISIC_0028397.jpg,OK,,600,450,RGB
HAM10000_images_part_1\ISIC_0028398.jpg,OK,,600,450,RGB
HAM10000_images_part_1\ISIC_0028399.jpg,OK,,600,450,RGB
HAM10000_images_part_1\ISIC_0028400.jpg,OK,,600,450,RGB
HAM10000_images_part_1\ISIC_0028401.jpg,OK,,600,450,RGB
HAM10000_images_part_1\ISIC_0028402.jpg,OK,,600,450,RGB
HAM10000_images_part_1\ISIC_0028403.jpg,OK,,600,450,RGB
HAM10000_images_part_1\ISIC_0028404.jpg,OK,,600,450,RGB
HAM10000_images_part_1\ISIC_0028405.jpg,OK,,600,450,RGB
HAM10000_images_part_1\ISIC_0028406.jpg,OK,,600,450,RGB
HAM10000_images_part_1\ISIC_0028407.jpg,OK,,600,450,RGB
HAM10000_images_part_1\ISIC_0028408.jpg,OK,,600,450,RGB
HAM10000_images_part_1\ISIC_0028409.jpg,OK,,600,450,RGB
HAM10000_images_part_1\ISIC_0028410.jpg,OK,,600,450,RGB
HAM10000_images_part_1\ISIC_0028411.jpg,OK,,600,450,RGB
HAM10000_images_part_1\ISIC_0028412.jpg,OK,,600,450,RGB
HAM10000_images_part_1\ISIC_0028413.jpg,OK,,600,450,RGB
HAM10000_images_part_1\ISIC_0028414.jpg,OK,,600,450,RGB
HAM10000_images_part_1\ISIC_0028415.jpg,OK,,600,450,RGB
HAM10000_images_part_1\ISIC_0028416.jpg,OK,,600,450,RGB
HAM10000_images_part_1\ISIC_0028417.jpg,OK,,600,450,RGB
HAM10000_images_part_1\ISIC_0028418.jpg,OK,,600,450,RGB
HAM10000_images_part_1\ISIC_0028419.jpg,OK,,600,450,RGB
HAM10000_images_part_1\ISIC_0028420.jpg,OK,,600,450,RGB
HAM10000_images_part_1\ISIC_0028421.jpg,OK,,600,450,RGB
HAM10000_images_part_1\ISIC_0028422.jpg,OK,,600,450,RGB
HAM10000_images_part_1\ISIC_0028423.jpg,OK,,600,450,RGB
HAM10000_images_part_1\ISIC_0028424.jpg,OK,,600,450,RGB
HAM10000_images_part_1\ISIC_0028425.jpg,OK,,600,450,RGB
HAM10000_images_part_1\ISIC_0028426.jpg,OK,,600,450,RGB
HAM10000_images_part_1\ISIC_0028427.jpg,OK,,600,450,RGB
HAM10000_images_part_1\ISIC_0028428.jpg,OK,,600,450,RGB
HAM10000_images_part_1\ISIC_0028429.jpg,OK,,600,450,RGB
HAM10000_images_part_1\ISIC_0028430.jpg,OK,,600,450,RGB
HAM10000_images_part_1\ISIC_0028431.jpg,OK,,600,450,RGB
HAM10000_images_part_1\ISIC_0028432.jpg,OK,,600,450,RGB
HAM10000_images_part_1\ISIC_0028433.jpg,OK,,600,450,RGB
HAM10000_images_part_1\ISIC_0028434.jpg,OK,,600,450,RGB
HAM10000_images_part_1\ISIC_0028435.jpg,OK,,600,450,RGB
HAM10000_images_part_1\ISIC_0028436.jpg,OK,,600,450,RGB
HAM10000_images_part_1\ISIC_0028437.jpg,OK,,600,450,RGB
HAM10000_images_part_1\ISIC_0028438.jpg,OK,,600,450,RGB
HAM10000_images_part_1\ISIC_0028439.jpg,OK,,600,450,RGB
HAM10000_images_part_1\ISIC_0028440.jpg,OK,,600,450,RGB
HAM10000_images_part_1\ISIC_0028441.jpg,OK,,600,450,RGB
HAM10000_images_part_1\ISIC_0028442.jpg,OK,,600,450,RGB
HAM10000_images_part_1\ISIC_0028443.jpg,OK,,600,450,RGB
HAM10000_images_part_1\ISIC_0028444.jpg,OK,,600,450,RGB
HAM10000_images_part_1\ISIC_0028445.jpg,OK,,600,450,RGB
HAM10000_images_part_1\ISIC_0028446.jpg,OK,,600,450,RGB
HAM10000_images_part_1\ISIC_0028447.jpg,OK,,600,450,RGB
HAM10000_images_part_1\ISIC_0028448.jpg,OK,,600,450,RGB
HAM10000_images_part_1\ISIC_0028449.jpg,OK,,600,450,RGB
HAM10000_images_part_1\ISIC_0028450.jpg,OK,,600,450,RGB
HAM10000_images_part_1\ISIC_0028451.jpg,OK,,600,450,RGB
HAM10000_images_part_1\ISIC_0028452.jpg,OK,,600,450,RGB
HAM10000_images_part_1\ISIC_0028453.jpg,OK,,600,450,RGB
HAM10000_images_part_1\ISIC_0028454.jpg,OK,,600,450,RGB
HAM10000_images_part_1\ISIC_0028455.jpg,OK,,600,450,RGB
HAM10000_images_part_1\ISIC_0028456.jpg,OK,,600,450,RGB
HAM10000_images_part_1\ISIC_0028457.jpg,OK,,600,450,RGB
HAM10000_images_part_1\ISIC_0028458.jpg,OK,,600,450,RGB
HAM10000_images_part_1\ISIC_0028459.jpg,OK,,600,450,RGB
HAM10000_images_part_1\ISIC_0028460.jpg,OK,,600,450,RGB
HAM10000_images_part_1\ISIC_0028461.jpg,OK,,600,450,RGB
HAM10000_images_part_1\ISIC_0028462.jpg,OK,,600,450,RGB
HAM10000_images_part_1\ISIC_0028463.jpg,OK,,600,450,RGB
HAM10000_images_part_1\ISIC_0028464.jpg,OK,,600,450,RGB
HAM10000_images_part_1\ISIC_0028465.jpg,OK,,600,450,RGB
HAM10000_images_part_1\ISIC_0028466.jpg,OK,,600,450,RGB
HAM10000_images_part_1\ISIC_0028467.jpg,OK,,600,450,RGB
HAM10000_images_part_1\ISIC_0028468.jpg,OK,,600,450,RGB
HAM10000_images_part_1\ISIC_0028469.jpg,OK,,600,450,RGB
HAM10000_images_part_1\ISIC_0028470.jpg,OK,,600,450,RGB
HAM10000_images_part_1\ISIC_0028471.jpg,OK,,600,450,RGB
HAM10000_images_part_1\ISIC_0028472.jpg,OK,,600,450,RGB
HAM10000_images_part_1\ISIC_0028473.jpg,OK,,600,450,RGB
HAM10000_images_part_1\ISIC_0028474.jpg,OK,,600,450,RGB
HAM10000_images_part_1\ISIC_0028475.jpg,OK,,600,450,RGB
HAM10000_images_part_1\ISIC_0028476.jpg,OK,,600,450,RGB
HAM10000_images_part_1\ISIC_0028477.jpg,OK,,600,450,RGB
HAM10000_images_part_1\ISIC_0028478.jpg,OK,,600,450,RGB
HAM10000_images_part_1\ISIC_0028479.jpg,OK,,600,450,RGB
HAM10000_images_part_1\ISIC_0028480.jpg,OK,,600,450,RGB
HAM10000_images_part_1\ISIC_0028481.jpg,OK,,600,450,RGB
HAM10000_images_part_1\ISIC_0028482.jpg,OK,,600,450,RGB
HAM10000_images_part_1\ISIC_0028483.jpg,OK,,600,450,RGB
HAM10000_images_part_1\ISIC_0028484.jpg,OK,,600,450,RGB
HAM10000_images_part_1\ISIC_0028485.jpg,OK,,600,450,RGB
HAM10000_images_part_1\ISIC_0028486.jpg,OK,,600,450,RGB
HAM10000_images_part_1\ISIC_0028487.jpg,OK,,600,450,RGB
HAM10000_images_part_1\ISIC_0028488.jpg,OK,,600,450,RGB
HAM10000_images_part_1\ISIC_0028489.jpg,OK,,600,450,RGB
HAM10000_images_part_1\ISIC_0028490.jpg,OK,,600,450,RGB
HAM10000_images_part_1\ISIC_0028491.jpg,OK,,600,450,RGB
HAM10000_images_part_1\ISIC_0028492.jpg,OK,,600,450,RGB
HAM10000_images_part_1\ISIC_0028493.jpg,OK,,600,450,RGB
HAM10000_images_part_1\ISIC_0028494.jpg,OK,,600,450,RGB
HAM10000_images_part_1\ISIC_0028495.jpg,OK,,600,450,RGB
HAM10000_images_part_1\ISIC_0028496.jpg,OK,,600,450,RGB
HAM10000_images_part_1\ISIC_0028497.jpg,OK,,600,450,RGB
HAM10000_images_part_1\ISIC_0028498.jpg,OK,,600,450,RGB
HAM10000_images_part_1\ISIC_0028499.jpg,OK,,600,450,RGB
HAM10000_images_part_1\ISIC_0028500.jpg,OK,,600,450,RGB
HAM10000_images_part_1\ISIC_0028501.jpg,OK,,600,450,RGB
HAM10000_images_part_1\ISIC_0028502.jpg,OK,,600,450,RGB
HAM10000_images_part_1\ISIC_0028503.jpg,OK,,600,450,RGB
HAM10000_images_part_1\ISIC_0028504.jpg,OK,,600,450,RGB
HAM10000_images_part_1\ISIC_0028505.jpg,OK,,600,450,RGB
HAM10000_images_part_1\ISIC_0028506.jpg,OK,,600,450,RGB
HAM10000_images_part_1\ISIC_0028507.jpg,OK,,600,450,RGB
HAM10000_images_part_1\ISIC_0028508.jpg,OK,,600,450,RGB
HAM10000_images_part_1\ISIC_0028509.jpg,OK,,600,450,RGB
HAM10000_images_part_1\ISIC_0028510.jpg,OK,,600,450,RGB
HAM10000_images_part_1\ISIC_0028511.jpg,OK,,600,450,RGB
HAM10000_images_part_1\ISIC_0028512.jpg,OK,,600,450,RGB
HAM10000_images_part_1\ISIC_0028513.jpg,OK,,600,450,RGB
HAM10000_images_part_1\ISIC_0028514.jpg,OK,,600,450,RGB
HAM10000_images_part_1\ISIC_0028515.jpg,OK,,600,450,RGB
HAM10000_images_part_1\ISIC_0028516.jpg,OK,,600,450,RGB
HAM10000_images_part_1\ISIC_0028517.jpg,OK,,600,450,RGB
HAM10000_images_part_1\ISIC_0028518.jpg,OK,,600,450,RGB
HAM10000_images_part_1\ISIC_0028519.jpg,OK,,600,450,RGB
HAM10000_images_part_1\ISIC_0028520.jpg,OK,,600,450,RGB
HAM10000_images_part_1\ISIC_0028521.jpg,OK,,600,450,RGB
HAM10000_images_part_1\ISIC_0028522.jpg,OK,,600,450,RGB
HAM10000_images_part_1\ISIC_0028523.jpg,OK,,600,450,RGB
HAM10000_images_part_1\ISIC_0028524.jpg,OK,,600,450,RGB
HAM10000_images_part_1\ISIC_0028525.jpg,OK,,600,450,RGB
HAM10000_images_part_1\ISIC_0028526.jpg,OK,,600,450,RGB
HAM10000_images_part_1\ISIC_0028527.jpg,OK,,600,450,RGB
HAM10000_images_part_1\ISIC_0028528.jpg,OK,,600,450,RGB
HAM10000_images_part_1\ISIC_0028529.jpg,OK,,600,450,RGB
HAM10000_images_part_1\ISIC_0028530.jpg,OK,,600,450,RGB
HAM10000_images_part_1\ISIC_0028531.jpg,OK,,600,450,RGB
HAM10000_images_part_1\ISIC_0028532.jpg,OK,,600,450,RGB
HAM10000_images_part_1\ISIC_0028533.jpg,OK,,600,450,RGB
HAM10000_images_part_1\ISIC_0028534.jpg,OK,,600,450,RGB
HAM10000_images_part_1\ISIC_0028535.jpg,OK,,600,450,RGB
HAM10000_images_part_1\ISIC_0028536.jpg,OK,,600,450,RGB
HAM10000_images_part_1\ISIC_0028537.jpg,OK,,600,450,RGB
HAM10000_images_part_1\ISIC_0028538.jpg,OK,,600,450,RGB
HAM10000_images_part_1\ISIC_0028539.jpg,OK,,600,450,RGB
HAM10000_images_part_1\ISIC_0028540.jpg,OK,,600,450,RGB
HAM10000_images_part_1\ISIC_0028541.jpg,OK,,600,450,RGB
HAM10000_images_part_1\ISIC_0028542.jpg,OK,,600,450,RGB
HAM10000_images_part_1\ISIC_0028543.jpg,OK,,600,450,RGB
HAM10000_images_part_1\ISIC_0028544.jpg,OK,,600,450,RGB
HAM10000_images_part_1\ISIC_0028545.jpg,OK,,600,450,RGB
HAM10000_images_part_1\ISIC_0028546.jpg,OK,,600,450,RGB
HAM10000_images_part_1\ISIC_0028547.jpg,OK,,600,450,RGB
HAM10000_images_part_1\ISIC_0028548.jpg,OK,,600,450,RGB
HAM10000_images_part_1\ISIC_0028549.jpg,OK,,600,450,RGB
HAM10000_images_part_1\ISIC_0028550.jpg,OK,,600,450,RGB
HAM10000_images_part_1\ISIC_0028551.jpg,OK,,600,450,RGB
HAM10000_images_part_1\ISIC_0028552.jpg,OK,,600,450,RGB
HAM10000_images_part_1\ISIC_0028553.jpg,OK,,600,450,RGB
HAM10000_images_part_1\ISIC_0028554.jpg,OK,,600,450,RGB
HAM10000_images_part_1\ISIC_0028555.jpg,OK,,600,450,RGB
HAM10000_images_part_1\ISIC_0028556.jpg,OK,,600,450,RGB
HAM10000_images_part_1\ISIC_0028557.jpg,OK,,600,450,RGB
HAM10000_images_part_1\ISIC_0028558.jpg,OK,,600,450,RGB
HAM10000_images_part_1\ISIC_0028559.jpg,OK,,600,450,RGB
HAM10000_images_part_1\ISIC_0028560.jpg,OK,,600,450,RGB
HAM10000_images_part_1\ISIC_0028561.jpg,OK,,600,450,RGB
HAM10000_images_part_1\ISIC_0028562.jpg,OK,,600,450,RGB
HAM10000_images_part_1\ISIC_0028563.jpg,OK,,600,450,RGB
HAM10000_images_part_1\ISIC_0028564.jpg,OK,,600,450,RGB
HAM10000_images_part_1\ISIC_0028565.jpg,OK,,600,450,RGB
HAM10000_images_part_1\ISIC_0028566.jpg,OK,,600,450,RGB
HAM10000_images_part_1\ISIC_0028567.jpg,OK,,600,450,RGB
HAM10000_images_part_1\ISIC_0028568.jpg,OK,,600,450,RGB
HAM10000_images_part_1\ISIC_0028569.jpg,OK,,600,450,RGB
HAM10000_images_part_1\ISIC_0028570.jpg,OK,,600,450,RGB
HAM10000_images_part_1\ISIC_0028571.jpg,OK,,600,450,RGB
HAM10000_images_part_1\ISIC_0028572.jpg,OK,,600,450,RGB
HAM10000_images_part_1\ISIC_0028573.jpg,OK,,600,450,RGB
HAM10000_images_part_1\ISIC_0028574.jpg,OK,,600,450,RGB
HAM10000_images_part_1\ISIC_0028575.jpg,OK,,600,450,RGB
HAM10000_images_part_1\ISIC_0028576.jpg,OK,,600,450,RGB
HAM10000_images_part_1\ISIC_0028577.jpg,OK,,600,450,RGB
HAM10000_images_part_1\ISIC_0028578.jpg,OK,,600,450,RGB
HAM10000_images_part_1\ISIC_0028579.jpg,OK,,600,450,RGB
HAM10000_images_part_1\ISIC_0028580.jpg,OK,,600,450,RGB
HAM10000_images_part_1\ISIC_0028581.jpg,OK,,600,450,RGB
HAM10000_images_part_1\ISIC_0028582.jpg,OK,,600,450,RGB
HAM10000_images_part_1\ISIC_0028583.jpg,OK,,600,450,RGB
HAM10000_images_part_1\ISIC_0028584.jpg,OK,,600,450,RGB
HAM10000_images_part_1\ISIC_0028585.jpg,OK,,600,450,RGB
HAM10000_images_part_1\ISIC_0028586.jpg,OK,,600,450,RGB
HAM10000_images_part_1\ISIC_0028587.jpg,OK,,600,450,RGB
HAM10000_images_part_1\ISIC_0028588.jpg,OK,,600,450,RGB
HAM10000_images_part_1\ISIC_0028589.jpg,OK,,600,450,RGB
HAM10000_images_part_1\ISIC_0028590.jpg,OK,,600,450,RGB
HAM10000_images_part_1\ISIC_0028591.jpg,OK,,600,450,RGB
HAM10000_images_part_1\ISIC_0028592.jpg,OK,,600,450,RGB
HAM10000_images_part_1\ISIC_0028593.jpg,OK,,600,450,RGB
HAM10000_images_part_1\ISIC_0028594.jpg,OK,,600,450,RGB
HAM10000_images_part_1\ISIC_0028595.jpg,OK,,600,450,RGB
HAM10000_images_part_1\ISIC_0028596.jpg,OK,,600,450,RGB
HAM10000_images_part_1\ISIC_0028597.jpg,OK,,600,450,RGB
HAM10000_images_part_1\ISIC_0028598.jpg,OK,,600,450,RGB
HAM10000_images_part_1\ISIC_0028599.jpg,OK,,600,450,RGB
HAM10000_images_part_1\ISIC_0028600.jpg,OK,,600,450,RGB
HAM10000_images_part_1\ISIC_0028601.jpg,OK,,600,450,RGB
HAM10000_images_part_1\ISIC_0028602.jpg,OK,,600,450,RGB
HAM10000_images_part_1\ISIC_0028603.jpg,OK,,600,450,RGB
HAM10000_images_part_1\ISIC_0028604.jpg,OK,,600,450,RGB
HAM10000_images_part_1\ISIC_0028605.jpg,OK,,600,450,RGB
HAM10000_images_part_1\ISIC_0028606.jpg,OK,,600,450,RGB
HAM10000_images_part_1\ISIC_0028607.jpg,OK,,600,450,RGB
HAM10000_images_part_1\ISIC_0028608.jpg,OK,,600,450,RGB
HAM10000_images_part_1\ISIC_0028609.jpg,OK,,600,450,RGB
HAM10000_images_part_1\ISIC_0028610.jpg,OK,,600,450,RGB
HAM10000_images_part_1\ISIC_0028611.jpg,OK,,600,450,RGB
HAM10000_images_part_1\ISIC_0028612.jpg,OK,,600,450,RGB
HAM10000_images_part_1\ISIC_0028613.jpg,OK,,600,450,RGB
HAM10000_images_part_1\ISIC_0028614.jpg,OK,,600,450,RGB
HAM10000_images_part_1\ISIC_0028615.jpg,OK,,600,450,RGB
HAM10000_images_part_1\ISIC_0028616.jpg,OK,,600,450,RGB
HAM10000_images_part_1\ISIC_0028617.jpg,OK,,600,450,RGB
HAM10000_images_part_1\ISIC_0028618.jpg,OK,,600,450,RGB
HAM10000_images_part_1\ISIC_0028619.jpg,OK,,600,450,RGB
HAM10000_images_part_1\ISIC_0028620.jpg,OK,,600,450,RGB
HAM10000_images_part_1\ISIC_0028621.jpg,OK,,600,450,RGB
HAM10000_images_part_1\ISIC_0028622.jpg,OK,,600,450,RGB
HAM10000_images_part_1\ISIC_0028623.jpg,OK,,600,450,RGB
HAM10000_images_part_1\ISIC_0028624.jpg,OK,,600,450,RGB
HAM10000_images_part_1\ISIC_0028625.jpg,OK,,600,450,RGB
HAM10000_images_part_1\ISIC_0028626.jpg,OK,,600,450,RGB
HAM10000_images_part_1\ISIC_0028627.jpg,OK,,600,450,RGB
HAM10000_images_part_1\ISIC_0028628.jpg,OK,,600,450,RGB
HAM10000_images_part_1\ISIC_0028629.jpg,OK,,600,450,RGB
HAM10000_images_part_1\ISIC_0028630.jpg,OK,,600,450,RGB
HAM10000_images_part_1\ISIC_0028631.jpg,OK,,600,450,RGB
HAM10000_images_part_1\ISIC_0028632.jpg,OK,,600,450,RGB
HAM10000_images_part_1\ISIC_0028633.jpg,OK,,600,450,RGB
HAM10000_images_part_1\ISIC_0028634.jpg,OK,,600,450,RGB
HAM10000_images_part_1\ISIC_0028635.jpg,OK,,600,450,RGB
HAM10000_images_part_1\ISIC_0028636.jpg,OK,,600,450,RGB
HAM10000_images_part_1\ISIC_0028637.jpg,OK,,600,450,RGB
HAM10000_images_part_1\ISIC_0028638.jpg,OK,,600,450,RGB
HAM10000_images_part_1\ISIC_0028639.jpg,OK,,600,450,RGB
HAM10000_images_part_1\ISIC_0028640.jpg,OK,,600,450,RGB
HAM10000_images_part_1\ISIC_0028641.jpg,OK,,600,450,RGB
HAM10000_images_part_1\ISIC_0028642.jpg,OK,,600,450,RGB
HAM10000_images_part_1\ISIC_0028643.jpg,OK,,600,450,RGB
HAM10000_images_part_1\ISIC_0028644.jpg,OK,,600,450,RGB
HAM10000_images_part_1\ISIC_0028645.jpg,OK,,600,450,RGB
HAM10000_images_part_1\ISIC_0028646.jpg,OK,,600,450,RGB
HAM10000_images_part_1\ISIC_0028647.jpg,OK,,600,450,RGB
HAM10000_images_part_1\ISIC_0028648.jpg,OK,,600,450,RGB
HAM10000_images_part_1\ISIC_0028649.jpg,OK,,600,450,RGB
HAM10000_images_part_1\ISIC_0028650.jpg,OK,,600,450,RGB
HAM10000_images_part_1\ISIC_0028651.jpg,OK,,600,450,RGB
HAM10000_images_part_1\ISIC_0028652.jpg,OK,,600,450,RGB
HAM10000_images_part_1\ISIC_0028653.jpg,OK,,600,450,RGB
HAM10000_images_part_1\ISIC_0028654.jpg,OK,,600,450,RGB
HAM10000_images_part_1\ISIC_0028655.jpg,OK,,600,450,RGB
HAM10000_images_part_1\ISIC_0028656.jpg,OK,,600,450,RGB
HAM10000_images_part_1\ISIC_0028657.jpg,OK,,600,450,RGB
HAM10000_images_part_1\ISIC_0028658.jpg,OK,,600,450,RGB
HAM10000_images_part_1\ISIC_0028659.jpg,OK,,600,450,RGB
HAM10000_images_part_1\ISIC_0028660.jpg,OK,,600,450,RGB
HAM10000_images_part_1\ISIC_0028661.jpg,OK,,600,450,RGB
HAM10000_images_part_1\ISIC_0028662.jpg,OK,,600,450,RGB
HAM10000_images_part_1\ISIC_0028663.jpg,OK,,600,450,RGB
HAM10000_images_part_1\ISIC_0028664.jpg,OK,,600,450,RGB
HAM10000_images_part_1\ISIC_0028665.jpg,OK,,600,450,RGB
HAM10000_images_part_1\ISIC_0028666.jpg,OK,,600,450,RGB
HAM10000_images_part_1\ISIC_0028667.jpg,OK,,600,450,RGB
HAM10000_images_part_1\ISIC_0028668.jpg,OK,,600,450,RGB
HAM10000_images_part_1\ISIC_0028669.jpg,OK,,600,450,RGB
HAM10000_images_part_1\ISIC_0028670.jpg,OK,,600,450,RGB
HAM10000_images_part_1\ISIC_0028671.jpg,OK,,600,450,RGB
HAM10000_images_part_1\ISIC_0028672.jpg,OK,,600,450,RGB
HAM10000_images_part_1\ISIC_0028673.jpg,OK,,600,450,RGB
HAM10000_images_part_1\ISIC_0028674.jpg,OK,,600,450,RGB
HAM10000_images_part_1\ISIC_0028675.jpg,OK,,600,450,RGB
HAM10000_images_part_1\ISIC_0028676.jpg,OK,,600,450,RGB
HAM10000_images_part_1\ISIC_0028677.jpg,OK,,600,450,RGB
HAM10000_images_part_1\ISIC_0028678.jpg,OK,,600,450,RGB
HAM10000_images_part_1\ISIC_0028679.jpg,OK,,600,450,RGB
HAM10000_images_part_1\ISIC_0028680.jpg,OK,,600,450,RGB
HAM10000_images_part_1\ISIC_0028681.jpg,OK,,600,450,RGB
HAM10000_images_part_1\ISIC_0028682.jpg,OK,,600,450,RGB
HAM10000_images_part_1\ISIC_0028683.jpg,OK,,600,450,RGB
HAM10000_images_part_1\ISIC_0028684.jpg,OK,,600,450,RGB
HAM10000_images_part_1\ISIC_0028685.jpg,OK,,600,450,RGB
HAM10000_images_part_1\ISIC_0028686.jpg,OK,,600,450,RGB
HAM10000_images_part_1\ISIC_0028687.jpg,OK,,600,450,RGB
HAM10000_images_part_1\ISIC_0028688.jpg,OK,,600,450,RGB
HAM10000_images_part_1\ISIC_0028689.jpg,OK,,600,450,RGB
HAM10000_images_part_1\ISIC_0028690.jpg,OK,,600,450,RGB
HAM10000_images_part_1\ISIC_0028691.jpg,OK,,600,450,RGB
HAM10000_images_part_1\ISIC_0028692.jpg,OK,,600,450,RGB
HAM10000_images_part_1\ISIC_0028693.jpg,OK,,600,450,RGB
HAM10000_images_part_1\ISIC_0028694.jpg,OK,,600,450,RGB
HAM10000_images_part_1\ISIC_0028695.jpg,OK,,600,450,RGB
HAM10000_images_part_1\ISIC_0028696.jpg,OK,,600,450,RGB
HAM10000_images_part_1\ISIC_0028697.jpg,OK,,600,450,RGB
HAM10000_images_part_1\ISIC_0028698.jpg,OK,,600,450,RGB
HAM10000_images_part_1\ISIC_0028699.jpg,OK,,600,450,RGB
HAM10000_images_part_1\ISIC_0028700.jpg,OK,,600,450,RGB
HAM10000_images_part_1\ISIC_0028701.jpg,OK,,600,450,RGB
HAM10000_images_part_1\ISIC_0028702.jpg,OK,,600,450,RGB
HAM10000_images_part_1\ISIC_0028703.jpg,OK,,600,450,RGB
HAM10000_images_part_1\ISIC_0028704.jpg,OK,,600,450,RGB
HAM10000_images_part_1\ISIC_0028705.jpg,OK,,600,450,RGB
HAM10000_images_part_1\ISIC_0028706.jpg,OK,,600,450,RGB
HAM10000_images_part_1\ISIC_0028707.jpg,OK,,600,450,RGB
HAM10000_images_part_1\ISIC_0028708.jpg,OK,,600,450,RGB
HAM10000_images_part_1\ISIC_0028709.jpg,OK,,600,450,RGB
HAM10000_images_part_1\ISIC_0028710.jpg,OK,,600,450,RGB
HAM10000_images_part_1\ISIC_0028711.jpg,OK,,600,450,RGB
HAM10000_images_part_1\ISIC_0028712.jpg,OK,,600,450,RGB
HAM10000_images_part_1\ISIC_0028713.jpg,OK,,600,450,RGB
HAM10000_images_part_1\ISIC_0028714.jpg,OK,,600,450,RGB
HAM10000_images_part_1\ISIC_0028715.jpg,OK,,600,450,RGB
HAM10000_images_part_1\ISIC_0028716.jpg,OK,,600,450,RGB
HAM10000_images_part_1\ISIC_0028717.jpg,OK,,600,450,RGB
HAM10000_images_part_1\ISIC_0028718.jpg,OK,,600,450,RGB
HAM10000_images_part_1\ISIC_0028719.jpg,OK,,600,450,RGB
HAM10000_images_part_1\ISIC_0028720.jpg,OK,,600,450,RGB
HAM10000_images_part_1\ISIC_0028721.jpg,OK,,600,450,RGB
HAM10000_images_part_1\ISIC_0028722.jpg,OK,,600,450,RGB
HAM10000_images_part_1\ISIC_0028723.jpg,OK,,600,450,RGB
HAM10000_images_part_1\ISIC_0028724.jpg,OK,,600,450,RGB
HAM10000_images_part_1\ISIC_0028725.jpg,OK,,600,450,RGB
HAM10000_images_part_1\ISIC_0028726.jpg,OK,,600,450,RGB
HAM10000_images_part_1\ISIC_0028727.jpg,OK,,600,450,RGB
HAM10000_images_part_1\ISIC_0028728.jpg,OK,,600,450,RGB
HAM10000_images_part_1\ISIC_0028729.jpg,OK,,600,450,RGB
HAM10000_images_part_1\ISIC_0028730.jpg,OK,,600,450,RGB
HAM10000_images_part_1\ISIC_0028731.jpg,OK,,600,450,RGB
HAM10000_images_part_1\ISIC_0028732.jpg,OK,,600,450,RGB
HAM10000_images_part_1\ISIC_0028733.jpg,OK,,600,450,RGB
HAM10000_images_part_1\ISIC_0028734.jpg,OK,,600,450,RGB
HAM10000_images_part_1\ISIC_0028735.jpg,OK,,600,450,RGB
HAM10000_images_part_1\ISIC_0028736.jpg,OK,,600,450,RGB
HAM10000_images_part_1\ISIC_0028737.jpg,OK,,600,450,RGB
HAM10000_images_part_1\ISIC_0028738.jpg,OK,,600,450,RGB
HAM10000_images_part_1\ISIC_0028739.jpg,OK,,600,450,RGB
HAM10000_images_part_1\ISIC_0028740.jpg,OK,,600,450,RGB
HAM10000_images_part_1\ISIC_0028741.jpg,OK,,600,450,RGB
HAM10000_images_part_1\ISIC_0028742.jpg,OK,,600,450,RGB
HAM10000_images_part_1\ISIC_0028743.jpg,OK,,600,450,RGB
HAM10000_images_part_1\ISIC_0028744.jpg,OK,,600,450,RGB
HAM10000_images_part_1\ISIC_0028745.jpg,OK,,600,450,RGB
HAM10000_images_part_1\ISIC_0028746.jpg,OK,,600,450,RGB
HAM10000_images_part_1\ISIC_0028747.jpg,OK,,600,450,RGB
HAM10000_images_part_1\ISIC_0028748.jpg,OK,,600,450,RGB
HAM10000_images_part_1\ISIC_0028749.jpg,OK,,600,450,RGB
HAM10000_images_part_1\ISIC_0028750.jpg,OK,,600,450,RGB
HAM10000_images_part_1\ISIC_0028751.jpg,OK,,600,450,RGB
HAM10000_images_part_1\ISIC_0028752.jpg,OK,,600,450,RGB
HAM10000_images_part_1\ISIC_0028753.jpg,OK,,600,450,RGB
HAM10000_images_part_1\ISIC_0028754.jpg,OK,,600,450,RGB
HAM10000_images_part_1\ISIC_0028755.jpg,OK,,600,450,RGB
HAM10000_images_part_1\ISIC_0028756.jpg,OK,,600,450,RGB
HAM10000_images_part_1\ISIC_0028757.jpg,OK,,600,450,RGB
HAM10000_images_part_1\ISIC_0028758.jpg,OK,,600,450,RGB
HAM10000_images_part_1\ISIC_0028759.jpg,OK,,600,450,RGB
HAM10000_images_part_1\ISIC_0028760.jpg,OK,,600,450,RGB
HAM10000_images_part_1\ISIC_0028761.jpg,OK,,600,450,RGB
HAM10000_images_part_1\ISIC_0028762.jpg,OK,,600,450,RGB
HAM10000_images_part_1\ISIC_0028763.jpg,OK,,600,450,RGB
HAM10000_images_part_1\ISIC_0028764.jpg,OK,,600,450,RGB
HAM10000_images_part_1\ISIC_0028765.jpg,OK,,600,450,RGB
HAM10000_images_part_1\ISIC_0028766.jpg,OK,,600,450,RGB
HAM10000_images_part_1\ISIC_0028767.jpg,OK,,600,450,RGB
HAM10000_images_part_1\ISIC_0028768.jpg,OK,,600,450,RGB
HAM10000_images_part_1\ISIC_0028769.jpg,OK,,600,450,RGB
HAM10000_images_part_1\ISIC_0028770.jpg,OK,,600,450,RGB
HAM10000_images_part_1\ISIC_0028771.jpg,OK,,600,450,RGB
HAM10000_images_part_1\ISIC_0028772.jpg,OK,,600,450,RGB
HAM10000_images_part_1\ISIC_0028773.jpg,OK,,600,450,RGB
HAM10000_images_part_1\ISIC_0028774.jpg,OK,,600,450,RGB
HAM10000_images_part_1\ISIC_0028775.jpg,OK,,600,450,RGB
HAM10000_images_part_1\ISIC_0028776.jpg,OK,,600,450,RGB
HAM10000_images_part_1\ISIC_0028777.jpg,OK,,600,450,RGB
HAM10000_images_part_1\ISIC_0028778.jpg,OK,,600,450,RGB
HAM10000_images_part_1\ISIC_0028779.jpg,OK,,600,450,RGB
HAM10000_images_part_1\ISIC_0028780.jpg,OK,,600,450,RGB
HAM10000_images_part_1\ISIC_0028781.jpg,OK,,600,450,RGB
HAM10000_images_part_1\ISIC_0028782.jpg,OK,,600,450,RGB
HAM10000_images_part_1\ISIC_0028783.jpg,OK,,600,450,RGB
HAM10000_images_part_1\ISIC_0028784.jpg,OK,,600,450,RGB
HAM10000_images_part_1\ISIC_0028785.jpg,OK,,600,450,RGB
HAM10000_images_part_1\ISIC_0028786.jpg,OK,,600,450,RGB
HAM10000_images_part_1\ISIC_0028787.jpg,OK,,600,450,RGB
HAM10000_images_part_1\ISIC_0028788.jpg,OK,,600,450,RGB
HAM10000_images_part_1\ISIC_0028789.jpg,OK,,600,450,RGB
HAM10000_images_part_1\ISIC_0028790.jpg,OK,,600,450,RGB
HAM10000_images_part_1\ISIC_0028791.jpg,OK,,600,450,RGB
HAM10000_images_part_1\ISIC_0028792.jpg,OK,,600,450,RGB
HAM10000_images_part_1\ISIC_0028793.jpg,OK,,600,450,RGB
HAM10000_images_part_1\ISIC_0028794.jpg,OK,,600,450,RGB
HAM10000_images_part_1\ISIC_0028795.jpg,OK,,600,450,RGB
HAM10000_images_part_1\ISIC_0028796.jpg,OK,,600,450,RGB
HAM10000_images_part_1\ISIC_0028797.jpg,OK,,600,450,RGB
HAM10000_images_part_1\ISIC_0028798.jpg,OK,,600,450,RGB
HAM10000_images_part_1\ISIC_0028799.jpg,OK,,600,450,RGB
HAM10000_images_part_1\ISIC_0028800.jpg,OK,,600,450,RGB
HAM10000_images_part_1\ISIC_0028801.jpg,OK,,600,450,RGB
HAM10000_images_part_1\ISIC_0028802.jpg,OK,,600,450,RGB
HAM10000_images_part_1\ISIC_0028803.jpg,OK,,600,450,RGB
HAM10000_images_part_1\ISIC_0028804.jpg,OK,,600,450,RGB
HAM10000_images_part_1\ISIC_0028805.jpg,OK,,600,450,RGB
HAM10000_images_part_1\ISIC_0028806.jpg,OK,,600,450,RGB
HAM10000_images_part_1\ISIC_0028807.jpg,OK,,600,450,RGB
HAM10000_images_part_1\ISIC_0028808.jpg,OK,,600,450,RGB
HAM10000_images_part_1\ISIC_0028809.jpg,OK,,600,450,RGB
HAM10000_images_part_1\ISIC_0028810.jpg,OK,,600,450,RGB
HAM10000_images_part_1\ISIC_0028811.jpg,OK,,600,450,RGB
HAM10000_images_part_1\ISIC_0028812.jpg,OK,,600,450,RGB
HAM10000_images_part_1\ISIC_0028813.jpg,OK,,600,450,RGB
HAM10000_images_part_1\ISIC_0028814.jpg,OK,,600,450,RGB
HAM10000_images_part_1\ISIC_0028815.jpg,OK,,600,450,RGB
HAM10000_images_part_1\ISIC_0028816.jpg,OK,,600,450,RGB
HAM10000_images_part_1\ISIC_0028817.jpg,OK,,600,450,RGB
HAM10000_images_part_1\ISIC_0028818.jpg,OK,,600,450,RGB
HAM10000_images_part_1\ISIC_0028819.jpg,OK,,600,450,RGB
HAM10000_images_part_1\ISIC_0028820.jpg,OK,,600,450,RGB
HAM10000_images_part_1\ISIC_0028821.jpg,OK,,600,450,RGB
HAM10000_images_part_1\ISIC_0028822.jpg,OK,,600,450,RGB
HAM10000_images_part_1\ISIC_0028823.jpg,OK,,600,450,RGB
HAM10000_images_part_1\ISIC_0028824.jpg,OK,,600,450,RGB
HAM10000_images_part_1\ISIC_0028825.jpg,OK,,600,450,RGB
HAM10000_images_part_1\ISIC_0028826.jpg,OK,,600,450,RGB
HAM10000_images_part_1\ISIC_0028827.jpg,OK,,600,450,RGB
HAM10000_images_part_1\ISIC_0028828.jpg,OK,,600,450,RGB
HAM10000_images_part_1\ISIC_0028829.jpg,OK,,600,450,RGB
HAM10000_images_part_1\ISIC_0028830.jpg,OK,,600,450,RGB
HAM10000_images_part_1\ISIC_0028831.jpg,OK,,600,450,RGB
HAM10000_images_part_1\ISIC_0028832.jpg,OK,,600,450,RGB
HAM10000_images_part_1\ISIC_0028833.jpg,OK,,600,450,RGB
HAM10000_images_part_1\ISIC_0028834.jpg,OK,,600,450,RGB
HAM10000_images_part_1\ISIC_0028835.jpg,OK,,600,450,RGB
HAM10000_images_part_1\ISIC_0028836.jpg,OK,,600,450,RGB
HAM10000_images_part_1\ISIC_0028837.jpg,OK,,600,450,RGB
HAM10000_images_part_1\ISIC_0028838.jpg,OK,,600,450,RGB
HAM10000_images_part_1\ISIC_0028839.jpg,OK,,600,450,RGB
HAM10000_images_part_1\ISIC_0028840.jpg,OK,,600,450,RGB
HAM10000_images_part_1\ISIC_0028841.jpg,OK,,600,450,RGB
HAM10000_images_part_1\ISIC_0028842.jpg,OK,,600,450,RGB
HAM10000_images_part_1\ISIC_0028843.jpg,OK,,600,450,RGB
HAM10000_images_part_1\ISIC_0028844.jpg,OK,,600,450,RGB
HAM10000_images_part_1\ISIC_0028845.jpg,OK,,600,450,RGB
HAM10000_images_part_1\ISIC_0028846.jpg,OK,,600,450,RGB
HAM10000_images_part_1\ISIC_0028847.jpg,OK,,600,450,RGB
HAM10000_images_part_1\ISIC_0028848.jpg,OK,,600,450,RGB
HAM10000_images_part_1\ISIC_0028849.jpg,OK,,600,450,RGB
HAM10000_images_part_1\ISIC_0028850.jpg,OK,,600,450,RGB
HAM10000_images_part_1\ISIC_0028851.jpg,OK,,600,450,RGB
HAM10000_images_part_1\ISIC_0028852.jpg,OK,,600,450,RGB
HAM10000_images_part_1\ISIC_0028853.jpg,OK,,600,450,RGB
HAM10000_images_part_1\ISIC_0028854.jpg,OK,,600,450,RGB
HAM10000_images_part_1\ISIC_0028855.jpg,OK,,600,450,RGB
HAM10000_images_part_1\ISIC_0028856.jpg,OK,,600,450,RGB
HAM10000_images_part_1\ISIC_0028857.jpg,OK,,600,450,RGB
HAM10000_images_part_1\ISIC_0028858.jpg,OK,,600,450,RGB
HAM10000_images_part_1\ISIC_0028859.jpg,OK,,600,450,RGB
HAM10000_images_part_1\ISIC_0028860.jpg,OK,,600,450,RGB
HAM10000_images_part_1\ISIC_0028861.jpg,OK,,600,450,RGB
HAM10000_images_part_1\ISIC_0028862.jpg,OK,,600,450,RGB
HAM10000_images_part_1\ISIC_0028863.jpg,OK,,600,450,RGB
HAM10000_images_part_1\ISIC_0028864.jpg,OK,,600,450,RGB
HAM10000_images_part_1\ISIC_0028865.jpg,OK,,600,450,RGB
HAM10000_images_part_1\ISIC_0028866.jpg,OK,,600,450,RGB
HAM10000_images_part_1\ISIC_0028867.jpg,OK,,600,450,RGB
HAM10000_images_part_1\ISIC_0028868.jpg,OK,,600,450,RGB
HAM10000_images_part_1\ISIC_0028869.jpg,OK,,600,450,RGB
HAM10000_images_part_1\ISIC_0028870.jpg,OK,,600,450,RGB
HAM10000_images_part_1\ISIC_0028871.jpg,OK,,600,450,RGB
HAM10000_images_part_1\ISIC_0028872.jpg,OK,,600,450,RGB
HAM10000_images_part_1\ISIC_0028873.jpg,OK,,600,450,RGB
HAM10000_images_part_1\ISIC_0028874.jpg,OK,,600,450,RGB
HAM10000_images_part_1\ISIC_0028875.jpg,OK,,600,450,RGB
HAM10000_images_part_1\ISIC_0028876.jpg,OK,,600,450,RGB
HAM10000_images_part_1\ISIC_0028877.jpg,OK,,600,450,RGB
HAM10000_images_part_1\ISIC_0028878.jpg,OK,,600,450,RGB
HAM10000_images_part_1\ISIC_0028879.jpg,OK,,600,450,RGB
HAM10000_images_part_1\ISIC_0028880.jpg,OK,,600,450,RGB
HAM10000_images_part_1\ISIC_0028881.jpg,OK,,600,450,RGB
HAM10000_images_part_1\ISIC_0028882.jpg,OK,,600,450,RGB
HAM10000_images_part_1\ISIC_0028883.jpg,OK,,600,450,RGB
HAM10000_images_part_1\ISIC_0028884.jpg,OK,,600,450,RGB
HAM10000_images_part_1\ISIC_0028885.jpg,OK,,600,450,RGB
HAM10000_images_part_1\ISIC_0028886.jpg,OK,,600,450,RGB
HAM10000_images_part_1\ISIC_0028887.jpg,OK,,600,450,RGB
HAM10000_images_part_1\ISIC_0028888.jpg,OK,,600,450,RGB
HAM10000_images_part_1\ISIC_0028889.jpg,OK,,600,450,RGB
HAM10000_images_part_1\ISIC_0028890.jpg,OK,,600,450,RGB
HAM10000_images_part_1\ISIC_0028891.jpg,OK,,600,450,RGB
HAM10000_images_part_1\ISIC_0028892.jpg,OK,,600,450,RGB
HAM10000_images_part_1\ISIC_0028893.jpg,OK,,600,450,RGB
HAM10000_images_part_1\ISIC_0028894.jpg,OK,,600,450,RGB
HAM10000_images_part_1\ISIC_0028895.jpg,OK,,600,450,RGB
HAM10000_images_part_1\ISIC_0028896.jpg,OK,,600,450,RGB
HAM10000_images_part_1\ISIC_0028897.jpg,OK,,600,450,RGB
HAM10000_images_part_1\ISIC_0028898.jpg,OK,,600,450,RGB
HAM10000_images_part_1\ISIC_0028899.jpg,OK,,600,450,RGB
HAM10000_images_part_1\ISIC_0028900.jpg,OK,,600,450,RGB
HAM10000_images_part_1\ISIC_0028901.jpg,OK,,600,450,RGB
HAM10000_images_part_1\ISIC_0028902.jpg,OK,,600,450,RGB
HAM10000_images_part_1\ISIC_0028903.jpg,OK,,600,450,RGB
HAM10000_images_part_1\ISIC_0028904.jpg,OK,,600,450,RGB
HAM10000_images_part_1\ISIC_0028905.jpg,OK,,600,450,RGB
HAM10000_images_part_1\ISIC_0028906.jpg,OK,,600,450,RGB
HAM10000_images_part_1\ISIC_0028907.jpg,OK,,600,450,RGB
HAM10000_images_part_1\ISIC_0028908.jpg,OK,,600,450,RGB
HAM10000_images_part_1\ISIC_0028909.jpg,OK,,600,450,RGB
HAM10000_images_part_1\ISIC_0028910.jpg,OK,,600,450,RGB
HAM10000_images_part_1\ISIC_0028911.jpg,OK,,600,450,RGB
HAM10000_images_part_1\ISIC_0028912.jpg,OK,,600,450,RGB
HAM10000_images_part_1\ISIC_0028913.jpg,OK,,600,450,RGB
HAM10000_images_part_1\ISIC_0028914.jpg,OK,,600,450,RGB
HAM10000_images_part_1\ISIC_0028915.jpg,OK,,600,450,RGB
HAM10000_images_part_1\ISIC_0028916.jpg,OK,,600,450,RGB
HAM10000_images_part_1\ISIC_0028917.jpg,OK,,600,450,RGB
HAM10000_images_part_1\ISIC_0028918.jpg,OK,,600,450,RGB
HAM10000_images_part_1\ISIC_0028919.jpg,OK,,600,450,RGB
HAM10000_images_part_1\ISIC_0028920.jpg,OK,,600,450,RGB
HAM10000_images_part_1\ISIC_0028921.jpg,OK,,600,450,RGB
HAM10000_images_part_1\ISIC_0028922.jpg,OK,,600,450,RGB
HAM10000_images_part_1\ISIC_0028923.jpg,OK,,600,450,RGB
HAM10000_images_part_1\ISIC_0028924.jpg,OK,,600,450,RGB
HAM10000_images_part_1\ISIC_0028925.jpg,OK,,600,450,RGB
HAM10000_images_part_1\ISIC_0028926.jpg,OK,,600,450,RGB
HAM10000_images_part_1\ISIC_0028927.jpg,OK,,600,450,RGB
HAM10000_images_part_1\ISIC_0028928.jpg,OK,,600,450,RGB
HAM10000_images_part_1\ISIC_0028929.jpg,OK,,600,450,RGB
HAM10000_images_part_1\ISIC_0028930.jpg,OK,,600,450,RGB
HAM10000_images_part_1\ISIC_0028931.jpg,OK,,600,450,RGB
HAM10000_images_part_1\ISIC_0028932.jpg,OK,,600,450,RGB
HAM10000_images_part_1\ISIC_0028933.jpg,OK,,600,450,RGB
HAM10000_images_part_1\ISIC_0028934.jpg,OK,,600,450,RGB
HAM10000_images_part_1\ISIC_0028935.jpg,OK,,600,450,RGB
HAM10000_images_part_1\ISIC_0028936.jpg,OK,,600,450,RGB
HAM10000_images_part_1\ISIC_0028937.jpg,OK,,600,450,RGB
HAM10000_images_part_1\ISIC_0028938.jpg,OK,,600,450,RGB
HAM10000_images_part_1\ISIC_0028939.jpg,OK,,600,450,RGB
HAM10000_images_part_1\ISIC_0028940.jpg,OK,,600,450,RGB
HAM10000_images_part_1\ISIC_0028941.jpg,OK,,600,450,RGB
HAM10000_images_part_1\ISIC_0028942.jpg,OK,,600,450,RGB
HAM10000_images_part_1\ISIC_0028943.jpg,OK,,600,450,RGB
HAM10000_images_part_1\ISIC_0028944.jpg,OK,,600,450,RGB
HAM10000_images_part_1\ISIC_0028945.jpg,OK,,600,450,RGB
HAM10000_images_part_1\ISIC_0028946.jpg,OK,,600,450,RGB
HAM10000_images_part_1\ISIC_0028947.jpg,OK,,600,450,RGB
HAM10000_images_part_1\ISIC_0028948.jpg,OK,,600,450,RGB
HAM10000_images_part_1\ISIC_0028949.jpg,OK,,600,450,RGB
HAM10000_images_part_1\ISIC_0028950.jpg,OK,,600,450,RGB
HAM10000_images_part_1\ISIC_0028951.jpg,OK,,600,450,RGB
HAM10000_images_part_1\ISIC_0028952.jpg,OK,,600,450,RGB
HAM10000_images_part_1\ISIC_0028953.jpg,OK,,600,450,RGB
HAM10000_images_part_1\ISIC_0028954.jpg,OK,,600,450,RGB
HAM10000_images_part_1\ISIC_0028955.jpg,OK,,600,450,RGB
HAM10000_images_part_1\ISIC_0028956.jpg,OK,,600,450,RGB
HAM10000_images_part_1\ISIC_0028957.jpg,OK,,600,450,RGB
HAM10000_images_part_1\ISIC_0028958.jpg,OK,,600,450,RGB
HAM10000_images_part_1\ISIC_0028959.jpg,OK,,600,450,RGB
HAM10000_images_part_1\ISIC_0028960.jpg,OK,,600,450,RGB
HAM10000_images_part_1\ISIC_0028961.jpg,OK,,600,450,RGB
HAM10000_images_part_1\ISIC_0028962.jpg,OK,,600,450,RGB
HAM10000_images_part_1\ISIC_0028963.jpg,OK,,600,450,RGB
HAM10000_images_part_1\ISIC_0028964.jpg,OK,,600,450,RGB
HAM10000_images_part_1\ISIC_0028965.jpg,OK,,600,450,RGB
HAM10000_images_part_1\ISIC_0028966.jpg,OK,,600,450,RGB
HAM10000_images_part_1\ISIC_0028967.jpg,OK,,600,450,RGB
HAM10000_images_part_1\ISIC_0028968.jpg,OK,,600,450,RGB
HAM10000_images_part_1\ISIC_0028969.jpg,OK,,600,450,RGB
HAM10000_images_part_1\ISIC_0028970.jpg,OK,,600,450,RGB
HAM10000_images_part_1\ISIC_0028971.jpg,OK,,600,450,RGB
HAM10000_images_part_1\ISIC_0028972.jpg,OK,,600,450,RGB
HAM10000_images_part_1\ISIC_0028973.jpg,OK,,600,450,RGB
HAM10000_images_part_1\ISIC_0028974.jpg,OK,,600,450,RGB
HAM10000_images_part_1\ISIC_0028975.jpg,OK,,600,450,RGB
HAM10000_images_part_1\ISIC_0028976.jpg,OK,,600,450,RGB
HAM10000_images_part_1\ISIC_0028977.jpg,OK,,600,450,RGB
HAM10000_images_part_1\ISIC_0028978.jpg,OK,,600,450,RGB
HAM10000_images_part_1\ISIC_0028979.jpg,OK,,600,450,RGB
HAM10000_images_part_1\ISIC_0028980.jpg,OK,,600,450,RGB
HAM10000_images_part_1\ISIC_0028981.jpg,OK,,600,450,RGB
HAM10000_images_part_1\ISIC_0028982.jpg,OK,,600,450,RGB
HAM10000_images_part_1\ISIC_0028983.jpg,OK,,600,450,RGB
HAM10000_images_part_1\ISIC_0028984.jpg,OK,,600,450,RGB
HAM10000_images_part_1\ISIC_0028985.jpg,OK,,600,450,RGB
HAM10000_images_part_1\ISIC_0028986.jpg,OK,,600,450,RGB
HAM10000_images_part_1\ISIC_0028987.jpg,OK,,600,450,RGB
HAM10000_images_part_1\ISIC_0028988.jpg,OK,,600,450,RGB
HAM10000_images_part_1\ISIC_0028989.jpg,OK,,600,450,RGB
HAM10000_images_part_1\ISIC_0028990.jpg,OK,,600,450,RGB
HAM10000_images_part_1\ISIC_0028991.jpg,OK,,600,450,RGB
HAM10000_images_part_1\ISIC_0028992.jpg,OK,,600,450,RGB
HAM10000_images_part_1\ISIC_0028993.jpg,OK,,600,450,RGB
HAM10000_images_part_1\ISIC_0028994.jpg,OK,,600,450,RGB
HAM10000_images_part_1\ISIC_0028995.jpg,OK,,600,450,RGB
HAM10000_images_part_1\ISIC_0028996.jpg,OK,,600,450,RGB
HAM10000_images_part_1\ISIC_0028997.jpg,OK,,600,450,RGB
HAM10000_images_part_1\ISIC_0028998.jpg,OK,,600,450,RGB
HAM10000_images_part_1\ISIC_0028999.jpg,OK,,600,450,RGB
HAM10000_images_part_1\ISIC_0029000.jpg,OK,,600,450,RGB
HAM10000_images_part_1\ISIC_0029001.jpg,OK,,600,450,RGB
HAM10000_images_part_1\ISIC_0029002.jpg,OK,,600,450,RGB
HAM10000_images_part_1\ISIC_0029003.jpg,OK,,600,450,RGB
HAM10000_images_part_1\ISIC_0029004.jpg,OK,,600,450,RGB
HAM10000_images_part_1\ISIC_0029005.jpg,OK,,600,450,RGB
HAM10000_images_part_1\ISIC_0029006.jpg,OK,,600,450,RGB
HAM10000_images_part_1\ISIC_0029007.jpg,OK,,600,450,RGB
HAM10000_images_part_1\ISIC_0029008.jpg,OK,,600,450,RGB
HAM10000_images_part_1\ISIC_0029009.jpg,OK,,600,450,RGB
HAM10000_images_part_1\ISIC_0029010.jpg,OK,,600,450,RGB
HAM10000_images_part_1\ISIC_0029011.jpg,OK,,600,450,RGB
HAM10000_images_part_1\ISIC_0029012.jpg,OK,,600,450,RGB
HAM10000_images_part_1\ISIC_0029013.jpg,OK,,600,450,RGB
HAM10000_images_part_1\ISIC_0029014.jpg,OK,,600,450,RGB
HAM10000_images_part_1\ISIC_0029015.jpg,OK,,600,450,RGB
HAM10000_images_part_1\ISIC_0029016.jpg,OK,,600,450,RGB
HAM10000_images_part_1\ISIC_0029017.jpg,OK,,600,450,RGB
HAM10000_images_part_1\ISIC_0029018.jpg,OK,,600,450,RGB
HAM10000_images_part_1\ISIC_0029019.jpg,OK,,600,450,RGB
HAM10000_images_part_1\ISIC_0029020.jpg,OK,,600,450,RGB
HAM10000_images_part_1\ISIC_0029021.jpg,OK,,600,450,RGB
HAM10000_images_part_1\ISIC_0029022.jpg,OK,,600,450,RGB
HAM10000_images_part_1\ISIC_0029023.jpg,OK,,600,450,RGB
HAM10000_images_part_1\ISIC_0029024.jpg,OK,,600,450,RGB
HAM10000_images_part_1\ISIC_0029025.jpg,OK,,600,450,RGB
HAM10000_images_part_1\ISIC_0029026.jpg,OK,,600,450,RGB
HAM10000_images_part_1\ISIC_0029027.jpg,OK,,600,450,RGB
HAM10000_images_part_1\ISIC_0029028.jpg,OK,,600,450,RGB
HAM10000_images_part_1\ISIC_0029029.jpg,OK,,600,450,RGB
HAM10000_images_part_1\ISIC_0029030.jpg,OK,,600,450,RGB
HAM10000_images_part_1\ISIC_0029031.jpg,OK,,600,450,RGB
HAM10000_images_part_1\ISIC_0029032.jpg,OK,,600,450,RGB
HAM10000_images_part_1\ISIC_0029033.jpg,OK,,600,450,RGB
HAM10000_images_part_1\ISIC_0029034.jpg,OK,,600,450,RGB
HAM10000_images_part_1\ISIC_0029035.jpg,OK,,600,450,RGB
HAM10000_images_part_1\ISIC_0029036.jpg,OK,,600,450,RGB
HAM10000_images_part_1\ISIC_0029037.jpg,OK,,600,450,RGB
HAM10000_images_part_1\ISIC_0029038.jpg,OK,,600,450,RGB
HAM10000_images_part_1\ISIC_0029039.jpg,OK,,600,450,RGB
HAM10000_images_part_1\ISIC_0029040.jpg,OK,,600,450,RGB
HAM10000_images_part_1\ISIC_0029041.jpg,OK,,600,450,RGB
HAM10000_images_part_1\ISIC_0029042.jpg,OK,,600,450,RGB
HAM10000_images_part_1\ISIC_0029043.jpg,OK,,600,450,RGB
HAM10000_images_part_1\ISIC_0029044.jpg,OK,,600,450,RGB
HAM10000_images_part_1\ISIC_0029045.jpg,OK,,600,450,RGB
HAM10000_images_part_1\ISIC_0029046.jpg,OK,,600,450,RGB
HAM10000_images_part_1\ISIC_0029047.jpg,OK,,600,450,RGB
HAM10000_images_part_1\ISIC_0029048.jpg,OK,,600,450,RGB
HAM10000_images_part_1\ISIC_0029049.jpg,OK,,600,450,RGB
HAM10000_images_part_1\ISIC_0029050.jpg,OK,,600,450,RGB
HAM10000_images_part_1\ISIC_0029051.jpg,OK,,600,450,RGB
HAM10000_images_part_1\ISIC_0029052.jpg,OK,,600,450,RGB
HAM10000_images_part_1\ISIC_0029053.jpg,OK,,600,450,RGB
HAM10000_images_part_1\ISIC_0029054.jpg,OK,,600,450,RGB
HAM10000_images_part_1\ISIC_0029055.jpg,OK,,600,450,RGB
HAM10000_images_part_1\ISIC_0029056.jpg,OK,,600,450,RGB
HAM10000_images_part_1\ISIC_0029057.jpg,OK,,600,450,RGB
HAM10000_images_part_1\ISIC_0029058.jpg,OK,,600,450,RGB
HAM10000_images_part_1\ISIC_0029059.jpg,OK,,600,450,RGB
HAM10000_images_part_1\ISIC_0029060.jpg,OK,,600,450,RGB
HAM10000_images_part_1\ISIC_0029061.jpg,OK,,600,450,RGB
HAM10000_images_part_1\ISIC_0029062.jpg,OK,,600,450,RGB
HAM10000_images_part_1\ISIC_0029063.jpg,OK,,600,450,RGB
HAM10000_images_part_1\ISIC_0029064.jpg,OK,,600,450,RGB
HAM10000_images_part_1\ISIC_0029065.jpg,OK,,600,450,RGB
HAM10000_images_part_1\ISIC_0029066.jpg,OK,,600,450,RGB
HAM10000_images_part_1\ISIC_0029067.jpg,OK,,600,450,RGB
HAM10000_images_part_1\ISIC_0029068.jpg,OK,,600,450,RGB
HAM10000_images_part_1\ISIC_0029069.jpg,OK,,600,450,RGB
HAM10000_images_part_1\ISIC_0029070.jpg,OK,,600,450,RGB
HAM10000_images_part_1\ISIC_0029071.jpg,OK,,600,450,RGB
HAM10000_images_part_1\ISIC_0029072.jpg,OK,,600,450,RGB
HAM10000_images_part_1\ISIC_0029073.jpg,OK,,600,450,RGB
HAM10000_images_part_1\ISIC_0029074.jpg,OK,,600,450,RGB
HAM10000_images_part_1\ISIC_0029075.jpg,OK,,600,450,RGB
HAM10000_images_part_1\ISIC_0029076.jpg,OK,,600,450,RGB
HAM10000_images_part_1\ISIC_0029077.jpg,OK,,600,450,RGB
HAM10000_images_part_1\ISIC_0029078.jpg,OK,,600,450,RGB
HAM10000_images_part_1\ISIC_0029079.jpg,OK,,600,450,RGB
HAM10000_images_part_1\ISIC_0029080.jpg,OK,,600,450,RGB
HAM10000_images_part_1\ISIC_0029081.jpg,OK,,600,450,RGB
HAM10000_images_part_1\ISIC_0029082.jpg,OK,,600,450,RGB
HAM10000_images_part_1\ISIC_0029083.jpg,OK,,600,450,RGB
HAM10000_images_part_1\ISIC_0029084.jpg,OK,,600,450,RGB
HAM10000_images_part_1\ISIC_0029085.jpg,OK,,600,450,RGB
HAM10000_images_part_1\ISIC_0029086.jpg,OK,,600,450,RGB
HAM10000_images_part_1\ISIC_0029087.jpg,OK,,600,450,RGB
HAM10000_images_part_1\ISIC_0029088.jpg,OK,,600,450,RGB
HAM10000_images_part_1\ISIC_0029089.jpg,OK,,600,450,RGB
HAM10000_images_part_1\ISIC_0029090.jpg,OK,,600,450,RGB
HAM10000_images_part_1\ISIC_0029091.jpg,OK,,600,450,RGB
HAM10000_images_part_1\ISIC_0029092.jpg,OK,,600,450,RGB
HAM10000_images_part_1\ISIC_0029093.jpg,OK,,600,450,RGB
HAM10000_images_part_1\ISIC_0029094.jpg,OK,,600,450,RGB
HAM10000_images_part_1\ISIC_0029095.jpg,OK,,600,450,RGB
HAM10000_images_part_1\ISIC_0029096.jpg,OK,,600,450,RGB
HAM10000_images_part_1\ISIC_0029097.jpg,OK,,600,450,RGB
HAM10000_images_part_1\ISIC_0029098.jpg,OK,,600,450,RGB
HAM10000_images_part_1\ISIC_0029099.jpg,OK,,600,450,RGB
HAM10000_images_part_1\ISIC_0029100.jpg,OK,,600,450,RGB
HAM10000_images_part_1\ISIC_0029101.jpg,OK,,600,450,RGB
HAM10000_images_part_1\ISIC_0029102.jpg,OK,,600,450,RGB
HAM10000_images_part_1\ISIC_0029103.jpg,OK,,600,450,RGB
HAM10000_images_part_1\ISIC_0029104.jpg,OK,,600,450,RGB
HAM10000_images_part_1\ISIC_0029105.jpg,OK,,600,450,RGB
HAM10000_images_part_1\ISIC_0029106.jpg,OK,,600,450,RGB
HAM10000_images_part_1\ISIC_0029107.jpg,OK,,600,450,RGB
HAM10000_images_part_1\ISIC_0029108.jpg,OK,,600,450,RGB
HAM10000_images_part_1\ISIC_0029109.jpg,OK,,600,450,RGB
HAM10000_images_part_1\ISIC_0029110.jpg,OK,,600,450,RGB
HAM10000_images_part_1\ISIC_0029111.jpg,OK,,600,450,RGB
HAM10000_images_part_1\ISIC_0029112.jpg,OK,,600,450,RGB
HAM10000_images_part_1\ISIC_0029113.jpg,OK,,600,450,RGB
HAM10000_images_part_1\ISIC_0029114.jpg,OK,,600,450,RGB
HAM10000_images_part_1\ISIC_0029115.jpg,OK,,600,450,RGB
HAM10000_images_part_1\ISIC_0029116.jpg,OK,,600,450,RGB
HAM10000_images_part_1\ISIC_0029117.jpg,OK,,600,450,RGB
HAM10000_images_part_1\ISIC_0029118.jpg,OK,,600,450,RGB
HAM10000_images_part_1\ISIC_0029119.jpg,OK,,600,450,RGB
HAM10000_images_part_1\ISIC_0029120.jpg,OK,,600,450,RGB
HAM10000_images_part_1\ISIC_0029121.jpg,OK,,600,450,RGB
HAM10000_images_part_1\ISIC_0029122.jpg,OK,,600,450,RGB
HAM10000_images_part_1\ISIC_0029123.jpg,OK,,600,450,RGB
HAM10000_images_part_1\ISIC_0029124.jpg,OK,,600,450,RGB
HAM10000_images_part_1\ISIC_0029125.jpg,OK,,600,450,RGB
HAM10000_images_part_1\ISIC_0029126.jpg,OK,,600,450,RGB
HAM10000_images_part_1\ISIC_0029127.jpg,OK,,600,450,RGB
HAM10000_images_part_1\ISIC_0029128.jpg,OK,,600,450,RGB
HAM10000_images_part_1\ISIC_0029129.jpg,OK,,600,450,RGB
HAM10000_images_part_1\ISIC_0029130.jpg,OK,,600,450,RGB
HAM10000_images_part_1\ISIC_0029131.jpg,OK,,600,450,RGB
HAM10000_images_part_1\ISIC_0029132.jpg,OK,,600,450,RGB
HAM10000_images_part_1\ISIC_0029133.jpg,OK,,600,450,RGB
HAM10000_images_part_1\ISIC_0029134.jpg,OK,,600,450,RGB
HAM10000_images_part_1\ISIC_0029135.jpg,OK,,600,450,RGB
HAM10000_images_part_1\ISIC_0029136.jpg,OK,,600,450,RGB
HAM10000_images_part_1\ISIC_0029137.jpg,OK,,600,450,RGB
HAM10000_images_part_1\ISIC_0029138.jpg,OK,,600,450,RGB
HAM10000_images_part_1\ISIC_0029139.jpg,OK,,600,450,RGB
HAM10000_images_part_1\ISIC_0029140.jpg,OK,,600,450,RGB
HAM10000_images_part_1\ISIC_0029141.jpg,OK,,600,450,RGB
HAM10000_images_part_1\ISIC_0029142.jpg,OK,,600,450,RGB
HAM10000_images_part_1\ISIC_0029143.jpg,OK,,600,450,RGB
HAM10000_images_part_1\ISIC_0029144.jpg,OK,,600,450,RGB
HAM10000_images_part_1\ISIC_0029145.jpg,OK,,600,450,RGB
HAM10000_images_part_1\ISIC_0029146.jpg,OK,,600,450,RGB
HAM10000_images_part_1\ISIC_0029147.jpg,OK,,600,450,RGB
HAM10000_images_part_1\ISIC_0029148.jpg,OK,,600,450,RGB
HAM10000_images_part_1\ISIC_0029149.jpg,OK,,600,450,RGB
HAM10000_images_part_1\ISIC_0029150.jpg,OK,,600,450,RGB
HAM10000_images_part_1\ISIC_0029151.jpg,OK,,600,450,RGB
HAM10000_images_part_1\ISIC_0029152.jpg,OK,,600,450,RGB
HAM10000_images_part_1\ISIC_0029153.jpg,OK,,600,450,RGB
HAM10000_images_part_1\ISIC_0029154.jpg,OK,,600,450,RGB
HAM10000_images_part_1\ISIC_0029155.jpg,OK,,600,450,RGB
HAM10000_images_part_1\ISIC_0029156.jpg,OK,,600,450,RGB
HAM10000_images_part_1\ISIC_0029157.jpg,OK,,600,450,RGB
HAM10000_images_part_1\ISIC_0029158.jpg,OK,,600,450,RGB
HAM10000_images_part_1\ISIC_0029159.jpg,OK,,600,450,RGB
HAM10000_images_part_1\ISIC_0029160.jpg,OK,,600,450,RGB
HAM10000_images_part_1\ISIC_0029161.jpg,OK,,600,450,RGB
HAM10000_images_part_1\ISIC_0029162.jpg,OK,,600,450,RGB
HAM10000_images_part_1\ISIC_0029163.jpg,OK,,600,450,RGB
HAM10000_images_part_1\ISIC_0029164.jpg,OK,,600,450,RGB
HAM10000_images_part_1\ISIC_0029165.jpg,OK,,600,450,RGB
HAM10000_images_part_1\ISIC_0029166.jpg,OK,,600,450,RGB
HAM10000_images_part_1\ISIC_0029167.jpg,OK,,600,450,RGB
HAM10000_images_part_1\ISIC_0029168.jpg,OK,,600,450,RGB
HAM10000_images_part_1\ISIC_0029169.jpg,OK,,600,450,RGB
HAM10000_images_part_1\ISIC_0029170.jpg,OK,,600,450,RGB
HAM10000_images_part_1\ISIC_0029171.jpg,OK,,600,450,RGB
HAM10000_images_part_1\ISIC_0029172.jpg,OK,,600,450,RGB
HAM10000_images_part_1\ISIC_0029173.jpg,OK,,600,450,RGB
HAM10000_images_part_1\ISIC_0029174.jpg,OK,,600,450,RGB
HAM10000_images_part_1\ISIC_0029175.jpg,OK,,600,450,RGB
HAM10000_images_part_1\ISIC_0029176.jpg,OK,,600,450,RGB
HAM10000_images_part_1\ISIC_0029177.jpg,OK,,600,450,RGB
HAM10000_images_part_1\ISIC_0029178.jpg,OK,,600,450,RGB
HAM10000_images_part_1\ISIC_0029179.jpg,OK,,600,450,RGB
HAM10000_images_part_1\ISIC_0029180.jpg,OK,,600,450,RGB
HAM10000_images_part_1\ISIC_0029181.jpg,OK,,600,450,RGB
HAM10000_images_part_1\ISIC_0029182.jpg,OK,,600,450,RGB
HAM10000_images_part_1\ISIC_0029183.jpg,OK,,600,450,RGB
HAM10000_images_part_1\ISIC_0029184.jpg,OK,,600,450,RGB
HAM10000_images_part_1\ISIC_0029185.jpg,OK,,600,450,RGB
HAM10000_images_part_1\ISIC_0029186.jpg,OK,,600,450,RGB
HAM10000_images_part_1\ISIC_0029187.jpg,OK,,600,450,RGB
HAM10000_images_part_1\ISIC_0029188.jpg,OK,,600,450,RGB
HAM10000_images_part_1\ISIC_0029189.jpg,OK,,600,450,RGB
HAM10000_images_part_1\ISIC_0029190.jpg,OK,,600,450,RGB
HAM10000_images_part_1\ISIC_0029191.jpg,OK,,600,450,RGB
HAM10000_images_part_1\ISIC_0029192.jpg,OK,,600,450,RGB
HAM10000_images_part_1\ISIC_0029193.jpg,OK,,600,450,RGB
HAM10000_images_part_1\ISIC_0029194.jpg,OK,,600,450,RGB
HAM10000_images_part_1\ISIC_0029195.jpg,OK,,600,450,RGB
HAM10000_images_part_1\ISIC_0029196.jpg,OK,,600,450,RGB
HAM10000_images_part_1\ISIC_0029197.jpg,OK,,600,450,RGB
HAM10000_images_part_1\ISIC_0029198.jpg,OK,,600,450,RGB
HAM10000_images_part_1\ISIC_0029199.jpg,OK,,600,450,RGB
HAM10000_images_part_1\ISIC_0029200.jpg,OK,,600,450,RGB
HAM10000_images_part_1\ISIC_0029201.jpg,OK,,600,450,RGB
HAM10000_images_part_1\ISIC_0029202.jpg,OK,,600,450,RGB
HAM10000_images_part_1\ISIC_0029203.jpg,OK,,600,450,RGB
HAM10000_images_part_1\ISIC_0029204.jpg,OK,,600,450,RGB
HAM10000_images_part_1\ISIC_0029205.jpg,OK,,600,450,RGB
HAM10000_images_part_1\ISIC_0029206.jpg,OK,,600,450,RGB
HAM10000_images_part_1\ISIC_0029207.jpg,OK,,600,450,RGB
HAM10000_images_part_1\ISIC_0029208.jpg,OK,,600,450,RGB
HAM10000_images_part_1\ISIC_0029209.jpg,OK,,600,450,RGB
HAM10000_images_part_1\ISIC_0029210.jpg,OK,,600,450,RGB
HAM10000_images_part_1\ISIC_0029211.jpg,OK,,600,450,RGB
HAM10000_images_part_1\ISIC_0029212.jpg,OK,,600,450,RGB
HAM10000_images_part_1\ISIC_0029213.jpg,OK,,600,450,RGB
HAM10000_images_part_1\ISIC_0029214.jpg,OK,,600,450,RGB
HAM10000_images_part_1\ISIC_0029215.jpg,OK,,600,450,RGB
HAM10000_images_part_1\ISIC_0029216.jpg,OK,,600,450,RGB
HAM10000_images_part_1\ISIC_0029217.jpg,OK,,600,450,RGB
HAM10000_images_part_1\ISIC_0029218.jpg,OK,,600,450,RGB
HAM10000_images_part_1\ISIC_0029219.jpg,OK,,600,450,RGB
HAM10000_images_part_1\ISIC_0029220.jpg,OK,,600,450,RGB
HAM10000_images_part_1\ISIC_0029221.jpg,OK,,600,450,RGB
HAM10000_images_part_1\ISIC_0029222.jpg,OK,,600,450,RGB
HAM10000_images_part_1\ISIC_0029223.jpg,OK,,600,450,RGB
HAM10000_images_part_1\ISIC_0029224.jpg,OK,,600,450,RGB
HAM10000_images_part_1\ISIC_0029225.jpg,OK,,600,450,RGB
HAM10000_images_part_1\ISIC_0029226.jpg,OK,,600,450,RGB
HAM10000_images_part_1\ISIC_0029227.jpg,OK,,600,450,RGB
HAM10000_images_part_1\ISIC_0029228.jpg,OK,,600,450,RGB
HAM10000_images_part_1\ISIC_0029229.jpg,OK,,600,450,RGB
HAM10000_images_part_1\ISIC_0029230.jpg,OK,,600,450,RGB
HAM10000_images_part_1\ISIC_0029231.jpg,OK,,600,450,RGB
HAM10000_images_part_1\ISIC_0029232.jpg,OK,,600,450,RGB
HAM10000_images_part_1\ISIC_0029233.jpg,OK,,600,450,RGB
HAM10000_images_part_1\ISIC_0029234.jpg,OK,,600,450,RGB
HAM10000_images_part_1\ISIC_0029235.jpg,OK,,600,450,RGB
HAM10000_images_part_1\ISIC_0029236.jpg,OK,,600,450,RGB
HAM10000_images_part_1\ISIC_0029237.jpg,OK,,600,450,RGB
HAM10000_images_part_1\ISIC_0029238.jpg,OK,,600,450,RGB
HAM10000_images_part_1\ISIC_0029239.jpg,OK,,600,450,RGB
HAM10000_images_part_1\ISIC_0029240.jpg,OK,,600,450,RGB
HAM10000_images_part_1\ISIC_0029241.jpg,OK,,600,450,RGB
HAM10000_images_part_1\ISIC_0029242.jpg,OK,,600,450,RGB
HAM10000_images_part_1\ISIC_0029243.jpg,OK,,600,450,RGB
HAM10000_images_part_1\ISIC_0029244.jpg,OK,,600,450,RGB
HAM10000_images_part_1\ISIC_0029245.jpg,OK,,600,450,RGB
HAM10000_images_part_1\ISIC_0029246.jpg,OK,,600,450,RGB
HAM10000_images_part_1\ISIC_0029247.jpg,OK,,600,450,RGB
HAM10000_images_part_1\ISIC_0029248.jpg,OK,,600,450,RGB
HAM10000_images_part_1\ISIC_0029249.jpg,OK,,600,450,RGB
HAM10000_images_part_1\ISIC_0029250.jpg,OK,,600,450,RGB
HAM10000_images_part_1\ISIC_0029251.jpg,OK,,600,450,RGB
HAM10000_images_part_1\ISIC_0029252.jpg,OK,,600,450,RGB
HAM10000_images_part_1\ISIC_0029253.jpg,OK,,600,450,RGB
HAM10000_images_part_1\ISIC_0029254.jpg,OK,,600,450,RGB
HAM10000_images_part_1\ISIC_0029255.jpg,OK,,600,450,RGB
HAM10000_images_part_1\ISIC_0029256.jpg,OK,,600,450,RGB
HAM10000_images_part_1\ISIC_0029257.jpg,OK,,600,450,RGB
HAM10000_images_part_1\ISIC_0029258.jpg,OK,,600,450,RGB
HAM10000_images_part_1\ISIC_0029259.jpg,OK,,600,450,RGB
HAM10000_images_part_1\ISIC_0029260.jpg,OK,,600,450,RGB
HAM10000_images_part_1\ISIC_0029261.jpg,OK,,600,450,RGB
HAM10000_images_part_1\ISIC_0029262.jpg,OK,,600,450,RGB
HAM10000_images_part_1\ISIC_0029263.jpg,OK,,600,450,RGB
HAM10000_images_part_1\ISIC_0029264.jpg,OK,,600,450,RGB
HAM10000_images_part_1\ISIC_0029265.jpg,OK,,600,450,RGB
HAM10000_images_part_1\ISIC_0029266.jpg,OK,,600,450,RGB
HAM10000_images_part_1\ISIC_0029267.jpg,OK,,600,450,RGB
HAM10000_images_part_1\ISIC_0029268.jpg,OK,,600,450,RGB
HAM10000_images_part_1\ISIC_0029269.jpg,OK,,600,450,RGB
HAM10000_images_part_1\ISIC_0029270.jpg,OK,,600,450,RGB
HAM10000_images_part_1\ISIC_0029271.jpg,OK,,600,450,RGB
HAM10000_images_part_1\ISIC_0029272.jpg,OK,,600,450,RGB
HAM10000_images_part_1\ISIC_0029273.jpg,OK,,600,450,RGB
HAM10000_images_part_1\ISIC_0029274.jpg,OK,,600,450,RGB
HAM10000_images_part_1\ISIC_0029275.jpg,OK,,600,450,RGB
HAM10000_images_part_1\ISIC_0029276.jpg,OK,,600,450,RGB
HAM10000_images_part_1\ISIC_0029277.jpg,OK,,600,450,RGB
HAM10000_images_part_1\ISIC_0029278.jpg,OK,,600,450,RGB
HAM10000_images_part_1\ISIC_0029279.jpg,OK,,600,450,RGB
HAM10000_images_part_1\ISIC_0029280.jpg,OK,,600,450,RGB
HAM10000_images_part_1\ISIC_0029281.jpg,OK,,600,450,RGB
HAM10000_images_part_1\ISIC_0029282.jpg,OK,,600,450,RGB
HAM10000_images_part_1\ISIC_0029283.jpg,OK,,600,450,RGB
HAM10000_images_part_1\ISIC_0029284.jpg,OK,,600,450,RGB
HAM10000_images_part_1\ISIC_0029285.jpg,OK,,600,450,RGB
HAM10000_images_part_1\ISIC_0029286.jpg,OK,,600,450,RGB
HAM10000_images_part_1\ISIC_0029287.jpg,OK,,600,450,RGB
HAM10000_images_part_1\ISIC_0029288.jpg,OK,,600,450,RGB
HAM10000_images_part_1\ISIC_0029289.jpg,OK,,600,450,RGB
HAM10000_images_part_1\ISIC_0029290.jpg,OK,,600,450,RGB
HAM10000_images_part_1\ISIC_0029291.jpg,OK,,600,450,RGB
HAM10000_images_part_1\ISIC_0029292.jpg,OK,,600,450,RGB
HAM10000_images_part_1\ISIC_0029293.jpg,OK,,600,450,RGB
HAM10000_images_part_1\ISIC_0029294.jpg,OK,,600,450,RGB
HAM10000_images_part_1\ISIC_0029295.jpg,OK,,600,450,RGB
HAM10000_images_part_1\ISIC_0029296.jpg,OK,,600,450,RGB
HAM10000_images_part_1\ISIC_0029297.jpg,OK,,600,450,RGB
HAM10000_images_part_1\ISIC_0029298.jpg,OK,,600,450,RGB
HAM10000_images_part_1\ISIC_0029299.jpg,OK,,600,450,RGB
HAM10000_images_part_1\ISIC_0029300.jpg,OK,,600,450,RGB
HAM10000_images_part_1\ISIC_0029301.jpg,OK,,600,450,RGB
HAM10000_images_part_1\ISIC_0029302.jpg,OK,,600,450,RGB
HAM10000_images_part_1\ISIC_0029303.jpg,OK,,600,450,RGB
HAM10000_images_part_1\ISIC_0029304.jpg,OK,,600,450,RGB
HAM10000_images_part_1\ISIC_0029305.jpg,OK,,600,450,RGB
HAM10000_images_part_2\ISIC_0029306.jpg,OK,,600,450,RGB
HAM10000_images_part_2\ISIC_0029307.jpg,OK,,600,450,RGB
HAM10000_images_part_2\ISIC_0029308.jpg,OK,,600,450,RGB
HAM10000_images_part_2\ISIC_0029309.jpg,OK,,600,450,RGB
HAM10000_images_part_2\ISIC_0029310.jpg,OK,,600,450,RGB
HAM10000_images_part_2\ISIC_0029311.jpg,OK,,600,450,RGB
HAM10000_images_part_2\ISIC_0029312.jpg,OK,,600,450,RGB
HAM10000_images_part_2\ISIC_0029313.jpg,OK,,600,450,RGB
HAM10000_images_part_2\ISIC_0029314.jpg,OK,,600,450,RGB
HAM10000_images_part_2\ISIC_0029315.jpg,OK,,600,450,RGB
HAM10000_images_part_2\ISIC_0029316.jpg,OK,,600,450,RGB
HAM10000_images_part_2\ISIC_0029317.jpg,OK,,600,450,RGB
HAM10000_images_part_2\ISIC_0029318.jpg,OK,,600,450,RGB
HAM10000_images_part_2\ISIC_0029319.jpg,OK,,600,450,RGB
HAM10000_images_part_2\ISIC_0029320.jpg,OK,,600,450,RGB
HAM10000_images_part_2\ISIC_0029321.jpg,OK,,600,450,RGB
HAM10000_images_part_2\ISIC_0029322.jpg,OK,,600,450,RGB
HAM10000_images_part_2\ISIC_0029323.jpg,OK,,600,450,RGB
HAM10000_images_part_2\ISIC_0029324.jpg,OK,,600,450,RGB
HAM10000_images_part_2\ISIC_0029325.jpg,OK,,600,450,RGB
HAM10000_images_part_2\ISIC_0029326.jpg,OK,,600,450,RGB
HAM10000_images_part_2\ISIC_0029327.jpg,OK,,600,450,RGB
HAM10000_images_part_2\ISIC_0029328.jpg,OK,,600,450,RGB
HAM10000_images_part_2\ISIC_0029329.jpg,OK,,600,450,RGB
HAM10000_images_part_2\ISIC_0029330.jpg,OK,,600,450,RGB
HAM10000_images_part_2\ISIC_0029331.jpg,OK,,600,450,RGB
HAM10000_images_part_2\ISIC_0029332.jpg,OK,,600,450,RGB
HAM10000_images_part_2\ISIC_0029333.jpg,OK,,600,450,RGB
HAM10000_images_part_2\ISIC_0029334.jpg,OK,,600,450,RGB
HAM10000_images_part_2\ISIC_0029335.jpg,OK,,600,450,RGB
HAM10000_images_part_2\ISIC_0029336.jpg,OK,,600,450,RGB
HAM10000_images_part_2\ISIC_0029337.jpg,OK,,600,450,RGB
HAM10000_images_part_2\ISIC_0029338.jpg,OK,,600,450,RGB
HAM10000_images_part_2\ISIC_0029339.jpg,OK,,600,450,RGB
HAM10000_images_part_2\ISIC_0029340.jpg,OK,,600,450,RGB
HAM10000_images_part_2\ISIC_0029341.jpg,OK,,600,450,RGB
HAM10000_images_part_2\ISIC_0029342.jpg,OK,,600,450,RGB
HAM10000_images_part_2\ISIC_0029343.jpg,OK,,600,450,RGB
HAM10000_images_part_2\ISIC_0029344.jpg,OK,,600,450,RGB
HAM10000_images_part_2\ISIC_0029345.jpg,OK,,600,450,RGB
HAM10000_images_part_2\ISIC_0029346.jpg,OK,,600,450,RGB
HAM10000_images_part_2\ISIC_0029347.jpg,OK,,600,450,RGB
HAM10000_images_part_2\ISIC_0029348.jpg,OK,,600,450,RGB
HAM10000_images_part_2\ISIC_0029349.jpg,OK,,600,450,RGB
HAM10000_images_part_2\ISIC_0029350.jpg,OK,,600,450,RGB
HAM10000_images_part_2\ISIC_0029351.jpg,OK,,600,450,RGB
HAM10000_images_part_2\ISIC_0029352.jpg,OK,,600,450,RGB
HAM10000_images_part_2\ISIC_0029353.jpg,OK,,600,450,RGB
HAM10000_images_part_2\ISIC_0029354.jpg,OK,,600,450,RGB
HAM10000_images_part_2\ISIC_0029355.jpg,OK,,600,450,RGB
HAM10000_images_part_2\ISIC_0029356.jpg,OK,,600,450,RGB
HAM10000_images_part_2\ISIC_0029357.jpg,OK,,600,450,RGB
HAM10000_images_part_2\ISIC_0029358.jpg,OK,,600,450,RGB
HAM10000_images_part_2\ISIC_0029359.jpg,OK,,600,450,RGB
HAM10000_images_part_2\ISIC_0029360.jpg,OK,,600,450,RGB
HAM10000_images_part_2\ISIC_0029361.jpg,OK,,600,450,RGB
HAM10000_images_part_2\ISIC_0029362.jpg,OK,,600,450,RGB
HAM10000_images_part_2\ISIC_0029363.jpg,OK,,600,450,RGB
HAM10000_images_part_2\ISIC_0029364.jpg,OK,,600,450,RGB
HAM10000_images_part_2\ISIC_0029365.jpg,OK,,600,450,RGB
HAM10000_images_part_2\ISIC_0029366.jpg,OK,,600,450,RGB
HAM10000_images_part_2\ISIC_0029367.jpg,OK,,600,450,RGB
HAM10000_images_part_2\ISIC_0029368.jpg,OK,,600,450,RGB
HAM10000_images_part_2\ISIC_0029369.jpg,OK,,600,450,RGB
HAM10000_images_part_2\ISIC_0029370.jpg,OK,,600,450,RGB
HAM10000_images_part_2\ISIC_0029371.jpg,OK,,600,450,RGB
HAM10000_images_part_2\ISIC_0029372.jpg,OK,,600,450,RGB
HAM10000_images_part_2\ISIC_0029373.jpg,OK,,600,450,RGB
HAM10000_images_part_2\ISIC_0029374.jpg,OK,,600,450,RGB
HAM10000_images_part_2\ISIC_0029375.jpg,OK,,600,450,RGB
HAM10000_images_part_2\ISIC_0029376.jpg,OK,,600,450,RGB
HAM10000_images_part_2\ISIC_0029377.jpg,OK,,600,450,RGB
HAM10000_images_part_2\ISIC_0029378.jpg,OK,,600,450,RGB
HAM10000_images_part_2\ISIC_0029379.jpg,OK,,600,450,RGB
HAM10000_images_part_2\ISIC_0029380.jpg,OK,,600,450,RGB
HAM10000_images_part_2\ISIC_0029381.jpg,OK,,600,450,RGB
HAM10000_images_part_2\ISIC_0029382.jpg,OK,,600,450,RGB
HAM10000_images_part_2\ISIC_0029383.jpg,OK,,600,450,RGB
HAM10000_images_part_2\ISIC_0029384.jpg,OK,,600,450,RGB
HAM10000_images_part_2\ISIC_0029385.jpg,OK,,600,450,RGB
HAM10000_images_part_2\ISIC_0029386.jpg,OK,,600,450,RGB
HAM10000_images_part_2\ISIC_0029387.jpg,OK,,600,450,RGB
HAM10000_images_part_2\ISIC_0029388.jpg,OK,,600,450,RGB
HAM10000_images_part_2\ISIC_0029389.jpg,OK,,600,450,RGB
HAM10000_images_part_2\ISIC_0029390.jpg,OK,,600,450,RGB
HAM10000_images_part_2\ISIC_0029391.jpg,OK,,600,450,RGB
HAM10000_images_part_2\ISIC_0029392.jpg,OK,,600,450,RGB
HAM10000_images_part_2\ISIC_0029393.jpg,OK,,600,450,RGB
HAM10000_images_part_2\ISIC_0029394.jpg,OK,,600,450,RGB
HAM10000_images_part_2\ISIC_0029395.jpg,OK,,600,450,RGB
HAM10000_images_part_2\ISIC_0029396.jpg,OK,,600,450,RGB
HAM10000_images_part_2\ISIC_0029397.jpg,OK,,600,450,RGB
HAM10000_images_part_2\ISIC_0029398.jpg,OK,,600,450,RGB
HAM10000_images_part_2\ISIC_0029399.jpg,OK,,600,450,RGB
HAM10000_images_part_2\ISIC_0029400.jpg,OK,,600,450,RGB
HAM10000_images_part_2\ISIC_0029401.jpg,OK,,600,450,RGB
HAM10000_images_part_2\ISIC_0029402.jpg,OK,,600,450,RGB
HAM10000_images_part_2\ISIC_0029403.jpg,OK,,600,450,RGB
HAM10000_images_part_2\ISIC_0029404.jpg,OK,,600,450,RGB
HAM10000_images_part_2\ISIC_0029405.jpg,OK,,600,450,RGB
HAM10000_images_part_2\ISIC_0029406.jpg,OK,,600,450,RGB
HAM10000_images_part_2\ISIC_0029407.jpg,OK,,600,450,RGB
HAM10000_images_part_2\ISIC_0029408.jpg,OK,,600,450,RGB
HAM10000_images_part_2\ISIC_0029409.jpg,OK,,600,450,RGB
HAM10000_images_part_2\ISIC_0029410.jpg,OK,,600,450,RGB
HAM10000_images_part_2\ISIC_0029411.jpg,OK,,600,450,RGB
HAM10000_images_part_2\ISIC_0029412.jpg,OK,,600,450,RGB
HAM10000_images_part_2\ISIC_0029413.jpg,OK,,600,450,RGB
HAM10000_images_part_2\ISIC_0029414.jpg,OK,,600,450,RGB
HAM10000_images_part_2\ISIC_0029415.jpg,OK,,600,450,RGB
HAM10000_images_part_2\ISIC_0029416.jpg,OK,,600,450,RGB
HAM10000_images_part_2\ISIC_0029417.jpg,OK,,600,450,RGB
HAM10000_images_part_2\ISIC_0029418.jpg,OK,,600,450,RGB
HAM10000_images_part_2\ISIC_0029419.jpg,OK,,600,450,RGB
HAM10000_images_part_2\ISIC_0029420.jpg,OK,,600,450,RGB
HAM10000_images_part_2\ISIC_0029421.jpg,OK,,600,450,RGB
HAM10000_images_part_2\ISIC_0029422.jpg,OK,,600,450,RGB
HAM10000_images_part_2\ISIC_0029423.jpg,OK,,600,450,RGB
HAM10000_images_part_2\ISIC_0029424.jpg,OK,,600,450,RGB
HAM10000_images_part_2\ISIC_0029425.jpg,OK,,600,450,RGB
HAM10000_images_part_2\ISIC_0029426.jpg,OK,,600,450,RGB
HAM10000_images_part_2\ISIC_0029427.jpg,OK,,600,450,RGB
HAM10000_images_part_2\ISIC_0029428.jpg,OK,,600,450,RGB
HAM10000_images_part_2\ISIC_0029429.jpg,OK,,600,450,RGB
HAM10000_images_part_2\ISIC_0029430.jpg,OK,,600,450,RGB
HAM10000_images_part_2\ISIC_0029431.jpg,OK,,600,450,RGB
HAM10000_images_part_2\ISIC_0029432.jpg,OK,,600,450,RGB
HAM10000_images_part_2\ISIC_0029433.jpg,OK,,600,450,RGB
HAM10000_images_part_2\ISIC_0029434.jpg,OK,,600,450,RGB
HAM10000_images_part_2\ISIC_0029435.jpg,OK,,600,450,RGB
HAM10000_images_part_2\ISIC_0029436.jpg,OK,,600,450,RGB
HAM10000_images_part_2\ISIC_0029437.jpg,OK,,600,450,RGB
HAM10000_images_part_2\ISIC_0029438.jpg,OK,,600,450,RGB
HAM10000_images_part_2\ISIC_0029439.jpg,OK,,600,450,RGB
HAM10000_images_part_2\ISIC_0029440.jpg,OK,,600,450,RGB
HAM10000_images_part_2\ISIC_0029441.jpg,OK,,600,450,RGB
HAM10000_images_part_2\ISIC_0029442.jpg,OK,,600,450,RGB
HAM10000_images_part_2\ISIC_0029443.jpg,OK,,600,450,RGB
HAM10000_images_part_2\ISIC_0029444.jpg,OK,,600,450,RGB
HAM10000_images_part_2\ISIC_0029445.jpg,OK,,600,450,RGB
HAM10000_images_part_2\ISIC_0029446.jpg,OK,,600,450,RGB
HAM10000_images_part_2\ISIC_0029447.jpg,OK,,600,450,RGB
HAM10000_images_part_2\ISIC_0029448.jpg,OK,,600,450,RGB
HAM10000_images_part_2\ISIC_0029449.jpg,OK,,600,450,RGB
HAM10000_images_part_2\ISIC_0029450.jpg,OK,,600,450,RGB
HAM10000_images_part_2\ISIC_0029451.jpg,OK,,600,450,RGB
HAM10000_images_part_2\ISIC_0029452.jpg,OK,,600,450,RGB
HAM10000_images_part_2\ISIC_0029453.jpg,OK,,600,450,RGB
HAM10000_images_part_2\ISIC_0029454.jpg,OK,,600,450,RGB
HAM10000_images_part_2\ISIC_0029455.jpg,OK,,600,450,RGB
HAM10000_images_part_2\ISIC_0029456.jpg,OK,,600,450,RGB
HAM10000_images_part_2\ISIC_0029457.jpg,OK,,600,450,RGB
HAM10000_images_part_2\ISIC_0029458.jpg,OK,,600,450,RGB
HAM10000_images_part_2\ISIC_0029459.jpg,OK,,600,450,RGB
HAM10000_images_part_2\ISIC_0029460.jpg,OK,,600,450,RGB
HAM10000_images_part_2\ISIC_0029461.jpg,OK,,600,450,RGB
HAM10000_images_part_2\ISIC_0029462.jpg,OK,,600,450,RGB
HAM10000_images_part_2\ISIC_0029463.jpg,OK,,600,450,RGB
HAM10000_images_part_2\ISIC_0029464.jpg,OK,,600,450,RGB
HAM10000_images_part_2\ISIC_0029465.jpg,OK,,600,450,RGB
HAM10000_images_part_2\ISIC_0029466.jpg,OK,,600,450,RGB
HAM10000_images_part_2\ISIC_0029467.jpg,OK,,600,450,RGB
HAM10000_images_part_2\ISIC_0029468.jpg,OK,,600,450,RGB
HAM10000_images_part_2\ISIC_0029469.jpg,OK,,600,450,RGB
HAM10000_images_part_2\ISIC_0029470.jpg,OK,,600,450,RGB
HAM10000_images_part_2\ISIC_0029471.jpg,OK,,600,450,RGB
HAM10000_images_part_2\ISIC_0029472.jpg,OK,,600,450,RGB
HAM10000_images_part_2\ISIC_0029473.jpg,OK,,600,450,RGB
HAM10000_images_part_2\ISIC_0029474.jpg,OK,,600,450,RGB
HAM10000_images_part_2\ISIC_0029475.jpg,OK,,600,450,RGB
HAM10000_images_part_2\ISIC_0029476.jpg,OK,,600,450,RGB
HAM10000_images_part_2\ISIC_0029477.jpg,OK,,600,450,RGB
HAM10000_images_part_2\ISIC_0029478.jpg,OK,,600,450,RGB
HAM10000_images_part_2\ISIC_0029479.jpg,OK,,600,450,RGB
HAM10000_images_part_2\ISIC_0029480.jpg,OK,,600,450,RGB
HAM10000_images_part_2\ISIC_0029481.jpg,OK,,600,450,RGB
HAM10000_images_part_2\ISIC_0029482.jpg,OK,,600,450,RGB
HAM10000_images_part_2\ISIC_0029483.jpg,OK,,600,450,RGB
HAM10000_images_part_2\ISIC_0029484.jpg,OK,,600,450,RGB
HAM10000_images_part_2\ISIC_0029485.jpg,OK,,600,450,RGB
HAM10000_images_part_2\ISIC_0029486.jpg,OK,,600,450,RGB
HAM10000_images_part_2\ISIC_0029487.jpg,OK,,600,450,RGB
HAM10000_images_part_2\ISIC_0029488.jpg,OK,,600,450,RGB
HAM10000_images_part_2\ISIC_0029489.jpg,OK,,600,450,RGB
HAM10000_images_part_2\ISIC_0029490.jpg,OK,,600,450,RGB
HAM10000_images_part_2\ISIC_0029491.jpg,OK,,600,450,RGB
HAM10000_images_part_2\ISIC_0029492.jpg,OK,,600,450,RGB
HAM10000_images_part_2\ISIC_0029493.jpg,OK,,600,450,RGB
HAM10000_images_part_2\ISIC_0029494.jpg,OK,,600,450,RGB
HAM10000_images_part_2\ISIC_0029495.jpg,OK,,600,450,RGB
HAM10000_images_part_2\ISIC_0029496.jpg,OK,,600,450,RGB
HAM10000_images_part_2\ISIC_0029497.jpg,OK,,600,450,RGB
HAM10000_images_part_2\ISIC_0029498.jpg,OK,,600,450,RGB
HAM10000_images_part_2\ISIC_0029499.jpg,OK,,600,450,RGB
HAM10000_images_part_2\ISIC_0029500.jpg,OK,,600,450,RGB
HAM10000_images_part_2\ISIC_0029501.jpg,OK,,600,450,RGB
HAM10000_images_part_2\ISIC_0029502.jpg,OK,,600,450,RGB
HAM10000_images_part_2\ISIC_0029503.jpg,OK,,600,450,RGB
HAM10000_images_part_2\ISIC_0029504.jpg,OK,,600,450,RGB
HAM10000_images_part_2\ISIC_0029505.jpg,OK,,600,450,RGB
HAM10000_images_part_2\ISIC_0029506.jpg,OK,,600,450,RGB
HAM10000_images_part_2\ISIC_0029507.jpg,OK,,600,450,RGB
HAM10000_images_part_2\ISIC_0029508.jpg,OK,,600,450,RGB
HAM10000_images_part_2\ISIC_0029509.jpg,OK,,600,450,RGB
HAM10000_images_part_2\ISIC_0029510.jpg,OK,,600,450,RGB
HAM10000_images_part_2\ISIC_0029511.jpg,OK,,600,450,RGB
HAM10000_images_part_2\ISIC_0029512.jpg,OK,,600,450,RGB
HAM10000_images_part_2\ISIC_0029513.jpg,OK,,600,450,RGB
HAM10000_images_part_2\ISIC_0029514.jpg,OK,,600,450,RGB
HAM10000_images_part_2\ISIC_0029515.jpg,OK,,600,450,RGB
HAM10000_images_part_2\ISIC_0029516.jpg,OK,,600,450,RGB
HAM10000_images_part_2\ISIC_0029517.jpg,OK,,600,450,RGB
HAM10000_images_part_2\ISIC_0029518.jpg,OK,,600,450,RGB
HAM10000_images_part_2\ISIC_0029519.jpg,OK,,600,450,RGB
HAM10000_images_part_2\ISIC_0029520.jpg,OK,,600,450,RGB
HAM10000_images_part_2\ISIC_0029521.jpg,OK,,600,450,RGB
HAM10000_images_part_2\ISIC_0029522.jpg,OK,,600,450,RGB
HAM10000_images_part_2\ISIC_0029523.jpg,OK,,600,450,RGB
HAM10000_images_part_2\ISIC_0029524.jpg,OK,,600,450,RGB
HAM10000_images_part_2\ISIC_0029525.jpg,OK,,600,450,RGB
HAM10000_images_part_2\ISIC_0029526.jpg,OK,,600,450,RGB
HAM10000_images_part_2\ISIC_0029527.jpg,OK,,600,450,RGB
HAM10000_images_part_2\ISIC_0029528.jpg,OK,,600,450,RGB
HAM10000_images_part_2\ISIC_0029529.jpg,OK,,600,450,RGB
HAM10000_images_part_2\ISIC_0029530.jpg,OK,,600,450,RGB
HAM10000_images_part_2\ISIC_0029531.jpg,OK,,600,450,RGB
HAM10000_images_part_2\ISIC_0029532.jpg,OK,,600,450,RGB
HAM10000_images_part_2\ISIC_0029533.jpg,OK,,600,450,RGB
HAM10000_images_part_2\ISIC_0029534.jpg,OK,,600,450,RGB
HAM10000_images_part_2\ISIC_0029535.jpg,OK,,600,450,RGB
HAM10000_images_part_2\ISIC_0029536.jpg,OK,,600,450,RGB
HAM10000_images_part_2\ISIC_0029537.jpg,OK,,600,450,RGB
HAM10000_images_part_2\ISIC_0029538.jpg,OK,,600,450,RGB
HAM10000_images_part_2\ISIC_0029539.jpg,OK,,600,450,RGB
HAM10000_images_part_2\ISIC_0029540.jpg,OK,,600,450,RGB
HAM10000_images_part_2\ISIC_0029541.jpg,OK,,600,450,RGB
HAM10000_images_part_2\ISIC_0029542.jpg,OK,,600,450,RGB
HAM10000_images_part_2\ISIC_0029543.jpg,OK,,600,450,RGB
HAM10000_images_part_2\ISIC_0029544.jpg,OK,,600,450,RGB
HAM10000_images_part_2\ISIC_0029545.jpg,OK,,600,450,RGB
HAM10000_images_part_2\ISIC_0029546.jpg,OK,,600,450,RGB
HAM10000_images_part_2\ISIC_0029547.jpg,OK,,600,450,RGB
HAM10000_images_part_2\ISIC_0029548.jpg,OK,,600,450,RGB
HAM10000_images_part_2\ISIC_0029549.jpg,OK,,600,450,RGB
HAM10000_images_part_2\ISIC_0029550.jpg,OK,,600,450,RGB
HAM10000_images_part_2\ISIC_0029551.jpg,OK,,600,450,RGB
HAM10000_images_part_2\ISIC_0029552.jpg,OK,,600,450,RGB
HAM10000_images_part_2\ISIC_0029553.jpg,OK,,600,450,RGB
HAM10000_images_part_2\ISIC_0029554.jpg,OK,,600,450,RGB
HAM10000_images_part_2\ISIC_0029555.jpg,OK,,600,450,RGB
HAM10000_images_part_2\ISIC_0029556.jpg,OK,,600,450,RGB
HAM10000_images_part_2\ISIC_0029557.jpg,OK,,600,450,RGB
HAM10000_images_part_2\ISIC_0029558.jpg,OK,,600,450,RGB
HAM10000_images_part_2\ISIC_0029559.jpg,OK,,600,450,RGB
HAM10000_images_part_2\ISIC_0029560.jpg,OK,,600,450,RGB
HAM10000_images_part_2\ISIC_0029561.jpg,OK,,600,450,RGB
HAM10000_images_part_2\ISIC_0029562.jpg,OK,,600,450,RGB
HAM10000_images_part_2\ISIC_0029563.jpg,OK,,600,450,RGB
HAM10000_images_part_2\ISIC_0029564.jpg,OK,,600,450,RGB
HAM10000_images_part_2\ISIC_0029565.jpg,OK,,600,450,RGB
HAM10000_images_part_2\ISIC_0029566.jpg,OK,,600,450,RGB
HAM10000_images_part_2\ISIC_0029567.jpg,OK,,600,450,RGB
HAM10000_images_part_2\ISIC_0029568.jpg,OK,,600,450,RGB
HAM10000_images_part_2\ISIC_0029569.jpg,OK,,600,450,RGB
HAM10000_images_part_2\ISIC_0029570.jpg,OK,,600,450,RGB
HAM10000_images_part_2\ISIC_0029571.jpg,OK,,600,450,RGB
HAM10000_images_part_2\ISIC_0029572.jpg,OK,,600,450,RGB
HAM10000_images_part_2\ISIC_0029573.jpg,OK,,600,450,RGB
HAM10000_images_part_2\ISIC_0029574.jpg,OK,,600,450,RGB
HAM10000_images_part_2\ISIC_0029575.jpg,OK,,600,450,RGB
HAM10000_images_part_2\ISIC_0029576.jpg,OK,,600,450,RGB
HAM10000_images_part_2\ISIC_0029577.jpg,OK,,600,450,RGB
HAM10000_images_part_2\ISIC_0029578.jpg,OK,,600,450,RGB
HAM10000_images_part_2\ISIC_0029579.jpg,OK,,600,450,RGB
HAM10000_images_part_2\ISIC_0029580.jpg,OK,,600,450,RGB
HAM10000_images_part_2\ISIC_0029581.jpg,OK,,600,450,RGB
HAM10000_images_part_2\ISIC_0029582.jpg,OK,,600,450,RGB
HAM10000_images_part_2\ISIC_0029583.jpg,OK,,600,450,RGB
HAM10000_images_part_2\ISIC_0029584.jpg,OK,,600,450,RGB
HAM10000_images_part_2\ISIC_0029585.jpg,OK,,600,450,RGB
HAM10000_images_part_2\ISIC_0029586.jpg,OK,,600,450,RGB
HAM10000_images_part_2\ISIC_0029587.jpg,OK,,600,450,RGB
HAM10000_images_part_2\ISIC_0029588.jpg,OK,,600,450,RGB
HAM10000_images_part_2\ISIC_0029589.jpg,OK,,600,450,RGB
HAM10000_images_part_2\ISIC_0029590.jpg,OK,,600,450,RGB
HAM10000_images_part_2\ISIC_0029591.jpg,OK,,600,450,RGB
HAM10000_images_part_2\ISIC_0029592.jpg,OK,,600,450,RGB
HAM10000_images_part_2\ISIC_0029593.jpg,OK,,600,450,RGB
HAM10000_images_part_2\ISIC_0029594.jpg,OK,,600,450,RGB
HAM10000_images_part_2\ISIC_0029595.jpg,OK,,600,450,RGB
HAM10000_images_part_2\ISIC_0029596.jpg,OK,,600,450,RGB
HAM10000_images_part_2\ISIC_0029597.jpg,OK,,600,450,RGB
HAM10000_images_part_2\ISIC_0029598.jpg,OK,,600,450,RGB
HAM10000_images_part_2\ISIC_0029599.jpg,OK,,600,450,RGB
HAM10000_images_part_2\ISIC_0029600.jpg,OK,,600,450,RGB
HAM10000_images_part_2\ISIC_0029601.jpg,OK,,600,450,RGB
HAM10000_images_part_2\ISIC_0029602.jpg,OK,,600,450,RGB
HAM10000_images_part_2\ISIC_0029603.jpg,OK,,600,450,RGB
HAM10000_images_part_2\ISIC_0029604.jpg,OK,,600,450,RGB
HAM10000_images_part_2\ISIC_0029605.jpg,OK,,600,450,RGB
HAM10000_images_part_2\ISIC_0029606.jpg,OK,,600,450,RGB
HAM10000_images_part_2\ISIC_0029607.jpg,OK,,600,450,RGB
HAM10000_images_part_2\ISIC_0029608.jpg,OK,,600,450,RGB
HAM10000_images_part_2\ISIC_0029609.jpg,OK,,600,450,RGB
HAM10000_images_part_2\ISIC_0029610.jpg,OK,,600,450,RGB
HAM10000_images_part_2\ISIC_0029611.jpg,OK,,600,450,RGB
HAM10000_images_part_2\ISIC_0029612.jpg,OK,,600,450,RGB
HAM10000_images_part_2\ISIC_0029613.jpg,OK,,600,450,RGB
HAM10000_images_part_2\ISIC_0029614.jpg,OK,,600,450,RGB
HAM10000_images_part_2\ISIC_0029615.jpg,OK,,600,450,RGB
HAM10000_images_part_2\ISIC_0029616.jpg,OK,,600,450,RGB
HAM10000_images_part_2\ISIC_0029617.jpg,OK,,600,450,RGB
HAM10000_images_part_2\ISIC_0029618.jpg,OK,,600,450,RGB
HAM10000_images_part_2\ISIC_0029619.jpg,OK,,600,450,RGB
HAM10000_images_part_2\ISIC_0029620.jpg,OK,,600,450,RGB
HAM10000_images_part_2\ISIC_0029621.jpg,OK,,600,450,RGB
HAM10000_images_part_2\ISIC_0029622.jpg,OK,,600,450,RGB
HAM10000_images_part_2\ISIC_0029623.jpg,OK,,600,450,RGB
HAM10000_images_part_2\ISIC_0029624.jpg,OK,,600,450,RGB
HAM10000_images_part_2\ISIC_0029625.jpg,OK,,600,450,RGB
HAM10000_images_part_2\ISIC_0029626.jpg,OK,,600,450,RGB
HAM10000_images_part_2\ISIC_0029627.jpg,OK,,600,450,RGB
HAM10000_images_part_2\ISIC_0029628.jpg,OK,,600,450,RGB
HAM10000_images_part_2\ISIC_0029629.jpg,OK,,600,450,RGB
HAM10000_images_part_2\ISIC_0029630.jpg,OK,,600,450,RGB
HAM10000_images_part_2\ISIC_0029631.jpg,OK,,600,450,RGB
HAM10000_images_part_2\ISIC_0029632.jpg,OK,,600,450,RGB
HAM10000_images_part_2\ISIC_0029633.jpg,OK,,600,450,RGB
HAM10000_images_part_2\ISIC_0029634.jpg,OK,,600,450,RGB
HAM10000_images_part_2\ISIC_0029635.jpg,OK,,600,450,RGB
HAM10000_images_part_2\ISIC_0029636.jpg,OK,,600,450,RGB
HAM10000_images_part_2\ISIC_0029637.jpg,OK,,600,450,RGB
HAM10000_images_part_2\ISIC_0029638.jpg,OK,,600,450,RGB
HAM10000_images_part_2\ISIC_0029639.jpg,OK,,600,450,RGB
HAM10000_images_part_2\ISIC_0029640.jpg,OK,,600,450,RGB
HAM10000_images_part_2\ISIC_0029641.jpg,OK,,600,450,RGB
HAM10000_images_part_2\ISIC_0029642.jpg,OK,,600,450,RGB
HAM10000_images_part_2\ISIC_0029643.jpg,OK,,600,450,RGB
HAM10000_images_part_2\ISIC_0029644.jpg,OK,,600,450,RGB
HAM10000_images_part_2\ISIC_0029645.jpg,OK,,600,450,RGB
HAM10000_images_part_2\ISIC_0029646.jpg,OK,,600,450,RGB
HAM10000_images_part_2\ISIC_0029647.jpg,OK,,600,450,RGB
HAM10000_images_part_2\ISIC_0029648.jpg,OK,,600,450,RGB
HAM10000_images_part_2\ISIC_0029649.jpg,OK,,600,450,RGB
HAM10000_images_part_2\ISIC_0029650.jpg,OK,,600,450,RGB
HAM10000_images_part_2\ISIC_0029651.jpg,OK,,600,450,RGB
HAM10000_images_part_2\ISIC_0029652.jpg,OK,,600,450,RGB
HAM10000_images_part_2\ISIC_0029653.jpg,OK,,600,450,RGB
HAM10000_images_part_2\ISIC_0029654.jpg,OK,,600,450,RGB
HAM10000_images_part_2\ISIC_0029655.jpg,OK,,600,450,RGB
HAM10000_images_part_2\ISIC_0029656.jpg,OK,,600,450,RGB
HAM10000_images_part_2\ISIC_0029657.jpg,OK,,600,450,RGB
HAM10000_images_part_2\ISIC_0029658.jpg,OK,,600,450,RGB
HAM10000_images_part_2\ISIC_0029659.jpg,OK,,600,450,RGB
HAM10000_images_part_2\ISIC_0029660.jpg,OK,,600,450,RGB
HAM10000_images_part_2\ISIC_0029661.jpg,OK,,600,450,RGB
HAM10000_images_part_2\ISIC_0029662.jpg,OK,,600,450,RGB
HAM10000_images_part_2\ISIC_0029663.jpg,OK,,600,450,RGB
HAM10000_images_part_2\ISIC_0029664.jpg,OK,,600,450,RGB
HAM10000_images_part_2\ISIC_0029665.jpg,OK,,600,450,RGB
HAM10000_images_part_2\ISIC_0029666.jpg,OK,,600,450,RGB
HAM10000_images_part_2\ISIC_0029667.jpg,OK,,600,450,RGB
HAM10000_images_part_2\ISIC_0029668.jpg,OK,,600,450,RGB
HAM10000_images_part_2\ISIC_0029669.jpg,OK,,600,450,RGB
HAM10000_images_part_2\ISIC_0029670.jpg,OK,,600,450,RGB
HAM10000_images_part_2\ISIC_0029671.jpg,OK,,600,450,RGB
HAM10000_images_part_2\ISIC_0029672.jpg,OK,,600,450,RGB
HAM10000_images_part_2\ISIC_0029673.jpg,OK,,600,450,RGB
HAM10000_images_part_2\ISIC_0029674.jpg,OK,,600,450,RGB
HAM10000_images_part_2\ISIC_0029675.jpg,OK,,600,450,RGB
HAM10000_images_part_2\ISIC_0029676.jpg,OK,,600,450,RGB
HAM10000_images_part_2\ISIC_0029677.jpg,OK,,600,450,RGB
HAM10000_images_part_2\ISIC_0029678.jpg,OK,,600,450,RGB
HAM10000_images_part_2\ISIC_0029679.jpg,OK,,600,450,RGB
HAM10000_images_part_2\ISIC_0029680.jpg,OK,,600,450,RGB
HAM10000_images_part_2\ISIC_0029681.jpg,OK,,600,450,RGB
HAM10000_images_part_2\ISIC_0029682.jpg,OK,,600,450,RGB
HAM10000_images_part_2\ISIC_0029683.jpg,OK,,600,450,RGB
HAM10000_images_part_2\ISIC_0029684.jpg,OK,,600,450,RGB
HAM10000_images_part_2\ISIC_0029685.jpg,OK,,600,450,RGB
HAM10000_images_part_2\ISIC_0029686.jpg,OK,,600,450,RGB
HAM10000_images_part_2\ISIC_0029687.jpg,OK,,600,450,RGB
HAM10000_images_part_2\ISIC_0029688.jpg,OK,,600,450,RGB
HAM10000_images_part_2\ISIC_0029689.jpg,OK,,600,450,RGB
HAM10000_images_part_2\ISIC_0029690.jpg,OK,,600,450,RGB
HAM10000_images_part_2\ISIC_0029691.jpg,OK,,600,450,RGB
HAM10000_images_part_2\ISIC_0029692.jpg,OK,,600,450,RGB
HAM10000_images_part_2\ISIC_0029693.jpg,OK,,600,450,RGB
HAM10000_images_part_2\ISIC_0029694.jpg,OK,,600,450,RGB
HAM10000_images_part_2\ISIC_0029695.jpg,OK,,600,450,RGB
HAM10000_images_part_2\ISIC_0029696.jpg,OK,,600,450,RGB
HAM10000_images_part_2\ISIC_0029697.jpg,OK,,600,450,RGB
HAM10000_images_part_2\ISIC_0029698.jpg,OK,,600,450,RGB
HAM10000_images_part_2\ISIC_0029699.jpg,OK,,600,450,RGB
HAM10000_images_part_2\ISIC_0029700.jpg,OK,,600,450,RGB
HAM10000_images_part_2\ISIC_0029701.jpg,OK,,600,450,RGB
HAM10000_images_part_2\ISIC_0029702.jpg,OK,,600,450,RGB
HAM10000_images_part_2\ISIC_0029703.jpg,OK,,600,450,RGB
HAM10000_images_part_2\ISIC_0029704.jpg,OK,,600,450,RGB
HAM10000_images_part_2\ISIC_0029705.jpg,OK,,600,450,RGB
HAM10000_images_part_2\ISIC_0029706.jpg,OK,,600,450,RGB
HAM10000_images_part_2\ISIC_0029707.jpg,OK,,600,450,RGB
HAM10000_images_part_2\ISIC_0029708.jpg,OK,,600,450,RGB
HAM10000_images_part_2\ISIC_0029709.jpg,OK,,600,450,RGB
HAM10000_images_part_2\ISIC_0029710.jpg,OK,,600,450,RGB
HAM10000_images_part_2\ISIC_0029711.jpg,OK,,600,450,RGB
HAM10000_images_part_2\ISIC_0029712.jpg,OK,,600,450,RGB
HAM10000_images_part_2\ISIC_0029713.jpg,OK,,600,450,RGB
HAM10000_images_part_2\ISIC_0029714.jpg,OK,,600,450,RGB
HAM10000_images_part_2\ISIC_0029715.jpg,OK,,600,450,RGB
HAM10000_images_part_2\ISIC_0029716.jpg,OK,,600,450,RGB
HAM10000_images_part_2\ISIC_0029717.jpg,OK,,600,450,RGB
HAM10000_images_part_2\ISIC_0029718.jpg,OK,,600,450,RGB
HAM10000_images_part_2\ISIC_0029719.jpg,OK,,600,450,RGB
HAM10000_images_part_2\ISIC_0029720.jpg,OK,,600,450,RGB
HAM10000_images_part_2\ISIC_0029721.jpg,OK,,600,450,RGB
HAM10000_images_part_2\ISIC_0029722.jpg,OK,,600,450,RGB
HAM10000_images_part_2\ISIC_0029723.jpg,OK,,600,450,RGB
HAM10000_images_part_2\ISIC_0029724.jpg,OK,,600,450,RGB
HAM10000_images_part_2\ISIC_0029725.jpg,OK,,600,450,RGB
HAM10000_images_part_2\ISIC_0029726.jpg,OK,,600,450,RGB
HAM10000_images_part_2\ISIC_0029727.jpg,OK,,600,450,RGB
HAM10000_images_part_2\ISIC_0029728.jpg,OK,,600,450,RGB
HAM10000_images_part_2\ISIC_0029729.jpg,OK,,600,450,RGB
HAM10000_images_part_2\ISIC_0029730.jpg,OK,,600,450,RGB
HAM10000_images_part_2\ISIC_0029731.jpg,OK,,600,450,RGB
HAM10000_images_part_2\ISIC_0029732.jpg,OK,,600,450,RGB
HAM10000_images_part_2\ISIC_0029733.jpg,OK,,600,450,RGB
HAM10000_images_part_2\ISIC_0029734.jpg,OK,,600,450,RGB
HAM10000_images_part_2\ISIC_0029735.jpg,OK,,600,450,RGB
HAM10000_images_part_2\ISIC_0029736.jpg,OK,,600,450,RGB
HAM10000_images_part_2\ISIC_0029737.jpg,OK,,600,450,RGB
HAM10000_images_part_2\ISIC_0029738.jpg,OK,,600,450,RGB
HAM10000_images_part_2\ISIC_0029739.jpg,OK,,600,450,RGB
HAM10000_images_part_2\ISIC_0029740.jpg,OK,,600,450,RGB
HAM10000_images_part_2\ISIC_0029741.jpg,OK,,600,450,RGB
HAM10000_images_part_2\ISIC_0029742.jpg,OK,,600,450,RGB
HAM10000_images_part_2\ISIC_0029743.jpg,OK,,600,450,RGB
HAM10000_images_part_2\ISIC_0029744.jpg,OK,,600,450,RGB
HAM10000_images_part_2\ISIC_0029745.jpg,OK,,600,450,RGB
HAM10000_images_part_2\ISIC_0029746.jpg,OK,,600,450,RGB
HAM10000_images_part_2\ISIC_0029747.jpg,OK,,600,450,RGB
HAM10000_images_part_2\ISIC_0029748.jpg,OK,,600,450,RGB
HAM10000_images_part_2\ISIC_0029749.jpg,OK,,600,450,RGB
HAM10000_images_part_2\ISIC_0029750.jpg,OK,,600,450,RGB
HAM10000_images_part_2\ISIC_0029751.jpg,OK,,600,450,RGB
HAM10000_images_part_2\ISIC_0029752.jpg,OK,,600,450,RGB
HAM10000_images_part_2\ISIC_0029753.jpg,OK,,600,450,RGB
HAM10000_images_part_2\ISIC_0029754.jpg,OK,,600,450,RGB
HAM10000_images_part_2\ISIC_0029755.jpg,OK,,600,450,RGB
HAM10000_images_part_2\ISIC_0029756.jpg,OK,,600,450,RGB
HAM10000_images_part_2\ISIC_0029757.jpg,OK,,600,450,RGB
HAM10000_images_part_2\ISIC_0029758.jpg,OK,,600,450,RGB
HAM10000_images_part_2\ISIC_0029759.jpg,OK,,600,450,RGB
HAM10000_images_part_2\ISIC_0029760.jpg,OK,,600,450,RGB
HAM10000_images_part_2\ISIC_0029761.jpg,OK,,600,450,RGB
HAM10000_images_part_2\ISIC_0029762.jpg,OK,,600,450,RGB
HAM10000_images_part_2\ISIC_0029763.jpg,OK,,600,450,RGB
HAM10000_images_part_2\ISIC_0029764.jpg,OK,,600,450,RGB
HAM10000_images_part_2\ISIC_0029765.jpg,OK,,600,450,RGB
HAM10000_images_part_2\ISIC_0029766.jpg,OK,,600,450,RGB
HAM10000_images_part_2\ISIC_0029767.jpg,OK,,600,450,RGB
HAM10000_images_part_2\ISIC_0029768.jpg,OK,,600,450,RGB
HAM10000_images_part_2\ISIC_0029769.jpg,OK,,600,450,RGB
HAM10000_images_part_2\ISIC_0029770.jpg,OK,,600,450,RGB
HAM10000_images_part_2\ISIC_0029771.jpg,OK,,600,450,RGB
HAM10000_images_part_2\ISIC_0029772.jpg,OK,,600,450,RGB
HAM10000_images_part_2\ISIC_0029773.jpg,OK,,600,450,RGB
HAM10000_images_part_2\ISIC_0029774.jpg,OK,,600,450,RGB
HAM10000_images_part_2\ISIC_0029775.jpg,OK,,600,450,RGB
HAM10000_images_part_2\ISIC_0029776.jpg,OK,,600,450,RGB
HAM10000_images_part_2\ISIC_0029777.jpg,OK,,600,450,RGB
HAM10000_images_part_2\ISIC_0029778.jpg,OK,,600,450,RGB
HAM10000_images_part_2\ISIC_0029779.jpg,OK,,600,450,RGB
HAM10000_images_part_2\ISIC_0029780.jpg,OK,,600,450,RGB
HAM10000_images_part_2\ISIC_0029781.jpg,OK,,600,450,RGB
HAM10000_images_part_2\ISIC_0029782.jpg,OK,,600,450,RGB
HAM10000_images_part_2\ISIC_0029783.jpg,OK,,600,450,RGB
HAM10000_images_part_2\ISIC_0029784.jpg,OK,,600,450,RGB
HAM10000_images_part_2\ISIC_0029785.jpg,OK,,600,450,RGB
HAM10000_images_part_2\ISIC_0029786.jpg,OK,,600,450,RGB
HAM10000_images_part_2\ISIC_0029787.jpg,OK,,600,450,RGB
HAM10000_images_part_2\ISIC_0029788.jpg,OK,,600,450,RGB
HAM10000_images_part_2\ISIC_0029789.jpg,OK,,600,450,RGB
HAM10000_images_part_2\ISIC_0029790.jpg,OK,,600,450,RGB
HAM10000_images_part_2\ISIC_0029791.jpg,OK,,600,450,RGB
HAM10000_images_part_2\ISIC_0029792.jpg,OK,,600,450,RGB
HAM10000_images_part_2\ISIC_0029793.jpg,OK,,600,450,RGB
HAM10000_images_part_2\ISIC_0029794.jpg,OK,,600,450,RGB
HAM10000_images_part_2\ISIC_0029795.jpg,OK,,600,450,RGB
HAM10000_images_part_2\ISIC_0029796.jpg,OK,,600,450,RGB
HAM10000_images_part_2\ISIC_0029797.jpg,OK,,600,450,RGB
HAM10000_images_part_2\ISIC_0029798.jpg,OK,,600,450,RGB
HAM10000_images_part_2\ISIC_0029799.jpg,OK,,600,450,RGB
HAM10000_images_part_2\ISIC_0029800.jpg,OK,,600,450,RGB
HAM10000_images_part_2\ISIC_0029801.jpg,OK,,600,450,RGB
HAM10000_images_part_2\ISIC_0029802.jpg,OK,,600,450,RGB
HAM10000_images_part_2\ISIC_0029803.jpg,OK,,600,450,RGB
HAM10000_images_part_2\ISIC_0029804.jpg,OK,,600,450,RGB
HAM10000_images_part_2\ISIC_0029805.jpg,OK,,600,450,RGB
HAM10000_images_part_2\ISIC_0029806.jpg,OK,,600,450,RGB
HAM10000_images_part_2\ISIC_0029807.jpg,OK,,600,450,RGB
HAM10000_images_part_2\ISIC_0029808.jpg,OK,,600,450,RGB
HAM10000_images_part_2\ISIC_0029809.jpg,OK,,600,450,RGB
HAM10000_images_part_2\ISIC_0029810.jpg,OK,,600,450,RGB
HAM10000_images_part_2\ISIC_0029811.jpg,OK,,600,450,RGB
HAM10000_images_part_2\ISIC_0029812.jpg,OK,,600,450,RGB
HAM10000_images_part_2\ISIC_0029813.jpg,OK,,600,450,RGB
HAM10000_images_part_2\ISIC_0029814.jpg,OK,,600,450,RGB
HAM10000_images_part_2\ISIC_0029815.jpg,OK,,600,450,RGB
HAM10000_images_part_2\ISIC_0029816.jpg,OK,,600,450,RGB
HAM10000_images_part_2\ISIC_0029817.jpg,OK,,600,450,RGB
HAM10000_images_part_2\ISIC_0029818.jpg,OK,,600,450,RGB
HAM10000_images_part_2\ISIC_0029819.jpg,OK,,600,450,RGB
HAM10000_images_part_2\ISIC_0029820.jpg,OK,,600,450,RGB
HAM10000_images_part_2\ISIC_0029821.jpg,OK,,600,450,RGB
HAM10000_images_part_2\ISIC_0029822.jpg,OK,,600,450,RGB
HAM10000_images_part_2\ISIC_0029823.jpg,OK,,600,450,RGB
HAM10000_images_part_2\ISIC_0029824.jpg,OK,,600,450,RGB
HAM10000_images_part_2\ISIC_0029825.jpg,OK,,600,450,RGB
HAM10000_images_part_2\ISIC_0029826.jpg,OK,,600,450,RGB
HAM10000_images_part_2\ISIC_0029827.jpg,OK,,600,450,RGB
HAM10000_images_part_2\ISIC_0029828.jpg,OK,,600,450,RGB
HAM10000_images_part_2\ISIC_0029829.jpg,OK,,600,450,RGB
HAM10000_images_part_2\ISIC_0029830.jpg,OK,,600,450,RGB
HAM10000_images_part_2\ISIC_0029831.jpg,OK,,600,450,RGB
HAM10000_images_part_2\ISIC_0029832.jpg,OK,,600,450,RGB
HAM10000_images_part_2\ISIC_0029833.jpg,OK,,600,450,RGB
HAM10000_images_part_2\ISIC_0029834.jpg,OK,,600,450,RGB
HAM10000_images_part_2\ISIC_0029835.jpg,OK,,600,450,RGB
HAM10000_images_part_2\ISIC_0029836.jpg,OK,,600,450,RGB
HAM10000_images_part_2\ISIC_0029837.jpg,OK,,600,450,RGB
HAM10000_images_part_2\ISIC_0029838.jpg,OK,,600,450,RGB
HAM10000_images_part_2\ISIC_0029839.jpg,OK,,600,450,RGB
HAM10000_images_part_2\ISIC_0029840.jpg,OK,,600,450,RGB
HAM10000_images_part_2\ISIC_0029841.jpg,OK,,600,450,RGB
HAM10000_images_part_2\ISIC_0029842.jpg,OK,,600,450,RGB
HAM10000_images_part_2\ISIC_0029843.jpg,OK,,600,450,RGB
HAM10000_images_part_2\ISIC_0029844.jpg,OK,,600,450,RGB
HAM10000_images_part_2\ISIC_0029845.jpg,OK,,600,450,RGB
HAM10000_images_part_2\ISIC_0029846.jpg,OK,,600,450,RGB
HAM10000_images_part_2\ISIC_0029847.jpg,OK,,600,450,RGB
HAM10000_images_part_2\ISIC_0029848.jpg,OK,,600,450,RGB
HAM10000_images_part_2\ISIC_0029849.jpg,OK,,600,450,RGB
HAM10000_images_part_2\ISIC_0029850.jpg,OK,,600,450,RGB
HAM10000_images_part_2\ISIC_0029851.jpg,OK,,600,450,RGB
HAM10000_images_part_2\ISIC_0029852.jpg,OK,,600,450,RGB
HAM10000_images_part_2\ISIC_0029853.jpg,OK,,600,450,RGB
HAM10000_images_part_2\ISIC_0029854.jpg,OK,,600,450,RGB
HAM10000_images_part_2\ISIC_0029855.jpg,OK,,600,450,RGB
HAM10000_images_part_2\ISIC_0029856.jpg,OK,,600,450,RGB
HAM10000_images_part_2\ISIC_0029857.jpg,OK,,600,450,RGB
HAM10000_images_part_2\ISIC_0029858.jpg,OK,,600,450,RGB
HAM10000_images_part_2\ISIC_0029859.jpg,OK,,600,450,RGB
HAM10000_images_part_2\ISIC_0029860.jpg,OK,,600,450,RGB
HAM10000_images_part_2\ISIC_0029861.jpg,OK,,600,450,RGB
HAM10000_images_part_2\ISIC_0029862.jpg,OK,,600,450,RGB
HAM10000_images_part_2\ISIC_0029863.jpg,OK,,600,450,RGB
HAM10000_images_part_2\ISIC_0029864.jpg,OK,,600,450,RGB
HAM10000_images_part_2\ISIC_0029865.jpg,OK,,600,450,RGB
HAM10000_images_part_2\ISIC_0029866.jpg,OK,,600,450,RGB
HAM10000_images_part_2\ISIC_0029867.jpg,OK,,600,450,RGB
HAM10000_images_part_2\ISIC_0029868.jpg,OK,,600,450,RGB
HAM10000_images_part_2\ISIC_0029869.jpg,OK,,600,450,RGB
HAM10000_images_part_2\ISIC_0029870.jpg,OK,,600,450,RGB
HAM10000_images_part_2\ISIC_0029871.jpg,OK,,600,450,RGB
HAM10000_images_part_2\ISIC_0029872.jpg,OK,,600,450,RGB
HAM10000_images_part_2\ISIC_0029873.jpg,OK,,600,450,RGB
HAM10000_images_part_2\ISIC_0029874.jpg,OK,,600,450,RGB
HAM10000_images_part_2\ISIC_0029875.jpg,OK,,600,450,RGB
HAM10000_images_part_2\ISIC_0029876.jpg,OK,,600,450,RGB
HAM10000_images_part_2\ISIC_0029877.jpg,OK,,600,450,RGB
HAM10000_images_part_2\ISIC_0029878.jpg,OK,,600,450,RGB
HAM10000_images_part_2\ISIC_0029879.jpg,OK,,600,450,RGB
HAM10000_images_part_2\ISIC_0029880.jpg,OK,,600,450,RGB
HAM10000_images_part_2\ISIC_0029881.jpg,OK,,600,450,RGB
HAM10000_images_part_2\ISIC_0029882.jpg,OK,,600,450,RGB
HAM10000_images_part_2\ISIC_0029883.jpg,OK,,600,450,RGB
HAM10000_images_part_2\ISIC_0029884.jpg,OK,,600,450,RGB
HAM10000_images_part_2\ISIC_0029885.jpg,OK,,600,450,RGB
HAM10000_images_part_2\ISIC_0029886.jpg,OK,,600,450,RGB
HAM10000_images_part_2\ISIC_0029887.jpg,OK,,600,450,RGB
HAM10000_images_part_2\ISIC_0029888.jpg,OK,,600,450,RGB
HAM10000_images_part_2\ISIC_0029889.jpg,OK,,600,450,RGB
HAM10000_images_part_2\ISIC_0029890.jpg,OK,,600,450,RGB
HAM10000_images_part_2\ISIC_0029891.jpg,OK,,600,450,RGB
HAM10000_images_part_2\ISIC_0029892.jpg,OK,,600,450,RGB
HAM10000_images_part_2\ISIC_0029893.jpg,OK,,600,450,RGB
HAM10000_images_part_2\ISIC_0029894.jpg,OK,,600,450,RGB
HAM10000_images_part_2\ISIC_0029895.jpg,OK,,600,450,RGB
HAM10000_images_part_2\ISIC_0029896.jpg,OK,,600,450,RGB
HAM10000_images_part_2\ISIC_0029897.jpg,OK,,600,450,RGB
HAM10000_images_part_2\ISIC_0029898.jpg,OK,,600,450,RGB
HAM10000_images_part_2\ISIC_0029899.jpg,OK,,600,450,RGB
HAM10000_images_part_2\ISIC_0029900.jpg,OK,,600,450,RGB
HAM10000_images_part_2\ISIC_0029901.jpg,OK,,600,450,RGB
HAM10000_images_part_2\ISIC_0029902.jpg,OK,,600,450,RGB
HAM10000_images_part_2\ISIC_0029903.jpg,OK,,600,450,RGB
HAM10000_images_part_2\ISIC_0029904.jpg,OK,,600,450,RGB
HAM10000_images_part_2\ISIC_0029905.jpg,OK,,600,450,RGB
HAM10000_images_part_2\ISIC_0029906.jpg,OK,,600,450,RGB
HAM10000_images_part_2\ISIC_0029907.jpg,OK,,600,450,RGB
HAM10000_images_part_2\ISIC_0029908.jpg,OK,,600,450,RGB
HAM10000_images_part_2\ISIC_0029909.jpg,OK,,600,450,RGB
HAM10000_images_part_2\ISIC_0029910.jpg,OK,,600,450,RGB
HAM10000_images_part_2\ISIC_0029911.jpg,OK,,600,450,RGB
HAM10000_images_part_2\ISIC_0029912.jpg,OK,,600,450,RGB
HAM10000_images_part_2\ISIC_0029913.jpg,OK,,600,450,RGB
HAM10000_images_part_2\ISIC_0029914.jpg,OK,,600,450,RGB
HAM10000_images_part_2\ISIC_0029915.jpg,OK,,600,450,RGB
HAM10000_images_part_2\ISIC_0029916.jpg,OK,,600,450,RGB
HAM10000_images_part_2\ISIC_0029917.jpg,OK,,600,450,RGB
HAM10000_images_part_2\ISIC_0029918.jpg,OK,,600,450,RGB
HAM10000_images_part_2\ISIC_0029919.jpg,OK,,600,450,RGB
HAM10000_images_part_2\ISIC_0029920.jpg,OK,,600,450,RGB
HAM10000_images_part_2\ISIC_0029921.jpg,OK,,600,450,RGB
HAM10000_images_part_2\ISIC_0029922.jpg,OK,,600,450,RGB
HAM10000_images_part_2\ISIC_0029923.jpg,OK,,600,450,RGB
HAM10000_images_part_2\ISIC_0029924.jpg,OK,,600,450,RGB
HAM10000_images_part_2\ISIC_0029925.jpg,OK,,600,450,RGB
HAM10000_images_part_2\ISIC_0029926.jpg,OK,,600,450,RGB
HAM10000_images_part_2\ISIC_0029927.jpg,OK,,600,450,RGB
HAM10000_images_part_2\ISIC_0029928.jpg,OK,,600,450,RGB
HAM10000_images_part_2\ISIC_0029929.jpg,OK,,600,450,RGB
HAM10000_images_part_2\ISIC_0029930.jpg,OK,,600,450,RGB
HAM10000_images_part_2\ISIC_0029931.jpg,OK,,600,450,RGB
HAM10000_images_part_2\ISIC_0029932.jpg,OK,,600,450,RGB
HAM10000_images_part_2\ISIC_0029933.jpg,OK,,600,450,RGB
HAM10000_images_part_2\ISIC_0029934.jpg,OK,,600,450,RGB
HAM10000_images_part_2\ISIC_0029935.jpg,OK,,600,450,RGB
HAM10000_images_part_2\ISIC_0029936.jpg,OK,,600,450,RGB
HAM10000_images_part_2\ISIC_0029937.jpg,OK,,600,450,RGB
HAM10000_images_part_2\ISIC_0029938.jpg,OK,,600,450,RGB
HAM10000_images_part_2\ISIC_0029939.jpg,OK,,600,450,RGB
HAM10000_images_part_2\ISIC_0029940.jpg,OK,,600,450,RGB
HAM10000_images_part_2\ISIC_0029941.jpg,OK,,600,450,RGB
HAM10000_images_part_2\ISIC_0029942.jpg,OK,,600,450,RGB
HAM10000_images_part_2\ISIC_0029943.jpg,OK,,600,450,RGB
HAM10000_images_part_2\ISIC_0029944.jpg,OK,,600,450,RGB
HAM10000_images_part_2\ISIC_0029945.jpg,OK,,600,450,RGB
HAM10000_images_part_2\ISIC_0029946.jpg,OK,,600,450,RGB
HAM10000_images_part_2\ISIC_0029947.jpg,OK,,600,450,RGB
HAM10000_images_part_2\ISIC_0029948.jpg,OK,,600,450,RGB
HAM10000_images_part_2\ISIC_0029949.jpg,OK,,600,450,RGB
HAM10000_images_part_2\ISIC_0029950.jpg,OK,,600,450,RGB
HAM10000_images_part_2\ISIC_0029951.jpg,OK,,600,450,RGB
HAM10000_images_part_2\ISIC_0029952.jpg,OK,,600,450,RGB
HAM10000_images_part_2\ISIC_0029953.jpg,OK,,600,450,RGB
HAM10000_images_part_2\ISIC_0029954.jpg,OK,,600,450,RGB
HAM10000_images_part_2\ISIC_0029955.jpg,OK,,600,450,RGB
HAM10000_images_part_2\ISIC_0029956.jpg,OK,,600,450,RGB
HAM10000_images_part_2\ISIC_0029957.jpg,OK,,600,450,RGB
HAM10000_images_part_2\ISIC_0029958.jpg,OK,,600,450,RGB
HAM10000_images_part_2\ISIC_0029959.jpg,OK,,600,450,RGB
HAM10000_images_part_2\ISIC_0029960.jpg,OK,,600,450,RGB
HAM10000_images_part_2\ISIC_0029961.jpg,OK,,600,450,RGB
HAM10000_images_part_2\ISIC_0029962.jpg,OK,,600,450,RGB
HAM10000_images_part_2\ISIC_0029963.jpg,OK,,600,450,RGB
HAM10000_images_part_2\ISIC_0029964.jpg,OK,,600,450,RGB
HAM10000_images_part_2\ISIC_0029965.jpg,OK,,600,450,RGB
HAM10000_images_part_2\ISIC_0029966.jpg,OK,,600,450,RGB
HAM10000_images_part_2\ISIC_0029967.jpg,OK,,600,450,RGB
HAM10000_images_part_2\ISIC_0029968.jpg,OK,,600,450,RGB
HAM10000_images_part_2\ISIC_0029969.jpg,OK,,600,450,RGB
HAM10000_images_part_2\ISIC_0029970.jpg,OK,,600,450,RGB
HAM10000_images_part_2\ISIC_0029971.jpg,OK,,600,450,RGB
HAM10000_images_part_2\ISIC_0029972.jpg,OK,,600,450,RGB
HAM10000_images_part_2\ISIC_0029973.jpg,OK,,600,450,RGB
HAM10000_images_part_2\ISIC_0029974.jpg,OK,,600,450,RGB
HAM10000_images_part_2\ISIC_0029975.jpg,OK,,600,450,RGB
HAM10000_images_part_2\ISIC_0029976.jpg,OK,,600,450,RGB
HAM10000_images_part_2\ISIC_0029977.jpg,OK,,600,450,RGB
HAM10000_images_part_2\ISIC_0029978.jpg,OK,,600,450,RGB
HAM10000_images_part_2\ISIC_0029979.jpg,OK,,600,450,RGB
HAM10000_images_part_2\ISIC_0029980.jpg,OK,,600,450,RGB
HAM10000_images_part_2\ISIC_0029981.jpg,OK,,600,450,RGB
HAM10000_images_part_2\ISIC_0029982.jpg,OK,,600,450,RGB
HAM10000_images_part_2\ISIC_0029983.jpg,OK,,600,450,RGB
HAM10000_images_part_2\ISIC_0029984.jpg,OK,,600,450,RGB
HAM10000_images_part_2\ISIC_0029985.jpg,OK,,600,450,RGB
HAM10000_images_part_2\ISIC_0029986.jpg,OK,,600,450,RGB
HAM10000_images_part_2\ISIC_0029987.jpg,OK,,600,450,RGB
HAM10000_images_part_2\ISIC_0029988.jpg,OK,,600,450,RGB
HAM10000_images_part_2\ISIC_0029989.jpg,OK,,600,450,RGB
HAM10000_images_part_2\ISIC_0029990.jpg,OK,,600,450,RGB
HAM10000_images_part_2\ISIC_0029991.jpg,OK,,600,450,RGB
HAM10000_images_part_2\ISIC_0029992.jpg,OK,,600,450,RGB
HAM10000_images_part_2\ISIC_0029993.jpg,OK,,600,450,RGB
HAM10000_images_part_2\ISIC_0029994.jpg,OK,,600,450,RGB
HAM10000_images_part_2\ISIC_0029995.jpg,OK,,600,450,RGB
HAM10000_images_part_2\ISIC_0029996.jpg,OK,,600,450,RGB
HAM10000_images_part_2\ISIC_0029997.jpg,OK,,600,450,RGB
HAM10000_images_part_2\ISIC_0029998.jpg,OK,,600,450,RGB
HAM10000_images_part_2\ISIC_0029999.jpg,OK,,600,450,RGB
HAM10000_images_part_2\ISIC_0030000.jpg,OK,,600,450,RGB
HAM10000_images_part_2\ISIC_0030001.jpg,OK,,600,450,RGB
HAM10000_images_part_2\ISIC_0030002.jpg,OK,,600,450,RGB
HAM10000_images_part_2\ISIC_0030003.jpg,OK,,600,450,RGB
HAM10000_images_part_2\ISIC_0030004.jpg,OK,,600,450,RGB
HAM10000_images_part_2\ISIC_0030005.jpg,OK,,600,450,RGB
HAM10000_images_part_2\ISIC_0030006.jpg,OK,,600,450,RGB
HAM10000_images_part_2\ISIC_0030007.jpg,OK,,600,450,RGB
HAM10000_images_part_2\ISIC_0030008.jpg,OK,,600,450,RGB
HAM10000_images_part_2\ISIC_0030009.jpg,OK,,600,450,RGB
HAM10000_images_part_2\ISIC_0030010.jpg,OK,,600,450,RGB
HAM10000_images_part_2\ISIC_0030011.jpg,OK,,600,450,RGB
HAM10000_images_part_2\ISIC_0030012.jpg,OK,,600,450,RGB
HAM10000_images_part_2\ISIC_0030013.jpg,OK,,600,450,RGB
HAM10000_images_part_2\ISIC_0030014.jpg,OK,,600,450,RGB
HAM10000_images_part_2\ISIC_0030015.jpg,OK,,600,450,RGB
HAM10000_images_part_2\ISIC_0030016.jpg,OK,,600,450,RGB
HAM10000_images_part_2\ISIC_0030017.jpg,OK,,600,450,RGB
HAM10000_images_part_2\ISIC_0030018.jpg,OK,,600,450,RGB
HAM10000_images_part_2\ISIC_0030019.jpg,OK,,600,450,RGB
HAM10000_images_part_2\ISIC_0030020.jpg,OK,,600,450,RGB
HAM10000_images_part_2\ISIC_0030021.jpg,OK,,600,450,RGB
HAM10000_images_part_2\ISIC_0030022.jpg,OK,,600,450,RGB
HAM10000_images_part_2\ISIC_0030023.jpg,OK,,600,450,RGB
HAM10000_images_part_2\ISIC_0030024.jpg,OK,,600,450,RGB
HAM10000_images_part_2\ISIC_0030025.jpg,OK,,600,450,RGB
HAM10000_images_part_2\ISIC_0030026.jpg,OK,,600,450,RGB
HAM10000_images_part_2\ISIC_0030027.jpg,OK,,600,450,RGB
HAM10000_images_part_2\ISIC_0030028.jpg,OK,,600,450,RGB
HAM10000_images_part_2\ISIC_0030029.jpg,OK,,600,450,RGB
HAM10000_images_part_2\ISIC_0030030.jpg,OK,,600,450,RGB
HAM10000_images_part_2\ISIC_0030031.jpg,OK,,600,450,RGB
HAM10000_images_part_2\ISIC_0030032.jpg,OK,,600,450,RGB
HAM10000_images_part_2\ISIC_0030033.jpg,OK,,600,450,RGB
HAM10000_images_part_2\ISIC_0030034.jpg,OK,,600,450,RGB
HAM10000_images_part_2\ISIC_0030035.jpg,OK,,600,450,RGB
HAM10000_images_part_2\ISIC_0030036.jpg,OK,,600,450,RGB
HAM10000_images_part_2\ISIC_0030037.jpg,OK,,600,450,RGB
HAM10000_images_part_2\ISIC_0030038.jpg,OK,,600,450,RGB
HAM10000_images_part_2\ISIC_0030039.jpg,OK,,600,450,RGB
HAM10000_images_part_2\ISIC_0030040.jpg,OK,,600,450,RGB
HAM10000_images_part_2\ISIC_0030041.jpg,OK,,600,450,RGB
HAM10000_images_part_2\ISIC_0030042.jpg,OK,,600,450,RGB
HAM10000_images_part_2\ISIC_0030043.jpg,OK,,600,450,RGB
HAM10000_images_part_2\ISIC_0030044.jpg,OK,,600,450,RGB
HAM10000_images_part_2\ISIC_0030045.jpg,OK,,600,450,RGB
HAM10000_images_part_2\ISIC_0030046.jpg,OK,,600,450,RGB
HAM10000_images_part_2\ISIC_0030047.jpg,OK,,600,450,RGB
HAM10000_images_part_2\ISIC_0030048.jpg,OK,,600,450,RGB
HAM10000_images_part_2\ISIC_0030049.jpg,OK,,600,450,RGB
HAM10000_images_part_2\ISIC_0030050.jpg,OK,,600,450,RGB
HAM10000_images_part_2\ISIC_0030051.jpg,OK,,600,450,RGB
HAM10000_images_part_2\ISIC_0030052.jpg,OK,,600,450,RGB
HAM10000_images_part_2\ISIC_0030053.jpg,OK,,600,450,RGB
HAM10000_images_part_2\ISIC_0030054.jpg,OK,,600,450,RGB
HAM10000_images_part_2\ISIC_0030055.jpg,OK,,600,450,RGB
HAM10000_images_part_2\ISIC_0030056.jpg,OK,,600,450,RGB
HAM10000_images_part_2\ISIC_0030057.jpg,OK,,600,450,RGB
HAM10000_images_part_2\ISIC_0030058.jpg,OK,,600,450,RGB
HAM10000_images_part_2\ISIC_0030059.jpg,OK,,600,450,RGB
HAM10000_images_part_2\ISIC_0030060.jpg,OK,,600,450,RGB
HAM10000_images_part_2\ISIC_0030061.jpg,OK,,600,450,RGB
HAM10000_images_part_2\ISIC_0030062.jpg,OK,,600,450,RGB
HAM10000_images_part_2\ISIC_0030063.jpg,OK,,600,450,RGB
HAM10000_images_part_2\ISIC_0030064.jpg,OK,,600,450,RGB
HAM10000_images_part_2\ISIC_0030065.jpg,OK,,600,450,RGB
HAM10000_images_part_2\ISIC_0030066.jpg,OK,,600,450,RGB
HAM10000_images_part_2\ISIC_0030067.jpg,OK,,600,450,RGB
HAM10000_images_part_2\ISIC_0030068.jpg,OK,,600,450,RGB
HAM10000_images_part_2\ISIC_0030069.jpg,OK,,600,450,RGB
HAM10000_images_part_2\ISIC_0030070.jpg,OK,,600,450,RGB
HAM10000_images_part_2\ISIC_0030071.jpg,OK,,600,450,RGB
HAM10000_images_part_2\ISIC_0030072.jpg,OK,,600,450,RGB
HAM10000_images_part_2\ISIC_0030073.jpg,OK,,600,450,RGB
HAM10000_images_part_2\ISIC_0030074.jpg,OK,,600,450,RGB
HAM10000_images_part_2\ISIC_0030075.jpg,OK,,600,450,RGB
HAM10000_images_part_2\ISIC_0030076.jpg,OK,,600,450,RGB
HAM10000_images_part_2\ISIC_0030077.jpg,OK,,600,450,RGB
HAM10000_images_part_2\ISIC_0030078.jpg,OK,,600,450,RGB
HAM10000_images_part_2\ISIC_0030079.jpg,OK,,600,450,RGB
HAM10000_images_part_2\ISIC_0030080.jpg,OK,,600,450,RGB
HAM10000_images_part_2\ISIC_0030081.jpg,OK,,600,450,RGB
HAM10000_images_part_2\ISIC_0030082.jpg,OK,,600,450,RGB
HAM10000_images_part_2\ISIC_0030083.jpg,OK,,600,450,RGB
HAM10000_images_part_2\ISIC_0030084.jpg,OK,,600,450,RGB
HAM10000_images_part_2\ISIC_0030085.jpg,OK,,600,450,RGB
HAM10000_images_part_2\ISIC_0030086.jpg,OK,,600,450,RGB
HAM10000_images_part_2\ISIC_0030087.jpg,OK,,600,450,RGB
HAM10000_images_part_2\ISIC_0030088.jpg,OK,,600,450,RGB
HAM10000_images_part_2\ISIC_0030089.jpg,OK,,600,450,RGB
HAM10000_images_part_2\ISIC_0030090.jpg,OK,,600,450,RGB
HAM10000_images_part_2\ISIC_0030091.jpg,OK,,600,450,RGB
HAM10000_images_part_2\ISIC_0030092.jpg,OK,,600,450,RGB
HAM10000_images_part_2\ISIC_0030093.jpg,OK,,600,450,RGB
HAM10000_images_part_2\ISIC_0030094.jpg,OK,,600,450,RGB
HAM10000_images_part_2\ISIC_0030095.jpg,OK,,600,450,RGB
HAM10000_images_part_2\ISIC_0030096.jpg,OK,,600,450,RGB
HAM10000_images_part_2\ISIC_0030097.jpg,OK,,600,450,RGB
HAM10000_images_part_2\ISIC_0030098.jpg,OK,,600,450,RGB
HAM10000_images_part_2\ISIC_0030099.jpg,OK,,600,450,RGB
HAM10000_images_part_2\ISIC_0030100.jpg,OK,,600,450,RGB
HAM10000_images_part_2\ISIC_0030101.jpg,OK,,600,450,RGB
HAM10000_images_part_2\ISIC_0030102.jpg,OK,,600,450,RGB
HAM10000_images_part_2\ISIC_0030103.jpg,OK,,600,450,RGB
HAM10000_images_part_2\ISIC_0030104.jpg,OK,,600,450,RGB
HAM10000_images_part_2\ISIC_0030105.jpg,OK,,600,450,RGB
HAM10000_images_part_2\ISIC_0030106.jpg,OK,,600,450,RGB
HAM10000_images_part_2\ISIC_0030107.jpg,OK,,600,450,RGB
HAM10000_images_part_2\ISIC_0030108.jpg,OK,,600,450,RGB
HAM10000_images_part_2\ISIC_0030109.jpg,OK,,600,450,RGB
HAM10000_images_part_2\ISIC_0030110.jpg,OK,,600,450,RGB
HAM10000_images_part_2\ISIC_0030111.jpg,OK,,600,450,RGB
HAM10000_images_part_2\ISIC_0030112.jpg,OK,,600,450,RGB
HAM10000_images_part_2\ISIC_0030113.jpg,OK,,600,450,RGB
HAM10000_images_part_2\ISIC_0030114.jpg,OK,,600,450,RGB
HAM10000_images_part_2\ISIC_0030115.jpg,OK,,600,450,RGB
HAM10000_images_part_2\ISIC_0030116.jpg,OK,,600,450,RGB
HAM10000_images_part_2\ISIC_0030117.jpg,OK,,600,450,RGB
HAM10000_images_part_2\ISIC_0030118.jpg,OK,,600,450,RGB
HAM10000_images_part_2\ISIC_0030119.jpg,OK,,600,450,RGB
HAM10000_images_part_2\ISIC_0030120.jpg,OK,,600,450,RGB
HAM10000_images_part_2\ISIC_0030121.jpg,OK,,600,450,RGB
HAM10000_images_part_2\ISIC_0030122.jpg,OK,,600,450,RGB
HAM10000_images_part_2\ISIC_0030123.jpg,OK,,600,450,RGB
HAM10000_images_part_2\ISIC_0030124.jpg,OK,,600,450,RGB
HAM10000_images_part_2\ISIC_0030125.jpg,OK,,600,450,RGB
HAM10000_images_part_2\ISIC_0030126.jpg,OK,,600,450,RGB
HAM10000_images_part_2\ISIC_0030127.jpg,OK,,600,450,RGB
HAM10000_images_part_2\ISIC_0030128.jpg,OK,,600,450,RGB
HAM10000_images_part_2\ISIC_0030129.jpg,OK,,600,450,RGB
HAM10000_images_part_2\ISIC_0030130.jpg,OK,,600,450,RGB
HAM10000_images_part_2\ISIC_0030131.jpg,OK,,600,450,RGB
HAM10000_images_part_2\ISIC_0030132.jpg,OK,,600,450,RGB
HAM10000_images_part_2\ISIC_0030133.jpg,OK,,600,450,RGB
HAM10000_images_part_2\ISIC_0030134.jpg,OK,,600,450,RGB
HAM10000_images_part_2\ISIC_0030135.jpg,OK,,600,450,RGB
HAM10000_images_part_2\ISIC_0030136.jpg,OK,,600,450,RGB
HAM10000_images_part_2\ISIC_0030137.jpg,OK,,600,450,RGB
HAM10000_images_part_2\ISIC_0030138.jpg,OK,,600,450,RGB
HAM10000_images_part_2\ISIC_0030139.jpg,OK,,600,450,RGB
HAM10000_images_part_2\ISIC_0030140.jpg,OK,,600,450,RGB
HAM10000_images_part_2\ISIC_0030141.jpg,OK,,600,450,RGB
HAM10000_images_part_2\ISIC_0030142.jpg,OK,,600,450,RGB
HAM10000_images_part_2\ISIC_0030143.jpg,OK,,600,450,RGB
HAM10000_images_part_2\ISIC_0030144.jpg,OK,,600,450,RGB
HAM10000_images_part_2\ISIC_0030145.jpg,OK,,600,450,RGB
HAM10000_images_part_2\ISIC_0030146.jpg,OK,,600,450,RGB
HAM10000_images_part_2\ISIC_0030147.jpg,OK,,600,450,RGB
HAM10000_images_part_2\ISIC_0030148.jpg,OK,,600,450,RGB
HAM10000_images_part_2\ISIC_0030149.jpg,OK,,600,450,RGB
HAM10000_images_part_2\ISIC_0030150.jpg,OK,,600,450,RGB
HAM10000_images_part_2\ISIC_0030151.jpg,OK,,600,450,RGB
HAM10000_images_part_2\ISIC_0030152.jpg,OK,,600,450,RGB
HAM10000_images_part_2\ISIC_0030153.jpg,OK,,600,450,RGB
HAM10000_images_part_2\ISIC_0030154.jpg,OK,,600,450,RGB
HAM10000_images_part_2\ISIC_0030155.jpg,OK,,600,450,RGB
HAM10000_images_part_2\ISIC_0030156.jpg,OK,,600,450,RGB
HAM10000_images_part_2\ISIC_0030157.jpg,OK,,600,450,RGB
HAM10000_images_part_2\ISIC_0030158.jpg,OK,,600,450,RGB
HAM10000_images_part_2\ISIC_0030159.jpg,OK,,600,450,RGB
HAM10000_images_part_2\ISIC_0030160.jpg,OK,,600,450,RGB
HAM10000_images_part_2\ISIC_0030161.jpg,OK,,600,450,RGB
HAM10000_images_part_2\ISIC_0030162.jpg,OK,,600,450,RGB
HAM10000_images_part_2\ISIC_0030163.jpg,OK,,600,450,RGB
HAM10000_images_part_2\ISIC_0030164.jpg,OK,,600,450,RGB
HAM10000_images_part_2\ISIC_0030165.jpg,OK,,600,450,RGB
HAM10000_images_part_2\ISIC_0030166.jpg,OK,,600,450,RGB
HAM10000_images_part_2\ISIC_0030167.jpg,OK,,600,450,RGB
HAM10000_images_part_2\ISIC_0030168.jpg,OK,,600,450,RGB
HAM10000_images_part_2\ISIC_0030169.jpg,OK,,600,450,RGB
HAM10000_images_part_2\ISIC_0030170.jpg,OK,,600,450,RGB
HAM10000_images_part_2\ISIC_0030171.jpg,OK,,600,450,RGB
HAM10000_images_part_2\ISIC_0030172.jpg,OK,,600,450,RGB
HAM10000_images_part_2\ISIC_0030173.jpg,OK,,600,450,RGB
HAM10000_images_part_2\ISIC_0030174.jpg,OK,,600,450,RGB
HAM10000_images_part_2\ISIC_0030175.jpg,OK,,600,450,RGB
HAM10000_images_part_2\ISIC_0030176.jpg,OK,,600,450,RGB
HAM10000_images_part_2\ISIC_0030177.jpg,OK,,600,450,RGB
HAM10000_images_part_2\ISIC_0030178.jpg,OK,,600,450,RGB
HAM10000_images_part_2\ISIC_0030179.jpg,OK,,600,450,RGB
HAM10000_images_part_2\ISIC_0030180.jpg,OK,,600,450,RGB
HAM10000_images_part_2\ISIC_0030181.jpg,OK,,600,450,RGB
HAM10000_images_part_2\ISIC_0030182.jpg,OK,,600,450,RGB
HAM10000_images_part_2\ISIC_0030183.jpg,OK,,600,450,RGB
HAM10000_images_part_2\ISIC_0030184.jpg,OK,,600,450,RGB
HAM10000_images_part_2\ISIC_0030185.jpg,OK,,600,450,RGB
HAM10000_images_part_2\ISIC_0030186.jpg,OK,,600,450,RGB
HAM10000_images_part_2\ISIC_0030187.jpg,OK,,600,450,RGB
HAM10000_images_part_2\ISIC_0030188.jpg,OK,,600,450,RGB
HAM10000_images_part_2\ISIC_0030189.jpg,OK,,600,450,RGB
HAM10000_images_part_2\ISIC_0030190.jpg,OK,,600,450,RGB
HAM10000_images_part_2\ISIC_0030191.jpg,OK,,600,450,RGB
HAM10000_images_part_2\ISIC_0030192.jpg,OK,,600,450,RGB
HAM10000_images_part_2\ISIC_0030193.jpg,OK,,600,450,RGB
HAM10000_images_part_2\ISIC_0030194.jpg,OK,,600,450,RGB
HAM10000_images_part_2\ISIC_0030195.jpg,OK,,600,450,RGB
HAM10000_images_part_2\ISIC_0030196.jpg,OK,,600,450,RGB
HAM10000_images_part_2\ISIC_0030197.jpg,OK,,600,450,RGB
HAM10000_images_part_2\ISIC_0030198.jpg,OK,,600,450,RGB
HAM10000_images_part_2\ISIC_0030199.jpg,OK,,600,450,RGB
HAM10000_images_part_2\ISIC_0030200.jpg,OK,,600,450,RGB
HAM10000_images_part_2\ISIC_0030201.jpg,OK,,600,450,RGB
HAM10000_images_part_2\ISIC_0030202.jpg,OK,,600,450,RGB
HAM10000_images_part_2\ISIC_0030203.jpg,OK,,600,450,RGB
HAM10000_images_part_2\ISIC_0030204.jpg,OK,,600,450,RGB
HAM10000_images_part_2\ISIC_0030205.jpg,OK,,600,450,RGB
HAM10000_images_part_2\ISIC_0030206.jpg,OK,,600,450,RGB
HAM10000_images_part_2\ISIC_0030207.jpg,OK,,600,450,RGB
HAM10000_images_part_2\ISIC_0030208.jpg,OK,,600,450,RGB
HAM10000_images_part_2\ISIC_0030209.jpg,OK,,600,450,RGB
HAM10000_images_part_2\ISIC_0030210.jpg,OK,,600,450,RGB
HAM10000_images_part_2\ISIC_0030211.jpg,OK,,600,450,RGB
HAM10000_images_part_2\ISIC_0030212.jpg,OK,,600,450,RGB
HAM10000_images_part_2\ISIC_0030213.jpg,OK,,600,450,RGB
HAM10000_images_part_2\ISIC_0030214.jpg,OK,,600,450,RGB
HAM10000_images_part_2\ISIC_0030215.jpg,OK,,600,450,RGB
HAM10000_images_part_2\ISIC_0030216.jpg,OK,,600,450,RGB
HAM10000_images_part_2\ISIC_0030217.jpg,OK,,600,450,RGB
HAM10000_images_part_2\ISIC_0030218.jpg,OK,,600,450,RGB
HAM10000_images_part_2\ISIC_0030219.jpg,OK,,600,450,RGB
HAM10000_images_part_2\ISIC_0030220.jpg,OK,,600,450,RGB
HAM10000_images_part_2\ISIC_0030221.jpg,OK,,600,450,RGB
HAM10000_images_part_2\ISIC_0030222.jpg,OK,,600,450,RGB
HAM10000_images_part_2\ISIC_0030223.jpg,OK,,600,450,RGB
HAM10000_images_part_2\ISIC_0030224.jpg,OK,,600,450,RGB
HAM10000_images_part_2\ISIC_0030225.jpg,OK,,600,450,RGB
HAM10000_images_part_2\ISIC_0030226.jpg,OK,,600,450,RGB
HAM10000_images_part_2\ISIC_0030227.jpg,OK,,600,450,RGB
HAM10000_images_part_2\ISIC_0030228.jpg,OK,,600,450,RGB
HAM10000_images_part_2\ISIC_0030229.jpg,OK,,600,450,RGB
HAM10000_images_part_2\ISIC_0030230.jpg,OK,,600,450,RGB
HAM10000_images_part_2\ISIC_0030231.jpg,OK,,600,450,RGB
HAM10000_images_part_2\ISIC_0030232.jpg,OK,,600,450,RGB
HAM10000_images_part_2\ISIC_0030233.jpg,OK,,600,450,RGB
HAM10000_images_part_2\ISIC_0030234.jpg,OK,,600,450,RGB
HAM10000_images_part_2\ISIC_0030235.jpg,OK,,600,450,RGB
HAM10000_images_part_2\ISIC_0030236.jpg,OK,,600,450,RGB
HAM10000_images_part_2\ISIC_0030237.jpg,OK,,600,450,RGB
HAM10000_images_part_2\ISIC_0030238.jpg,OK,,600,450,RGB
HAM10000_images_part_2\ISIC_0030239.jpg,OK,,600,450,RGB
HAM10000_images_part_2\ISIC_0030240.jpg,OK,,600,450,RGB
HAM10000_images_part_2\ISIC_0030241.jpg,OK,,600,450,RGB
HAM10000_images_part_2\ISIC_0030242.jpg,OK,,600,450,RGB
HAM10000_images_part_2\ISIC_0030243.jpg,OK,,600,450,RGB
HAM10000_images_part_2\ISIC_0030244.jpg,OK,,600,450,RGB
HAM10000_images_part_2\ISIC_0030245.jpg,OK,,600,450,RGB
HAM10000_images_part_2\ISIC_0030246.jpg,OK,,600,450,RGB
HAM10000_images_part_2\ISIC_0030247.jpg,OK,,600,450,RGB
HAM10000_images_part_2\ISIC_0030248.jpg,OK,,600,450,RGB
HAM10000_images_part_2\ISIC_0030249.jpg,OK,,600,450,RGB
HAM10000_images_part_2\ISIC_0030250.jpg,OK,,600,450,RGB
HAM10000_images_part_2\ISIC_0030251.jpg,OK,,600,450,RGB
HAM10000_images_part_2\ISIC_0030252.jpg,OK,,600,450,RGB
HAM10000_images_part_2\ISIC_0030253.jpg,OK,,600,450,RGB
HAM10000_images_part_2\ISIC_0030254.jpg,OK,,600,450,RGB
HAM10000_images_part_2\ISIC_0030255.jpg,OK,,600,450,RGB
HAM10000_images_part_2\ISIC_0030256.jpg,OK,,600,450,RGB
HAM10000_images_part_2\ISIC_0030257.jpg,OK,,600,450,RGB
HAM10000_images_part_2\ISIC_0030258.jpg,OK,,600,450,RGB
HAM10000_images_part_2\ISIC_0030259.jpg,OK,,600,450,RGB
HAM10000_images_part_2\ISIC_0030260.jpg,OK,,600,450,RGB
HAM10000_images_part_2\ISIC_0030261.jpg,OK,,600,450,RGB
HAM10000_images_part_2\ISIC_0030262.jpg,OK,,600,450,RGB
HAM10000_images_part_2\ISIC_0030263.jpg,OK,,600,450,RGB
HAM10000_images_part_2\ISIC_0030264.jpg,OK,,600,450,RGB
HAM10000_images_part_2\ISIC_0030265.jpg,OK,,600,450,RGB
HAM10000_images_part_2\ISIC_0030266.jpg,OK,,600,450,RGB
HAM10000_images_part_2\ISIC_0030267.jpg,OK,,600,450,RGB
HAM10000_images_part_2\ISIC_0030268.jpg,OK,,600,450,RGB
HAM10000_images_part_2\ISIC_0030269.jpg,OK,,600,450,RGB
HAM10000_images_part_2\ISIC_0030270.jpg,OK,,600,450,RGB
HAM10000_images_part_2\ISIC_0030271.jpg,OK,,600,450,RGB
HAM10000_images_part_2\ISIC_0030272.jpg,OK,,600,450,RGB
HAM10000_images_part_2\ISIC_0030273.jpg,OK,,600,450,RGB
HAM10000_images_part_2\ISIC_0030274.jpg,OK,,600,450,RGB
HAM10000_images_part_2\ISIC_0030275.jpg,OK,,600,450,RGB
HAM10000_images_part_2\ISIC_0030276.jpg,OK,,600,450,RGB
HAM10000_images_part_2\ISIC_0030277.jpg,OK,,600,450,RGB
HAM10000_images_part_2\ISIC_0030278.jpg,OK,,600,450,RGB
HAM10000_images_part_2\ISIC_0030279.jpg,OK,,600,450,RGB
HAM10000_images_part_2\ISIC_0030280.jpg,OK,,600,450,RGB
HAM10000_images_part_2\ISIC_0030281.jpg,OK,,600,450,RGB
HAM10000_images_part_2\ISIC_0030282.jpg,OK,,600,450,RGB
HAM10000_images_part_2\ISIC_0030283.jpg,OK,,600,450,RGB
HAM10000_images_part_2\ISIC_0030284.jpg,OK,,600,450,RGB
HAM10000_images_part_2\ISIC_0030285.jpg,OK,,600,450,RGB
HAM10000_images_part_2\ISIC_0030286.jpg,OK,,600,450,RGB
HAM10000_images_part_2\ISIC_0030287.jpg,OK,,600,450,RGB
HAM10000_images_part_2\ISIC_0030288.jpg,OK,,600,450,RGB
HAM10000_images_part_2\ISIC_0030289.jpg,OK,,600,450,RGB
HAM10000_images_part_2\ISIC_0030290.jpg,OK,,600,450,RGB
HAM10000_images_part_2\ISIC_0030291.jpg,OK,,600,450,RGB
HAM10000_images_part_2\ISIC_0030292.jpg,OK,,600,450,RGB
HAM10000_images_part_2\ISIC_0030293.jpg,OK,,600,450,RGB
HAM10000_images_part_2\ISIC_0030294.jpg,OK,,600,450,RGB
HAM10000_images_part_2\ISIC_0030295.jpg,OK,,600,450,RGB
HAM10000_images_part_2\ISIC_0030296.jpg,OK,,600,450,RGB
HAM10000_images_part_2\ISIC_0030297.jpg,OK,,600,450,RGB
HAM10000_images_part_2\ISIC_0030298.jpg,OK,,600,450,RGB
HAM10000_images_part_2\ISIC_0030299.jpg,OK,,600,450,RGB
HAM10000_images_part_2\ISIC_0030300.jpg,OK,,600,450,RGB
HAM10000_images_part_2\ISIC_0030301.jpg,OK,,600,450,RGB
HAM10000_images_part_2\ISIC_0030302.jpg,OK,,600,450,RGB
HAM10000_images_part_2\ISIC_0030303.jpg,OK,,600,450,RGB
HAM10000_images_part_2\ISIC_0030304.jpg,OK,,600,450,RGB
HAM10000_images_part_2\ISIC_0030305.jpg,OK,,600,450,RGB
HAM10000_images_part_2\ISIC_0030306.jpg,OK,,600,450,RGB
HAM10000_images_part_2\ISIC_0030307.jpg,OK,,600,450,RGB
HAM10000_images_part_2\ISIC_0030308.jpg,OK,,600,450,RGB
HAM10000_images_part_2\ISIC_0030309.jpg,OK,,600,450,RGB
HAM10000_images_part_2\ISIC_0030310.jpg,OK,,600,450,RGB
HAM10000_images_part_2\ISIC_0030311.jpg,OK,,600,450,RGB
HAM10000_images_part_2\ISIC_0030312.jpg,OK,,600,450,RGB
HAM10000_images_part_2\ISIC_0030313.jpg,OK,,600,450,RGB
HAM10000_images_part_2\ISIC_0030314.jpg,OK,,600,450,RGB
HAM10000_images_part_2\ISIC_0030315.jpg,OK,,600,450,RGB
HAM10000_images_part_2\ISIC_0030316.jpg,OK,,600,450,RGB
HAM10000_images_part_2\ISIC_0030317.jpg,OK,,600,450,RGB
HAM10000_images_part_2\ISIC_0030318.jpg,OK,,600,450,RGB
HAM10000_images_part_2\ISIC_0030319.jpg,OK,,600,450,RGB
HAM10000_images_part_2\ISIC_0030320.jpg,OK,,600,450,RGB
HAM10000_images_part_2\ISIC_0030321.jpg,OK,,600,450,RGB
HAM10000_images_part_2\ISIC_0030322.jpg,OK,,600,450,RGB
HAM10000_images_part_2\ISIC_0030323.jpg,OK,,600,450,RGB
HAM10000_images_part_2\ISIC_0030324.jpg,OK,,600,450,RGB
HAM10000_images_part_2\ISIC_0030325.jpg,OK,,600,450,RGB
HAM10000_images_part_2\ISIC_0030326.jpg,OK,,600,450,RGB
HAM10000_images_part_2\ISIC_0030327.jpg,OK,,600,450,RGB
HAM10000_images_part_2\ISIC_0030328.jpg,OK,,600,450,RGB
HAM10000_images_part_2\ISIC_0030329.jpg,OK,,600,450,RGB
HAM10000_images_part_2\ISIC_0030330.jpg,OK,,600,450,RGB
HAM10000_images_part_2\ISIC_0030331.jpg,OK,,600,450,RGB
HAM10000_images_part_2\ISIC_0030332.jpg,OK,,600,450,RGB
HAM10000_images_part_2\ISIC_0030333.jpg,OK,,600,450,RGB
HAM10000_images_part_2\ISIC_0030334.jpg,OK,,600,450,RGB
HAM10000_images_part_2\ISIC_0030335.jpg,OK,,600,450,RGB
HAM10000_images_part_2\ISIC_0030336.jpg,OK,,600,450,RGB
HAM10000_images_part_2\ISIC_0030337.jpg,OK,,600,450,RGB
HAM10000_images_part_2\ISIC_0030338.jpg,OK,,600,450,RGB
HAM10000_images_part_2\ISIC_0030339.jpg,OK,,600,450,RGB
HAM10000_images_part_2\ISIC_0030340.jpg,OK,,600,450,RGB
HAM10000_images_part_2\ISIC_0030341.jpg,OK,,600,450,RGB
HAM10000_images_part_2\ISIC_0030342.jpg,OK,,600,450,RGB
HAM10000_images_part_2\ISIC_0030343.jpg,OK,,600,450,RGB
HAM10000_images_part_2\ISIC_0030344.jpg,OK,,600,450,RGB
HAM10000_images_part_2\ISIC_0030345.jpg,OK,,600,450,RGB
HAM10000_images_part_2\ISIC_0030346.jpg,OK,,600,450,RGB
HAM10000_images_part_2\ISIC_0030347.jpg,OK,,600,450,RGB
HAM10000_images_part_2\ISIC_0030348.jpg,OK,,600,450,RGB
HAM10000_images_part_2\ISIC_0030349.jpg,OK,,600,450,RGB
HAM10000_images_part_2\ISIC_0030350.jpg,OK,,600,450,RGB
HAM10000_images_part_2\ISIC_0030351.jpg,OK,,600,450,RGB
HAM10000_images_part_2\ISIC_0030352.jpg,OK,,600,450,RGB
HAM10000_images_part_2\ISIC_0030353.jpg,OK,,600,450,RGB
HAM10000_images_part_2\ISIC_0030354.jpg,OK,,600,450,RGB
HAM10000_images_part_2\ISIC_0030355.jpg,OK,,600,450,RGB
HAM10000_images_part_2\ISIC_0030356.jpg,OK,,600,450,RGB
HAM10000_images_part_2\ISIC_0030357.jpg,OK,,600,450,RGB
HAM10000_images_part_2\ISIC_0030358.jpg,OK,,600,450,RGB
HAM10000_images_part_2\ISIC_0030359.jpg,OK,,600,450,RGB
HAM10000_images_part_2\ISIC_0030360.jpg,OK,,600,450,RGB
HAM10000_images_part_2\ISIC_0030361.jpg,OK,,600,450,RGB
HAM10000_images_part_2\ISIC_0030362.jpg,OK,,600,450,RGB
HAM10000_images_part_2\ISIC_0030363.jpg,OK,,600,450,RGB
HAM10000_images_part_2\ISIC_0030364.jpg,OK,,600,450,RGB
HAM10000_images_part_2\ISIC_0030365.jpg,OK,,600,450,RGB
HAM10000_images_part_2\ISIC_0030366.jpg,OK,,600,450,RGB
HAM10000_images_part_2\ISIC_0030367.jpg,OK,,600,450,RGB
HAM10000_images_part_2\ISIC_0030368.jpg,OK,,600,450,RGB
HAM10000_images_part_2\ISIC_0030369.jpg,OK,,600,450,RGB
HAM10000_images_part_2\ISIC_0030370.jpg,OK,,600,450,RGB
HAM10000_images_part_2\ISIC_0030371.jpg,OK,,600,450,RGB
HAM10000_images_part_2\ISIC_0030372.jpg,OK,,600,450,RGB
HAM10000_images_part_2\ISIC_0030373.jpg,OK,,600,450,RGB
HAM10000_images_part_2\ISIC_0030374.jpg,OK,,600,450,RGB
HAM10000_images_part_2\ISIC_0030375.jpg,OK,,600,450,RGB
HAM10000_images_part_2\ISIC_0030376.jpg,OK,,600,450,RGB
HAM10000_images_part_2\ISIC_0030377.jpg,OK,,600,450,RGB
HAM10000_images_part_2\ISIC_0030378.jpg,OK,,600,450,RGB
HAM10000_images_part_2\ISIC_0030379.jpg,OK,,600,450,RGB
HAM10000_images_part_2\ISIC_0030380.jpg,OK,,600,450,RGB
HAM10000_images_part_2\ISIC_0030381.jpg,OK,,600,450,RGB
HAM10000_images_part_2\ISIC_0030382.jpg,OK,,600,450,RGB
HAM10000_images_part_2\ISIC_0030383.jpg,OK,,600,450,RGB
HAM10000_images_part_2\ISIC_0030384.jpg,OK,,600,450,RGB
HAM10000_images_part_2\ISIC_0030385.jpg,OK,,600,450,RGB
HAM10000_images_part_2\ISIC_0030386.jpg,OK,,600,450,RGB
HAM10000_images_part_2\ISIC_0030387.jpg,OK,,600,450,RGB
HAM10000_images_part_2\ISIC_0030388.jpg,OK,,600,450,RGB
HAM10000_images_part_2\ISIC_0030389.jpg,OK,,600,450,RGB
HAM10000_images_part_2\ISIC_0030390.jpg,OK,,600,450,RGB
HAM10000_images_part_2\ISIC_0030391.jpg,OK,,600,450,RGB
HAM10000_images_part_2\ISIC_0030392.jpg,OK,,600,450,RGB
HAM10000_images_part_2\ISIC_0030393.jpg,OK,,600,450,RGB
HAM10000_images_part_2\ISIC_0030394.jpg,OK,,600,450,RGB
HAM10000_images_part_2\ISIC_0030395.jpg,OK,,600,450,RGB
HAM10000_images_part_2\ISIC_0030396.jpg,OK,,600,450,RGB
HAM10000_images_part_2\ISIC_0030397.jpg,OK,,600,450,RGB
HAM10000_images_part_2\ISIC_0030398.jpg,OK,,600,450,RGB
HAM10000_images_part_2\ISIC_0030399.jpg,OK,,600,450,RGB
HAM10000_images_part_2\ISIC_0030400.jpg,OK,,600,450,RGB
HAM10000_images_part_2\ISIC_0030401.jpg,OK,,600,450,RGB
HAM10000_images_part_2\ISIC_0030402.jpg,OK,,600,450,RGB
HAM10000_images_part_2\ISIC_0030403.jpg,OK,,600,450,RGB
HAM10000_images_part_2\ISIC_0030404.jpg,OK,,600,450,RGB
HAM10000_images_part_2\ISIC_0030405.jpg,OK,,600,450,RGB
HAM10000_images_part_2\ISIC_0030406.jpg,OK,,600,450,RGB
HAM10000_images_part_2\ISIC_0030407.jpg,OK,,600,450,RGB
HAM10000_images_part_2\ISIC_0030408.jpg,OK,,600,450,RGB
HAM10000_images_part_2\ISIC_0030409.jpg,OK,,600,450,RGB
HAM10000_images_part_2\ISIC_0030410.jpg,OK,,600,450,RGB
HAM10000_images_part_2\ISIC_0030411.jpg,OK,,600,450,RGB
HAM10000_images_part_2\ISIC_0030412.jpg,OK,,600,450,RGB
HAM10000_images_part_2\ISIC_0030413.jpg,OK,,600,450,RGB
HAM10000_images_part_2\ISIC_0030414.jpg,OK,,600,450,RGB
HAM10000_images_part_2\ISIC_0030415.jpg,OK,,600,450,RGB
HAM10000_images_part_2\ISIC_0030416.jpg,OK,,600,450,RGB
HAM10000_images_part_2\ISIC_0030417.jpg,OK,,600,450,RGB
HAM10000_images_part_2\ISIC_0030418.jpg,OK,,600,450,RGB
HAM10000_images_part_2\ISIC_0030419.jpg,OK,,600,450,RGB
HAM10000_images_part_2\ISIC_0030420.jpg,OK,,600,450,RGB
HAM10000_images_part_2\ISIC_0030421.jpg,OK,,600,450,RGB
HAM10000_images_part_2\ISIC_0030422.jpg,OK,,600,450,RGB
HAM10000_images_part_2\ISIC_0030423.jpg,OK,,600,450,RGB
HAM10000_images_part_2\ISIC_0030424.jpg,OK,,600,450,RGB
HAM10000_images_part_2\ISIC_0030425.jpg,OK,,600,450,RGB
HAM10000_images_part_2\ISIC_0030426.jpg,OK,,600,450,RGB
HAM10000_images_part_2\ISIC_0030427.jpg,OK,,600,450,RGB
HAM10000_images_part_2\ISIC_0030428.jpg,OK,,600,450,RGB
HAM10000_images_part_2\ISIC_0030429.jpg,OK,,600,450,RGB
HAM10000_images_part_2\ISIC_0030430.jpg,OK,,600,450,RGB
HAM10000_images_part_2\ISIC_0030431.jpg,OK,,600,450,RGB
HAM10000_images_part_2\ISIC_0030432.jpg,OK,,600,450,RGB
HAM10000_images_part_2\ISIC_0030433.jpg,OK,,600,450,RGB
HAM10000_images_part_2\ISIC_0030434.jpg,OK,,600,450,RGB
HAM10000_images_part_2\ISIC_0030435.jpg,OK,,600,450,RGB
HAM10000_images_part_2\ISIC_0030436.jpg,OK,,600,450,RGB
HAM10000_images_part_2\ISIC_0030437.jpg,OK,,600,450,RGB
HAM10000_images_part_2\ISIC_0030438.jpg,OK,,600,450,RGB
HAM10000_images_part_2\ISIC_0030439.jpg,OK,,600,450,RGB
HAM10000_images_part_2\ISIC_0030440.jpg,OK,,600,450,RGB
HAM10000_images_part_2\ISIC_0030441.jpg,OK,,600,450,RGB
HAM10000_images_part_2\ISIC_0030442.jpg,OK,,600,450,RGB
HAM10000_images_part_2\ISIC_0030443.jpg,OK,,600,450,RGB
HAM10000_images_part_2\ISIC_0030444.jpg,OK,,600,450,RGB
HAM10000_images_part_2\ISIC_0030445.jpg,OK,,600,450,RGB
HAM10000_images_part_2\ISIC_0030446.jpg,OK,,600,450,RGB
HAM10000_images_part_2\ISIC_0030447.jpg,OK,,600,450,RGB
HAM10000_images_part_2\ISIC_0030448.jpg,OK,,600,450,RGB
HAM10000_images_part_2\ISIC_0030449.jpg,OK,,600,450,RGB
HAM10000_images_part_2\ISIC_0030450.jpg,OK,,600,450,RGB
HAM10000_images_part_2\ISIC_0030451.jpg,OK,,600,450,RGB
HAM10000_images_part_2\ISIC_0030452.jpg,OK,,600,450,RGB
HAM10000_images_part_2\ISIC_0030453.jpg,OK,,600,450,RGB
HAM10000_images_part_2\ISIC_0030454.jpg,OK,,600,450,RGB
HAM10000_images_part_2\ISIC_0030455.jpg,OK,,600,450,RGB
HAM10000_images_part_2\ISIC_0030456.jpg,OK,,600,450,RGB
HAM10000_images_part_2\ISIC_0030457.jpg,OK,,600,450,RGB
HAM10000_images_part_2\ISIC_0030458.jpg,OK,,600,450,RGB
HAM10000_images_part_2\ISIC_0030459.jpg,OK,,600,450,RGB
HAM10000_images_part_2\ISIC_0030460.jpg,OK,,600,450,RGB
HAM10000_images_part_2\ISIC_0030461.jpg,OK,,600,450,RGB
HAM10000_images_part_2\ISIC_0030462.jpg,OK,,600,450,RGB
HAM10000_images_part_2\ISIC_0030463.jpg,OK,,600,450,RGB
HAM10000_images_part_2\ISIC_0030464.jpg,OK,,600,450,RGB
HAM10000_images_part_2\ISIC_0030465.jpg,OK,,600,450,RGB
HAM10000_images_part_2\ISIC_0030466.jpg,OK,,600,450,RGB
HAM10000_images_part_2\ISIC_0030467.jpg,OK,,600,450,RGB
HAM10000_images_part_2\ISIC_0030468.jpg,OK,,600,450,RGB
HAM10000_images_part_2\ISIC_0030469.jpg,OK,,600,450,RGB
HAM10000_images_part_2\ISIC_0030470.jpg,OK,,600,450,RGB
HAM10000_images_part_2\ISIC_0030471.jpg,OK,,600,450,RGB
HAM10000_images_part_2\ISIC_0030472.jpg,OK,,600,450,RGB
HAM10000_images_part_2\ISIC_0030473.jpg,OK,,600,450,RGB
HAM10000_images_part_2\ISIC_0030474.jpg,OK,,600,450,RGB
HAM10000_images_part_2\ISIC_0030475.jpg,OK,,600,450,RGB
HAM10000_images_part_2\ISIC_0030476.jpg,OK,,600,450,RGB
HAM10000_images_part_2\ISIC_0030477.jpg,OK,,600,450,RGB
HAM10000_images_part_2\ISIC_0030478.jpg,OK,,600,450,RGB
HAM10000_images_part_2\ISIC_0030479.jpg,OK,,600,450,RGB
HAM10000_images_part_2\ISIC_0030480.jpg,OK,,600,450,RGB
HAM10000_images_part_2\ISIC_0030481.jpg,OK,,600,450,RGB
HAM10000_images_part_2\ISIC_0030482.jpg,OK,,600,450,RGB
HAM10000_images_part_2\ISIC_0030483.jpg,OK,,600,450,RGB
HAM10000_images_part_2\ISIC_0030484.jpg,OK,,600,450,RGB
HAM10000_images_part_2\ISIC_0030485.jpg,OK,,600,450,RGB
HAM10000_images_part_2\ISIC_0030486.jpg,OK,,600,450,RGB
HAM10000_images_part_2\ISIC_0030487.jpg,OK,,600,450,RGB
HAM10000_images_part_2\ISIC_0030488.jpg,OK,,600,450,RGB
HAM10000_images_part_2\ISIC_0030489.jpg,OK,,600,450,RGB
HAM10000_images_part_2\ISIC_0030490.jpg,OK,,600,450,RGB
HAM10000_images_part_2\ISIC_0030491.jpg,OK,,600,450,RGB
HAM10000_images_part_2\ISIC_0030492.jpg,OK,,600,450,RGB
HAM10000_images_part_2\ISIC_0030493.jpg,OK,,600,450,RGB
HAM10000_images_part_2\ISIC_0030494.jpg,OK,,600,450,RGB
HAM10000_images_part_2\ISIC_0030495.jpg,OK,,600,450,RGB
HAM10000_images_part_2\ISIC_0030496.jpg,OK,,600,450,RGB
HAM10000_images_part_2\ISIC_0030497.jpg,OK,,600,450,RGB
HAM10000_images_part_2\ISIC_0030498.jpg,OK,,600,450,RGB
HAM10000_images_part_2\ISIC_0030499.jpg,OK,,600,450,RGB
HAM10000_images_part_2\ISIC_0030500.jpg,OK,,600,450,RGB
HAM10000_images_part_2\ISIC_0030501.jpg,OK,,600,450,RGB
HAM10000_images_part_2\ISIC_0030502.jpg,OK,,600,450,RGB
HAM10000_images_part_2\ISIC_0030503.jpg,OK,,600,450,RGB
HAM10000_images_part_2\ISIC_0030504.jpg,OK,,600,450,RGB
HAM10000_images_part_2\ISIC_0030505.jpg,OK,,600,450,RGB
HAM10000_images_part_2\ISIC_0030506.jpg,OK,,600,450,RGB
HAM10000_images_part_2\ISIC_0030507.jpg,OK,,600,450,RGB
HAM10000_images_part_2\ISIC_0030508.jpg,OK,,600,450,RGB
HAM10000_images_part_2\ISIC_0030509.jpg,OK,,600,450,RGB
HAM10000_images_part_2\ISIC_0030510.jpg,OK,,600,450,RGB
HAM10000_images_part_2\ISIC_0030511.jpg,OK,,600,450,RGB
HAM10000_images_part_2\ISIC_0030512.jpg,OK,,600,450,RGB
HAM10000_images_part_2\ISIC_0030513.jpg,OK,,600,450,RGB
HAM10000_images_part_2\ISIC_0030514.jpg,OK,,600,450,RGB
HAM10000_images_part_2\ISIC_0030515.jpg,OK,,600,450,RGB
HAM10000_images_part_2\ISIC_0030516.jpg,OK,,600,450,RGB
HAM10000_images_part_2\ISIC_0030517.jpg,OK,,600,450,RGB
HAM10000_images_part_2\ISIC_0030518.jpg,OK,,600,450,RGB
HAM10000_images_part_2\ISIC_0030519.jpg,OK,,600,450,RGB
HAM10000_images_part_2\ISIC_0030520.jpg,OK,,600,450,RGB
HAM10000_images_part_2\ISIC_0030521.jpg,OK,,600,450,RGB
HAM10000_images_part_2\ISIC_0030522.jpg,OK,,600,450,RGB
HAM10000_images_part_2\ISIC_0030523.jpg,OK,,600,450,RGB
HAM10000_images_part_2\ISIC_0030524.jpg,OK,,600,450,RGB
HAM10000_images_part_2\ISIC_0030525.jpg,OK,,600,450,RGB
HAM10000_images_part_2\ISIC_0030526.jpg,OK,,600,450,RGB
HAM10000_images_part_2\ISIC_0030527.jpg,OK,,600,450,RGB
HAM10000_images_part_2\ISIC_0030528.jpg,OK,,600,450,RGB
HAM10000_images_part_2\ISIC_0030529.jpg,OK,,600,450,RGB
HAM10000_images_part_2\ISIC_0030530.jpg,OK,,600,450,RGB
HAM10000_images_part_2\ISIC_0030531.jpg,OK,,600,450,RGB
HAM10000_images_part_2\ISIC_0030532.jpg,OK,,600,450,RGB
HAM10000_images_part_2\ISIC_0030533.jpg,OK,,600,450,RGB
HAM10000_images_part_2\ISIC_0030534.jpg,OK,,600,450,RGB
HAM10000_images_part_2\ISIC_0030535.jpg,OK,,600,450,RGB
HAM10000_images_part_2\ISIC_0030536.jpg,OK,,600,450,RGB
HAM10000_images_part_2\ISIC_0030537.jpg,OK,,600,450,RGB
HAM10000_images_part_2\ISIC_0030538.jpg,OK,,600,450,RGB
HAM10000_images_part_2\ISIC_0030539.jpg,OK,,600,450,RGB
HAM10000_images_part_2\ISIC_0030540.jpg,OK,,600,450,RGB
HAM10000_images_part_2\ISIC_0030541.jpg,OK,,600,450,RGB
HAM10000_images_part_2\ISIC_0030542.jpg,OK,,600,450,RGB
HAM10000_images_part_2\ISIC_0030543.jpg,OK,,600,450,RGB
HAM10000_images_part_2\ISIC_0030544.jpg,OK,,600,450,RGB
HAM10000_images_part_2\ISIC_0030545.jpg,OK,,600,450,RGB
HAM10000_images_part_2\ISIC_0030546.jpg,OK,,600,450,RGB
HAM10000_images_part_2\ISIC_0030547.jpg,OK,,600,450,RGB
HAM10000_images_part_2\ISIC_0030548.jpg,OK,,600,450,RGB
HAM10000_images_part_2\ISIC_0030549.jpg,OK,,600,450,RGB
HAM10000_images_part_2\ISIC_0030550.jpg,OK,,600,450,RGB
HAM10000_images_part_2\ISIC_0030551.jpg,OK,,600,450,RGB
HAM10000_images_part_2\ISIC_0030552.jpg,OK,,600,450,RGB
HAM10000_images_part_2\ISIC_0030553.jpg,OK,,600,450,RGB
HAM10000_images_part_2\ISIC_0030554.jpg,OK,,600,450,RGB
HAM10000_images_part_2\ISIC_0030555.jpg,OK,,600,450,RGB
HAM10000_images_part_2\ISIC_0030556.jpg,OK,,600,450,RGB
HAM10000_images_part_2\ISIC_0030557.jpg,OK,,600,450,RGB
HAM10000_images_part_2\ISIC_0030558.jpg,OK,,600,450,RGB
HAM10000_images_part_2\ISIC_0030559.jpg,OK,,600,450,RGB
HAM10000_images_part_2\ISIC_0030560.jpg,OK,,600,450,RGB
HAM10000_images_part_2\ISIC_0030561.jpg,OK,,600,450,RGB
HAM10000_images_part_2\ISIC_0030562.jpg,OK,,600,450,RGB
HAM10000_images_part_2\ISIC_0030563.jpg,OK,,600,450,RGB
HAM10000_images_part_2\ISIC_0030564.jpg,OK,,600,450,RGB
HAM10000_images_part_2\ISIC_0030565.jpg,OK,,600,450,RGB
HAM10000_images_part_2\ISIC_0030566.jpg,OK,,600,450,RGB
HAM10000_images_part_2\ISIC_0030567.jpg,OK,,600,450,RGB
HAM10000_images_part_2\ISIC_0030568.jpg,OK,,600,450,RGB
HAM10000_images_part_2\ISIC_0030569.jpg,OK,,600,450,RGB
HAM10000_images_part_2\ISIC_0030570.jpg,OK,,600,450,RGB
HAM10000_images_part_2\ISIC_0030571.jpg,OK,,600,450,RGB
HAM10000_images_part_2\ISIC_0030572.jpg,OK,,600,450,RGB
HAM10000_images_part_2\ISIC_0030573.jpg,OK,,600,450,RGB
HAM10000_images_part_2\ISIC_0030574.jpg,OK,,600,450,RGB
HAM10000_images_part_2\ISIC_0030575.jpg,OK,,600,450,RGB
HAM10000_images_part_2\ISIC_0030576.jpg,OK,,600,450,RGB
HAM10000_images_part_2\ISIC_0030577.jpg,OK,,600,450,RGB
HAM10000_images_part_2\ISIC_0030578.jpg,OK,,600,450,RGB
HAM10000_images_part_2\ISIC_0030579.jpg,OK,,600,450,RGB
HAM10000_images_part_2\ISIC_0030580.jpg,OK,,600,450,RGB
HAM10000_images_part_2\ISIC_0030581.jpg,OK,,600,450,RGB
HAM10000_images_part_2\ISIC_0030582.jpg,OK,,600,450,RGB
HAM10000_images_part_2\ISIC_0030583.jpg,OK,,600,450,RGB
HAM10000_images_part_2\ISIC_0030584.jpg,OK,,600,450,RGB
HAM10000_images_part_2\ISIC_0030585.jpg,OK,,600,450,RGB
HAM10000_images_part_2\ISIC_0030586.jpg,OK,,600,450,RGB
HAM10000_images_part_2\ISIC_0030587.jpg,OK,,600,450,RGB
HAM10000_images_part_2\ISIC_0030588.jpg,OK,,600,450,RGB
HAM10000_images_part_2\ISIC_0030589.jpg,OK,,600,450,RGB
HAM10000_images_part_2\ISIC_0030590.jpg,OK,,600,450,RGB
HAM10000_images_part_2\ISIC_0030591.jpg,OK,,600,450,RGB
HAM10000_images_part_2\ISIC_0030592.jpg,OK,,600,450,RGB
HAM10000_images_part_2\ISIC_0030593.jpg,OK,,600,450,RGB
HAM10000_images_part_2\ISIC_0030594.jpg,OK,,600,450,RGB
HAM10000_images_part_2\ISIC_0030595.jpg,OK,,600,450,RGB
HAM10000_images_part_2\ISIC_0030596.jpg,OK,,600,450,RGB
HAM10000_images_part_2\ISIC_0030597.jpg,OK,,600,450,RGB
HAM10000_images_part_2\ISIC_0030598.jpg,OK,,600,450,RGB
HAM10000_images_part_2\ISIC_0030599.jpg,OK,,600,450,RGB
HAM10000_images_part_2\ISIC_0030600.jpg,OK,,600,450,RGB
HAM10000_images_part_2\ISIC_0030601.jpg,OK,,600,450,RGB
HAM10000_images_part_2\ISIC_0030602.jpg,OK,,600,450,RGB
HAM10000_images_part_2\ISIC_0030603.jpg,OK,,600,450,RGB
HAM10000_images_part_2\ISIC_0030604.jpg,OK,,600,450,RGB
HAM10000_images_part_2\ISIC_0030605.jpg,OK,,600,450,RGB
HAM10000_images_part_2\ISIC_0030606.jpg,OK,,600,450,RGB
HAM10000_images_part_2\ISIC_0030607.jpg,OK,,600,450,RGB
HAM10000_images_part_2\ISIC_0030608.jpg,OK,,600,450,RGB
HAM10000_images_part_2\ISIC_0030609.jpg,OK,,600,450,RGB
HAM10000_images_part_2\ISIC_0030610.jpg,OK,,600,450,RGB
HAM10000_images_part_2\ISIC_0030611.jpg,OK,,600,450,RGB
HAM10000_images_part_2\ISIC_0030612.jpg,OK,,600,450,RGB
HAM10000_images_part_2\ISIC_0030613.jpg,OK,,600,450,RGB
HAM10000_images_part_2\ISIC_0030614.jpg,OK,,600,450,RGB
HAM10000_images_part_2\ISIC_0030615.jpg,OK,,600,450,RGB
HAM10000_images_part_2\ISIC_0030616.jpg,OK,,600,450,RGB
HAM10000_images_part_2\ISIC_0030617.jpg,OK,,600,450,RGB
HAM10000_images_part_2\ISIC_0030618.jpg,OK,,600,450,RGB
HAM10000_images_part_2\ISIC_0030619.jpg,OK,,600,450,RGB
HAM10000_images_part_2\ISIC_0030620.jpg,OK,,600,450,RGB
HAM10000_images_part_2\ISIC_0030621.jpg,OK,,600,450,RGB
HAM10000_images_part_2\ISIC_0030622.jpg,OK,,600,450,RGB
HAM10000_images_part_2\ISIC_0030623.jpg,OK,,600,450,RGB
HAM10000_images_part_2\ISIC_0030624.jpg,OK,,600,450,RGB
HAM10000_images_part_2\ISIC_0030625.jpg,OK,,600,450,RGB
HAM10000_images_part_2\ISIC_0030626.jpg,OK,,600,450,RGB
HAM10000_images_part_2\ISIC_0030627.jpg,OK,,600,450,RGB
HAM10000_images_part_2\ISIC_0030628.jpg,OK,,600,450,RGB
HAM10000_images_part_2\ISIC_0030629.jpg,OK,,600,450,RGB
HAM10000_images_part_2\ISIC_0030630.jpg,OK,,600,450,RGB
HAM10000_images_part_2\ISIC_0030631.jpg,OK,,600,450,RGB
HAM10000_images_part_2\ISIC_0030632.jpg,OK,,600,450,RGB
HAM10000_images_part_2\ISIC_0030633.jpg,OK,,600,450,RGB
HAM10000_images_part_2\ISIC_0030634.jpg,OK,,600,450,RGB
HAM10000_images_part_2\ISIC_0030635.jpg,OK,,600,450,RGB
HAM10000_images_part_2\ISIC_0030636.jpg,OK,,600,450,RGB
HAM10000_images_part_2\ISIC_0030637.jpg,OK,,600,450,RGB
HAM10000_images_part_2\ISIC_0030638.jpg,OK,,600,450,RGB
HAM10000_images_part_2\ISIC_0030639.jpg,OK,,600,450,RGB
HAM10000_images_part_2\ISIC_0030640.jpg,OK,,600,450,RGB
HAM10000_images_part_2\ISIC_0030641.jpg,OK,,600,450,RGB
HAM10000_images_part_2\ISIC_0030642.jpg,OK,,600,450,RGB
HAM10000_images_part_2\ISIC_0030643.jpg,OK,,600,450,RGB
HAM10000_images_part_2\ISIC_0030644.jpg,OK,,600,450,RGB
HAM10000_images_part_2\ISIC_0030645.jpg,OK,,600,450,RGB
HAM10000_images_part_2\ISIC_0030646.jpg,OK,,600,450,RGB
HAM10000_images_part_2\ISIC_0030647.jpg,OK,,600,450,RGB
HAM10000_images_part_2\ISIC_0030648.jpg,OK,,600,450,RGB
HAM10000_images_part_2\ISIC_0030649.jpg,OK,,600,450,RGB
HAM10000_images_part_2\ISIC_0030650.jpg,OK,,600,450,RGB
HAM10000_images_part_2\ISIC_0030651.jpg,OK,,600,450,RGB
HAM10000_images_part_2\ISIC_0030652.jpg,OK,,600,450,RGB
HAM10000_images_part_2\ISIC_0030653.jpg,OK,,600,450,RGB
HAM10000_images_part_2\ISIC_0030654.jpg,OK,,600,450,RGB
HAM10000_images_part_2\ISIC_0030655.jpg,OK,,600,450,RGB
HAM10000_images_part_2\ISIC_0030656.jpg,OK,,600,450,RGB
HAM10000_images_part_2\ISIC_0030657.jpg,OK,,600,450,RGB
HAM10000_images_part_2\ISIC_0030658.jpg,OK,,600,450,RGB
HAM10000_images_part_2\ISIC_0030659.jpg,OK,,600,450,RGB
HAM10000_images_part_2\ISIC_0030660.jpg,OK,,600,450,RGB
HAM10000_images_part_2\ISIC_0030661.jpg,OK,,600,450,RGB
HAM10000_images_part_2\ISIC_0030662.jpg,OK,,600,450,RGB
HAM10000_images_part_2\ISIC_0030663.jpg,OK,,600,450,RGB
HAM10000_images_part_2\ISIC_0030664.jpg,OK,,600,450,RGB
HAM10000_images_part_2\ISIC_0030665.jpg,OK,,600,450,RGB
HAM10000_images_part_2\ISIC_0030666.jpg,OK,,600,450,RGB
HAM10000_images_part_2\ISIC_0030667.jpg,OK,,600,450,RGB
HAM10000_images_part_2\ISIC_0030668.jpg,OK,,600,450,RGB
HAM10000_images_part_2\ISIC_0030669.jpg,OK,,600,450,RGB
HAM10000_images_part_2\ISIC_0030670.jpg,OK,,600,450,RGB
HAM10000_images_part_2\ISIC_0030671.jpg,OK,,600,450,RGB
HAM10000_images_part_2\ISIC_0030672.jpg,OK,,600,450,RGB
HAM10000_images_part_2\ISIC_0030673.jpg,OK,,600,450,RGB
HAM10000_images_part_2\ISIC_0030674.jpg,OK,,600,450,RGB
HAM10000_images_part_2\ISIC_0030675.jpg,OK,,600,450,RGB
HAM10000_images_part_2\ISIC_0030676.jpg,OK,,600,450,RGB
HAM10000_images_part_2\ISIC_0030677.jpg,OK,,600,450,RGB
HAM10000_images_part_2\ISIC_0030678.jpg,OK,,600,450,RGB
HAM10000_images_part_2\ISIC_0030679.jpg,OK,,600,450,RGB
HAM10000_images_part_2\ISIC_0030680.jpg,OK,,600,450,RGB
HAM10000_images_part_2\ISIC_0030681.jpg,OK,,600,450,RGB
HAM10000_images_part_2\ISIC_0030682.jpg,OK,,600,450,RGB
HAM10000_images_part_2\ISIC_0030683.jpg,OK,,600,450,RGB
HAM10000_images_part_2\ISIC_0030684.jpg,OK,,600,450,RGB
HAM10000_images_part_2\ISIC_0030685.jpg,OK,,600,450,RGB
HAM10000_images_part_2\ISIC_0030686.jpg,OK,,600,450,RGB
HAM10000_images_part_2\ISIC_0030687.jpg,OK,,600,450,RGB
HAM10000_images_part_2\ISIC_0030688.jpg,OK,,600,450,RGB
HAM10000_images_part_2\ISIC_0030689.jpg,OK,,600,450,RGB
HAM10000_images_part_2\ISIC_0030690.jpg,OK,,600,450,RGB
HAM10000_images_part_2\ISIC_0030691.jpg,OK,,600,450,RGB
HAM10000_images_part_2\ISIC_0030692.jpg,OK,,600,450,RGB
HAM10000_images_part_2\ISIC_0030693.jpg,OK,,600,450,RGB
HAM10000_images_part_2\ISIC_0030694.jpg,OK,,600,450,RGB
HAM10000_images_part_2\ISIC_0030695.jpg,OK,,600,450,RGB
HAM10000_images_part_2\ISIC_0030696.jpg,OK,,600,450,RGB
HAM10000_images_part_2\ISIC_0030697.jpg,OK,,600,450,RGB
HAM10000_images_part_2\ISIC_0030698.jpg,OK,,600,450,RGB
HAM10000_images_part_2\ISIC_0030699.jpg,OK,,600,450,RGB
HAM10000_images_part_2\ISIC_0030700.jpg,OK,,600,450,RGB
HAM10000_images_part_2\ISIC_0030701.jpg,OK,,600,450,RGB
HAM10000_images_part_2\ISIC_0030702.jpg,OK,,600,450,RGB
HAM10000_images_part_2\ISIC_0030703.jpg,OK,,600,450,RGB
HAM10000_images_part_2\ISIC_0030704.jpg,OK,,600,450,RGB
HAM10000_images_part_2\ISIC_0030705.jpg,OK,,600,450,RGB
HAM10000_images_part_2\ISIC_0030706.jpg,OK,,600,450,RGB
HAM10000_images_part_2\ISIC_0030707.jpg,OK,,600,450,RGB
HAM10000_images_part_2\ISIC_0030708.jpg,OK,,600,450,RGB
HAM10000_images_part_2\ISIC_0030709.jpg,OK,,600,450,RGB
HAM10000_images_part_2\ISIC_0030710.jpg,OK,,600,450,RGB
HAM10000_images_part_2\ISIC_0030711.jpg,OK,,600,450,RGB
HAM10000_images_part_2\ISIC_0030712.jpg,OK,,600,450,RGB
HAM10000_images_part_2\ISIC_0030713.jpg,OK,,600,450,RGB
HAM10000_images_part_2\ISIC_0030714.jpg,OK,,600,450,RGB
HAM10000_images_part_2\ISIC_0030715.jpg,OK,,600,450,RGB
HAM10000_images_part_2\ISIC_0030716.jpg,OK,,600,450,RGB
HAM10000_images_part_2\ISIC_0030717.jpg,OK,,600,450,RGB
HAM10000_images_part_2\ISIC_0030718.jpg,OK,,600,450,RGB
HAM10000_images_part_2\ISIC_0030719.jpg,OK,,600,450,RGB
HAM10000_images_part_2\ISIC_0030720.jpg,OK,,600,450,RGB
HAM10000_images_part_2\ISIC_0030721.jpg,OK,,600,450,RGB
HAM10000_images_part_2\ISIC_0030722.jpg,OK,,600,450,RGB
HAM10000_images_part_2\ISIC_0030723.jpg,OK,,600,450,RGB
HAM10000_images_part_2\ISIC_0030724.jpg,OK,,600,450,RGB
HAM10000_images_part_2\ISIC_0030725.jpg,OK,,600,450,RGB
HAM10000_images_part_2\ISIC_0030726.jpg,OK,,600,450,RGB
HAM10000_images_part_2\ISIC_0030727.jpg,OK,,600,450,RGB
HAM10000_images_part_2\ISIC_0030728.jpg,OK,,600,450,RGB
HAM10000_images_part_2\ISIC_0030729.jpg,OK,,600,450,RGB
HAM10000_images_part_2\ISIC_0030730.jpg,OK,,600,450,RGB
HAM10000_images_part_2\ISIC_0030731.jpg,OK,,600,450,RGB
HAM10000_images_part_2\ISIC_0030732.jpg,OK,,600,450,RGB
HAM10000_images_part_2\ISIC_0030733.jpg,OK,,600,450,RGB
HAM10000_images_part_2\ISIC_0030734.jpg,OK,,600,450,RGB
HAM10000_images_part_2\ISIC_0030735.jpg,OK,,600,450,RGB
HAM10000_images_part_2\ISIC_0030736.jpg,OK,,600,450,RGB
HAM10000_images_part_2\ISIC_0030737.jpg,OK,,600,450,RGB
HAM10000_images_part_2\ISIC_0030738.jpg,OK,,600,450,RGB
HAM10000_images_part_2\ISIC_0030739.jpg,OK,,600,450,RGB
HAM10000_images_part_2\ISIC_0030740.jpg,OK,,600,450,RGB
HAM10000_images_part_2\ISIC_0030741.jpg,OK,,600,450,RGB
HAM10000_images_part_2\ISIC_0030742.jpg,OK,,600,450,RGB
HAM10000_images_part_2\ISIC_0030743.jpg,OK,,600,450,RGB
HAM10000_images_part_2\ISIC_0030744.jpg,OK,,600,450,RGB
HAM10000_images_part_2\ISIC_0030745.jpg,OK,,600,450,RGB
HAM10000_images_part_2\ISIC_0030746.jpg,OK,,600,450,RGB
HAM10000_images_part_2\ISIC_0030747.jpg,OK,,600,450,RGB
HAM10000_images_part_2\ISIC_0030748.jpg,OK,,600,450,RGB
HAM10000_images_part_2\ISIC_0030749.jpg,OK,,600,450,RGB
HAM10000_images_part_2\ISIC_0030750.jpg,OK,,600,450,RGB
HAM10000_images_part_2\ISIC_0030751.jpg,OK,,600,450,RGB
HAM10000_images_part_2\ISIC_0030752.jpg,OK,,600,450,RGB
HAM10000_images_part_2\ISIC_0030753.jpg,OK,,600,450,RGB
HAM10000_images_part_2\ISIC_0030754.jpg,OK,,600,450,RGB
HAM10000_images_part_2\ISIC_0030755.jpg,OK,,600,450,RGB
HAM10000_images_part_2\ISIC_0030756.jpg,OK,,600,450,RGB
HAM10000_images_part_2\ISIC_0030757.jpg,OK,,600,450,RGB
HAM10000_images_part_2\ISIC_0030758.jpg,OK,,600,450,RGB
HAM10000_images_part_2\ISIC_0030759.jpg,OK,,600,450,RGB
HAM10000_images_part_2\ISIC_0030760.jpg,OK,,600,450,RGB
HAM10000_images_part_2\ISIC_0030761.jpg,OK,,600,450,RGB
HAM10000_images_part_2\ISIC_0030762.jpg,OK,,600,450,RGB
HAM10000_images_part_2\ISIC_0030763.jpg,OK,,600,450,RGB
HAM10000_images_part_2\ISIC_0030764.jpg,OK,,600,450,RGB
HAM10000_images_part_2\ISIC_0030765.jpg,OK,,600,450,RGB
HAM10000_images_part_2\ISIC_0030766.jpg,OK,,600,450,RGB
HAM10000_images_part_2\ISIC_0030767.jpg,OK,,600,450,RGB
HAM10000_images_part_2\ISIC_0030768.jpg,OK,,600,450,RGB
HAM10000_images_part_2\ISIC_0030769.jpg,OK,,600,450,RGB
HAM10000_images_part_2\ISIC_0030770.jpg,OK,,600,450,RGB
HAM10000_images_part_2\ISIC_0030771.jpg,OK,,600,450,RGB
HAM10000_images_part_2\ISIC_0030772.jpg,OK,,600,450,RGB
HAM10000_images_part_2\ISIC_0030773.jpg,OK,,600,450,RGB
HAM10000_images_part_2\ISIC_0030774.jpg,OK,,600,450,RGB
HAM10000_images_part_2\ISIC_0030775.jpg,OK,,600,450,RGB
HAM10000_images_part_2\ISIC_0030776.jpg,OK,,600,450,RGB
HAM10000_images_part_2\ISIC_0030777.jpg,OK,,600,450,RGB
HAM10000_images_part_2\ISIC_0030778.jpg,OK,,600,450,RGB
HAM10000_images_part_2\ISIC_0030779.jpg,OK,,600,450,RGB
HAM10000_images_part_2\ISIC_0030780.jpg,OK,,600,450,RGB
HAM10000_images_part_2\ISIC_0030781.jpg,OK,,600,450,RGB
HAM10000_images_part_2\ISIC_0030782.jpg,OK,,600,450,RGB
HAM10000_images_part_2\ISIC_0030783.jpg,OK,,600,450,RGB
HAM10000_images_part_2\ISIC_0030784.jpg,OK,,600,450,RGB
HAM10000_images_part_2\ISIC_0030785.jpg,OK,,600,450,RGB
HAM10000_images_part_2\ISIC_0030786.jpg,OK,,600,450,RGB
HAM10000_images_part_2\ISIC_0030787.jpg,OK,,600,450,RGB
HAM10000_images_part_2\ISIC_0030788.jpg,OK,,600,450,RGB
HAM10000_images_part_2\ISIC_0030789.jpg,OK,,600,450,RGB
HAM10000_images_part_2\ISIC_0030790.jpg,OK,,600,450,RGB
HAM10000_images_part_2\ISIC_0030791.jpg,OK,,600,450,RGB
HAM10000_images_part_2\ISIC_0030792.jpg,OK,,600,450,RGB
HAM10000_images_part_2\ISIC_0030793.jpg,OK,,600,450,RGB
HAM10000_images_part_2\ISIC_0030794.jpg,OK,,600,450,RGB
HAM10000_images_part_2\ISIC_0030795.jpg,OK,,600,450,RGB
HAM10000_images_part_2\ISIC_0030796.jpg,OK,,600,450,RGB
HAM10000_images_part_2\ISIC_0030797.jpg,OK,,600,450,RGB
HAM10000_images_part_2\ISIC_0030798.jpg,OK,,600,450,RGB
HAM10000_images_part_2\ISIC_0030799.jpg,OK,,600,450,RGB
HAM10000_images_part_2\ISIC_0030800.jpg,OK,,600,450,RGB
HAM10000_images_part_2\ISIC_0030801.jpg,OK,,600,450,RGB
HAM10000_images_part_2\ISIC_0030802.jpg,OK,,600,450,RGB
HAM10000_images_part_2\ISIC_0030803.jpg,OK,,600,450,RGB
HAM10000_images_part_2\ISIC_0030804.jpg,OK,,600,450,RGB
HAM10000_images_part_2\ISIC_0030805.jpg,OK,,600,450,RGB
HAM10000_images_part_2\ISIC_0030806.jpg,OK,,600,450,RGB
HAM10000_images_part_2\ISIC_0030807.jpg,OK,,600,450,RGB
HAM10000_images_part_2\ISIC_0030808.jpg,OK,,600,450,RGB
HAM10000_images_part_2\ISIC_0030809.jpg,OK,,600,450,RGB
HAM10000_images_part_2\ISIC_0030810.jpg,OK,,600,450,RGB
HAM10000_images_part_2\ISIC_0030811.jpg,OK,,600,450,RGB
HAM10000_images_part_2\ISIC_0030812.jpg,OK,,600,450,RGB
HAM10000_images_part_2\ISIC_0030813.jpg,OK,,600,450,RGB
HAM10000_images_part_2\ISIC_0030814.jpg,OK,,600,450,RGB
HAM10000_images_part_2\ISIC_0030815.jpg,OK,,600,450,RGB
HAM10000_images_part_2\ISIC_0030816.jpg,OK,,600,450,RGB
HAM10000_images_part_2\ISIC_0030817.jpg,OK,,600,450,RGB
HAM10000_images_part_2\ISIC_0030818.jpg,OK,,600,450,RGB
HAM10000_images_part_2\ISIC_0030819.jpg,OK,,600,450,RGB
HAM10000_images_part_2\ISIC_0030820.jpg,OK,,600,450,RGB
HAM10000_images_part_2\ISIC_0030821.jpg,OK,,600,450,RGB
HAM10000_images_part_2\ISIC_0030822.jpg,OK,,600,450,RGB
HAM10000_images_part_2\ISIC_0030823.jpg,OK,,600,450,RGB
HAM10000_images_part_2\ISIC_0030824.jpg,OK,,600,450,RGB
HAM10000_images_part_2\ISIC_0030825.jpg,OK,,600,450,RGB
HAM10000_images_part_2\ISIC_0030826.jpg,OK,,600,450,RGB
HAM10000_images_part_2\ISIC_0030827.jpg,OK,,600,450,RGB
HAM10000_images_part_2\ISIC_0030828.jpg,OK,,600,450,RGB
HAM10000_images_part_2\ISIC_0030829.jpg,OK,,600,450,RGB
HAM10000_images_part_2\ISIC_0030830.jpg,OK,,600,450,RGB
HAM10000_images_part_2\ISIC_0030831.jpg,OK,,600,450,RGB
HAM10000_images_part_2\ISIC_0030832.jpg,OK,,600,450,RGB
HAM10000_images_part_2\ISIC_0030833.jpg,OK,,600,450,RGB
HAM10000_images_part_2\ISIC_0030834.jpg,OK,,600,450,RGB
HAM10000_images_part_2\ISIC_0030835.jpg,OK,,600,450,RGB
HAM10000_images_part_2\ISIC_0030836.jpg,OK,,600,450,RGB
HAM10000_images_part_2\ISIC_0030837.jpg,OK,,600,450,RGB
HAM10000_images_part_2\ISIC_0030838.jpg,OK,,600,450,RGB
HAM10000_images_part_2\ISIC_0030839.jpg,OK,,600,450,RGB
HAM10000_images_part_2\ISIC_0030840.jpg,OK,,600,450,RGB
HAM10000_images_part_2\ISIC_0030841.jpg,OK,,600,450,RGB
HAM10000_images_part_2\ISIC_0030842.jpg,OK,,600,450,RGB
HAM10000_images_part_2\ISIC_0030843.jpg,OK,,600,450,RGB
HAM10000_images_part_2\ISIC_0030844.jpg,OK,,600,450,RGB
HAM10000_images_part_2\ISIC_0030845.jpg,OK,,600,450,RGB
HAM10000_images_part_2\ISIC_0030846.jpg,OK,,600,450,RGB
HAM10000_images_part_2\ISIC_0030847.jpg,OK,,600,450,RGB
HAM10000_images_part_2\ISIC_0030848.jpg,OK,,600,450,RGB
HAM10000_images_part_2\ISIC_0030849.jpg,OK,,600,450,RGB
HAM10000_images_part_2\ISIC_0030850.jpg,OK,,600,450,RGB
HAM10000_images_part_2\ISIC_0030851.jpg,OK,,600,450,RGB
HAM10000_images_part_2\ISIC_0030852.jpg,OK,,600,450,RGB
HAM10000_images_part_2\ISIC_0030853.jpg,OK,,600,450,RGB
HAM10000_images_part_2\ISIC_0030854.jpg,OK,,600,450,RGB
HAM10000_images_part_2\ISIC_0030855.jpg,OK,,600,450,RGB
HAM10000_images_part_2\ISIC_0030856.jpg,OK,,600,450,RGB
HAM10000_images_part_2\ISIC_0030857.jpg,OK,,600,450,RGB
HAM10000_images_part_2\ISIC_0030858.jpg,OK,,600,450,RGB
HAM10000_images_part_2\ISIC_0030859.jpg,OK,,600,450,RGB
HAM10000_images_part_2\ISIC_0030860.jpg,OK,,600,450,RGB
HAM10000_images_part_2\ISIC_0030861.jpg,OK,,600,450,RGB
HAM10000_images_part_2\ISIC_0030862.jpg,OK,,600,450,RGB
HAM10000_images_part_2\ISIC_0030863.jpg,OK,,600,450,RGB
HAM10000_images_part_2\ISIC_0030864.jpg,OK,,600,450,RGB
HAM10000_images_part_2\ISIC_0030865.jpg,OK,,600,450,RGB
HAM10000_images_part_2\ISIC_0030866.jpg,OK,,600,450,RGB
HAM10000_images_part_2\ISIC_0030867.jpg,OK,,600,450,RGB
HAM10000_images_part_2\ISIC_0030868.jpg,OK,,600,450,RGB
HAM10000_images_part_2\ISIC_0030869.jpg,OK,,600,450,RGB
HAM10000_images_part_2\ISIC_0030870.jpg,OK,,600,450,RGB
HAM10000_images_part_2\ISIC_0030871.jpg,OK,,600,450,RGB
HAM10000_images_part_2\ISIC_0030872.jpg,OK,,600,450,RGB
HAM10000_images_part_2\ISIC_0030873.jpg,OK,,600,450,RGB
HAM10000_images_part_2\ISIC_0030874.jpg,OK,,600,450,RGB
HAM10000_images_part_2\ISIC_0030875.jpg,OK,,600,450,RGB
HAM10000_images_part_2\ISIC_0030876.jpg,OK,,600,450,RGB
HAM10000_images_part_2\ISIC_0030877.jpg,OK,,600,450,RGB
HAM10000_images_part_2\ISIC_0030878.jpg,OK,,600,450,RGB
HAM10000_images_part_2\ISIC_0030879.jpg,OK,,600,450,RGB
HAM10000_images_part_2\ISIC_0030880.jpg,OK,,600,450,RGB
HAM10000_images_part_2\ISIC_0030881.jpg,OK,,600,450,RGB
HAM10000_images_part_2\ISIC_0030882.jpg,OK,,600,450,RGB
HAM10000_images_part_2\ISIC_0030883.jpg,OK,,600,450,RGB
HAM10000_images_part_2\ISIC_0030884.jpg,OK,,600,450,RGB
HAM10000_images_part_2\ISIC_0030885.jpg,OK,,600,450,RGB
HAM10000_images_part_2\ISIC_0030886.jpg,OK,,600,450,RGB
HAM10000_images_part_2\ISIC_0030887.jpg,OK,,600,450,RGB
HAM10000_images_part_2\ISIC_0030888.jpg,OK,,600,450,RGB
HAM10000_images_part_2\ISIC_0030889.jpg,OK,,600,450,RGB
HAM10000_images_part_2\ISIC_0030890.jpg,OK,,600,450,RGB
HAM10000_images_part_2\ISIC_0030891.jpg,OK,,600,450,RGB
HAM10000_images_part_2\ISIC_0030892.jpg,OK,,600,450,RGB
HAM10000_images_part_2\ISIC_0030893.jpg,OK,,600,450,RGB
HAM10000_images_part_2\ISIC_0030894.jpg,OK,,600,450,RGB
HAM10000_images_part_2\ISIC_0030895.jpg,OK,,600,450,RGB
HAM10000_images_part_2\ISIC_0030896.jpg,OK,,600,450,RGB
HAM10000_images_part_2\ISIC_0030897.jpg,OK,,600,450,RGB
HAM10000_images_part_2\ISIC_0030898.jpg,OK,,600,450,RGB
HAM10000_images_part_2\ISIC_0030899.jpg,OK,,600,450,RGB
HAM10000_images_part_2\ISIC_0030900.jpg,OK,,600,450,RGB
HAM10000_images_part_2\ISIC_0030901.jpg,OK,,600,450,RGB
HAM10000_images_part_2\ISIC_0030902.jpg,OK,,600,450,RGB
HAM10000_images_part_2\ISIC_0030903.jpg,OK,,600,450,RGB
HAM10000_images_part_2\ISIC_0030904.jpg,OK,,600,450,RGB
HAM10000_images_part_2\ISIC_0030905.jpg,OK,,600,450,RGB
HAM10000_images_part_2\ISIC_0030906.jpg,OK,,600,450,RGB
HAM10000_images_part_2\ISIC_0030907.jpg,OK,,600,450,RGB
HAM10000_images_part_2\ISIC_0030908.jpg,OK,,600,450,RGB
HAM10000_images_part_2\ISIC_0030909.jpg,OK,,600,450,RGB
HAM10000_images_part_2\ISIC_0030910.jpg,OK,,600,450,RGB
HAM10000_images_part_2\ISIC_0030911.jpg,OK,,600,450,RGB
HAM10000_images_part_2\ISIC_0030912.jpg,OK,,600,450,RGB
HAM10000_images_part_2\ISIC_0030913.jpg,OK,,600,450,RGB
HAM10000_images_part_2\ISIC_0030914.jpg,OK,,600,450,RGB
HAM10000_images_part_2\ISIC_0030915.jpg,OK,,600,450,RGB
HAM10000_images_part_2\ISIC_0030916.jpg,OK,,600,450,RGB
HAM10000_images_part_2\ISIC_0030917.jpg,OK,,600,450,RGB
HAM10000_images_part_2\ISIC_0030918.jpg,OK,,600,450,RGB
HAM10000_images_part_2\ISIC_0030919.jpg,OK,,600,450,RGB
HAM10000_images_part_2\ISIC_0030920.jpg,OK,,600,450,RGB
HAM10000_images_part_2\ISIC_0030921.jpg,OK,,600,450,RGB
HAM10000_images_part_2\ISIC_0030922.jpg,OK,,600,450,RGB
HAM10000_images_part_2\ISIC_0030923.jpg,OK,,600,450,RGB
HAM10000_images_part_2\ISIC_0030924.jpg,OK,,600,450,RGB
HAM10000_images_part_2\ISIC_0030925.jpg,OK,,600,450,RGB
HAM10000_images_part_2\ISIC_0030926.jpg,OK,,600,450,RGB
HAM10000_images_part_2\ISIC_0030927.jpg,OK,,600,450,RGB
HAM10000_images_part_2\ISIC_0030928.jpg,OK,,600,450,RGB
HAM10000_images_part_2\ISIC_0030929.jpg,OK,,600,450,RGB
HAM10000_images_part_2\ISIC_0030930.jpg,OK,,600,450,RGB
HAM10000_images_part_2\ISIC_0030931.jpg,OK,,600,450,RGB
HAM10000_images_part_2\ISIC_0030932.jpg,OK,,600,450,RGB
HAM10000_images_part_2\ISIC_0030933.jpg,OK,,600,450,RGB
HAM10000_images_part_2\ISIC_0030934.jpg,OK,,600,450,RGB
HAM10000_images_part_2\ISIC_0030935.jpg,OK,,600,450,RGB
HAM10000_images_part_2\ISIC_0030936.jpg,OK,,600,450,RGB
HAM10000_images_part_2\ISIC_0030937.jpg,OK,,600,450,RGB
HAM10000_images_part_2\ISIC_0030938.jpg,OK,,600,450,RGB
HAM10000_images_part_2\ISIC_0030939.jpg,OK,,600,450,RGB
HAM10000_images_part_2\ISIC_0030940.jpg,OK,,600,450,RGB
HAM10000_images_part_2\ISIC_0030941.jpg,OK,,600,450,RGB
HAM10000_images_part_2\ISIC_0030942.jpg,OK,,600,450,RGB
HAM10000_images_part_2\ISIC_0030943.jpg,OK,,600,450,RGB
HAM10000_images_part_2\ISIC_0030944.jpg,OK,,600,450,RGB
HAM10000_images_part_2\ISIC_0030945.jpg,OK,,600,450,RGB
HAM10000_images_part_2\ISIC_0030946.jpg,OK,,600,450,RGB
HAM10000_images_part_2\ISIC_0030947.jpg,OK,,600,450,RGB
HAM10000_images_part_2\ISIC_0030948.jpg,OK,,600,450,RGB
HAM10000_images_part_2\ISIC_0030949.jpg,OK,,600,450,RGB
HAM10000_images_part_2\ISIC_0030950.jpg,OK,,600,450,RGB
HAM10000_images_part_2\ISIC_0030951.jpg,OK,,600,450,RGB
HAM10000_images_part_2\ISIC_0030952.jpg,OK,,600,450,RGB
HAM10000_images_part_2\ISIC_0030953.jpg,OK,,600,450,RGB
HAM10000_images_part_2\ISIC_0030954.jpg,OK,,600,450,RGB
HAM10000_images_part_2\ISIC_0030955.jpg,OK,,600,450,RGB
HAM10000_images_part_2\ISIC_0030956.jpg,OK,,600,450,RGB
HAM10000_images_part_2\ISIC_0030957.jpg,OK,,600,450,RGB
HAM10000_images_part_2\ISIC_0030958.jpg,OK,,600,450,RGB
HAM10000_images_part_2\ISIC_0030959.jpg,OK,,600,450,RGB
HAM10000_images_part_2\ISIC_0030960.jpg,OK,,600,450,RGB
HAM10000_images_part_2\ISIC_0030961.jpg,OK,,600,450,RGB
HAM10000_images_part_2\ISIC_0030962.jpg,OK,,600,450,RGB
HAM10000_images_part_2\ISIC_0030963.jpg,OK,,600,450,RGB
HAM10000_images_part_2\ISIC_0030964.jpg,OK,,600,450,RGB
HAM10000_images_part_2\ISIC_0030965.jpg,OK,,600,450,RGB
HAM10000_images_part_2\ISIC_0030966.jpg,OK,,600,450,RGB
HAM10000_images_part_2\ISIC_0030967.jpg,OK,,600,450,RGB
HAM10000_images_part_2\ISIC_0030968.jpg,OK,,600,450,RGB
HAM10000_images_part_2\ISIC_0030969.jpg,OK,,600,450,RGB
HAM10000_images_part_2\ISIC_0030970.jpg,OK,,600,450,RGB
HAM10000_images_part_2\ISIC_0030971.jpg,OK,,600,450,RGB
HAM10000_images_part_2\ISIC_0030972.jpg,OK,,600,450,RGB
HAM10000_images_part_2\ISIC_0030973.jpg,OK,,600,450,RGB
HAM10000_images_part_2\ISIC_0030974.jpg,OK,,600,450,RGB
HAM10000_images_part_2\ISIC_0030975.jpg,OK,,600,450,RGB
HAM10000_images_part_2\ISIC_0030976.jpg,OK,,600,450,RGB
HAM10000_images_part_2\ISIC_0030977.jpg,OK,,600,450,RGB
HAM10000_images_part_2\ISIC_0030978.jpg,OK,,600,450,RGB
HAM10000_images_part_2\ISIC_0030979.jpg,OK,,600,450,RGB
HAM10000_images_part_2\ISIC_0030980.jpg,OK,,600,450,RGB
HAM10000_images_part_2\ISIC_0030981.jpg,OK,,600,450,RGB
HAM10000_images_part_2\ISIC_0030982.jpg,OK,,600,450,RGB
HAM10000_images_part_2\ISIC_0030983.jpg,OK,,600,450,RGB
HAM10000_images_part_2\ISIC_0030984.jpg,OK,,600,450,RGB
HAM10000_images_part_2\ISIC_0030985.jpg,OK,,600,450,RGB
HAM10000_images_part_2\ISIC_0030986.jpg,OK,,600,450,RGB
HAM10000_images_part_2\ISIC_0030987.jpg,OK,,600,450,RGB
HAM10000_images_part_2\ISIC_0030988.jpg,OK,,600,450,RGB
HAM10000_images_part_2\ISIC_0030989.jpg,OK,,600,450,RGB
HAM10000_images_part_2\ISIC_0030990.jpg,OK,,600,450,RGB
HAM10000_images_part_2\ISIC_0030991.jpg,OK,,600,450,RGB
HAM10000_images_part_2\ISIC_0030992.jpg,OK,,600,450,RGB
HAM10000_images_part_2\ISIC_0030993.jpg,OK,,600,450,RGB
HAM10000_images_part_2\ISIC_0030994.jpg,OK,,600,450,RGB
HAM10000_images_part_2\ISIC_0030995.jpg,OK,,600,450,RGB
HAM10000_images_part_2\ISIC_0030996.jpg,OK,,600,450,RGB
HAM10000_images_part_2\ISIC_0030997.jpg,OK,,600,450,RGB
HAM10000_images_part_2\ISIC_0030998.jpg,OK,,600,450,RGB
HAM10000_images_part_2\ISIC_0030999.jpg,OK,,600,450,RGB
HAM10000_images_part_2\ISIC_0031000.jpg,OK,,600,450,RGB
HAM10000_images_part_2\ISIC_0031001.jpg,OK,,600,450,RGB
HAM10000_images_part_2\ISIC_0031002.jpg,OK,,600,450,RGB
HAM10000_images_part_2\ISIC_0031003.jpg,OK,,600,450,RGB
HAM10000_images_part_2\ISIC_0031004.jpg,OK,,600,450,RGB
HAM10000_images_part_2\ISIC_0031005.jpg,OK,,600,450,RGB
HAM10000_images_part_2\ISIC_0031006.jpg,OK,,600,450,RGB
HAM10000_images_part_2\ISIC_0031007.jpg,OK,,600,450,RGB
HAM10000_images_part_2\ISIC_0031008.jpg,OK,,600,450,RGB
HAM10000_images_part_2\ISIC_0031009.jpg,OK,,600,450,RGB
HAM10000_images_part_2\ISIC_0031010.jpg,OK,,600,450,RGB
HAM10000_images_part_2\ISIC_0031011.jpg,OK,,600,450,RGB
HAM10000_images_part_2\ISIC_0031012.jpg,OK,,600,450,RGB
HAM10000_images_part_2\ISIC_0031013.jpg,OK,,600,450,RGB
HAM10000_images_part_2\ISIC_0031014.jpg,OK,,600,450,RGB
HAM10000_images_part_2\ISIC_0031015.jpg,OK,,600,450,RGB
HAM10000_images_part_2\ISIC_0031016.jpg,OK,,600,450,RGB
HAM10000_images_part_2\ISIC_0031017.jpg,OK,,600,450,RGB
HAM10000_images_part_2\ISIC_0031018.jpg,OK,,600,450,RGB
HAM10000_images_part_2\ISIC_0031019.jpg,OK,,600,450,RGB
HAM10000_images_part_2\ISIC_0031020.jpg,OK,,600,450,RGB
HAM10000_images_part_2\ISIC_0031021.jpg,OK,,600,450,RGB
HAM10000_images_part_2\ISIC_0031022.jpg,OK,,600,450,RGB
HAM10000_images_part_2\ISIC_0031023.jpg,OK,,600,450,RGB
HAM10000_images_part_2\ISIC_0031024.jpg,OK,,600,450,RGB
HAM10000_images_part_2\ISIC_0031025.jpg,OK,,600,450,RGB
HAM10000_images_part_2\ISIC_0031026.jpg,OK,,600,450,RGB
HAM10000_images_part_2\ISIC_0031027.jpg,OK,,600,450,RGB
HAM10000_images_part_2\ISIC_0031028.jpg,OK,,600,450,RGB
HAM10000_images_part_2\ISIC_0031029.jpg,OK,,600,450,RGB
HAM10000_images_part_2\ISIC_0031030.jpg,OK,,600,450,RGB
HAM10000_images_part_2\ISIC_0031031.jpg,OK,,600,450,RGB
HAM10000_images_part_2\ISIC_0031032.jpg,OK,,600,450,RGB
HAM10000_images_part_2\ISIC_0031033.jpg,OK,,600,450,RGB
HAM10000_images_part_2\ISIC_0031034.jpg,OK,,600,450,RGB
HAM10000_images_part_2\ISIC_0031035.jpg,OK,,600,450,RGB
HAM10000_images_part_2\ISIC_0031036.jpg,OK,,600,450,RGB
HAM10000_images_part_2\ISIC_0031037.jpg,OK,,600,450,RGB
HAM10000_images_part_2\ISIC_0031038.jpg,OK,,600,450,RGB
HAM10000_images_part_2\ISIC_0031039.jpg,OK,,600,450,RGB
HAM10000_images_part_2\ISIC_0031040.jpg,OK,,600,450,RGB
HAM10000_images_part_2\ISIC_0031041.jpg,OK,,600,450,RGB
HAM10000_images_part_2\ISIC_0031042.jpg,OK,,600,450,RGB
HAM10000_images_part_2\ISIC_0031043.jpg,OK,,600,450,RGB
HAM10000_images_part_2\ISIC_0031044.jpg,OK,,600,450,RGB
HAM10000_images_part_2\ISIC_0031045.jpg,OK,,600,450,RGB
HAM10000_images_part_2\ISIC_0031046.jpg,OK,,600,450,RGB
HAM10000_images_part_2\ISIC_0031047.jpg,OK,,600,450,RGB
HAM10000_images_part_2\ISIC_0031048.jpg,OK,,600,450,RGB
HAM10000_images_part_2\ISIC_0031049.jpg,OK,,600,450,RGB
HAM10000_images_part_2\ISIC_0031050.jpg,OK,,600,450,RGB
HAM10000_images_part_2\ISIC_0031051.jpg,OK,,600,450,RGB
HAM10000_images_part_2\ISIC_0031052.jpg,OK,,600,450,RGB
HAM10000_images_part_2\ISIC_0031053.jpg,OK,,600,450,RGB
HAM10000_images_part_2\ISIC_0031054.jpg,OK,,600,450,RGB
HAM10000_images_part_2\ISIC_0031055.jpg,OK,,600,450,RGB
HAM10000_images_part_2\ISIC_0031056.jpg,OK,,600,450,RGB
HAM10000_images_part_2\ISIC_0031057.jpg,OK,,600,450,RGB
HAM10000_images_part_2\ISIC_0031058.jpg,OK,,600,450,RGB
HAM10000_images_part_2\ISIC_0031059.jpg,OK,,600,450,RGB
HAM10000_images_part_2\ISIC_0031060.jpg,OK,,600,450,RGB
HAM10000_images_part_2\ISIC_0031061.jpg,OK,,600,450,RGB
HAM10000_images_part_2\ISIC_0031062.jpg,OK,,600,450,RGB
HAM10000_images_part_2\ISIC_0031063.jpg,OK,,600,450,RGB
HAM10000_images_part_2\ISIC_0031064.jpg,OK,,600,450,RGB
HAM10000_images_part_2\ISIC_0031065.jpg,OK,,600,450,RGB
HAM10000_images_part_2\ISIC_0031066.jpg,OK,,600,450,RGB
HAM10000_images_part_2\ISIC_0031067.jpg,OK,,600,450,RGB
HAM10000_images_part_2\ISIC_0031068.jpg,OK,,600,450,RGB
HAM10000_images_part_2\ISIC_0031069.jpg,OK,,600,450,RGB
HAM10000_images_part_2\ISIC_0031070.jpg,OK,,600,450,RGB
HAM10000_images_part_2\ISIC_0031071.jpg,OK,,600,450,RGB
HAM10000_images_part_2\ISIC_0031072.jpg,OK,,600,450,RGB
HAM10000_images_part_2\ISIC_0031073.jpg,OK,,600,450,RGB
HAM10000_images_part_2\ISIC_0031074.jpg,OK,,600,450,RGB
HAM10000_images_part_2\ISIC_0031075.jpg,OK,,600,450,RGB
HAM10000_images_part_2\ISIC_0031076.jpg,OK,,600,450,RGB
HAM10000_images_part_2\ISIC_0031077.jpg,OK,,600,450,RGB
HAM10000_images_part_2\ISIC_0031078.jpg,OK,,600,450,RGB
HAM10000_images_part_2\ISIC_0031079.jpg,OK,,600,450,RGB
HAM10000_images_part_2\ISIC_0031080.jpg,OK,,600,450,RGB
HAM10000_images_part_2\ISIC_0031081.jpg,OK,,600,450,RGB
HAM10000_images_part_2\ISIC_0031082.jpg,OK,,600,450,RGB
HAM10000_images_part_2\ISIC_0031083.jpg,OK,,600,450,RGB
HAM10000_images_part_2\ISIC_0031084.jpg,OK,,600,450,RGB
HAM10000_images_part_2\ISIC_0031085.jpg,OK,,600,450,RGB
HAM10000_images_part_2\ISIC_0031086.jpg,OK,,600,450,RGB
HAM10000_images_part_2\ISIC_0031087.jpg,OK,,600,450,RGB
HAM10000_images_part_2\ISIC_0031088.jpg,OK,,600,450,RGB
HAM10000_images_part_2\ISIC_0031089.jpg,OK,,600,450,RGB
HAM10000_images_part_2\ISIC_0031090.jpg,OK,,600,450,RGB
HAM10000_images_part_2\ISIC_0031091.jpg,OK,,600,450,RGB
HAM10000_images_part_2\ISIC_0031092.jpg,OK,,600,450,RGB
HAM10000_images_part_2\ISIC_0031093.jpg,OK,,600,450,RGB
HAM10000_images_part_2\ISIC_0031094.jpg,OK,,600,450,RGB
HAM10000_images_part_2\ISIC_0031095.jpg,OK,,600,450,RGB
HAM10000_images_part_2\ISIC_0031096.jpg,OK,,600,450,RGB
HAM10000_images_part_2\ISIC_0031097.jpg,OK,,600,450,RGB
HAM10000_images_part_2\ISIC_0031098.jpg,OK,,600,450,RGB
HAM10000_images_part_2\ISIC_0031099.jpg,OK,,600,450,RGB
HAM10000_images_part_2\ISIC_0031100.jpg,OK,,600,450,RGB
HAM10000_images_part_2\ISIC_0031101.jpg,OK,,600,450,RGB
HAM10000_images_part_2\ISIC_0031102.jpg,OK,,600,450,RGB
HAM10000_images_part_2\ISIC_0031103.jpg,OK,,600,450,RGB
HAM10000_images_part_2\ISIC_0031104.jpg,OK,,600,450,RGB
HAM10000_images_part_2\ISIC_0031105.jpg,OK,,600,450,RGB
HAM10000_images_part_2\ISIC_0031106.jpg,OK,,600,450,RGB
HAM10000_images_part_2\ISIC_0031107.jpg,OK,,600,450,RGB
HAM10000_images_part_2\ISIC_0031108.jpg,OK,,600,450,RGB
HAM10000_images_part_2\ISIC_0031109.jpg,OK,,600,450,RGB
HAM10000_images_part_2\ISIC_0031110.jpg,OK,,600,450,RGB
HAM10000_images_part_2\ISIC_0031111.jpg,OK,,600,450,RGB
HAM10000_images_part_2\ISIC_0031112.jpg,OK,,600,450,RGB
HAM10000_images_part_2\ISIC_0031113.jpg,OK,,600,450,RGB
HAM10000_images_part_2\ISIC_0031114.jpg,OK,,600,450,RGB
HAM10000_images_part_2\ISIC_0031115.jpg,OK,,600,450,RGB
HAM10000_images_part_2\ISIC_0031116.jpg,OK,,600,450,RGB
HAM10000_images_part_2\ISIC_0031117.jpg,OK,,600,450,RGB
HAM10000_images_part_2\ISIC_0031118.jpg,OK,,600,450,RGB
HAM10000_images_part_2\ISIC_0031119.jpg,OK,,600,450,RGB
HAM10000_images_part_2\ISIC_0031120.jpg,OK,,600,450,RGB
HAM10000_images_part_2\ISIC_0031121.jpg,OK,,600,450,RGB
HAM10000_images_part_2\ISIC_0031122.jpg,OK,,600,450,RGB
HAM10000_images_part_2\ISIC_0031123.jpg,OK,,600,450,RGB
HAM10000_images_part_2\ISIC_0031124.jpg,OK,,600,450,RGB
HAM10000_images_part_2\ISIC_0031125.jpg,OK,,600,450,RGB
HAM10000_images_part_2\ISIC_0031126.jpg,OK,,600,450,RGB
HAM10000_images_part_2\ISIC_0031127.jpg,OK,,600,450,RGB
HAM10000_images_part_2\ISIC_0031128.jpg,OK,,600,450,RGB
HAM10000_images_part_2\ISIC_0031129.jpg,OK,,600,450,RGB
HAM10000_images_part_2\ISIC_0031130.jpg,OK,,600,450,RGB
HAM10000_images_part_2\ISIC_0031131.jpg,OK,,600,450,RGB
HAM10000_images_part_2\ISIC_0031132.jpg,OK,,600,450,RGB
HAM10000_images_part_2\ISIC_0031133.jpg,OK,,600,450,RGB
HAM10000_images_part_2\ISIC_0031134.jpg,OK,,600,450,RGB
HAM10000_images_part_2\ISIC_0031135.jpg,OK,,600,450,RGB
HAM10000_images_part_2\ISIC_0031136.jpg,OK,,600,450,RGB
HAM10000_images_part_2\ISIC_0031137.jpg,OK,,600,450,RGB
HAM10000_images_part_2\ISIC_0031138.jpg,OK,,600,450,RGB
HAM10000_images_part_2\ISIC_0031139.jpg,OK,,600,450,RGB
HAM10000_images_part_2\ISIC_0031140.jpg,OK,,600,450,RGB
HAM10000_images_part_2\ISIC_0031141.jpg,OK,,600,450,RGB
HAM10000_images_part_2\ISIC_0031142.jpg,OK,,600,450,RGB
HAM10000_images_part_2\ISIC_0031143.jpg,OK,,600,450,RGB
HAM10000_images_part_2\ISIC_0031144.jpg,OK,,600,450,RGB
HAM10000_images_part_2\ISIC_0031145.jpg,OK,,600,450,RGB
HAM10000_images_part_2\ISIC_0031146.jpg,OK,,600,450,RGB
HAM10000_images_part_2\ISIC_0031147.jpg,OK,,600,450,RGB
HAM10000_images_part_2\ISIC_0031148.jpg,OK,,600,450,RGB
HAM10000_images_part_2\ISIC_0031149.jpg,OK,,600,450,RGB
HAM10000_images_part_2\ISIC_0031150.jpg,OK,,600,450,RGB
HAM10000_images_part_2\ISIC_0031151.jpg,OK,,600,450,RGB
HAM10000_images_part_2\ISIC_0031152.jpg,OK,,600,450,RGB
HAM10000_images_part_2\ISIC_0031153.jpg,OK,,600,450,RGB
HAM10000_images_part_2\ISIC_0031154.jpg,OK,,600,450,RGB
HAM10000_images_part_2\ISIC_0031155.jpg,OK,,600,450,RGB
HAM10000_images_part_2\ISIC_0031156.jpg,OK,,600,450,RGB
HAM10000_images_part_2\ISIC_0031157.jpg,OK,,600,450,RGB
HAM10000_images_part_2\ISIC_0031158.jpg,OK,,600,450,RGB
HAM10000_images_part_2\ISIC_0031159.jpg,OK,,600,450,RGB
HAM10000_images_part_2\ISIC_0031160.jpg,OK,,600,450,RGB
HAM10000_images_part_2\ISIC_0031161.jpg,OK,,600,450,RGB
HAM10000_images_part_2\ISIC_0031162.jpg,OK,,600,450,RGB
HAM10000_images_part_2\ISIC_0031163.jpg,OK,,600,450,RGB
HAM10000_images_part_2\ISIC_0031164.jpg,OK,,600,450,RGB
HAM10000_images_part_2\ISIC_0031165.jpg,OK,,600,450,RGB
HAM10000_images_part_2\ISIC_0031166.jpg,OK,,600,450,RGB
HAM10000_images_part_2\ISIC_0031167.jpg,OK,,600,450,RGB
HAM10000_images_part_2\ISIC_0031168.jpg,OK,,600,450,RGB
HAM10000_images_part_2\ISIC_0031169.jpg,OK,,600,450,RGB
HAM10000_images_part_2\ISIC_0031170.jpg,OK,,600,450,RGB
HAM10000_images_part_2\ISIC_0031171.jpg,OK,,600,450,RGB
HAM10000_images_part_2\ISIC_0031172.jpg,OK,,600,450,RGB
HAM10000_images_part_2\ISIC_0031173.jpg,OK,,600,450,RGB
HAM10000_images_part_2\ISIC_0031174.jpg,OK,,600,450,RGB
HAM10000_images_part_2\ISIC_0031175.jpg,OK,,600,450,RGB
HAM10000_images_part_2\ISIC_0031176.jpg,OK,,600,450,RGB
HAM10000_images_part_2\ISIC_0031177.jpg,OK,,600,450,RGB
HAM10000_images_part_2\ISIC_0031178.jpg,OK,,600,450,RGB
HAM10000_images_part_2\ISIC_0031179.jpg,OK,,600,450,RGB
HAM10000_images_part_2\ISIC_0031180.jpg,OK,,600,450,RGB
HAM10000_images_part_2\ISIC_0031181.jpg,OK,,600,450,RGB
HAM10000_images_part_2\ISIC_0031182.jpg,OK,,600,450,RGB
HAM10000_images_part_2\ISIC_0031183.jpg,OK,,600,450,RGB
HAM10000_images_part_2\ISIC_0031184.jpg,OK,,600,450,RGB
HAM10000_images_part_2\ISIC_0031185.jpg,OK,,600,450,RGB
HAM10000_images_part_2\ISIC_0031186.jpg,OK,,600,450,RGB
HAM10000_images_part_2\ISIC_0031187.jpg,OK,,600,450,RGB
HAM10000_images_part_2\ISIC_0031188.jpg,OK,,600,450,RGB
HAM10000_images_part_2\ISIC_0031189.jpg,OK,,600,450,RGB
HAM10000_images_part_2\ISIC_0031190.jpg,OK,,600,450,RGB
HAM10000_images_part_2\ISIC_0031191.jpg,OK,,600,450,RGB
HAM10000_images_part_2\ISIC_0031192.jpg,OK,,600,450,RGB
HAM10000_images_part_2\ISIC_0031193.jpg,OK,,600,450,RGB
HAM10000_images_part_2\ISIC_0031194.jpg,OK,,600,450,RGB
HAM10000_images_part_2\ISIC_0031195.jpg,OK,,600,450,RGB
HAM10000_images_part_2\ISIC_0031196.jpg,OK,,600,450,RGB
HAM10000_images_part_2\ISIC_0031197.jpg,OK,,600,450,RGB
HAM10000_images_part_2\ISIC_0031198.jpg,OK,,600,450,RGB
HAM10000_images_part_2\ISIC_0031199.jpg,OK,,600,450,RGB
HAM10000_images_part_2\ISIC_0031200.jpg,OK,,600,450,RGB
HAM10000_images_part_2\ISIC_0031201.jpg,OK,,600,450,RGB
HAM10000_images_part_2\ISIC_0031202.jpg,OK,,600,450,RGB
HAM10000_images_part_2\ISIC_0031203.jpg,OK,,600,450,RGB
HAM10000_images_part_2\ISIC_0031204.jpg,OK,,600,450,RGB
HAM10000_images_part_2\ISIC_0031205.jpg,OK,,600,450,RGB
HAM10000_images_part_2\ISIC_0031206.jpg,OK,,600,450,RGB
HAM10000_images_part_2\ISIC_0031207.jpg,OK,,600,450,RGB
HAM10000_images_part_2\ISIC_0031208.jpg,OK,,600,450,RGB
HAM10000_images_part_2\ISIC_0031209.jpg,OK,,600,450,RGB
HAM10000_images_part_2\ISIC_0031210.jpg,OK,,600,450,RGB
HAM10000_images_part_2\ISIC_0031211.jpg,OK,,600,450,RGB
HAM10000_images_part_2\ISIC_0031212.jpg,OK,,600,450,RGB
HAM10000_images_part_2\ISIC_0031213.jpg,OK,,600,450,RGB
HAM10000_images_part_2\ISIC_0031214.jpg,OK,,600,450,RGB
HAM10000_images_part_2\ISIC_0031215.jpg,OK,,600,450,RGB
HAM10000_images_part_2\ISIC_0031216.jpg,OK,,600,450,RGB
HAM10000_images_part_2\ISIC_0031217.jpg,OK,,600,450,RGB
HAM10000_images_part_2\ISIC_0031218.jpg,OK,,600,450,RGB
HAM10000_images_part_2\ISIC_0031219.jpg,OK,,600,450,RGB
HAM10000_images_part_2\ISIC_0031220.jpg,OK,,600,450,RGB
HAM10000_images_part_2\ISIC_0031221.jpg,OK,,600,450,RGB
HAM10000_images_part_2\ISIC_0031222.jpg,OK,,600,450,RGB
HAM10000_images_part_2\ISIC_0031223.jpg,OK,,600,450,RGB
HAM10000_images_part_2\ISIC_0031224.jpg,OK,,600,450,RGB
HAM10000_images_part_2\ISIC_0031225.jpg,OK,,600,450,RGB
HAM10000_images_part_2\ISIC_0031226.jpg,OK,,600,450,RGB
HAM10000_images_part_2\ISIC_0031227.jpg,OK,,600,450,RGB
HAM10000_images_part_2\ISIC_0031228.jpg,OK,,600,450,RGB
HAM10000_images_part_2\ISIC_0031229.jpg,OK,,600,450,RGB
HAM10000_images_part_2\ISIC_0031230.jpg,OK,,600,450,RGB
HAM10000_images_part_2\ISIC_0031231.jpg,OK,,600,450,RGB
HAM10000_images_part_2\ISIC_0031232.jpg,OK,,600,450,RGB
HAM10000_images_part_2\ISIC_0031233.jpg,OK,,600,450,RGB
HAM10000_images_part_2\ISIC_0031234.jpg,OK,,600,450,RGB
HAM10000_images_part_2\ISIC_0031235.jpg,OK,,600,450,RGB
HAM10000_images_part_2\ISIC_0031236.jpg,OK,,600,450,RGB
HAM10000_images_part_2\ISIC_0031237.jpg,OK,,600,450,RGB
HAM10000_images_part_2\ISIC_0031238.jpg,OK,,600,450,RGB
HAM10000_images_part_2\ISIC_0031239.jpg,OK,,600,450,RGB
HAM10000_images_part_2\ISIC_0031240.jpg,OK,,600,450,RGB
HAM10000_images_part_2\ISIC_0031241.jpg,OK,,600,450,RGB
HAM10000_images_part_2\ISIC_0031242.jpg,OK,,600,450,RGB
HAM10000_images_part_2\ISIC_0031243.jpg,OK,,600,450,RGB
HAM10000_images_part_2\ISIC_0031244.jpg,OK,,600,450,RGB
HAM10000_images_part_2\ISIC_0031245.jpg,OK,,600,450,RGB
HAM10000_images_part_2\ISIC_0031246.jpg,OK,,600,450,RGB
HAM10000_images_part_2\ISIC_0031247.jpg,OK,,600,450,RGB
HAM10000_images_part_2\ISIC_0031248.jpg,OK,,600,450,RGB
HAM10000_images_part_2\ISIC_0031249.jpg,OK,,600,450,RGB
HAM10000_images_part_2\ISIC_0031250.jpg,OK,,600,450,RGB
HAM10000_images_part_2\ISIC_0031251.jpg,OK,,600,450,RGB
HAM10000_images_part_2\ISIC_0031252.jpg,OK,,600,450,RGB
HAM10000_images_part_2\ISIC_0031253.jpg,OK,,600,450,RGB
HAM10000_images_part_2\ISIC_0031254.jpg,OK,,600,450,RGB
HAM10000_images_part_2\ISIC_0031255.jpg,OK,,600,450,RGB
HAM10000_images_part_2\ISIC_0031256.jpg,OK,,600,450,RGB
HAM10000_images_part_2\ISIC_0031257.jpg,OK,,600,450,RGB
HAM10000_images_part_2\ISIC_0031258.jpg,OK,,600,450,RGB
HAM10000_images_part_2\ISIC_0031259.jpg,OK,,600,450,RGB
HAM10000_images_part_2\ISIC_0031260.jpg,OK,,600,450,RGB
HAM10000_images_part_2\ISIC_0031261.jpg,OK,,600,450,RGB
HAM10000_images_part_2\ISIC_0031262.jpg,OK,,600,450,RGB
HAM10000_images_part_2\ISIC_0031263.jpg,OK,,600,450,RGB
HAM10000_images_part_2\ISIC_0031264.jpg,OK,,600,450,RGB
HAM10000_images_part_2\ISIC_0031265.jpg,OK,,600,450,RGB
HAM10000_images_part_2\ISIC_0031266.jpg,OK,,600,450,RGB
HAM10000_images_part_2\ISIC_0031267.jpg,OK,,600,450,RGB
HAM10000_images_part_2\ISIC_0031268.jpg,OK,,600,450,RGB
HAM10000_images_part_2\ISIC_0031269.jpg,OK,,600,450,RGB
HAM10000_images_part_2\ISIC_0031270.jpg,OK,,600,450,RGB
HAM10000_images_part_2\ISIC_0031271.jpg,OK,,600,450,RGB
HAM10000_images_part_2\ISIC_0031272.jpg,OK,,600,450,RGB
HAM10000_images_part_2\ISIC_0031273.jpg,OK,,600,450,RGB
HAM10000_images_part_2\ISIC_0031274.jpg,OK,,600,450,RGB
HAM10000_images_part_2\ISIC_0031275.jpg,OK,,600,450,RGB
HAM10000_images_part_2\ISIC_0031276.jpg,OK,,600,450,RGB
HAM10000_images_part_2\ISIC_0031277.jpg,OK,,600,450,RGB
HAM10000_images_part_2\ISIC_0031278.jpg,OK,,600,450,RGB
HAM10000_images_part_2\ISIC_0031279.jpg,OK,,600,450,RGB
HAM10000_images_part_2\ISIC_0031280.jpg,OK,,600,450,RGB
HAM10000_images_part_2\ISIC_0031281.jpg,OK,,600,450,RGB
HAM10000_images_part_2\ISIC_0031282.jpg,OK,,600,450,RGB
HAM10000_images_part_2\ISIC_0031283.jpg,OK,,600,450,RGB
HAM10000_images_part_2\ISIC_0031284.jpg,OK,,600,450,RGB
HAM10000_images_part_2\ISIC_0031285.jpg,OK,,600,450,RGB
HAM10000_images_part_2\ISIC_0031286.jpg,OK,,600,450,RGB
HAM10000_images_part_2\ISIC_0031287.jpg,OK,,600,450,RGB
HAM10000_images_part_2\ISIC_0031288.jpg,OK,,600,450,RGB
HAM10000_images_part_2\ISIC_0031289.jpg,OK,,600,450,RGB
HAM10000_images_part_2\ISIC_0031290.jpg,OK,,600,450,RGB
HAM10000_images_part_2\ISIC_0031291.jpg,OK,,600,450,RGB
HAM10000_images_part_2\ISIC_0031292.jpg,OK,,600,450,RGB
HAM10000_images_part_2\ISIC_0031293.jpg,OK,,600,450,RGB
HAM10000_images_part_2\ISIC_0031294.jpg,OK,,600,450,RGB
HAM10000_images_part_2\ISIC_0031295.jpg,OK,,600,450,RGB
HAM10000_images_part_2\ISIC_0031296.jpg,OK,,600,450,RGB
HAM10000_images_part_2\ISIC_0031297.jpg,OK,,600,450,RGB
HAM10000_images_part_2\ISIC_0031298.jpg,OK,,600,450,RGB
HAM10000_images_part_2\ISIC_0031299.jpg,OK,,600,450,RGB
HAM10000_images_part_2\ISIC_0031300.jpg,OK,,600,450,RGB
HAM10000_images_part_2\ISIC_0031301.jpg,OK,,600,450,RGB
HAM10000_images_part_2\ISIC_0031302.jpg,OK,,600,450,RGB
HAM10000_images_part_2\ISIC_0031303.jpg,OK,,600,450,RGB
HAM10000_images_part_2\ISIC_0031304.jpg,OK,,600,450,RGB
HAM10000_images_part_2\ISIC_0031305.jpg,OK,,600,450,RGB
HAM10000_images_part_2\ISIC_0031306.jpg,OK,,600,450,RGB
HAM10000_images_part_2\ISIC_0031307.jpg,OK,,600,450,RGB
HAM10000_images_part_2\ISIC_0031308.jpg,OK,,600,450,RGB
HAM10000_images_part_2\ISIC_0031309.jpg,OK,,600,450,RGB
HAM10000_images_part_2\ISIC_0031310.jpg,OK,,600,450,RGB
HAM10000_images_part_2\ISIC_0031311.jpg,OK,,600,450,RGB
HAM10000_images_part_2\ISIC_0031312.jpg,OK,,600,450,RGB
HAM10000_images_part_2\ISIC_0031313.jpg,OK,,600,450,RGB
HAM10000_images_part_2\ISIC_0031314.jpg,OK,,600,450,RGB
HAM10000_images_part_2\ISIC_0031315.jpg,OK,,600,450,RGB
HAM10000_images_part_2\ISIC_0031316.jpg,OK,,600,450,RGB
HAM10000_images_part_2\ISIC_0031317.jpg,OK,,600,450,RGB
HAM10000_images_part_2\ISIC_0031318.jpg,OK,,600,450,RGB
HAM10000_images_part_2\ISIC_0031319.jpg,OK,,600,450,RGB
HAM10000_images_part_2\ISIC_0031320.jpg,OK,,600,450,RGB
HAM10000_images_part_2\ISIC_0031321.jpg,OK,,600,450,RGB
HAM10000_images_part_2\ISIC_0031322.jpg,OK,,600,450,RGB
HAM10000_images_part_2\ISIC_0031323.jpg,OK,,600,450,RGB
HAM10000_images_part_2\ISIC_0031324.jpg,OK,,600,450,RGB
HAM10000_images_part_2\ISIC_0031325.jpg,OK,,600,450,RGB
HAM10000_images_part_2\ISIC_0031326.jpg,OK,,600,450,RGB
HAM10000_images_part_2\ISIC_0031327.jpg,OK,,600,450,RGB
HAM10000_images_part_2\ISIC_0031328.jpg,OK,,600,450,RGB
HAM10000_images_part_2\ISIC_0031329.jpg,OK,,600,450,RGB
HAM10000_images_part_2\ISIC_0031330.jpg,OK,,600,450,RGB
HAM10000_images_part_2\ISIC_0031331.jpg,OK,,600,450,RGB
HAM10000_images_part_2\ISIC_0031332.jpg,OK,,600,450,RGB
HAM10000_images_part_2\ISIC_0031333.jpg,OK,,600,450,RGB
HAM10000_images_part_2\ISIC_0031334.jpg,OK,,600,450,RGB
HAM10000_images_part_2\ISIC_0031335.jpg,OK,,600,450,RGB
HAM10000_images_part_2\ISIC_0031336.jpg,OK,,600,450,RGB
HAM10000_images_part_2\ISIC_0031337.jpg,OK,,600,450,RGB
HAM10000_images_part_2\ISIC_0031338.jpg,OK,,600,450,RGB
HAM10000_images_part_2\ISIC_0031339.jpg,OK,,600,450,RGB
HAM10000_images_part_2\ISIC_0031340.jpg,OK,,600,450,RGB
HAM10000_images_part_2\ISIC_0031341.jpg,OK,,600,450,RGB
HAM10000_images_part_2\ISIC_0031342.jpg,OK,,600,450,RGB
HAM10000_images_part_2\ISIC_0031343.jpg,OK,,600,450,RGB
HAM10000_images_part_2\ISIC_0031344.jpg,OK,,600,450,RGB
HAM10000_images_part_2\ISIC_0031345.jpg,OK,,600,450,RGB
HAM10000_images_part_2\ISIC_0031346.jpg,OK,,600,450,RGB
HAM10000_images_part_2\ISIC_0031347.jpg,OK,,600,450,RGB
HAM10000_images_part_2\ISIC_0031348.jpg,OK,,600,450,RGB
HAM10000_images_part_2\ISIC_0031349.jpg,OK,,600,450,RGB
HAM10000_images_part_2\ISIC_0031350.jpg,OK,,600,450,RGB
HAM10000_images_part_2\ISIC_0031351.jpg,OK,,600,450,RGB
HAM10000_images_part_2\ISIC_0031352.jpg,OK,,600,450,RGB
HAM10000_images_part_2\ISIC_0031353.jpg,OK,,600,450,RGB
HAM10000_images_part_2\ISIC_0031354.jpg,OK,,600,450,RGB
HAM10000_images_part_2\ISIC_0031355.jpg,OK,,600,450,RGB
HAM10000_images_part_2\ISIC_0031356.jpg,OK,,600,450,RGB
HAM10000_images_part_2\ISIC_0031357.jpg,OK,,600,450,RGB
HAM10000_images_part_2\ISIC_0031358.jpg,OK,,600,450,RGB
HAM10000_images_part_2\ISIC_0031359.jpg,OK,,600,450,RGB
HAM10000_images_part_2\ISIC_0031360.jpg,OK,,600,450,RGB
HAM10000_images_part_2\ISIC_0031361.jpg,OK,,600,450,RGB
HAM10000_images_part_2\ISIC_0031362.jpg,OK,,600,450,RGB
HAM10000_images_part_2\ISIC_0031363.jpg,OK,,600,450,RGB
HAM10000_images_part_2\ISIC_0031364.jpg,OK,,600,450,RGB
HAM10000_images_part_2\ISIC_0031365.jpg,OK,,600,450,RGB
HAM10000_images_part_2\ISIC_0031366.jpg,OK,,600,450,RGB
HAM10000_images_part_2\ISIC_0031367.jpg,OK,,600,450,RGB
HAM10000_images_part_2\ISIC_0031368.jpg,OK,,600,450,RGB
HAM10000_images_part_2\ISIC_0031369.jpg,OK,,600,450,RGB
HAM10000_images_part_2\ISIC_0031370.jpg,OK,,600,450,RGB
HAM10000_images_part_2\ISIC_0031371.jpg,OK,,600,450,RGB
HAM10000_images_part_2\ISIC_0031372.jpg,OK,,600,450,RGB
HAM10000_images_part_2\ISIC_0031373.jpg,OK,,600,450,RGB
HAM10000_images_part_2\ISIC_0031374.jpg,OK,,600,450,RGB
HAM10000_images_part_2\ISIC_0031375.jpg,OK,,600,450,RGB
HAM10000_images_part_2\ISIC_0031376.jpg,OK,,600,450,RGB
HAM10000_images_part_2\ISIC_0031377.jpg,OK,,600,450,RGB
HAM10000_images_part_2\ISIC_0031378.jpg,OK,,600,450,RGB
HAM10000_images_part_2\ISIC_0031379.jpg,OK,,600,450,RGB
HAM10000_images_part_2\ISIC_0031380.jpg,OK,,600,450,RGB
HAM10000_images_part_2\ISIC_0031381.jpg,OK,,600,450,RGB
HAM10000_images_part_2\ISIC_0031382.jpg,OK,,600,450,RGB
HAM10000_images_part_2\ISIC_0031383.jpg,OK,,600,450,RGB
HAM10000_images_part_2\ISIC_0031384.jpg,OK,,600,450,RGB
HAM10000_images_part_2\ISIC_0031385.jpg,OK,,600,450,RGB
HAM10000_images_part_2\ISIC_0031386.jpg,OK,,600,450,RGB
HAM10000_images_part_2\ISIC_0031387.jpg,OK,,600,450,RGB
HAM10000_images_part_2\ISIC_0031388.jpg,OK,,600,450,RGB
HAM10000_images_part_2\ISIC_0031389.jpg,OK,,600,450,RGB
HAM10000_images_part_2\ISIC_0031390.jpg,OK,,600,450,RGB
HAM10000_images_part_2\ISIC_0031391.jpg,OK,,600,450,RGB
HAM10000_images_part_2\ISIC_0031392.jpg,OK,,600,450,RGB
HAM10000_images_part_2\ISIC_0031393.jpg,OK,,600,450,RGB
HAM10000_images_part_2\ISIC_0031394.jpg,OK,,600,450,RGB
HAM10000_images_part_2\ISIC_0031395.jpg,OK,,600,450,RGB
HAM10000_images_part_2\ISIC_0031396.jpg,OK,,600,450,RGB
HAM10000_images_part_2\ISIC_0031397.jpg,OK,,600,450,RGB
HAM10000_images_part_2\ISIC_0031398.jpg,OK,,600,450,RGB
HAM10000_images_part_2\ISIC_0031399.jpg,OK,,600,450,RGB
HAM10000_images_part_2\ISIC_0031400.jpg,OK,,600,450,RGB
HAM10000_images_part_2\ISIC_0031401.jpg,OK,,600,450,RGB
HAM10000_images_part_2\ISIC_0031402.jpg,OK,,600,450,RGB
HAM10000_images_part_2\ISIC_0031403.jpg,OK,,600,450,RGB
HAM10000_images_part_2\ISIC_0031404.jpg,OK,,600,450,RGB
HAM10000_images_part_2\ISIC_0031405.jpg,OK,,600,450,RGB
HAM10000_images_part_2\ISIC_0031406.jpg,OK,,600,450,RGB
HAM10000_images_part_2\ISIC_0031407.jpg,OK,,600,450,RGB
HAM10000_images_part_2\ISIC_0031408.jpg,OK,,600,450,RGB
HAM10000_images_part_2\ISIC_0031409.jpg,OK,,600,450,RGB
HAM10000_images_part_2\ISIC_0031410.jpg,OK,,600,450,RGB
HAM10000_images_part_2\ISIC_0031411.jpg,OK,,600,450,RGB
HAM10000_images_part_2\ISIC_0031412.jpg,OK,,600,450,RGB
HAM10000_images_part_2\ISIC_0031413.jpg,OK,,600,450,RGB
HAM10000_images_part_2\ISIC_0031414.jpg,OK,,600,450,RGB
HAM10000_images_part_2\ISIC_0031415.jpg,OK,,600,450,RGB
HAM10000_images_part_2\ISIC_0031416.jpg,OK,,600,450,RGB
HAM10000_images_part_2\ISIC_0031417.jpg,OK,,600,450,RGB
HAM10000_images_part_2\ISIC_0031418.jpg,OK,,600,450,RGB
HAM10000_images_part_2\ISIC_0031419.jpg,OK,,600,450,RGB
HAM10000_images_part_2\ISIC_0031420.jpg,OK,,600,450,RGB
HAM10000_images_part_2\ISIC_0031421.jpg,OK,,600,450,RGB
HAM10000_images_part_2\ISIC_0031422.jpg,OK,,600,450,RGB
HAM10000_images_part_2\ISIC_0031423.jpg,OK,,600,450,RGB
HAM10000_images_part_2\ISIC_0031424.jpg,OK,,600,450,RGB
HAM10000_images_part_2\ISIC_0031425.jpg,OK,,600,450,RGB
HAM10000_images_part_2\ISIC_0031426.jpg,OK,,600,450,RGB
HAM10000_images_part_2\ISIC_0031427.jpg,OK,,600,450,RGB
HAM10000_images_part_2\ISIC_0031428.jpg,OK,,600,450,RGB
HAM10000_images_part_2\ISIC_0031429.jpg,OK,,600,450,RGB
HAM10000_images_part_2\ISIC_0031430.jpg,OK,,600,450,RGB
HAM10000_images_part_2\ISIC_0031431.jpg,OK,,600,450,RGB
HAM10000_images_part_2\ISIC_0031432.jpg,OK,,600,450,RGB
HAM10000_images_part_2\ISIC_0031433.jpg,OK,,600,450,RGB
HAM10000_images_part_2\ISIC_0031434.jpg,OK,,600,450,RGB
HAM10000_images_part_2\ISIC_0031435.jpg,OK,,600,450,RGB
HAM10000_images_part_2\ISIC_0031436.jpg,OK,,600,450,RGB
HAM10000_images_part_2\ISIC_0031437.jpg,OK,,600,450,RGB
HAM10000_images_part_2\ISIC_0031438.jpg,OK,,600,450,RGB
HAM10000_images_part_2\ISIC_0031439.jpg,OK,,600,450,RGB
HAM10000_images_part_2\ISIC_0031440.jpg,OK,,600,450,RGB
HAM10000_images_part_2\ISIC_0031441.jpg,OK,,600,450,RGB
HAM10000_images_part_2\ISIC_0031442.jpg,OK,,600,450,RGB
HAM10000_images_part_2\ISIC_0031443.jpg,OK,,600,450,RGB
HAM10000_images_part_2\ISIC_0031444.jpg,OK,,600,450,RGB
HAM10000_images_part_2\ISIC_0031445.jpg,OK,,600,450,RGB
HAM10000_images_part_2\ISIC_0031446.jpg,OK,,600,450,RGB
HAM10000_images_part_2\ISIC_0031447.jpg,OK,,600,450,RGB
HAM10000_images_part_2\ISIC_0031448.jpg,OK,,600,450,RGB
HAM10000_images_part_2\ISIC_0031449.jpg,OK,,600,450,RGB
HAM10000_images_part_2\ISIC_0031450.jpg,OK,,600,450,RGB
HAM10000_images_part_2\ISIC_0031451.jpg,OK,,600,450,RGB
HAM10000_images_part_2\ISIC_0031452.jpg,OK,,600,450,RGB
HAM10000_images_part_2\ISIC_0031453.jpg,OK,,600,450,RGB
HAM10000_images_part_2\ISIC_0031454.jpg,OK,,600,450,RGB
HAM10000_images_part_2\ISIC_0031455.jpg,OK,,600,450,RGB
HAM10000_images_part_2\ISIC_0031456.jpg,OK,,600,450,RGB
HAM10000_images_part_2\ISIC_0031457.jpg,OK,,600,450,RGB
HAM10000_images_part_2\ISIC_0031458.jpg,OK,,600,450,RGB
HAM10000_images_part_2\ISIC_0031459.jpg,OK,,600,450,RGB
HAM10000_images_part_2\ISIC_0031460.jpg,OK,,600,450,RGB
HAM10000_images_part_2\ISIC_0031461.jpg,OK,,600,450,RGB
HAM10000_images_part_2\ISIC_0031462.jpg,OK,,600,450,RGB
HAM10000_images_part_2\ISIC_0031463.jpg,OK,,600,450,RGB
HAM10000_images_part_2\ISIC_0031464.jpg,OK,,600,450,RGB
HAM10000_images_part_2\ISIC_0031465.jpg,OK,,600,450,RGB
HAM10000_images_part_2\ISIC_0031466.jpg,OK,,600,450,RGB
HAM10000_images_part_2\ISIC_0031467.jpg,OK,,600,450,RGB
HAM10000_images_part_2\ISIC_0031468.jpg,OK,,600,450,RGB
HAM10000_images_part_2\ISIC_0031469.jpg,OK,,600,450,RGB
HAM10000_images_part_2\ISIC_0031470.jpg,OK,,600,450,RGB
HAM10000_images_part_2\ISIC_0031471.jpg,OK,,600,450,RGB
HAM10000_images_part_2\ISIC_0031472.jpg,OK,,600,450,RGB
HAM10000_images_part_2\ISIC_0031473.jpg,OK,,600,450,RGB
HAM10000_images_part_2\ISIC_0031474.jpg,OK,,600,450,RGB
HAM10000_images_part_2\ISIC_0031475.jpg,OK,,600,450,RGB
HAM10000_images_part_2\ISIC_0031476.jpg,OK,,600,450,RGB
HAM10000_images_part_2\ISIC_0031477.jpg,OK,,600,450,RGB
HAM10000_images_part_2\ISIC_0031478.jpg,OK,,600,450,RGB
HAM10000_images_part_2\ISIC_0031479.jpg,OK,,600,450,RGB
HAM10000_images_part_2\ISIC_0031480.jpg,OK,,600,450,RGB
HAM10000_images_part_2\ISIC_0031481.jpg,OK,,600,450,RGB
HAM10000_images_part_2\ISIC_0031482.jpg,OK,,600,450,RGB
HAM10000_images_part_2\ISIC_0031483.jpg,OK,,600,450,RGB
HAM10000_images_part_2\ISIC_0031484.jpg,OK,,600,450,RGB
HAM10000_images_part_2\ISIC_0031485.jpg,OK,,600,450,RGB
HAM10000_images_part_2\ISIC_0031486.jpg,OK,,600,450,RGB
HAM10000_images_part_2\ISIC_0031487.jpg,OK,,600,450,RGB
HAM10000_images_part_2\ISIC_0031488.jpg,OK,,600,450,RGB
HAM10000_images_part_2\ISIC_0031489.jpg,OK,,600,450,RGB
HAM10000_images_part_2\ISIC_0031490.jpg,OK,,600,450,RGB
HAM10000_images_part_2\ISIC_0031491.jpg,OK,,600,450,RGB
HAM10000_images_part_2\ISIC_0031492.jpg,OK,,600,450,RGB
HAM10000_images_part_2\ISIC_0031493.jpg,OK,,600,450,RGB
HAM10000_images_part_2\ISIC_0031494.jpg,OK,,600,450,RGB
HAM10000_images_part_2\ISIC_0031495.jpg,OK,,600,450,RGB
HAM10000_images_part_2\ISIC_0031496.jpg,OK,,600,450,RGB
HAM10000_images_part_2\ISIC_0031497.jpg,OK,,600,450,RGB
HAM10000_images_part_2\ISIC_0031498.jpg,OK,,600,450,RGB
HAM10000_images_part_2\ISIC_0031499.jpg,OK,,600,450,RGB
HAM10000_images_part_2\ISIC_0031500.jpg,OK,,600,450,RGB
HAM10000_images_part_2\ISIC_0031501.jpg,OK,,600,450,RGB
HAM10000_images_part_2\ISIC_0031502.jpg,OK,,600,450,RGB
HAM10000_images_part_2\ISIC_0031503.jpg,OK,,600,450,RGB
HAM10000_images_part_2\ISIC_0031504.jpg,OK,,600,450,RGB
HAM10000_images_part_2\ISIC_0031505.jpg,OK,,600,450,RGB
HAM10000_images_part_2\ISIC_0031506.jpg,OK,,600,450,RGB
HAM10000_images_part_2\ISIC_0031507.jpg,OK,,600,450,RGB
HAM10000_images_part_2\ISIC_0031508.jpg,OK,,600,450,RGB
HAM10000_images_part_2\ISIC_0031509.jpg,OK,,600,450,RGB
HAM10000_images_part_2\ISIC_0031510.jpg,OK,,600,450,RGB
HAM10000_images_part_2\ISIC_0031511.jpg,OK,,600,450,RGB
HAM10000_images_part_2\ISIC_0031512.jpg,OK,,600,450,RGB
HAM10000_images_part_2\ISIC_0031513.jpg,OK,,600,450,RGB
HAM10000_images_part_2\ISIC_0031514.jpg,OK,,600,450,RGB
HAM10000_images_part_2\ISIC_0031515.jpg,OK,,600,450,RGB
HAM10000_images_part_2\ISIC_0031516.jpg,OK,,600,450,RGB
HAM10000_images_part_2\ISIC_0031517.jpg,OK,,600,450,RGB
HAM10000_images_part_2\ISIC_0031518.jpg,OK,,600,450,RGB
HAM10000_images_part_2\ISIC_0031519.jpg,OK,,600,450,RGB
HAM10000_images_part_2\ISIC_0031520.jpg,OK,,600,450,RGB
HAM10000_images_part_2\ISIC_0031521.jpg,OK,,600,450,RGB
HAM10000_images_part_2\ISIC_0031522.jpg,OK,,600,450,RGB
HAM10000_images_part_2\ISIC_0031523.jpg,OK,,600,450,RGB
HAM10000_images_part_2\ISIC_0031524.jpg,OK,,600,450,RGB
HAM10000_images_part_2\ISIC_0031525.jpg,OK,,600,450,RGB
HAM10000_images_part_2\ISIC_0031526.jpg,OK,,600,450,RGB
HAM10000_images_part_2\ISIC_0031527.jpg,OK,,600,450,RGB
HAM10000_images_part_2\ISIC_0031528.jpg,OK,,600,450,RGB
HAM10000_images_part_2\ISIC_0031529.jpg,OK,,600,450,RGB
HAM10000_images_part_2\ISIC_0031530.jpg,OK,,600,450,RGB
HAM10000_images_part_2\ISIC_0031531.jpg,OK,,600,450,RGB
HAM10000_images_part_2\ISIC_0031532.jpg,OK,,600,450,RGB
HAM10000_images_part_2\ISIC_0031533.jpg,OK,,600,450,RGB
HAM10000_images_part_2\ISIC_0031534.jpg,OK,,600,450,RGB
HAM10000_images_part_2\ISIC_0031535.jpg,OK,,600,450,RGB
HAM10000_images_part_2\ISIC_0031536.jpg,OK,,600,450,RGB
HAM10000_images_part_2\ISIC_0031537.jpg,OK,,600,450,RGB
HAM10000_images_part_2\ISIC_0031538.jpg,OK,,600,450,RGB
HAM10000_images_part_2\ISIC_0031539.jpg,OK,,600,450,RGB
HAM10000_images_part_2\ISIC_0031540.jpg,OK,,600,450,RGB
HAM10000_images_part_2\ISIC_0031541.jpg,OK,,600,450,RGB
HAM10000_images_part_2\ISIC_0031542.jpg,OK,,600,450,RGB
HAM10000_images_part_2\ISIC_0031543.jpg,OK,,600,450,RGB
HAM10000_images_part_2\ISIC_0031544.jpg,OK,,600,450,RGB
HAM10000_images_part_2\ISIC_0031545.jpg,OK,,600,450,RGB
HAM10000_images_part_2\ISIC_0031546.jpg,OK,,600,450,RGB
HAM10000_images_part_2\ISIC_0031547.jpg,OK,,600,450,RGB
HAM10000_images_part_2\ISIC_0031548.jpg,OK,,600,450,RGB
HAM10000_images_part_2\ISIC_0031549.jpg,OK,,600,450,RGB
HAM10000_images_part_2\ISIC_0031550.jpg,OK,,600,450,RGB
HAM10000_images_part_2\ISIC_0031551.jpg,OK,,600,450,RGB
HAM10000_images_part_2\ISIC_0031552.jpg,OK,,600,450,RGB
HAM10000_images_part_2\ISIC_0031553.jpg,OK,,600,450,RGB
HAM10000_images_part_2\ISIC_0031554.jpg,OK,,600,450,RGB
HAM10000_images_part_2\ISIC_0031555.jpg,OK,,600,450,RGB
HAM10000_images_part_2\ISIC_0031556.jpg,OK,,600,450,RGB
HAM10000_images_part_2\ISIC_0031557.jpg,OK,,600,450,RGB
HAM10000_images_part_2\ISIC_0031558.jpg,OK,,600,450,RGB
HAM10000_images_part_2\ISIC_0031559.jpg,OK,,600,450,RGB
HAM10000_images_part_2\ISIC_0031560.jpg,OK,,600,450,RGB
HAM10000_images_part_2\ISIC_0031561.jpg,OK,,600,450,RGB
HAM10000_images_part_2\ISIC_0031562.jpg,OK,,600,450,RGB
HAM10000_images_part_2\ISIC_0031563.jpg,OK,,600,450,RGB
HAM10000_images_part_2\ISIC_0031564.jpg,OK,,600,450,RGB
HAM10000_images_part_2\ISIC_0031565.jpg,OK,,600,450,RGB
HAM10000_images_part_2\ISIC_0031566.jpg,OK,,600,450,RGB
HAM10000_images_part_2\ISIC_0031567.jpg,OK,,600,450,RGB
HAM10000_images_part_2\ISIC_0031568.jpg,OK,,600,450,RGB
HAM10000_images_part_2\ISIC_0031569.jpg,OK,,600,450,RGB
HAM10000_images_part_2\ISIC_0031570.jpg,OK,,600,450,RGB
HAM10000_images_part_2\ISIC_0031571.jpg,OK,,600,450,RGB
HAM10000_images_part_2\ISIC_0031572.jpg,OK,,600,450,RGB
HAM10000_images_part_2\ISIC_0031573.jpg,OK,,600,450,RGB
HAM10000_images_part_2\ISIC_0031574.jpg,OK,,600,450,RGB
HAM10000_images_part_2\ISIC_0031575.jpg,OK,,600,450,RGB
HAM10000_images_part_2\ISIC_0031576.jpg,OK,,600,450,RGB
HAM10000_images_part_2\ISIC_0031577.jpg,OK,,600,450,RGB
HAM10000_images_part_2\ISIC_0031578.jpg,OK,,600,450,RGB
HAM10000_images_part_2\ISIC_0031579.jpg,OK,,600,450,RGB
HAM10000_images_part_2\ISIC_0031580.jpg,OK,,600,450,RGB
HAM10000_images_part_2\ISIC_0031581.jpg,OK,,600,450,RGB
HAM10000_images_part_2\ISIC_0031582.jpg,OK,,600,450,RGB
HAM10000_images_part_2\ISIC_0031583.jpg,OK,,600,450,RGB
HAM10000_images_part_2\ISIC_0031584.jpg,OK,,600,450,RGB
HAM10000_images_part_2\ISIC_0031585.jpg,OK,,600,450,RGB
HAM10000_images_part_2\ISIC_0031586.jpg,OK,,600,450,RGB
HAM10000_images_part_2\ISIC_0031587.jpg,OK,,600,450,RGB
HAM10000_images_part_2\ISIC_0031588.jpg,OK,,600,450,RGB
HAM10000_images_part_2\ISIC_0031589.jpg,OK,,600,450,RGB
HAM10000_images_part_2\ISIC_0031590.jpg,OK,,600,450,RGB
HAM10000_images_part_2\ISIC_0031591.jpg,OK,,600,450,RGB
HAM10000_images_part_2\ISIC_0031592.jpg,OK,,600,450,RGB
HAM10000_images_part_2\ISIC_0031593.jpg,OK,,600,450,RGB
HAM10000_images_part_2\ISIC_0031594.jpg,OK,,600,450,RGB
HAM10000_images_part_2\ISIC_0031595.jpg,OK,,600,450,RGB
HAM10000_images_part_2\ISIC_0031596.jpg,OK,,600,450,RGB
HAM10000_images_part_2\ISIC_0031597.jpg,OK,,600,450,RGB
HAM10000_images_part_2\ISIC_0031598.jpg,OK,,600,450,RGB
HAM10000_images_part_2\ISIC_0031599.jpg,OK,,600,450,RGB
HAM10000_images_part_2\ISIC_0031600.jpg,OK,,600,450,RGB
HAM10000_images_part_2\ISIC_0031601.jpg,OK,,600,450,RGB
HAM10000_images_part_2\ISIC_0031602.jpg,OK,,600,450,RGB
HAM10000_images_part_2\ISIC_0031603.jpg,OK,,600,450,RGB
HAM10000_images_part_2\ISIC_0031604.jpg,OK,,600,450,RGB
HAM10000_images_part_2\ISIC_0031605.jpg,OK,,600,450,RGB
HAM10000_images_part_2\ISIC_0031606.jpg,OK,,600,450,RGB
HAM10000_images_part_2\ISIC_0031607.jpg,OK,,600,450,RGB
HAM10000_images_part_2\ISIC_0031608.jpg,OK,,600,450,RGB
HAM10000_images_part_2\ISIC_0031609.jpg,OK,,600,450,RGB
HAM10000_images_part_2\ISIC_0031610.jpg,OK,,600,450,RGB
HAM10000_images_part_2\ISIC_0031611.jpg,OK,,600,450,RGB
HAM10000_images_part_2\ISIC_0031612.jpg,OK,,600,450,RGB
HAM10000_images_part_2\ISIC_0031613.jpg,OK,,600,450,RGB
HAM10000_images_part_2\ISIC_0031614.jpg,OK,,600,450,RGB
HAM10000_images_part_2\ISIC_0031615.jpg,OK,,600,450,RGB
HAM10000_images_part_2\ISIC_0031616.jpg,OK,,600,450,RGB
HAM10000_images_part_2\ISIC_0031617.jpg,OK,,600,450,RGB
HAM10000_images_part_2\ISIC_0031618.jpg,OK,,600,450,RGB
HAM10000_images_part_2\ISIC_0031619.jpg,OK,,600,450,RGB
HAM10000_images_part_2\ISIC_0031620.jpg,OK,,600,450,RGB
HAM10000_images_part_2\ISIC_0031621.jpg,OK,,600,450,RGB
HAM10000_images_part_2\ISIC_0031622.jpg,OK,,600,450,RGB
HAM10000_images_part_2\ISIC_0031623.jpg,OK,,600,450,RGB
HAM10000_images_part_2\ISIC_0031624.jpg,OK,,600,450,RGB
HAM10000_images_part_2\ISIC_0031625.jpg,OK,,600,450,RGB
HAM10000_images_part_2\ISIC_0031626.jpg,OK,,600,450,RGB
HAM10000_images_part_2\ISIC_0031627.jpg,OK,,600,450,RGB
HAM10000_images_part_2\ISIC_0031628.jpg,OK,,600,450,RGB
HAM10000_images_part_2\ISIC_0031629.jpg,OK,,600,450,RGB
HAM10000_images_part_2\ISIC_0031630.jpg,OK,,600,450,RGB
HAM10000_images_part_2\ISIC_0031631.jpg,OK,,600,450,RGB
HAM10000_images_part_2\ISIC_0031632.jpg,OK,,600,450,RGB
HAM10000_images_part_2\ISIC_0031633.jpg,OK,,600,450,RGB
HAM10000_images_part_2\ISIC_0031634.jpg,OK,,600,450,RGB
HAM10000_images_part_2\ISIC_0031635.jpg,OK,,600,450,RGB
HAM10000_images_part_2\ISIC_0031636.jpg,OK,,600,450,RGB
HAM10000_images_part_2\ISIC_0031637.jpg,OK,,600,450,RGB
HAM10000_images_part_2\ISIC_0031638.jpg,OK,,600,450,RGB
HAM10000_images_part_2\ISIC_0031639.jpg,OK,,600,450,RGB
HAM10000_images_part_2\ISIC_0031640.jpg,OK,,600,450,RGB
HAM10000_images_part_2\ISIC_0031641.jpg,OK,,600,450,RGB
HAM10000_images_part_2\ISIC_0031642.jpg,OK,,600,450,RGB
HAM10000_images_part_2\ISIC_0031643.jpg,OK,,600,450,RGB
HAM10000_images_part_2\ISIC_0031644.jpg,OK,,600,450,RGB
HAM10000_images_part_2\ISIC_0031645.jpg,OK,,600,450,RGB
HAM10000_images_part_2\ISIC_0031646.jpg,OK,,600,450,RGB
HAM10000_images_part_2\ISIC_0031647.jpg,OK,,600,450,RGB
HAM10000_images_part_2\ISIC_0031648.jpg,OK,,600,450,RGB
HAM10000_images_part_2\ISIC_0031649.jpg,OK,,600,450,RGB
HAM10000_images_part_2\ISIC_0031650.jpg,OK,,600,450,RGB
HAM10000_images_part_2\ISIC_0031651.jpg,OK,,600,450,RGB
HAM10000_images_part_2\ISIC_0031652.jpg,OK,,600,450,RGB
HAM10000_images_part_2\ISIC_0031653.jpg,OK,,600,450,RGB
HAM10000_images_part_2\ISIC_0031654.jpg,OK,,600,450,RGB
HAM10000_images_part_2\ISIC_0031655.jpg,OK,,600,450,RGB
HAM10000_images_part_2\ISIC_0031656.jpg,OK,,600,450,RGB
HAM10000_images_part_2\ISIC_0031657.jpg,OK,,600,450,RGB
HAM10000_images_part_2\ISIC_0031658.jpg,OK,,600,450,RGB
HAM10000_images_part_2\ISIC_0031659.jpg,OK,,600,450,RGB
HAM10000_images_part_2\ISIC_0031660.jpg,OK,,600,450,RGB
HAM10000_images_part_2\ISIC_0031661.jpg,OK,,600,450,RGB
HAM10000_images_part_2\ISIC_0031662.jpg,OK,,600,450,RGB
HAM10000_images_part_2\ISIC_0031663.jpg,OK,,600,450,RGB
HAM10000_images_part_2\ISIC_0031664.jpg,OK,,600,450,RGB
HAM10000_images_part_2\ISIC_0031665.jpg,OK,,600,450,RGB
HAM10000_images_part_2\ISIC_0031666.jpg,OK,,600,450,RGB
HAM10000_images_part_2\ISIC_0031667.jpg,OK,,600,450,RGB
HAM10000_images_part_2\ISIC_0031668.jpg,OK,,600,450,RGB
HAM10000_images_part_2\ISIC_0031669.jpg,OK,,600,450,RGB
HAM10000_images_part_2\ISIC_0031670.jpg,OK,,600,450,RGB
HAM10000_images_part_2\ISIC_0031671.jpg,OK,,600,450,RGB
HAM10000_images_part_2\ISIC_0031672.jpg,OK,,600,450,RGB
HAM10000_images_part_2\ISIC_0031673.jpg,OK,,600,450,RGB
HAM10000_images_part_2\ISIC_0031674.jpg,OK,,600,450,RGB
HAM10000_images_part_2\ISIC_0031675.jpg,OK,,600,450,RGB
HAM10000_images_part_2\ISIC_0031676.jpg,OK,,600,450,RGB
HAM10000_images_part_2\ISIC_0031677.jpg,OK,,600,450,RGB
HAM10000_images_part_2\ISIC_0031678.jpg,OK,,600,450,RGB
HAM10000_images_part_2\ISIC_0031679.jpg,OK,,600,450,RGB
HAM10000_images_part_2\ISIC_0031680.jpg,OK,,600,450,RGB
HAM10000_images_part_2\ISIC_0031681.jpg,OK,,600,450,RGB
HAM10000_images_part_2\ISIC_0031682.jpg,OK,,600,450,RGB
HAM10000_images_part_2\ISIC_0031683.jpg,OK,,600,450,RGB
HAM10000_images_part_2\ISIC_0031684.jpg,OK,,600,450,RGB
HAM10000_images_part_2\ISIC_0031685.jpg,OK,,600,450,RGB
HAM10000_images_part_2\ISIC_0031686.jpg,OK,,600,450,RGB
HAM10000_images_part_2\ISIC_0031687.jpg,OK,,600,450,RGB
HAM10000_images_part_2\ISIC_0031688.jpg,OK,,600,450,RGB
HAM10000_images_part_2\ISIC_0031689.jpg,OK,,600,450,RGB
HAM10000_images_part_2\ISIC_0031690.jpg,OK,,600,450,RGB
HAM10000_images_part_2\ISIC_0031691.jpg,OK,,600,450,RGB
HAM10000_images_part_2\ISIC_0031692.jpg,OK,,600,450,RGB
HAM10000_images_part_2\ISIC_0031693.jpg,OK,,600,450,RGB
HAM10000_images_part_2\ISIC_0031694.jpg,OK,,600,450,RGB
HAM10000_images_part_2\ISIC_0031695.jpg,OK,,600,450,RGB
HAM10000_images_part_2\ISIC_0031696.jpg,OK,,600,450,RGB
HAM10000_images_part_2\ISIC_0031697.jpg,OK,,600,450,RGB
HAM10000_images_part_2\ISIC_0031698.jpg,OK,,600,450,RGB
HAM10000_images_part_2\ISIC_0031699.jpg,OK,,600,450,RGB
HAM10000_images_part_2\ISIC_0031700.jpg,OK,,600,450,RGB
HAM10000_images_part_2\ISIC_0031701.jpg,OK,,600,450,RGB
HAM10000_images_part_2\ISIC_0031702.jpg,OK,,600,450,RGB
HAM10000_images_part_2\ISIC_0031703.jpg,OK,,600,450,RGB
HAM10000_images_part_2\ISIC_0031704.jpg,OK,,600,450,RGB
HAM10000_images_part_2\ISIC_0031705.jpg,OK,,600,450,RGB
HAM10000_images_part_2\ISIC_0031706.jpg,OK,,600,450,RGB
HAM10000_images_part_2\ISIC_0031707.jpg,OK,,600,450,RGB
HAM10000_images_part_2\ISIC_0031708.jpg,OK,,600,450,RGB
HAM10000_images_part_2\ISIC_0031709.jpg,OK,,600,450,RGB
HAM10000_images_part_2\ISIC_0031710.jpg,OK,,600,450,RGB
HAM10000_images_part_2\ISIC_0031711.jpg,OK,,600,450,RGB
HAM10000_images_part_2\ISIC_0031712.jpg,OK,,600,450,RGB
HAM10000_images_part_2\ISIC_0031713.jpg,OK,,600,450,RGB
HAM10000_images_part_2\ISIC_0031714.jpg,OK,,600,450,RGB
HAM10000_images_part_2\ISIC_0031715.jpg,OK,,600,450,RGB
HAM10000_images_part_2\ISIC_0031716.jpg,OK,,600,450,RGB
HAM10000_images_part_2\ISIC_0031717.jpg,OK,,600,450,RGB
HAM10000_images_part_2\ISIC_0031718.jpg,OK,,600,450,RGB
HAM10000_images_part_2\ISIC_0031719.jpg,OK,,600,450,RGB
HAM10000_images_part_2\ISIC_0031720.jpg,OK,,600,450,RGB
HAM10000_images_part_2\ISIC_0031721.jpg,OK,,600,450,RGB
HAM10000_images_part_2\ISIC_0031722.jpg,OK,,600,450,RGB
HAM10000_images_part_2\ISIC_0031723.jpg,OK,,600,450,RGB
HAM10000_images_part_2\ISIC_0031724.jpg,OK,,600,450,RGB
HAM10000_images_part_2\ISIC_0031725.jpg,OK,,600,450,RGB
HAM10000_images_part_2\ISIC_0031726.jpg,OK,,600,450,RGB
HAM10000_images_part_2\ISIC_0031727.jpg,OK,,600,450,RGB
HAM10000_images_part_2\ISIC_0031728.jpg,OK,,600,450,RGB
HAM10000_images_part_2\ISIC_0031729.jpg,OK,,600,450,RGB
HAM10000_images_part_2\ISIC_0031730.jpg,OK,,600,450,RGB
HAM10000_images_part_2\ISIC_0031731.jpg,OK,,600,450,RGB
HAM10000_images_part_2\ISIC_0031732.jpg,OK,,600,450,RGB
HAM10000_images_part_2\ISIC_0031733.jpg,OK,,600,450,RGB
HAM10000_images_part_2\ISIC_0031734.jpg,OK,,600,450,RGB
HAM10000_images_part_2\ISIC_0031735.jpg,OK,,600,450,RGB
HAM10000_images_part_2\ISIC_0031736.jpg,OK,,600,450,RGB
HAM10000_images_part_2\ISIC_0031737.jpg,OK,,600,450,RGB
HAM10000_images_part_2\ISIC_0031738.jpg,OK,,600,450,RGB
HAM10000_images_part_2\ISIC_0031739.jpg,OK,,600,450,RGB
HAM10000_images_part_2\ISIC_0031740.jpg,OK,,600,450,RGB
HAM10000_images_part_2\ISIC_0031741.jpg,OK,,600,450,RGB
HAM10000_images_part_2\ISIC_0031742.jpg,OK,,600,450,RGB
HAM10000_images_part_2\ISIC_0031743.jpg,OK,,600,450,RGB
HAM10000_images_part_2\ISIC_0031744.jpg,OK,,600,450,RGB
HAM10000_images_part_2\ISIC_0031745.jpg,OK,,600,450,RGB
HAM10000_images_part_2\ISIC_0031746.jpg,OK,,600,450,RGB
HAM10000_images_part_2\ISIC_0031747.jpg,OK,,600,450,RGB
HAM10000_images_part_2\ISIC_0031748.jpg,OK,,600,450,RGB
HAM10000_images_part_2\ISIC_0031749.jpg,OK,,600,450,RGB
HAM10000_images_part_2\ISIC_0031750.jpg,OK,,600,450,RGB
HAM10000_images_part_2\ISIC_0031751.jpg,OK,,600,450,RGB
HAM10000_images_part_2\ISIC_0031752.jpg,OK,,600,450,RGB
HAM10000_images_part_2\ISIC_0031753.jpg,OK,,600,450,RGB
HAM10000_images_part_2\ISIC_0031754.jpg,OK,,600,450,RGB
HAM10000_images_part_2\ISIC_0031755.jpg,OK,,600,450,RGB
HAM10000_images_part_2\ISIC_0031756.jpg,OK,,600,450,RGB
HAM10000_images_part_2\ISIC_0031757.jpg,OK,,600,450,RGB
HAM10000_images_part_2\ISIC_0031758.jpg,OK,,600,450,RGB
HAM10000_images_part_2\ISIC_0031759.jpg,OK,,600,450,RGB
HAM10000_images_part_2\ISIC_0031760.jpg,OK,,600,450,RGB
HAM10000_images_part_2\ISIC_0031761.jpg,OK,,600,450,RGB
HAM10000_images_part_2\ISIC_0031762.jpg,OK,,600,450,RGB
HAM10000_images_part_2\ISIC_0031763.jpg,OK,,600,450,RGB
HAM10000_images_part_2\ISIC_0031764.jpg,OK,,600,450,RGB
HAM10000_images_part_2\ISIC_0031765.jpg,OK,,600,450,RGB
HAM10000_images_part_2\ISIC_0031766.jpg,OK,,600,450,RGB
HAM10000_images_part_2\ISIC_0031767.jpg,OK,,600,450,RGB
HAM10000_images_part_2\ISIC_0031768.jpg,OK,,600,450,RGB
HAM10000_images_part_2\ISIC_0031769.jpg,OK,,600,450,RGB
HAM10000_images_part_2\ISIC_0031770.jpg,OK,,600,450,RGB
HAM10000_images_part_2\ISIC_0031771.jpg,OK,,600,450,RGB
HAM10000_images_part_2\ISIC_0031772.jpg,OK,,600,450,RGB
HAM10000_images_part_2\ISIC_0031773.jpg,OK,,600,450,RGB
HAM10000_images_part_2\ISIC_0031774.jpg,OK,,600,450,RGB
HAM10000_images_part_2\ISIC_0031775.jpg,OK,,600,450,RGB
HAM10000_images_part_2\ISIC_0031776.jpg,OK,,600,450,RGB
HAM10000_images_part_2\ISIC_0031777.jpg,OK,,600,450,RGB
HAM10000_images_part_2\ISIC_0031778.jpg,OK,,600,450,RGB
HAM10000_images_part_2\ISIC_0031779.jpg,OK,,600,450,RGB
HAM10000_images_part_2\ISIC_0031780.jpg,OK,,600,450,RGB
HAM10000_images_part_2\ISIC_0031781.jpg,OK,,600,450,RGB
HAM10000_images_part_2\ISIC_0031782.jpg,OK,,600,450,RGB
HAM10000_images_part_2\ISIC_0031783.jpg,OK,,600,450,RGB
HAM10000_images_part_2\ISIC_0031784.jpg,OK,,600,450,RGB
HAM10000_images_part_2\ISIC_0031785.jpg,OK,,600,450,RGB
HAM10000_images_part_2\ISIC_0031786.jpg,OK,,600,450,RGB
HAM10000_images_part_2\ISIC_0031787.jpg,OK,,600,450,RGB
HAM10000_images_part_2\ISIC_0031788.jpg,OK,,600,450,RGB
HAM10000_images_part_2\ISIC_0031789.jpg,OK,,600,450,RGB
HAM10000_images_part_2\ISIC_0031790.jpg,OK,,600,450,RGB
HAM10000_images_part_2\ISIC_0031791.jpg,OK,,600,450,RGB
HAM10000_images_part_2\ISIC_0031792.jpg,OK,,600,450,RGB
HAM10000_images_part_2\ISIC_0031793.jpg,OK,,600,450,RGB
HAM10000_images_part_2\ISIC_0031794.jpg,OK,,600,450,RGB
HAM10000_images_part_2\ISIC_0031795.jpg,OK,,600,450,RGB
HAM10000_images_part_2\ISIC_0031796.jpg,OK,,600,450,RGB
HAM10000_images_part_2\ISIC_0031797.jpg,OK,,600,450,RGB
HAM10000_images_part_2\ISIC_0031798.jpg,OK,,600,450,RGB
HAM10000_images_part_2\ISIC_0031799.jpg,OK,,600,450,RGB
HAM10000_images_part_2\ISIC_0031800.jpg,OK,,600,450,RGB
HAM10000_images_part_2\ISIC_0031801.jpg,OK,,600,450,RGB
HAM10000_images_part_2\ISIC_0031802.jpg,OK,,600,450,RGB
HAM10000_images_part_2\ISIC_0031803.jpg,OK,,600,450,RGB
HAM10000_images_part_2\ISIC_0031804.jpg,OK,,600,450,RGB
HAM10000_images_part_2\ISIC_0031805.jpg,OK,,600,450,RGB
HAM10000_images_part_2\ISIC_0031806.jpg,OK,,600,450,RGB
HAM10000_images_part_2\ISIC_0031807.jpg,OK,,600,450,RGB
HAM10000_images_part_2\ISIC_0031808.jpg,OK,,600,450,RGB
HAM10000_images_part_2\ISIC_0031809.jpg,OK,,600,450,RGB
HAM10000_images_part_2\ISIC_0031810.jpg,OK,,600,450,RGB
HAM10000_images_part_2\ISIC_0031811.jpg,OK,,600,450,RGB
HAM10000_images_part_2\ISIC_0031812.jpg,OK,,600,450,RGB
HAM10000_images_part_2\ISIC_0031813.jpg,OK,,600,450,RGB
HAM10000_images_part_2\ISIC_0031814.jpg,OK,,600,450,RGB
HAM10000_images_part_2\ISIC_0031815.jpg,OK,,600,450,RGB
HAM10000_images_part_2\ISIC_0031816.jpg,OK,,600,450,RGB
HAM10000_images_part_2\ISIC_0031817.jpg,OK,,600,450,RGB
HAM10000_images_part_2\ISIC_0031818.jpg,OK,,600,450,RGB
HAM10000_images_part_2\ISIC_0031819.jpg,OK,,600,450,RGB
HAM10000_images_part_2\ISIC_0031820.jpg,OK,,600,450,RGB
HAM10000_images_part_2\ISIC_0031821.jpg,OK,,600,450,RGB
HAM10000_images_part_2\ISIC_0031822.jpg,OK,,600,450,RGB
HAM10000_images_part_2\ISIC_0031823.jpg,OK,,600,450,RGB
HAM10000_images_part_2\ISIC_0031824.jpg,OK,,600,450,RGB
HAM10000_images_part_2\ISIC_0031825.jpg,OK,,600,450,RGB
HAM10000_images_part_2\ISIC_0031826.jpg,OK,,600,450,RGB
HAM10000_images_part_2\ISIC_0031827.jpg,OK,,600,450,RGB
HAM10000_images_part_2\ISIC_0031828.jpg,OK,,600,450,RGB
HAM10000_images_part_2\ISIC_0031829.jpg,OK,,600,450,RGB
HAM10000_images_part_2\ISIC_0031830.jpg,OK,,600,450,RGB
HAM10000_images_part_2\ISIC_0031831.jpg,OK,,600,450,RGB
HAM10000_images_part_2\ISIC_0031832.jpg,OK,,600,450,RGB
HAM10000_images_part_2\ISIC_0031833.jpg,OK,,600,450,RGB
HAM10000_images_part_2\ISIC_0031834.jpg,OK,,600,450,RGB
HAM10000_images_part_2\ISIC_0031835.jpg,OK,,600,450,RGB
HAM10000_images_part_2\ISIC_0031836.jpg,OK,,600,450,RGB
HAM10000_images_part_2\ISIC_0031837.jpg,OK,,600,450,RGB
HAM10000_images_part_2\ISIC_0031838.jpg,OK,,600,450,RGB
HAM10000_images_part_2\ISIC_0031839.jpg,OK,,600,450,RGB
HAM10000_images_part_2\ISIC_0031840.jpg,OK,,600,450,RGB
HAM10000_images_part_2\ISIC_0031841.jpg,OK,,600,450,RGB
HAM10000_images_part_2\ISIC_0031842.jpg,OK,,600,450,RGB
HAM10000_images_part_2\ISIC_0031843.jpg,OK,,600,450,RGB
HAM10000_images_part_2\ISIC_0031844.jpg,OK,,600,450,RGB
HAM10000_images_part_2\ISIC_0031845.jpg,OK,,600,450,RGB
HAM10000_images_part_2\ISIC_0031846.jpg,OK,,600,450,RGB
HAM10000_images_part_2\ISIC_0031847.jpg,OK,,600,450,RGB
HAM10000_images_part_2\ISIC_0031848.jpg,OK,,600,450,RGB
HAM10000_images_part_2\ISIC_0031849.jpg,OK,,600,450,RGB
HAM10000_images_part_2\ISIC_0031850.jpg,OK,,600,450,RGB
HAM10000_images_part_2\ISIC_0031851.jpg,OK,,600,450,RGB
HAM10000_images_part_2\ISIC_0031852.jpg,OK,,600,450,RGB
HAM10000_images_part_2\ISIC_0031853.jpg,OK,,600,450,RGB
HAM10000_images_part_2\ISIC_0031854.jpg,OK,,600,450,RGB
HAM10000_images_part_2\ISIC_0031855.jpg,OK,,600,450,RGB
HAM10000_images_part_2\ISIC_0031856.jpg,OK,,600,450,RGB
HAM10000_images_part_2\ISIC_0031857.jpg,OK,,600,450,RGB
HAM10000_images_part_2\ISIC_0031858.jpg,OK,,600,450,RGB
HAM10000_images_part_2\ISIC_0031859.jpg,OK,,600,450,RGB
HAM10000_images_part_2\ISIC_0031860.jpg,OK,,600,450,RGB
HAM10000_images_part_2\ISIC_0031861.jpg,OK,,600,450,RGB
HAM10000_images_part_2\ISIC_0031862.jpg,OK,,600,450,RGB
HAM10000_images_part_2\ISIC_0031863.jpg,OK,,600,450,RGB
HAM10000_images_part_2\ISIC_0031864.jpg,OK,,600,450,RGB
HAM10000_images_part_2\ISIC_0031865.jpg,OK,,600,450,RGB
HAM10000_images_part_2\ISIC_0031866.jpg,OK,,600,450,RGB
HAM10000_images_part_2\ISIC_0031867.jpg,OK,,600,450,RGB
HAM10000_images_part_2\ISIC_0031868.jpg,OK,,600,450,RGB
HAM10000_images_part_2\ISIC_0031869.jpg,OK,,600,450,RGB
HAM10000_images_part_2\ISIC_0031870.jpg,OK,,600,450,RGB
HAM10000_images_part_2\ISIC_0031871.jpg,OK,,600,450,RGB
HAM10000_images_part_2\ISIC_0031872.jpg,OK,,600,450,RGB
HAM10000_images_part_2\ISIC_0031873.jpg,OK,,600,450,RGB
HAM10000_images_part_2\ISIC_0031874.jpg,OK,,600,450,RGB
HAM10000_images_part_2\ISIC_0031875.jpg,OK,,600,450,RGB
HAM10000_images_part_2\ISIC_0031876.jpg,OK,,600,450,RGB
HAM10000_images_part_2\ISIC_0031877.jpg,OK,,600,450,RGB
HAM10000_images_part_2\ISIC_0031878.jpg,OK,,600,450,RGB
HAM10000_images_part_2\ISIC_0031879.jpg,OK,,600,450,RGB
HAM10000_images_part_2\ISIC_0031880.jpg,OK,,600,450,RGB
HAM10000_images_part_2\ISIC_0031881.jpg,OK,,600,450,RGB
HAM10000_images_part_2\ISIC_0031882.jpg,OK,,600,450,RGB
HAM10000_images_part_2\ISIC_0031883.jpg,OK,,600,450,RGB
HAM10000_images_part_2\ISIC_0031884.jpg,OK,,600,450,RGB
HAM10000_images_part_2\ISIC_0031885.jpg,OK,,600,450,RGB
HAM10000_images_part_2\ISIC_0031886.jpg,OK,,600,450,RGB
HAM10000_images_part_2\ISIC_0031887.jpg,OK,,600,450,RGB
HAM10000_images_part_2\ISIC_0031888.jpg,OK,,600,450,RGB
HAM10000_images_part_2\ISIC_0031889.jpg,OK,,600,450,RGB
HAM10000_images_part_2\ISIC_0031890.jpg,OK,,600,450,RGB
HAM10000_images_part_2\ISIC_0031891.jpg,OK,,600,450,RGB
HAM10000_images_part_2\ISIC_0031892.jpg,OK,,600,450,RGB
HAM10000_images_part_2\ISIC_0031893.jpg,OK,,600,450,RGB
HAM10000_images_part_2\ISIC_0031894.jpg,OK,,600,450,RGB
HAM10000_images_part_2\ISIC_0031895.jpg,OK,,600,450,RGB
HAM10000_images_part_2\ISIC_0031896.jpg,OK,,600,450,RGB
HAM10000_images_part_2\ISIC_0031897.jpg,OK,,600,450,RGB
HAM10000_images_part_2\ISIC_0031898.jpg,OK,,600,450,RGB
HAM10000_images_part_2\ISIC_0031899.jpg,OK,,600,450,RGB
HAM10000_images_part_2\ISIC_0031900.jpg,OK,,600,450,RGB
HAM10000_images_part_2\ISIC_0031901.jpg,OK,,600,450,RGB
HAM10000_images_part_2\ISIC_0031902.jpg,OK,,600,450,RGB
HAM10000_images_part_2\ISIC_0031903.jpg,OK,,600,450,RGB
HAM10000_images_part_2\ISIC_0031904.jpg,OK,,600,450,RGB
HAM10000_images_part_2\ISIC_0031905.jpg,OK,,600,450,RGB
HAM10000_images_part_2\ISIC_0031906.jpg,OK,,600,450,RGB
HAM10000_images_part_2\ISIC_0031907.jpg,OK,,600,450,RGB
HAM10000_images_part_2\ISIC_0031908.jpg,OK,,600,450,RGB
HAM10000_images_part_2\ISIC_0031909.jpg,OK,,600,450,RGB
HAM10000_images_part_2\ISIC_0031910.jpg,OK,,600,450,RGB
HAM10000_images_part_2\ISIC_0031911.jpg,OK,,600,450,RGB
HAM10000_images_part_2\ISIC_0031912.jpg,OK,,600,450,RGB
HAM10000_images_part_2\ISIC_0031913.jpg,OK,,600,450,RGB
HAM10000_images_part_2\ISIC_0031914.jpg,OK,,600,450,RGB
HAM10000_images_part_2\ISIC_0031915.jpg,OK,,600,450,RGB
HAM10000_images_part_2\ISIC_0031916.jpg,OK,,600,450,RGB
HAM10000_images_part_2\ISIC_0031917.jpg,OK,,600,450,RGB
HAM10000_images_part_2\ISIC_0031918.jpg,OK,,600,450,RGB
HAM10000_images_part_2\ISIC_0031919.jpg,OK,,600,450,RGB
HAM10000_images_part_2\ISIC_0031920.jpg,OK,,600,450,RGB
HAM10000_images_part_2\ISIC_0031921.jpg,OK,,600,450,RGB
HAM10000_images_part_2\ISIC_0031922.jpg,OK,,600,450,RGB
HAM10000_images_part_2\ISIC_0031923.jpg,OK,,600,450,RGB
HAM10000_images_part_2\ISIC_0031924.jpg,OK,,600,450,RGB
HAM10000_images_part_2\ISIC_0031925.jpg,OK,,600,450,RGB
HAM10000_images_part_2\ISIC_0031926.jpg,OK,,600,450,RGB
HAM10000_images_part_2\ISIC_0031927.jpg,OK,,600,450,RGB
HAM10000_images_part_2\ISIC_0031928.jpg,OK,,600,450,RGB
HAM10000_images_part_2\ISIC_0031929.jpg,OK,,600,450,RGB
HAM10000_images_part_2\ISIC_0031930.jpg,OK,,600,450,RGB
HAM10000_images_part_2\ISIC_0031931.jpg,OK,,600,450,RGB
HAM10000_images_part_2\ISIC_0031932.jpg,OK,,600,450,RGB
HAM10000_images_part_2\ISIC_0031933.jpg,OK,,600,450,RGB
HAM10000_images_part_2\ISIC_0031934.jpg,OK,,600,450,RGB
HAM10000_images_part_2\ISIC_0031935.jpg,OK,,600,450,RGB
HAM10000_images_part_2\ISIC_0031936.jpg,OK,,600,450,RGB
HAM10000_images_part_2\ISIC_0031937.jpg,OK,,600,450,RGB
HAM10000_images_part_2\ISIC_0031938.jpg,OK,,600,450,RGB
HAM10000_images_part_2\ISIC_0031939.jpg,OK,,600,450,RGB
HAM10000_images_part_2\ISIC_0031940.jpg,OK,,600,450,RGB
HAM10000_images_part_2\ISIC_0031941.jpg,OK,,600,450,RGB
HAM10000_images_part_2\ISIC_0031942.jpg,OK,,600,450,RGB
HAM10000_images_part_2\ISIC_0031943.jpg,OK,,600,450,RGB
HAM10000_images_part_2\ISIC_0031944.jpg,OK,,600,450,RGB
HAM10000_images_part_2\ISIC_0031945.jpg,OK,,600,450,RGB
HAM10000_images_part_2\ISIC_0031946.jpg,OK,,600,450,RGB
HAM10000_images_part_2\ISIC_0031947.jpg,OK,,600,450,RGB
HAM10000_images_part_2\ISIC_0031948.jpg,OK,,600,450,RGB
HAM10000_images_part_2\ISIC_0031949.jpg,OK,,600,450,RGB
HAM10000_images_part_2\ISIC_0031950.jpg,OK,,600,450,RGB
HAM10000_images_part_2\ISIC_0031951.jpg,OK,,600,450,RGB
HAM10000_images_part_2\ISIC_0031952.jpg,OK,,600,450,RGB
HAM10000_images_part_2\ISIC_0031953.jpg,OK,,600,450,RGB
HAM10000_images_part_2\ISIC_0031954.jpg,OK,,600,450,RGB
HAM10000_images_part_2\ISIC_0031955.jpg,OK,,600,450,RGB
HAM10000_images_part_2\ISIC_0031956.jpg,OK,,600,450,RGB
HAM10000_images_part_2\ISIC_0031957.jpg,OK,,600,450,RGB
HAM10000_images_part_2\ISIC_0031958.jpg,OK,,600,450,RGB
HAM10000_images_part_2\ISIC_0031959.jpg,OK,,600,450,RGB
HAM10000_images_part_2\ISIC_0031960.jpg,OK,,600,450,RGB
HAM10000_images_part_2\ISIC_0031961.jpg,OK,,600,450,RGB
HAM10000_images_part_2\ISIC_0031962.jpg,OK,,600,450,RGB
HAM10000_images_part_2\ISIC_0031963.jpg,OK,,600,450,RGB
HAM10000_images_part_2\ISIC_0031964.jpg,OK,,600,450,RGB
HAM10000_images_part_2\ISIC_0031965.jpg,OK,,600,450,RGB
HAM10000_images_part_2\ISIC_0031966.jpg,OK,,600,450,RGB
HAM10000_images_part_2\ISIC_0031967.jpg,OK,,600,450,RGB
HAM10000_images_part_2\ISIC_0031968.jpg,OK,,600,450,RGB
HAM10000_images_part_2\ISIC_0031969.jpg,OK,,600,450,RGB
HAM10000_images_part_2\ISIC_0031970.jpg,OK,,600,450,RGB
HAM10000_images_part_2\ISIC_0031971.jpg,OK,,600,450,RGB
HAM10000_images_part_2\ISIC_0031972.jpg,OK,,600,450,RGB
HAM10000_images_part_2\ISIC_0031973.jpg,OK,,600,450,RGB
HAM10000_images_part_2\ISIC_0031974.jpg,OK,,600,450,RGB
HAM10000_images_part_2\ISIC_0031975.jpg,OK,,600,450,RGB
HAM10000_images_part_2\ISIC_0031976.jpg,OK,,600,450,RGB
HAM10000_images_part_2\ISIC_0031977.jpg,OK,,600,450,RGB
HAM10000_images_part_2\ISIC_0031978.jpg,OK,,600,450,RGB
HAM10000_images_part_2\ISIC_0031979.jpg,OK,,600,450,RGB
HAM10000_images_part_2\ISIC_0031980.jpg,OK,,600,450,RGB
HAM10000_images_part_2\ISIC_0031981.jpg,OK,,600,450,RGB
HAM10000_images_part_2\ISIC_0031982.jpg,OK,,600,450,RGB
HAM10000_images_part_2\ISIC_0031983.jpg,OK,,600,450,RGB
HAM10000_images_part_2\ISIC_0031984.jpg,OK,,600,450,RGB
HAM10000_images_part_2\ISIC_0031985.jpg,OK,,600,450,RGB
HAM10000_images_part_2\ISIC_0031986.jpg,OK,,600,450,RGB
HAM10000_images_part_2\ISIC_0031987.jpg,OK,,600,450,RGB
HAM10000_images_part_2\ISIC_0031988.jpg,OK,,600,450,RGB
HAM10000_images_part_2\ISIC_0031989.jpg,OK,,600,450,RGB
HAM10000_images_part_2\ISIC_0031990.jpg,OK,,600,450,RGB
HAM10000_images_part_2\ISIC_0031991.jpg,OK,,600,450,RGB
HAM10000_images_part_2\ISIC_0031992.jpg,OK,,600,450,RGB
HAM10000_images_part_2\ISIC_0031993.jpg,OK,,600,450,RGB
HAM10000_images_part_2\ISIC_0031994.jpg,OK,,600,450,RGB
HAM10000_images_part_2\ISIC_0031995.jpg,OK,,600,450,RGB
HAM10000_images_part_2\ISIC_0031996.jpg,OK,,600,450,RGB
HAM10000_images_part_2\ISIC_0031997.jpg,OK,,600,450,RGB
HAM10000_images_part_2\ISIC_0031998.jpg,OK,,600,450,RGB
HAM10000_images_part_2\ISIC_0031999.jpg,OK,,600,450,RGB
HAM10000_images_part_2\ISIC_0032000.jpg,OK,,600,450,RGB
HAM10000_images_part_2\ISIC_0032001.jpg,OK,,600,450,RGB
HAM10000_images_part_2\ISIC_0032002.jpg,OK,,600,450,RGB
HAM10000_images_part_2\ISIC_0032003.jpg,OK,,600,450,RGB
HAM10000_images_part_2\ISIC_0032004.jpg,OK,,600,450,RGB
HAM10000_images_part_2\ISIC_0032005.jpg,OK,,600,450,RGB
HAM10000_images_part_2\ISIC_0032006.jpg,OK,,600,450,RGB
HAM10000_images_part_2\ISIC_0032007.jpg,OK,,600,450,RGB
HAM10000_images_part_2\ISIC_0032008.jpg,OK,,600,450,RGB
HAM10000_images_part_2\ISIC_0032009.jpg,OK,,600,450,RGB
HAM10000_images_part_2\ISIC_0032010.jpg,OK,,600,450,RGB
HAM10000_images_part_2\ISIC_0032011.jpg,OK,,600,450,RGB
HAM10000_images_part_2\ISIC_0032012.jpg,OK,,600,450,RGB
HAM10000_images_part_2\ISIC_0032013.jpg,OK,,600,450,RGB
HAM10000_images_part_2\ISIC_0032014.jpg,OK,,600,450,RGB
HAM10000_images_part_2\ISIC_0032015.jpg,OK,,600,450,RGB
HAM10000_images_part_2\ISIC_0032016.jpg,OK,,600,450,RGB
HAM10000_images_part_2\ISIC_0032017.jpg,OK,,600,450,RGB
HAM10000_images_part_2\ISIC_0032018.jpg,OK,,600,450,RGB
HAM10000_images_part_2\ISIC_0032019.jpg,OK,,600,450,RGB
HAM10000_images_part_2\ISIC_0032020.jpg,OK,,600,450,RGB
HAM10000_images_part_2\ISIC_0032021.jpg,OK,,600,450,RGB
HAM10000_images_part_2\ISIC_0032022.jpg,OK,,600,450,RGB
HAM10000_images_part_2\ISIC_0032023.jpg,OK,,600,450,RGB
HAM10000_images_part_2\ISIC_0032024.jpg,OK,,600,450,RGB
HAM10000_images_part_2\ISIC_0032025.jpg,OK,,600,450,RGB
HAM10000_images_part_2\ISIC_0032026.jpg,OK,,600,450,RGB
HAM10000_images_part_2\ISIC_0032027.jpg,OK,,600,450,RGB
HAM10000_images_part_2\ISIC_0032028.jpg,OK,,600,450,RGB
HAM10000_images_part_2\ISIC_0032029.jpg,OK,,600,450,RGB
HAM10000_images_part_2\ISIC_0032030.jpg,OK,,600,450,RGB
HAM10000_images_part_2\ISIC_0032031.jpg,OK,,600,450,RGB
HAM10000_images_part_2\ISIC_0032032.jpg,OK,,600,450,RGB
HAM10000_images_part_2\ISIC_0032033.jpg,OK,,600,450,RGB
HAM10000_images_part_2\ISIC_0032034.jpg,OK,,600,450,RGB
HAM10000_images_part_2\ISIC_0032035.jpg,OK,,600,450,RGB
HAM10000_images_part_2\ISIC_0032036.jpg,OK,,600,450,RGB
HAM10000_images_part_2\ISIC_0032037.jpg,OK,,600,450,RGB
HAM10000_images_part_2\ISIC_0032038.jpg,OK,,600,450,RGB
HAM10000_images_part_2\ISIC_0032039.jpg,OK,,600,450,RGB
HAM10000_images_part_2\ISIC_0032040.jpg,OK,,600,450,RGB
HAM10000_images_part_2\ISIC_0032041.jpg,OK,,600,450,RGB
HAM10000_images_part_2\ISIC_0032042.jpg,OK,,600,450,RGB
HAM10000_images_part_2\ISIC_0032043.jpg,OK,,600,450,RGB
HAM10000_images_part_2\ISIC_0032044.jpg,OK,,600,450,RGB
HAM10000_images_part_2\ISIC_0032045.jpg,OK,,600,450,RGB
HAM10000_images_part_2\ISIC_0032046.jpg,OK,,600,450,RGB
HAM10000_images_part_2\ISIC_0032047.jpg,OK,,600,450,RGB
HAM10000_images_part_2\ISIC_0032048.jpg,OK,,600,450,RGB
HAM10000_images_part_2\ISIC_0032049.jpg,OK,,600,450,RGB
HAM10000_images_part_2\ISIC_0032050.jpg,OK,,600,450,RGB
HAM10000_images_part_2\ISIC_0032051.jpg,OK,,600,450,RGB
HAM10000_images_part_2\ISIC_0032052.jpg,OK,,600,450,RGB
HAM10000_images_part_2\ISIC_0032053.jpg,OK,,600,450,RGB
HAM10000_images_part_2\ISIC_0032054.jpg,OK,,600,450,RGB
HAM10000_images_part_2\ISIC_0032055.jpg,OK,,600,450,RGB
HAM10000_images_part_2\ISIC_0032056.jpg,OK,,600,450,RGB
HAM10000_images_part_2\ISIC_0032057.jpg,OK,,600,450,RGB
HAM10000_images_part_2\ISIC_0032058.jpg,OK,,600,450,RGB
HAM10000_images_part_2\ISIC_0032059.jpg,OK,,600,450,RGB
HAM10000_images_part_2\ISIC_0032060.jpg,OK,,600,450,RGB
HAM10000_images_part_2\ISIC_0032061.jpg,OK,,600,450,RGB
HAM10000_images_part_2\ISIC_0032062.jpg,OK,,600,450,RGB
HAM10000_images_part_2\ISIC_0032063.jpg,OK,,600,450,RGB
HAM10000_images_part_2\ISIC_0032064.jpg,OK,,600,450,RGB
HAM10000_images_part_2\ISIC_0032065.jpg,OK,,600,450,RGB
HAM10000_images_part_2\ISIC_0032066.jpg,OK,,600,450,RGB
HAM10000_images_part_2\ISIC_0032067.jpg,OK,,600,450,RGB
HAM10000_images_part_2\ISIC_0032068.jpg,OK,,600,450,RGB
HAM10000_images_part_2\ISIC_0032069.jpg,OK,,600,450,RGB
HAM10000_images_part_2\ISIC_0032070.jpg,OK,,600,450,RGB
HAM10000_images_part_2\ISIC_0032071.jpg,OK,,600,450,RGB
HAM10000_images_part_2\ISIC_0032072.jpg,OK,,600,450,RGB
HAM10000_images_part_2\ISIC_0032073.jpg,OK,,600,450,RGB
HAM10000_images_part_2\ISIC_0032074.jpg,OK,,600,450,RGB
HAM10000_images_part_2\ISIC_0032075.jpg,OK,,600,450,RGB
HAM10000_images_part_2\ISIC_0032076.jpg,OK,,600,450,RGB
HAM10000_images_part_2\ISIC_0032077.jpg,OK,,600,450,RGB
HAM10000_images_part_2\ISIC_0032078.jpg,OK,,600,450,RGB
HAM10000_images_part_2\ISIC_0032079.jpg,OK,,600,450,RGB
HAM10000_images_part_2\ISIC_0032080.jpg,OK,,600,450,RGB
HAM10000_images_part_2\ISIC_0032081.jpg,OK,,600,450,RGB
HAM10000_images_part_2\ISIC_0032082.jpg,OK,,600,450,RGB
HAM10000_images_part_2\ISIC_0032083.jpg,OK,,600,450,RGB
HAM10000_images_part_2\ISIC_0032084.jpg,OK,,600,450,RGB
HAM10000_images_part_2\ISIC_0032085.jpg,OK,,600,450,RGB
HAM10000_images_part_2\ISIC_0032086.jpg,OK,,600,450,RGB
HAM10000_images_part_2\ISIC_0032087.jpg,OK,,600,450,RGB
HAM10000_images_part_2\ISIC_0032088.jpg,OK,,600,450,RGB
HAM10000_images_part_2\ISIC_0032089.jpg,OK,,600,450,RGB
HAM10000_images_part_2\ISIC_0032090.jpg,OK,,600,450,RGB
HAM10000_images_part_2\ISIC_0032091.jpg,OK,,600,450,RGB
HAM10000_images_part_2\ISIC_0032092.jpg,OK,,600,450,RGB
HAM10000_images_part_2\ISIC_0032093.jpg,OK,,600,450,RGB
HAM10000_images_part_2\ISIC_0032094.jpg,OK,,600,450,RGB
HAM10000_images_part_2\ISIC_0032095.jpg,OK,,600,450,RGB
HAM10000_images_part_2\ISIC_0032096.jpg,OK,,600,450,RGB
HAM10000_images_part_2\ISIC_0032097.jpg,OK,,600,450,RGB
HAM10000_images_part_2\ISIC_0032098.jpg,OK,,600,450,RGB
HAM10000_images_part_2\ISIC_0032099.jpg,OK,,600,450,RGB
HAM10000_images_part_2\ISIC_0032100.jpg,OK,,600,450,RGB
HAM10000_images_part_2\ISIC_0032101.jpg,OK,,600,450,RGB
HAM10000_images_part_2\ISIC_0032102.jpg,OK,,600,450,RGB
HAM10000_images_part_2\ISIC_0032103.jpg,OK,,600,450,RGB
HAM10000_images_part_2\ISIC_0032104.jpg,OK,,600,450,RGB
HAM10000_images_part_2\ISIC_0032105.jpg,OK,,600,450,RGB
HAM10000_images_part_2\ISIC_0032106.jpg,OK,,600,450,RGB
HAM10000_images_part_2\ISIC_0032107.jpg,OK,,600,450,RGB
HAM10000_images_part_2\ISIC_0032108.jpg,OK,,600,450,RGB
HAM10000_images_part_2\ISIC_0032109.jpg,OK,,600,450,RGB
HAM10000_images_part_2\ISIC_0032110.jpg,OK,,600,450,RGB
HAM10000_images_part_2\ISIC_0032111.jpg,OK,,600,450,RGB
HAM10000_images_part_2\ISIC_0032112.jpg,OK,,600,450,RGB
HAM10000_images_part_2\ISIC_0032113.jpg,OK,,600,450,RGB
HAM10000_images_part_2\ISIC_0032114.jpg,OK,,600,450,RGB
HAM10000_images_part_2\ISIC_0032115.jpg,OK,,600,450,RGB
HAM10000_images_part_2\ISIC_0032116.jpg,OK,,600,450,RGB
HAM10000_images_part_2\ISIC_0032117.jpg,OK,,600,450,RGB
HAM10000_images_part_2\ISIC_0032118.jpg,OK,,600,450,RGB
HAM10000_images_part_2\ISIC_0032119.jpg,OK,,600,450,RGB
HAM10000_images_part_2\ISIC_0032120.jpg,OK,,600,450,RGB
HAM10000_images_part_2\ISIC_0032121.jpg,OK,,600,450,RGB
HAM10000_images_part_2\ISIC_0032122.jpg,OK,,600,450,RGB
HAM10000_images_part_2\ISIC_0032123.jpg,OK,,600,450,RGB
HAM10000_images_part_2\ISIC_0032124.jpg,OK,,600,450,RGB
HAM10000_images_part_2\ISIC_0032125.jpg,OK,,600,450,RGB
HAM10000_images_part_2\ISIC_0032126.jpg,OK,,600,450,RGB
HAM10000_images_part_2\ISIC_0032127.jpg,OK,,600,450,RGB
HAM10000_images_part_2\ISIC_0032128.jpg,OK,,600,450,RGB
HAM10000_images_part_2\ISIC_0032129.jpg,OK,,600,450,RGB
HAM10000_images_part_2\ISIC_0032130.jpg,OK,,600,450,RGB
HAM10000_images_part_2\ISIC_0032131.jpg,OK,,600,450,RGB
HAM10000_images_part_2\ISIC_0032132.jpg,OK,,600,450,RGB
HAM10000_images_part_2\ISIC_0032133.jpg,OK,,600,450,RGB
HAM10000_images_part_2\ISIC_0032134.jpg,OK,,600,450,RGB
HAM10000_images_part_2\ISIC_0032135.jpg,OK,,600,450,RGB
HAM10000_images_part_2\ISIC_0032136.jpg,OK,,600,450,RGB
HAM10000_images_part_2\ISIC_0032137.jpg,OK,,600,450,RGB
HAM10000_images_part_2\ISIC_0032138.jpg,OK,,600,450,RGB
HAM10000_images_part_2\ISIC_0032139.jpg,OK,,600,450,RGB
HAM10000_images_part_2\ISIC_0032140.jpg,OK,,600,450,RGB
HAM10000_images_part_2\ISIC_0032141.jpg,OK,,600,450,RGB
HAM10000_images_part_2\ISIC_0032142.jpg,OK,,600,450,RGB
HAM10000_images_part_2\ISIC_0032143.jpg,OK,,600,450,RGB
HAM10000_images_part_2\ISIC_0032144.jpg,OK,,600,450,RGB
HAM10000_images_part_2\ISIC_0032145.jpg,OK,,600,450,RGB
HAM10000_images_part_2\ISIC_0032146.jpg,OK,,600,450,RGB
HAM10000_images_part_2\ISIC_0032147.jpg,OK,,600,450,RGB
HAM10000_images_part_2\ISIC_0032148.jpg,OK,,600,450,RGB
HAM10000_images_part_2\ISIC_0032149.jpg,OK,,600,450,RGB
HAM10000_images_part_2\ISIC_0032150.jpg,OK,,600,450,RGB
HAM10000_images_part_2\ISIC_0032151.jpg,OK,,600,450,RGB
HAM10000_images_part_2\ISIC_0032152.jpg,OK,,600,450,RGB
HAM10000_images_part_2\ISIC_0032153.jpg,OK,,600,450,RGB
HAM10000_images_part_2\ISIC_0032154.jpg,OK,,600,450,RGB
HAM10000_images_part_2\ISIC_0032155.jpg,OK,,600,450,RGB
HAM10000_images_part_2\ISIC_0032156.jpg,OK,,600,450,RGB
HAM10000_images_part_2\ISIC_0032157.jpg,OK,,600,450,RGB
HAM10000_images_part_2\ISIC_0032158.jpg,OK,,600,450,RGB
HAM10000_images_part_2\ISIC_0032159.jpg,OK,,600,450,RGB
HAM10000_images_part_2\ISIC_0032160.jpg,OK,,600,450,RGB
HAM10000_images_part_2\ISIC_0032161.jpg,OK,,600,450,RGB
HAM10000_images_part_2\ISIC_0032162.jpg,OK,,600,450,RGB
HAM10000_images_part_2\ISIC_0032163.jpg,OK,,600,450,RGB
HAM10000_images_part_2\ISIC_0032164.jpg,OK,,600,450,RGB
HAM10000_images_part_2\ISIC_0032165.jpg,OK,,600,450,RGB
HAM10000_images_part_2\ISIC_0032166.jpg,OK,,600,450,RGB
HAM10000_images_part_2\ISIC_0032167.jpg,OK,,600,450,RGB
HAM10000_images_part_2\ISIC_0032168.jpg,OK,,600,450,RGB
HAM10000_images_part_2\ISIC_0032169.jpg,OK,,600,450,RGB
HAM10000_images_part_2\ISIC_0032170.jpg,OK,,600,450,RGB
HAM10000_images_part_2\ISIC_0032171.jpg,OK,,600,450,RGB
HAM10000_images_part_2\ISIC_0032172.jpg,OK,,600,450,RGB
HAM10000_images_part_2\ISIC_0032173.jpg,OK,,600,450,RGB
HAM10000_images_part_2\ISIC_0032174.jpg,OK,,600,450,RGB
HAM10000_images_part_2\ISIC_0032175.jpg,OK,,600,450,RGB
HAM10000_images_part_2\ISIC_0032176.jpg,OK,,600,450,RGB
HAM10000_images_part_2\ISIC_0032177.jpg,OK,,600,450,RGB
HAM10000_images_part_2\ISIC_0032178.jpg,OK,,600,450,RGB
HAM10000_images_part_2\ISIC_0032179.jpg,OK,,600,450,RGB
HAM10000_images_part_2\ISIC_0032180.jpg,OK,,600,450,RGB
HAM10000_images_part_2\ISIC_0032181.jpg,OK,,600,450,RGB
HAM10000_images_part_2\ISIC_0032182.jpg,OK,,600,450,RGB
HAM10000_images_part_2\ISIC_0032183.jpg,OK,,600,450,RGB
HAM10000_images_part_2\ISIC_0032184.jpg,OK,,600,450,RGB
HAM10000_images_part_2\ISIC_0032185.jpg,OK,,600,450,RGB
HAM10000_images_part_2\ISIC_0032186.jpg,OK,,600,450,RGB
HAM10000_images_part_2\ISIC_0032187.jpg,OK,,600,450,RGB
HAM10000_images_part_2\ISIC_0032188.jpg,OK,,600,450,RGB
HAM10000_images_part_2\ISIC_0032189.jpg,OK,,600,450,RGB
HAM10000_images_part_2\ISIC_0032190.jpg,OK,,600,450,RGB
HAM10000_images_part_2\ISIC_0032191.jpg,OK,,600,450,RGB
HAM10000_images_part_2\ISIC_0032192.jpg,OK,,600,450,RGB
HAM10000_images_part_2\ISIC_0032193.jpg,OK,,600,450,RGB
HAM10000_images_part_2\ISIC_0032194.jpg,OK,,600,450,RGB
HAM10000_images_part_2\ISIC_0032195.jpg,OK,,600,450,RGB
HAM10000_images_part_2\ISIC_0032196.jpg,OK,,600,450,RGB
HAM10000_images_part_2\ISIC_0032197.jpg,OK,,600,450,RGB
HAM10000_images_part_2\ISIC_0032198.jpg,OK,,600,450,RGB
HAM10000_images_part_2\ISIC_0032199.jpg,OK,,600,450,RGB
HAM10000_images_part_2\ISIC_0032200.jpg,OK,,600,450,RGB
HAM10000_images_part_2\ISIC_0032201.jpg,OK,,600,450,RGB
HAM10000_images_part_2\ISIC_0032202.jpg,OK,,600,450,RGB
HAM10000_images_part_2\ISIC_0032203.jpg,OK,,600,450,RGB
HAM10000_images_part_2\ISIC_0032204.jpg,OK,,600,450,RGB
HAM10000_images_part_2\ISIC_0032205.jpg,OK,,600,450,RGB
HAM10000_images_part_2\ISIC_0032206.jpg,OK,,600,450,RGB
HAM10000_images_part_2\ISIC_0032207.jpg,OK,,600,450,RGB
HAM10000_images_part_2\ISIC_0032208.jpg,OK,,600,450,RGB
HAM10000_images_part_2\ISIC_0032209.jpg,OK,,600,450,RGB
HAM10000_images_part_2\ISIC_0032210.jpg,OK,,600,450,RGB
HAM10000_images_part_2\ISIC_0032211.jpg,OK,,600,450,RGB
HAM10000_images_part_2\ISIC_0032212.jpg,OK,,600,450,RGB
HAM10000_images_part_2\ISIC_0032213.jpg,OK,,600,450,RGB
HAM10000_images_part_2\ISIC_0032214.jpg,OK,,600,450,RGB
HAM10000_images_part_2\ISIC_0032215.jpg,OK,,600,450,RGB
HAM10000_images_part_2\ISIC_0032216.jpg,OK,,600,450,RGB
HAM10000_images_part_2\ISIC_0032217.jpg,OK,,600,450,RGB
HAM10000_images_part_2\ISIC_0032218.jpg,OK,,600,450,RGB
HAM10000_images_part_2\ISIC_0032219.jpg,OK,,600,450,RGB
HAM10000_images_part_2\ISIC_0032220.jpg,OK,,600,450,RGB
HAM10000_images_part_2\ISIC_0032221.jpg,OK,,600,450,RGB
HAM10000_images_part_2\ISIC_0032222.jpg,OK,,600,450,RGB
HAM10000_images_part_2\ISIC_0032223.jpg,OK,,600,450,RGB
HAM10000_images_part_2\ISIC_0032224.jpg,OK,,600,450,RGB
HAM10000_images_part_2\ISIC_0032225.jpg,OK,,600,450,RGB
HAM10000_images_part_2\ISIC_0032226.jpg,OK,,600,450,RGB
HAM10000_images_part_2\ISIC_0032227.jpg,OK,,600,450,RGB
HAM10000_images_part_2\ISIC_0032228.jpg,OK,,600,450,RGB
HAM10000_images_part_2\ISIC_0032229.jpg,OK,,600,450,RGB
HAM10000_images_part_2\ISIC_0032230.jpg,OK,,600,450,RGB
HAM10000_images_part_2\ISIC_0032231.jpg,OK,,600,450,RGB
HAM10000_images_part_2\ISIC_0032232.jpg,OK,,600,450,RGB
HAM10000_images_part_2\ISIC_0032233.jpg,OK,,600,450,RGB
HAM10000_images_part_2\ISIC_0032234.jpg,OK,,600,450,RGB
HAM10000_images_part_2\ISIC_0032235.jpg,OK,,600,450,RGB
HAM10000_images_part_2\ISIC_0032236.jpg,OK,,600,450,RGB
HAM10000_images_part_2\ISIC_0032237.jpg,OK,,600,450,RGB
HAM10000_images_part_2\ISIC_0032238.jpg,OK,,600,450,RGB
HAM10000_images_part_2\ISIC_0032239.jpg,OK,,600,450,RGB
HAM10000_images_part_2\ISIC_0032240.jpg,OK,,600,450,RGB
HAM10000_images_part_2\ISIC_0032241.jpg,OK,,600,450,RGB
HAM10000_images_part_2\ISIC_0032242.jpg,OK,,600,450,RGB
HAM10000_images_part_2\ISIC_0032243.jpg,OK,,600,450,RGB
HAM10000_images_part_2\ISIC_0032244.jpg,OK,,600,450,RGB
HAM10000_images_part_2\ISIC_0032245.jpg,OK,,600,450,RGB
HAM10000_images_part_2\ISIC_0032246.jpg,OK,,600,450,RGB
HAM10000_images_part_2\ISIC_0032247.jpg,OK,,600,450,RGB
HAM10000_images_part_2\ISIC_0032248.jpg,OK,,600,450,RGB
HAM10000_images_part_2\ISIC_0032249.jpg,OK,,600,450,RGB
HAM10000_images_part_2\ISIC_0032250.jpg,OK,,600,450,RGB
HAM10000_images_part_2\ISIC_0032251.jpg,OK,,600,450,RGB
HAM10000_images_part_2\ISIC_0032252.jpg,OK,,600,450,RGB
HAM10000_images_part_2\ISIC_0032253.jpg,OK,,600,450,RGB
HAM10000_images_part_2\ISIC_0032254.jpg,OK,,600,450,RGB
HAM10000_images_part_2\ISIC_0032255.jpg,OK,,600,450,RGB
HAM10000_images_part_2\ISIC_0032256.jpg,OK,,600,450,RGB
HAM10000_images_part_2\ISIC_0032257.jpg,OK,,600,450,RGB
HAM10000_images_part_2\ISIC_0032258.jpg,OK,,600,450,RGB
HAM10000_images_part_2\ISIC_0032259.jpg,OK,,600,450,RGB
HAM10000_images_part_2\ISIC_0032260.jpg,OK,,600,450,RGB
HAM10000_images_part_2\ISIC_0032261.jpg,OK,,600,450,RGB
HAM10000_images_part_2\ISIC_0032262.jpg,OK,,600,450,RGB
HAM10000_images_part_2\ISIC_0032263.jpg,OK,,600,450,RGB
HAM10000_images_part_2\ISIC_0032264.jpg,OK,,600,450,RGB
HAM10000_images_part_2\ISIC_0032265.jpg,OK,,600,450,RGB
HAM10000_images_part_2\ISIC_0032266.jpg,OK,,600,450,RGB
HAM10000_images_part_2\ISIC_0032267.jpg,OK,,600,450,RGB
HAM10000_images_part_2\ISIC_0032268.jpg,OK,,600,450,RGB
HAM10000_images_part_2\ISIC_0032269.jpg,OK,,600,450,RGB
HAM10000_images_part_2\ISIC_0032270.jpg,OK,,600,450,RGB
HAM10000_images_part_2\ISIC_0032271.jpg,OK,,600,450,RGB
HAM10000_images_part_2\ISIC_0032272.jpg,OK,,600,450,RGB
HAM10000_images_part_2\ISIC_0032273.jpg,OK,,600,450,RGB
HAM10000_images_part_2\ISIC_0032274.jpg,OK,,600,450,RGB
HAM10000_images_part_2\ISIC_0032275.jpg,OK,,600,450,RGB
HAM10000_images_part_2\ISIC_0032276.jpg,OK,,600,450,RGB
HAM10000_images_part_2\ISIC_0032277.jpg,OK,,600,450,RGB
HAM10000_images_part_2\ISIC_0032278.jpg,OK,,600,450,RGB
HAM10000_images_part_2\ISIC_0032279.jpg,OK,,600,450,RGB
HAM10000_images_part_2\ISIC_0032280.jpg,OK,,600,450,RGB
HAM10000_images_part_2\ISIC_0032281.jpg,OK,,600,450,RGB
HAM10000_images_part_2\ISIC_0032282.jpg,OK,,600,450,RGB
HAM10000_images_part_2\ISIC_0032283.jpg,OK,,600,450,RGB
HAM10000_images_part_2\ISIC_0032284.jpg,OK,,600,450,RGB
HAM10000_images_part_2\ISIC_0032285.jpg,OK,,600,450,RGB
HAM10000_images_part_2\ISIC_0032286.jpg,OK,,600,450,RGB
HAM10000_images_part_2\ISIC_0032287.jpg,OK,,600,450,RGB
HAM10000_images_part_2\ISIC_0032288.jpg,OK,,600,450,RGB
HAM10000_images_part_2\ISIC_0032289.jpg,OK,,600,450,RGB
HAM10000_images_part_2\ISIC_0032290.jpg,OK,,600,450,RGB
HAM10000_images_part_2\ISIC_0032291.jpg,OK,,600,450,RGB
HAM10000_images_part_2\ISIC_0032292.jpg,OK,,600,450,RGB
HAM10000_images_part_2\ISIC_0032293.jpg,OK,,600,450,RGB
HAM10000_images_part_2\ISIC_0032294.jpg,OK,,600,450,RGB
HAM10000_images_part_2\ISIC_0032295.jpg,OK,,600,450,RGB
HAM10000_images_part_2\ISIC_0032296.jpg,OK,,600,450,RGB
HAM10000_images_part_2\ISIC_0032297.jpg,OK,,600,450,RGB
HAM10000_images_part_2\ISIC_0032298.jpg,OK,,600,450,RGB
HAM10000_images_part_2\ISIC_0032299.jpg,OK,,600,450,RGB
HAM10000_images_part_2\ISIC_0032300.jpg,OK,,600,450,RGB
HAM10000_images_part_2\ISIC_0032301.jpg,OK,,600,450,RGB
HAM10000_images_part_2\ISIC_0032302.jpg,OK,,600,450,RGB
HAM10000_images_part_2\ISIC_0032303.jpg,OK,,600,450,RGB
HAM10000_images_part_2\ISIC_0032304.jpg,OK,,600,450,RGB
HAM10000_images_part_2\ISIC_0032305.jpg,OK,,600,450,RGB
HAM10000_images_part_2\ISIC_0032306.jpg,OK,,600,450,RGB
HAM10000_images_part_2\ISIC_0032307.jpg,OK,,600,450,RGB
HAM10000_images_part_2\ISIC_0032308.jpg,OK,,600,450,RGB
HAM10000_images_part_2\ISIC_0032309.jpg,OK,,600,450,RGB
HAM10000_images_part_2\ISIC_0032310.jpg,OK,,600,450,RGB
HAM10000_images_part_2\ISIC_0032311.jpg,OK,,600,450,RGB
HAM10000_images_part_2\ISIC_0032312.jpg,OK,,600,450,RGB
HAM10000_images_part_2\ISIC_0032313.jpg,OK,,600,450,RGB
HAM10000_images_part_2\ISIC_0032314.jpg,OK,,600,450,RGB
HAM10000_images_part_2\ISIC_0032315.jpg,OK,,600,450,RGB
HAM10000_images_part_2\ISIC_0032316.jpg,OK,,600,450,RGB
HAM10000_images_part_2\ISIC_0032317.jpg,OK,,600,450,RGB
HAM10000_images_part_2\ISIC_0032318.jpg,OK,,600,450,RGB
HAM10000_images_part_2\ISIC_0032319.jpg,OK,,600,450,RGB
HAM10000_images_part_2\ISIC_0032320.jpg,OK,,600,450,RGB
HAM10000_images_part_2\ISIC_0032321.jpg,OK,,600,450,RGB
HAM10000_images_part_2\ISIC_0032322.jpg,OK,,600,450,RGB
HAM10000_images_part_2\ISIC_0032323.jpg,OK,,600,450,RGB
HAM10000_images_part_2\ISIC_0032324.jpg,OK,,600,450,RGB
HAM10000_images_part_2\ISIC_0032325.jpg,OK,,600,450,RGB
HAM10000_images_part_2\ISIC_0032326.jpg,OK,,600,450,RGB
HAM10000_images_part_2\ISIC_0032327.jpg,OK,,600,450,RGB
HAM10000_images_part_2\ISIC_0032328.jpg,OK,,600,450,RGB
HAM10000_images_part_2\ISIC_0032329.jpg,OK,,600,450,RGB
HAM10000_images_part_2\ISIC_0032330.jpg,OK,,600,450,RGB
HAM10000_images_part_2\ISIC_0032331.jpg,OK,,600,450,RGB
HAM10000_images_part_2\ISIC_0032332.jpg,OK,,600,450,RGB
HAM10000_images_part_2\ISIC_0032333.jpg,OK,,600,450,RGB
HAM10000_images_part_2\ISIC_0032334.jpg,OK,,600,450,RGB
HAM10000_images_part_2\ISIC_0032335.jpg,OK,,600,450,RGB
HAM10000_images_part_2\ISIC_0032336.jpg,OK,,600,450,RGB
HAM10000_images_part_2\ISIC_0032337.jpg,OK,,600,450,RGB
HAM10000_images_part_2\ISIC_0032338.jpg,OK,,600,450,RGB
HAM10000_images_part_2\ISIC_0032339.jpg,OK,,600,450,RGB
HAM10000_images_part_2\ISIC_0032340.jpg,OK,,600,450,RGB
HAM10000_images_part_2\ISIC_0032341.jpg,OK,,600,450,RGB
HAM10000_images_part_2\ISIC_0032342.jpg,OK,,600,450,RGB
HAM10000_images_part_2\ISIC_0032343.jpg,OK,,600,450,RGB
HAM10000_images_part_2\ISIC_0032344.jpg,OK,,600,450,RGB
HAM10000_images_part_2\ISIC_0032345.jpg,OK,,600,450,RGB
HAM10000_images_part_2\ISIC_0032346.jpg,OK,,600,450,RGB
HAM10000_images_part_2\ISIC_0032347.jpg,OK,,600,450,RGB
HAM10000_images_part_2\ISIC_0032348.jpg,OK,,600,450,RGB
HAM10000_images_part_2\ISIC_0032349.jpg,OK,,600,450,RGB
HAM10000_images_part_2\ISIC_0032350.jpg,OK,,600,450,RGB
HAM10000_images_part_2\ISIC_0032351.jpg,OK,,600,450,RGB
HAM10000_images_part_2\ISIC_0032352.jpg,OK,,600,450,RGB
HAM10000_images_part_2\ISIC_0032353.jpg,OK,,600,450,RGB
HAM10000_images_part_2\ISIC_0032354.jpg,OK,,600,450,RGB
HAM10000_images_part_2\ISIC_0032355.jpg,OK,,600,450,RGB
HAM10000_images_part_2\ISIC_0032356.jpg,OK,,600,450,RGB
HAM10000_images_part_2\ISIC_0032357.jpg,OK,,600,450,RGB
HAM10000_images_part_2\ISIC_0032358.jpg,OK,,600,450,RGB
HAM10000_images_part_2\ISIC_0032359.jpg,OK,,600,450,RGB
HAM10000_images_part_2\ISIC_0032360.jpg,OK,,600,450,RGB
HAM10000_images_part_2\ISIC_0032361.jpg,OK,,600,450,RGB
HAM10000_images_part_2\ISIC_0032362.jpg,OK,,600,450,RGB
HAM10000_images_part_2\ISIC_0032363.jpg,OK,,600,450,RGB
HAM10000_images_part_2\ISIC_0032364.jpg,OK,,600,450,RGB
HAM10000_images_part_2\ISIC_0032365.jpg,OK,,600,450,RGB
HAM10000_images_part_2\ISIC_0032366.jpg,OK,,600,450,RGB
HAM10000_images_part_2\ISIC_0032367.jpg,OK,,600,450,RGB
HAM10000_images_part_2\ISIC_0032368.jpg,OK,,600,450,RGB
HAM10000_images_part_2\ISIC_0032369.jpg,OK,,600,450,RGB
HAM10000_images_part_2\ISIC_0032370.jpg,OK,,600,450,RGB
HAM10000_images_part_2\ISIC_0032371.jpg,OK,,600,450,RGB
HAM10000_images_part_2\ISIC_0032372.jpg,OK,,600,450,RGB
HAM10000_images_part_2\ISIC_0032373.jpg,OK,,600,450,RGB
HAM10000_images_part_2\ISIC_0032374.jpg,OK,,600,450,RGB
HAM10000_images_part_2\ISIC_0032375.jpg,OK,,600,450,RGB
HAM10000_images_part_2\ISIC_0032376.jpg,OK,,600,450,RGB
HAM10000_images_part_2\ISIC_0032377.jpg,OK,,600,450,RGB
HAM10000_images_part_2\ISIC_0032378.jpg,OK,,600,450,RGB
HAM10000_images_part_2\ISIC_0032379.jpg,OK,,600,450,RGB
HAM10000_images_part_2\ISIC_0032380.jpg,OK,,600,450,RGB
HAM10000_images_part_2\ISIC_0032381.jpg,OK,,600,450,RGB
HAM10000_images_part_2\ISIC_0032382.jpg,OK,,600,450,RGB
HAM10000_images_part_2\ISIC_0032383.jpg,OK,,600,450,RGB
HAM10000_images_part_2\ISIC_0032384.jpg,OK,,600,450,RGB
HAM10000_images_part_2\ISIC_0032385.jpg,OK,,600,450,RGB
HAM10000_images_part_2\ISIC_0032386.jpg,OK,,600,450,RGB
HAM10000_images_part_2\ISIC_0032387.jpg,OK,,600,450,RGB
HAM10000_images_part_2\ISIC_0032388.jpg,OK,,600,450,RGB
HAM10000_images_part_2\ISIC_0032389.jpg,OK,,600,450,RGB
HAM10000_images_part_2\ISIC_0032390.jpg,OK,,600,450,RGB
HAM10000_images_part_2\ISIC_0032391.jpg,OK,,600,450,RGB
HAM10000_images_part_2\ISIC_0032392.jpg,OK,,600,450,RGB
HAM10000_images_part_2\ISIC_0032393.jpg,OK,,600,450,RGB
HAM10000_images_part_2\ISIC_0032394.jpg,OK,,600,450,RGB
HAM10000_images_part_2\ISIC_0032395.jpg,OK,,600,450,RGB
HAM10000_images_part_2\ISIC_0032396.jpg,OK,,600,450,RGB
HAM10000_images_part_2\ISIC_0032397.jpg,OK,,600,450,RGB
HAM10000_images_part_2\ISIC_0032398.jpg,OK,,600,450,RGB
HAM10000_images_part_2\ISIC_0032399.jpg,OK,,600,450,RGB
HAM10000_images_part_2\ISIC_0032400.jpg,OK,,600,450,RGB
HAM10000_images_part_2\ISIC_0032401.jpg,OK,,600,450,RGB
HAM10000_images_part_2\ISIC_0032402.jpg,OK,,600,450,RGB
HAM10000_images_part_2\ISIC_0032403.jpg,OK,,600,450,RGB
HAM10000_images_part_2\ISIC_0032404.jpg,OK,,600,450,RGB
HAM10000_images_part_2\ISIC_0032405.jpg,OK,,600,450,RGB
HAM10000_images_part_2\ISIC_0032406.jpg,OK,,600,450,RGB
HAM10000_images_part_2\ISIC_0032407.jpg,OK,,600,450,RGB
HAM10000_images_part_2\ISIC_0032408.jpg,OK,,600,450,RGB
HAM10000_images_part_2\ISIC_0032409.jpg,OK,,600,450,RGB
HAM10000_images_part_2\ISIC_0032410.jpg,OK,,600,450,RGB
HAM10000_images_part_2\ISIC_0032411.jpg,OK,,600,450,RGB
HAM10000_images_part_2\ISIC_0032412.jpg,OK,,600,450,RGB
HAM10000_images_part_2\ISIC_0032413.jpg,OK,,600,450,RGB
HAM10000_images_part_2\ISIC_0032414.jpg,OK,,600,450,RGB
HAM10000_images_part_2\ISIC_0032415.jpg,OK,,600,450,RGB
HAM10000_images_part_2\ISIC_0032416.jpg,OK,,600,450,RGB
HAM10000_images_part_2\ISIC_0032417.jpg,OK,,600,450,RGB
HAM10000_images_part_2\ISIC_0032418.jpg,OK,,600,450,RGB
HAM10000_images_part_2\ISIC_0032419.jpg,OK,,600,450,RGB
HAM10000_images_part_2\ISIC_0032420.jpg,OK,,600,450,RGB
HAM10000_images_part_2\ISIC_0032421.jpg,OK,,600,450,RGB
HAM10000_images_part_2\ISIC_0032422.jpg,OK,,600,450,RGB
HAM10000_images_part_2\ISIC_0032423.jpg,OK,,600,450,RGB
HAM10000_images_part_2\ISIC_0032424.jpg,OK,,600,450,RGB
HAM10000_images_part_2\ISIC_0032425.jpg,OK,,600,450,RGB
HAM10000_images_part_2\ISIC_0032426.jpg,OK,,600,450,RGB
HAM10000_images_part_2\ISIC_0032427.jpg,OK,,600,450,RGB
HAM10000_images_part_2\ISIC_0032428.jpg,OK,,600,450,RGB
HAM10000_images_part_2\ISIC_0032429.jpg,OK,,600,450,RGB
HAM10000_images_part_2\ISIC_0032430.jpg,OK,,600,450,RGB
HAM10000_images_part_2\ISIC_0032431.jpg,OK,,600,450,RGB
HAM10000_images_part_2\ISIC_0032432.jpg,OK,,600,450,RGB
HAM10000_images_part_2\ISIC_0032433.jpg,OK,,600,450,RGB
HAM10000_images_part_2\ISIC_0032434.jpg,OK,,600,450,RGB
HAM10000_images_part_2\ISIC_0032435.jpg,OK,,600,450,RGB
HAM10000_images_part_2\ISIC_0032436.jpg,OK,,600,450,RGB
HAM10000_images_part_2\ISIC_0032437.jpg,OK,,600,450,RGB
HAM10000_images_part_2\ISIC_0032438.jpg,OK,,600,450,RGB
HAM10000_images_part_2\ISIC_0032439.jpg,OK,,600,450,RGB
HAM10000_images_part_2\ISIC_0032440.jpg,OK,,600,450,RGB
HAM10000_images_part_2\ISIC_0032441.jpg,OK,,600,450,RGB
HAM10000_images_part_2\ISIC_0032442.jpg,OK,,600,450,RGB
HAM10000_images_part_2\ISIC_0032443.jpg,OK,,600,450,RGB
HAM10000_images_part_2\ISIC_0032444.jpg,OK,,600,450,RGB
HAM10000_images_part_2\ISIC_0032445.jpg,OK,,600,450,RGB
HAM10000_images_part_2\ISIC_0032446.jpg,OK,,600,450,RGB
HAM10000_images_part_2\ISIC_0032447.jpg,OK,,600,450,RGB
HAM10000_images_part_2\ISIC_0032448.jpg,OK,,600,450,RGB
HAM10000_images_part_2\ISIC_0032449.jpg,OK,,600,450,RGB
HAM10000_images_part_2\ISIC_0032450.jpg,OK,,600,450,RGB
HAM10000_images_part_2\ISIC_0032451.jpg,OK,,600,450,RGB
HAM10000_images_part_2\ISIC_0032452.jpg,OK,,600,450,RGB
HAM10000_images_part_2\ISIC_0032453.jpg,OK,,600,450,RGB
HAM10000_images_part_2\ISIC_0032454.jpg,OK,,600,450,RGB
HAM10000_images_part_2\ISIC_0032455.jpg,OK,,600,450,RGB
HAM10000_images_part_2\ISIC_0032456.jpg,OK,,600,450,RGB
HAM10000_images_part_2\ISIC_0032457.jpg,OK,,600,450,RGB
HAM10000_images_part_2\ISIC_0032458.jpg,OK,,600,450,RGB
HAM10000_images_part_2\ISIC_0032459.jpg,OK,,600,450,RGB
HAM10000_images_part_2\ISIC_0032460.jpg,OK,,600,450,RGB
HAM10000_images_part_2\ISIC_0032461.jpg,OK,,600,450,RGB
HAM10000_images_part_2\ISIC_0032462.jpg,OK,,600,450,RGB
HAM10000_images_part_2\ISIC_0032463.jpg,OK,,600,450,RGB
HAM10000_images_part_2\ISIC_0032464.jpg,OK,,600,450,RGB
HAM10000_images_part_2\ISIC_0032465.jpg,OK,,600,450,RGB
HAM10000_images_part_2\ISIC_0032466.jpg,OK,,600,450,RGB
HAM10000_images_part_2\ISIC_0032467.jpg,OK,,600,450,RGB
HAM10000_images_part_2\ISIC_0032468.jpg,OK,,600,450,RGB
HAM10000_images_part_2\ISIC_0032469.jpg,OK,,600,450,RGB
HAM10000_images_part_2\ISIC_0032470.jpg,OK,,600,450,RGB
HAM10000_images_part_2\ISIC_0032471.jpg,OK,,600,450,RGB
HAM10000_images_part_2\ISIC_0032472.jpg,OK,,600,450,RGB
HAM10000_images_part_2\ISIC_0032473.jpg,OK,,600,450,RGB
HAM10000_images_part_2\ISIC_0032474.jpg,OK,,600,450,RGB
HAM10000_images_part_2\ISIC_0032475.jpg,OK,,600,450,RGB
HAM10000_images_part_2\ISIC_0032476.jpg,OK,,600,450,RGB
HAM10000_images_part_2\ISIC_0032477.jpg,OK,,600,450,RGB
HAM10000_images_part_2\ISIC_0032478.jpg,OK,,600,450,RGB
HAM10000_images_part_2\ISIC_0032479.jpg,OK,,600,450,RGB
HAM10000_images_part_2\ISIC_0032480.jpg,OK,,600,450,RGB
HAM10000_images_part_2\ISIC_0032481.jpg,OK,,600,450,RGB
HAM10000_images_part_2\ISIC_0032482.jpg,OK,,600,450,RGB
HAM10000_images_part_2\ISIC_0032483.jpg,OK,,600,450,RGB
HAM10000_images_part_2\ISIC_0032484.jpg,OK,,600,450,RGB
HAM10000_images_part_2\ISIC_0032485.jpg,OK,,600,450,RGB
HAM10000_images_part_2\ISIC_0032486.jpg,OK,,600,450,RGB
HAM10000_images_part_2\ISIC_0032487.jpg,OK,,600,450,RGB
HAM10000_images_part_2\ISIC_0032488.jpg,OK,,600,450,RGB
HAM10000_images_part_2\ISIC_0032489.jpg,OK,,600,450,RGB
HAM10000_images_part_2\ISIC_0032490.jpg,OK,,600,450,RGB
HAM10000_images_part_2\ISIC_0032491.jpg,OK,,600,450,RGB
HAM10000_images_part_2\ISIC_0032492.jpg,OK,,600,450,RGB
HAM10000_images_part_2\ISIC_0032493.jpg,OK,,600,450,RGB
HAM10000_images_part_2\ISIC_0032494.jpg,OK,,600,450,RGB
HAM10000_images_part_2\ISIC_0032495.jpg,OK,,600,450,RGB
HAM10000_images_part_2\ISIC_0032496.jpg,OK,,600,450,RGB
HAM10000_images_part_2\ISIC_0032497.jpg,OK,,600,450,RGB
HAM10000_images_part_2\ISIC_0032498.jpg,OK,,600,450,RGB
HAM10000_images_part_2\ISIC_0032499.jpg,OK,,600,450,RGB
HAM10000_images_part_2\ISIC_0032500.jpg,OK,,600,450,RGB
HAM10000_images_part_2\ISIC_0032501.jpg,OK,,600,450,RGB
HAM10000_images_part_2\ISIC_0032502.jpg,OK,,600,450,RGB
HAM10000_images_part_2\ISIC_0032503.jpg,OK,,600,450,RGB
HAM10000_images_part_2\ISIC_0032504.jpg,OK,,600,450,RGB
HAM10000_images_part_2\ISIC_0032505.jpg,OK,,600,450,RGB
HAM10000_images_part_2\ISIC_0032506.jpg,OK,,600,450,RGB
HAM10000_images_part_2\ISIC_0032507.jpg,OK,,600,450,RGB
HAM10000_images_part_2\ISIC_0032508.jpg,OK,,600,450,RGB
HAM10000_images_part_2\ISIC_0032509.jpg,OK,,600,450,RGB
HAM10000_images_part_2\ISIC_0032510.jpg,OK,,600,450,RGB
HAM10000_images_part_2\ISIC_0032511.jpg,OK,,600,450,RGB
HAM10000_images_part_2\ISIC_0032512.jpg,OK,,600,450,RGB
HAM10000_images_part_2\ISIC_0032513.jpg,OK,,600,450,RGB
HAM10000_images_part_2\ISIC_0032514.jpg,OK,,600,450,RGB
HAM10000_images_part_2\ISIC_0032515.jpg,OK,,600,450,RGB
HAM10000_images_part_2\ISIC_0032516.jpg,OK,,600,450,RGB
HAM10000_images_part_2\ISIC_0032517.jpg,OK,,600,450,RGB
HAM10000_images_part_2\ISIC_0032518.jpg,OK,,600,450,RGB
HAM10000_images_part_2\ISIC_0032519.jpg,OK,,600,450,RGB
HAM10000_images_part_2\ISIC_0032520.jpg,OK,,600,450,RGB
HAM10000_images_part_2\ISIC_0032521.jpg,OK,,600,450,RGB
HAM10000_images_part_2\ISIC_0032522.jpg,OK,,600,450,RGB
HAM10000_images_part_2\ISIC_0032523.jpg,OK,,600,450,RGB
HAM10000_images_part_2\ISIC_0032524.jpg,OK,,600,450,RGB
HAM10000_images_part_2\ISIC_0032525.jpg,OK,,600,450,RGB
HAM10000_images_part_2\ISIC_0032526.jpg,OK,,600,450,RGB
HAM10000_images_part_2\ISIC_0032527.jpg,OK,,600,450,RGB
HAM10000_images_part_2\ISIC_0032528.jpg,OK,,600,450,RGB
HAM10000_images_part_2\ISIC_0032529.jpg,OK,,600,450,RGB
HAM10000_images_part_2\ISIC_0032530.jpg,OK,,600,450,RGB
HAM10000_images_part_2\ISIC_0032531.jpg,OK,,600,450,RGB
HAM10000_images_part_2\ISIC_0032532.jpg,OK,,600,450,RGB
HAM10000_images_part_2\ISIC_0032533.jpg,OK,,600,450,RGB
HAM10000_images_part_2\ISIC_0032534.jpg,OK,,600,450,RGB
HAM10000_images_part_2\ISIC_0032535.jpg,OK,,600,450,RGB
HAM10000_images_part_2\ISIC_0032536.jpg,OK,,600,450,RGB
HAM10000_images_part_2\ISIC_0032537.jpg,OK,,600,450,RGB
HAM10000_images_part_2\ISIC_0032538.jpg,OK,,600,450,RGB
HAM10000_images_part_2\ISIC_0032539.jpg,OK,,600,450,RGB
HAM10000_images_part_2\ISIC_0032540.jpg,OK,,600,450,RGB
HAM10000_images_part_2\ISIC_0032541.jpg,OK,,600,450,RGB
HAM10000_images_part_2\ISIC_0032542.jpg,OK,,600,450,RGB
HAM10000_images_part_2\ISIC_0032543.jpg,OK,,600,450,RGB
HAM10000_images_part_2\ISIC_0032544.jpg,OK,,600,450,RGB
HAM10000_images_part_2\ISIC_0032545.jpg,OK,,600,450,RGB
HAM10000_images_part_2\ISIC_0032546.jpg,OK,,600,450,RGB
HAM10000_images_part_2\ISIC_0032547.jpg,OK,,600,450,RGB
HAM10000_images_part_2\ISIC_0032548.jpg,OK,,600,450,RGB
HAM10000_images_part_2\ISIC_0032549.jpg,OK,,600,450,RGB
HAM10000_images_part_2\ISIC_0032550.jpg,OK,,600,450,RGB
HAM10000_images_part_2\ISIC_0032551.jpg,OK,,600,450,RGB
HAM10000_images_part_2\ISIC_0032552.jpg,OK,,600,450,RGB
HAM10000_images_part_2\ISIC_0032553.jpg,OK,,600,450,RGB
HAM10000_images_part_2\ISIC_0032554.jpg,OK,,600,450,RGB
HAM10000_images_part_2\ISIC_0032555.jpg,OK,,600,450,RGB
HAM10000_images_part_2\ISIC_0032556.jpg,OK,,600,450,RGB
HAM10000_images_part_2\ISIC_0032557.jpg,OK,,600,450,RGB
HAM10000_images_part_2\ISIC_0032558.jpg,OK,,600,450,RGB
HAM10000_images_part_2\ISIC_0032559.jpg,OK,,600,450,RGB
HAM10000_images_part_2\ISIC_0032560.jpg,OK,,600,450,RGB
HAM10000_images_part_2\ISIC_0032561.jpg,OK,,600,450,RGB
HAM10000_images_part_2\ISIC_0032562.jpg,OK,,600,450,RGB
HAM10000_images_part_2\ISIC_0032563.jpg,OK,,600,450,RGB
HAM10000_images_part_2\ISIC_0032564.jpg,OK,,600,450,RGB
HAM10000_images_part_2\ISIC_0032565.jpg,OK,,600,450,RGB
HAM10000_images_part_2\ISIC_0032566.jpg,OK,,600,450,RGB
HAM10000_images_part_2\ISIC_0032567.jpg,OK,,600,450,RGB
HAM10000_images_part_2\ISIC_0032568.jpg,OK,,600,450,RGB
HAM10000_images_part_2\ISIC_0032569.jpg,OK,,600,450,RGB
HAM10000_images_part_2\ISIC_0032570.jpg,OK,,600,450,RGB
HAM10000_images_part_2\ISIC_0032571.jpg,OK,,600,450,RGB
HAM10000_images_part_2\ISIC_0032572.jpg,OK,,600,450,RGB
HAM10000_images_part_2\ISIC_0032573.jpg,OK,,600,450,RGB
HAM10000_images_part_2\ISIC_0032574.jpg,OK,,600,450,RGB
HAM10000_images_part_2\ISIC_0032575.jpg,OK,,600,450,RGB
HAM10000_images_part_2\ISIC_0032576.jpg,OK,,600,450,RGB
HAM10000_images_part_2\ISIC_0032577.jpg,OK,,600,450,RGB
HAM10000_images_part_2\ISIC_0032578.jpg,OK,,600,450,RGB
HAM10000_images_part_2\ISIC_0032579.jpg,OK,,600,450,RGB
HAM10000_images_part_2\ISIC_0032580.jpg,OK,,600,450,RGB
HAM10000_images_part_2\ISIC_0032581.jpg,OK,,600,450,RGB
HAM10000_images_part_2\ISIC_0032582.jpg,OK,,600,450,RGB
HAM10000_images_part_2\ISIC_0032583.jpg,OK,,600,450,RGB
HAM10000_images_part_2\ISIC_0032584.jpg,OK,,600,450,RGB
HAM10000_images_part_2\ISIC_0032585.jpg,OK,,600,450,RGB
HAM10000_images_part_2\ISIC_0032586.jpg,OK,,600,450,RGB
HAM10000_images_part_2\ISIC_0032587.jpg,OK,,600,450,RGB
HAM10000_images_part_2\ISIC_0032588.jpg,OK,,600,450,RGB
HAM10000_images_part_2\ISIC_0032589.jpg,OK,,600,450,RGB
HAM10000_images_part_2\ISIC_0032590.jpg,OK,,600,450,RGB
HAM10000_images_part_2\ISIC_0032591.jpg,OK,,600,450,RGB
HAM10000_images_part_2\ISIC_0032592.jpg,OK,,600,450,RGB
HAM10000_images_part_2\ISIC_0032593.jpg,OK,,600,450,RGB
HAM10000_images_part_2\ISIC_0032594.jpg,OK,,600,450,RGB
HAM10000_images_part_2\ISIC_0032595.jpg,OK,,600,450,RGB
HAM10000_images_part_2\ISIC_0032596.jpg,OK,,600,450,RGB
HAM10000_images_part_2\ISIC_0032597.jpg,OK,,600,450,RGB
HAM10000_images_part_2\ISIC_0032598.jpg,OK,,600,450,RGB
HAM10000_images_part_2\ISIC_0032599.jpg,OK,,600,450,RGB
HAM10000_images_part_2\ISIC_0032600.jpg,OK,,600,450,RGB
HAM10000_images_part_2\ISIC_0032601.jpg,OK,,600,450,RGB
HAM10000_images_part_2\ISIC_0032602.jpg,OK,,600,450,RGB
HAM10000_images_part_2\ISIC_0032603.jpg,OK,,600,450,RGB
HAM10000_images_part_2\ISIC_0032604.jpg,OK,,600,450,RGB
HAM10000_images_part_2\ISIC_0032605.jpg,OK,,600,450,RGB
HAM10000_images_part_2\ISIC_0032606.jpg,OK,,600,450,RGB
HAM10000_images_part_2\ISIC_0032607.jpg,OK,,600,450,RGB
HAM10000_images_part_2\ISIC_0032608.jpg,OK,,600,450,RGB
HAM10000_images_part_2\ISIC_0032609.jpg,OK,,600,450,RGB
HAM10000_images_part_2\ISIC_0032610.jpg,OK,,600,450,RGB
HAM10000_images_part_2\ISIC_0032611.jpg,OK,,600,450,RGB
HAM10000_images_part_2\ISIC_0032612.jpg,OK,,600,450,RGB
HAM10000_images_part_2\ISIC_0032613.jpg,OK,,600,450,RGB
HAM10000_images_part_2\ISIC_0032614.jpg,OK,,600,450,RGB
HAM10000_images_part_2\ISIC_0032615.jpg,OK,,600,450,RGB
HAM10000_images_part_2\ISIC_0032616.jpg,OK,,600,450,RGB
HAM10000_images_part_2\ISIC_0032617.jpg,OK,,600,450,RGB
HAM10000_images_part_2\ISIC_0032618.jpg,OK,,600,450,RGB
HAM10000_images_part_2\ISIC_0032619.jpg,OK,,600,450,RGB
HAM10000_images_part_2\ISIC_0032620.jpg,OK,,600,450,RGB
HAM10000_images_part_2\ISIC_0032621.jpg,OK,,600,450,RGB
HAM10000_images_part_2\ISIC_0032622.jpg,OK,,600,450,RGB
HAM10000_images_part_2\ISIC_0032623.jpg,OK,,600,450,RGB
HAM10000_images_part_2\ISIC_0032624.jpg,OK,,600,450,RGB
HAM10000_images_part_2\ISIC_0032625.jpg,OK,,600,450,RGB
HAM10000_images_part_2\ISIC_0032626.jpg,OK,,600,450,RGB
HAM10000_images_part_2\ISIC_0032627.jpg,OK,,600,450,RGB
HAM10000_images_part_2\ISIC_0032628.jpg,OK,,600,450,RGB
HAM10000_images_part_2\ISIC_0032629.jpg,OK,,600,450,RGB
HAM10000_images_part_2\ISIC_0032630.jpg,OK,,600,450,RGB
HAM10000_images_part_2\ISIC_0032631.jpg,OK,,600,450,RGB
HAM10000_images_part_2\ISIC_0032632.jpg,OK,,600,450,RGB
HAM10000_images_part_2\ISIC_0032633.jpg,OK,,600,450,RGB
HAM10000_images_part_2\ISIC_0032634.jpg,OK,,600,450,RGB
HAM10000_images_part_2\ISIC_0032635.jpg,OK,,600,450,RGB
HAM10000_images_part_2\ISIC_0032636.jpg,OK,,600,450,RGB
HAM10000_images_part_2\ISIC_0032637.jpg,OK,,600,450,RGB
HAM10000_images_part_2\ISIC_0032638.jpg,OK,,600,450,RGB
HAM10000_images_part_2\ISIC_0032639.jpg,OK,,600,450,RGB
HAM10000_images_part_2\ISIC_0032640.jpg,OK,,600,450,RGB
HAM10000_images_part_2\ISIC_0032641.jpg,OK,,600,450,RGB
HAM10000_images_part_2\ISIC_0032642.jpg,OK,,600,450,RGB
HAM10000_images_part_2\ISIC_0032643.jpg,OK,,600,450,RGB
HAM10000_images_part_2\ISIC_0032644.jpg,OK,,600,450,RGB
HAM10000_images_part_2\ISIC_0032645.jpg,OK,,600,450,RGB
HAM10000_images_part_2\ISIC_0032646.jpg,OK,,600,450,RGB
HAM10000_images_part_2\ISIC_0032647.jpg,OK,,600,450,RGB
HAM10000_images_part_2\ISIC_0032648.jpg,OK,,600,450,RGB
HAM10000_images_part_2\ISIC_0032649.jpg,OK,,600,450,RGB
HAM10000_images_part_2\ISIC_0032650.jpg,OK,,600,450,RGB
HAM10000_images_part_2\ISIC_0032651.jpg,OK,,600,450,RGB
HAM10000_images_part_2\ISIC_0032652.jpg,OK,,600,450,RGB
HAM10000_images_part_2\ISIC_0032653.jpg,OK,,600,450,RGB
HAM10000_images_part_2\ISIC_0032654.jpg,OK,,600,450,RGB
HAM10000_images_part_2\ISIC_0032655.jpg,OK,,600,450,RGB
HAM10000_images_part_2\ISIC_0032656.jpg,OK,,600,450,RGB
HAM10000_images_part_2\ISIC_0032657.jpg,OK,,600,450,RGB
HAM10000_images_part_2\ISIC_0032658.jpg,OK,,600,450,RGB
HAM10000_images_part_2\ISIC_0032659.jpg,OK,,600,450,RGB
HAM10000_images_part_2\ISIC_0032660.jpg,OK,,600,450,RGB
HAM10000_images_part_2\ISIC_0032661.jpg,OK,,600,450,RGB
HAM10000_images_part_2\ISIC_0032662.jpg,OK,,600,450,RGB
HAM10000_images_part_2\ISIC_0032663.jpg,OK,,600,450,RGB
HAM10000_images_part_2\ISIC_0032664.jpg,OK,,600,450,RGB
HAM10000_images_part_2\ISIC_0032665.jpg,OK,,600,450,RGB
HAM10000_images_part_2\ISIC_0032666.jpg,OK,,600,450,RGB
HAM10000_images_part_2\ISIC_0032667.jpg,OK,,600,450,RGB
HAM10000_images_part_2\ISIC_0032668.jpg,OK,,600,450,RGB
HAM10000_images_part_2\ISIC_0032669.jpg,OK,,600,450,RGB
HAM10000_images_part_2\ISIC_0032670.jpg,OK,,600,450,RGB
HAM10000_images_part_2\ISIC_0032671.jpg,OK,,600,450,RGB
HAM10000_images_part_2\ISIC_0032672.jpg,OK,,600,450,RGB
HAM10000_images_part_2\ISIC_0032673.jpg,OK,,600,450,RGB
HAM10000_images_part_2\ISIC_0032674.jpg,OK,,600,450,RGB
HAM10000_images_part_2\ISIC_0032675.jpg,OK,,600,450,RGB
HAM10000_images_part_2\ISIC_0032676.jpg,OK,,600,450,RGB
HAM10000_images_part_2\ISIC_0032677.jpg,OK,,600,450,RGB
HAM10000_images_part_2\ISIC_0032678.jpg,OK,,600,450,RGB
HAM10000_images_part_2\ISIC_0032679.jpg,OK,,600,450,RGB
HAM10000_images_part_2\ISIC_0032680.jpg,OK,,600,450,RGB
HAM10000_images_part_2\ISIC_0032681.jpg,OK,,600,450,RGB
HAM10000_images_part_2\ISIC_0032682.jpg,OK,,600,450,RGB
HAM10000_images_part_2\ISIC_0032683.jpg,OK,,600,450,RGB
HAM10000_images_part_2\ISIC_0032684.jpg,OK,,600,450,RGB
HAM10000_images_part_2\ISIC_0032685.jpg,OK,,600,450,RGB
HAM10000_images_part_2\ISIC_0032686.jpg,OK,,600,450,RGB
HAM10000_images_part_2\ISIC_0032687.jpg,OK,,600,450,RGB
HAM10000_images_part_2\ISIC_0032688.jpg,OK,,600,450,RGB
HAM10000_images_part_2\ISIC_0032689.jpg,OK,,600,450,RGB
HAM10000_images_part_2\ISIC_0032690.jpg,OK,,600,450,RGB
HAM10000_images_part_2\ISIC_0032691.jpg,OK,,600,450,RGB
HAM10000_images_part_2\ISIC_0032692.jpg,OK,,600,450,RGB
HAM10000_images_part_2\ISIC_0032693.jpg,OK,,600,450,RGB
HAM10000_images_part_2\ISIC_0032694.jpg,OK,,600,450,RGB
HAM10000_images_part_2\ISIC_0032695.jpg,OK,,600,450,RGB
HAM10000_images_part_2\ISIC_0032696.jpg,OK,,600,450,RGB
HAM10000_images_part_2\ISIC_0032697.jpg,OK,,600,450,RGB
HAM10000_images_part_2\ISIC_0032698.jpg,OK,,600,450,RGB
HAM10000_images_part_2\ISIC_0032699.jpg,OK,,600,450,RGB
HAM10000_images_part_2\ISIC_0032700.jpg,OK,,600,450,RGB
HAM10000_images_part_2\ISIC_0032701.jpg,OK,,600,450,RGB
HAM10000_images_part_2\ISIC_0032702.jpg,OK,,600,450,RGB
HAM10000_images_part_2\ISIC_0032703.jpg,OK,,600,450,RGB
HAM10000_images_part_2\ISIC_0032704.jpg,OK,,600,450,RGB
HAM10000_images_part_2\ISIC_0032705.jpg,OK,,600,450,RGB
HAM10000_images_part_2\ISIC_0032706.jpg,OK,,600,450,RGB
HAM10000_images_part_2\ISIC_0032707.jpg,OK,,600,450,RGB
HAM10000_images_part_2\ISIC_0032708.jpg,OK,,600,450,RGB
HAM10000_images_part_2\ISIC_0032709.jpg,OK,,600,450,RGB
HAM10000_images_part_2\ISIC_0032710.jpg,OK,,600,450,RGB
HAM10000_images_part_2\ISIC_0032711.jpg,OK,,600,450,RGB
HAM10000_images_part_2\ISIC_0032712.jpg,OK,,600,450,RGB
HAM10000_images_part_2\ISIC_0032713.jpg,OK,,600,450,RGB
HAM10000_images_part_2\ISIC_0032714.jpg,OK,,600,450,RGB
HAM10000_images_part_2\ISIC_0032715.jpg,OK,,600,450,RGB
HAM10000_images_part_2\ISIC_0032716.jpg,OK,,600,450,RGB
HAM10000_images_part_2\ISIC_0032717.jpg,OK,,600,450,RGB
HAM10000_images_part_2\ISIC_0032718.jpg,OK,,600,450,RGB
HAM10000_images_part_2\ISIC_0032719.jpg,OK,,600,450,RGB
HAM10000_images_part_2\ISIC_0032720.jpg,OK,,600,450,RGB
HAM10000_images_part_2\ISIC_0032721.jpg,OK,,600,450,RGB
HAM10000_images_part_2\ISIC_0032722.jpg,OK,,600,450,RGB
HAM10000_images_part_2\ISIC_0032723.jpg,OK,,600,450,RGB
HAM10000_images_part_2\ISIC_0032724.jpg,OK,,600,450,RGB
HAM10000_images_part_2\ISIC_0032725.jpg,OK,,600,450,RGB
HAM10000_images_part_2\ISIC_0032726.jpg,OK,,600,450,RGB
HAM10000_images_part_2\ISIC_0032727.jpg,OK,,600,450,RGB
HAM10000_images_part_2\ISIC_0032728.jpg,OK,,600,450,RGB
HAM10000_images_part_2\ISIC_0032729.jpg,OK,,600,450,RGB
HAM10000_images_part_2\ISIC_0032730.jpg,OK,,600,450,RGB
HAM10000_images_part_2\ISIC_0032731.jpg,OK,,600,450,RGB
HAM10000_images_part_2\ISIC_0032732.jpg,OK,,600,450,RGB
HAM10000_images_part_2\ISIC_0032733.jpg,OK,,600,450,RGB
HAM10000_images_part_2\ISIC_0032734.jpg,OK,,600,450,RGB
HAM10000_images_part_2\ISIC_0032735.jpg,OK,,600,450,RGB
HAM10000_images_part_2\ISIC_0032736.jpg,OK,,600,450,RGB
HAM10000_images_part_2\ISIC_0032737.jpg,OK,,600,450,RGB
HAM10000_images_part_2\ISIC_0032738.jpg,OK,,600,450,RGB
HAM10000_images_part_2\ISIC_0032739.jpg,OK,,600,450,RGB
HAM10000_images_part_2\ISIC_0032740.jpg,OK,,600,450,RGB
HAM10000_images_part_2\ISIC_0032741.jpg,OK,,600,450,RGB
HAM10000_images_part_2\ISIC_0032742.jpg,OK,,600,450,RGB
HAM10000_images_part_2\ISIC_0032743.jpg,OK,,600,450,RGB
HAM10000_images_part_2\ISIC_0032744.jpg,OK,,600,450,RGB
HAM10000_images_part_2\ISIC_0032745.jpg,OK,,600,450,RGB
HAM10000_images_part_2\ISIC_0032746.jpg,OK,,600,450,RGB
HAM10000_images_part_2\ISIC_0032747.jpg,OK,,600,450,RGB
HAM10000_images_part_2\ISIC_0032748.jpg,OK,,600,450,RGB
HAM10000_images_part_2\ISIC_0032749.jpg,OK,,600,450,RGB
HAM10000_images_part_2\ISIC_0032750.jpg,OK,,600,450,RGB
HAM10000_images_part_2\ISIC_0032751.jpg,OK,,600,450,RGB
HAM10000_images_part_2\ISIC_0032752.jpg,OK,,600,450,RGB
HAM10000_images_part_2\ISIC_0032753.jpg,OK,,600,450,RGB
HAM10000_images_part_2\ISIC_0032754.jpg,OK,,600,450,RGB
HAM10000_images_part_2\ISIC_0032755.jpg,OK,,600,450,RGB
HAM10000_images_part_2\ISIC_0032756.jpg,OK,,600,450,RGB
HAM10000_images_part_2\ISIC_0032757.jpg,OK,,600,450,RGB
HAM10000_images_part_2\ISIC_0032758.jpg,OK,,600,450,RGB
HAM10000_images_part_2\ISIC_0032759.jpg,OK,,600,450,RGB
HAM10000_images_part_2\ISIC_0032760.jpg,OK,,600,450,RGB
HAM10000_images_part_2\ISIC_0032761.jpg,OK,,600,450,RGB
HAM10000_images_part_2\ISIC_0032762.jpg,OK,,600,450,RGB
HAM10000_images_part_2\ISIC_0032763.jpg,OK,,600,450,RGB
HAM10000_images_part_2\ISIC_0032764.jpg,OK,,600,450,RGB
HAM10000_images_part_2\ISIC_0032765.jpg,OK,,600,450,RGB
HAM10000_images_part_2\ISIC_0032766.jpg,OK,,600,450,RGB
HAM10000_images_part_2\ISIC_0032767.jpg,OK,,600,450,RGB
HAM10000_images_part_2\ISIC_0032768.jpg,OK,,600,450,RGB
HAM10000_images_part_2\ISIC_0032769.jpg,OK,,600,450,RGB
HAM10000_images_part_2\ISIC_0032770.jpg,OK,,600,450,RGB
HAM10000_images_part_2\ISIC_0032771.jpg,OK,,600,450,RGB
HAM10000_images_part_2\ISIC_0032772.jpg,OK,,600,450,RGB
HAM10000_images_part_2\ISIC_0032773.jpg,OK,,600,450,RGB
HAM10000_images_part_2\ISIC_0032774.jpg,OK,,600,450,RGB
HAM10000_images_part_2\ISIC_0032775.jpg,OK,,600,450,RGB
HAM10000_images_part_2\ISIC_0032776.jpg,OK,,600,450,RGB
HAM10000_images_part_2\ISIC_0032777.jpg,OK,,600,450,RGB
HAM10000_images_part_2\ISIC_0032778.jpg,OK,,600,450,RGB
HAM10000_images_part_2\ISIC_0032779.jpg,OK,,600,450,RGB
HAM10000_images_part_2\ISIC_0032780.jpg,OK,,600,450,RGB
HAM10000_images_part_2\ISIC_0032781.jpg,OK,,600,450,RGB
HAM10000_images_part_2\ISIC_0032782.jpg,OK,,600,450,RGB
HAM10000_images_part_2\ISIC_0032783.jpg,OK,,600,450,RGB
HAM10000_images_part_2\ISIC_0032784.jpg,OK,,600,450,RGB
HAM10000_images_part_2\ISIC_0032785.jpg,OK,,600,450,RGB
HAM10000_images_part_2\ISIC_0032786.jpg,OK,,600,450,RGB
HAM10000_images_part_2\ISIC_0032787.jpg,OK,,600,450,RGB
HAM10000_images_part_2\ISIC_0032788.jpg,OK,,600,450,RGB
HAM10000_images_part_2\ISIC_0032789.jpg,OK,,600,450,RGB
HAM10000_images_part_2\ISIC_0032790.jpg,OK,,600,450,RGB
HAM10000_images_part_2\ISIC_0032791.jpg,OK,,600,450,RGB
HAM10000_images_part_2\ISIC_0032792.jpg,OK,,600,450,RGB
HAM10000_images_part_2\ISIC_0032793.jpg,OK,,600,450,RGB
HAM10000_images_part_2\ISIC_0032794.jpg,OK,,600,450,RGB
HAM10000_images_part_2\ISIC_0032795.jpg,OK,,600,450,RGB
HAM10000_images_part_2\ISIC_0032796.jpg,OK,,600,450,RGB
HAM10000_images_part_2\ISIC_0032797.jpg,OK,,600,450,RGB
HAM10000_images_part_2\ISIC_0032798.jpg,OK,,600,450,RGB
HAM10000_images_part_2\ISIC_0032799.jpg,OK,,600,450,RGB
HAM10000_images_part_2\ISIC_0032800.jpg,OK,,600,450,RGB
HAM10000_images_part_2\ISIC_0032801.jpg,OK,,600,450,RGB
HAM10000_images_part_2\ISIC_0032802.jpg,OK,,600,450,RGB
HAM10000_images_part_2\ISIC_0032803.jpg,OK,,600,450,RGB
HAM10000_images_part_2\ISIC_0032804.jpg,OK,,600,450,RGB
HAM10000_images_part_2\ISIC_0032805.jpg,OK,,600,450,RGB
HAM10000_images_part_2\ISIC_0032806.jpg,OK,,600,450,RGB
HAM10000_images_part_2\ISIC_0032807.jpg,OK,,600,450,RGB
HAM10000_images_part_2\ISIC_0032808.jpg,OK,,600,450,RGB
HAM10000_images_part_2\ISIC_0032809.jpg,OK,,600,450,RGB
HAM10000_images_part_2\ISIC_0032810.jpg,OK,,600,450,RGB
HAM10000_images_part_2\ISIC_0032811.jpg,OK,,600,450,RGB
HAM10000_images_part_2\ISIC_0032812.jpg,OK,,600,450,RGB
HAM10000_images_part_2\ISIC_0032813.jpg,OK,,600,450,RGB
HAM10000_images_part_2\ISIC_0032814.jpg,OK,,600,450,RGB
HAM10000_images_part_2\ISIC_0032815.jpg,OK,,600,450,RGB
HAM10000_images_part_2\ISIC_0032816.jpg,OK,,600,450,RGB
HAM10000_images_part_2\ISIC_0032817.jpg,OK,,600,450,RGB
HAM10000_images_part_2\ISIC_0032818.jpg,OK,,600,450,RGB
HAM10000_images_part_2\ISIC_0032819.jpg,OK,,600,450,RGB
HAM10000_images_part_2\ISIC_0032820.jpg,OK,,600,450,RGB
HAM10000_images_part_2\ISIC_0032821.jpg,OK,,600,450,RGB
HAM10000_images_part_2\ISIC_0032822.jpg,OK,,600,450,RGB
HAM10000_images_part_2\ISIC_0032823.jpg,OK,,600,450,RGB
HAM10000_images_part_2\ISIC_0032824.jpg,OK,,600,450,RGB
HAM10000_images_part_2\ISIC_0032825.jpg,OK,,600,450,RGB
HAM10000_images_part_2\ISIC_0032826.jpg,OK,,600,450,RGB
HAM10000_images_part_2\ISIC_0032827.jpg,OK,,600,450,RGB
HAM10000_images_part_2\ISIC_0032828.jpg,OK,,600,450,RGB
HAM10000_images_part_2\ISIC_0032829.jpg,OK,,600,450,RGB
HAM10000_images_part_2\ISIC_0032830.jpg,OK,,600,450,RGB
HAM10000_images_part_2\ISIC_0032831.jpg,OK,,600,450,RGB
HAM10000_images_part_2\ISIC_0032832.jpg,OK,,600,450,RGB
HAM10000_images_part_2\ISIC_0032833.jpg,OK,,600,450,RGB
HAM10000_images_part_2\ISIC_0032834.jpg,OK,,600,450,RGB
HAM10000_images_part_2\ISIC_0032835.jpg,OK,,600,450,RGB
HAM10000_images_part_2\ISIC_0032836.jpg,OK,,600,450,RGB
HAM10000_images_part_2\ISIC_0032837.jpg,OK,,600,450,RGB
HAM10000_images_part_2\ISIC_0032838.jpg,OK,,600,450,RGB
HAM10000_images_part_2\ISIC_0032839.jpg,OK,,600,450,RGB
HAM10000_images_part_2\ISIC_0032840.jpg,OK,,600,450,RGB
HAM10000_images_part_2\ISIC_0032841.jpg,OK,,600,450,RGB
HAM10000_images_part_2\ISIC_0032842.jpg,OK,,600,450,RGB
HAM10000_images_part_2\ISIC_0032843.jpg,OK,,600,450,RGB
HAM10000_images_part_2\ISIC_0032844.jpg,OK,,600,450,RGB
HAM10000_images_part_2\ISIC_0032845.jpg,OK,,600,450,RGB
HAM10000_images_part_2\ISIC_0032846.jpg,OK,,600,450,RGB
HAM10000_images_part_2\ISIC_0032847.jpg,OK,,600,450,RGB
HAM10000_images_part_2\ISIC_0032848.jpg,OK,,600,450,RGB
HAM10000_images_part_2\ISIC_0032849.jpg,OK,,600,450,RGB
HAM10000_images_part_2\ISIC_0032850.jpg,OK,,600,450,RGB
HAM10000_images_part_2\ISIC_0032851.jpg,OK,,600,450,RGB
HAM10000_images_part_2\ISIC_0032852.jpg,OK,,600,450,RGB
HAM10000_images_part_2\ISIC_0032853.jpg,OK,,600,450,RGB
HAM10000_images_part_2\ISIC_0032854.jpg,OK,,600,450,RGB
HAM10000_images_part_2\ISIC_0032855.jpg,OK,,600,450,RGB
HAM10000_images_part_2\ISIC_0032856.jpg,OK,,600,450,RGB
HAM10000_images_part_2\ISIC_0032857.jpg,OK,,600,450,RGB
HAM10000_images_part_2\ISIC_0032858.jpg,OK,,600,450,RGB
HAM10000_images_part_2\ISIC_0032859.jpg,OK,,600,450,RGB
HAM10000_images_part_2\ISIC_0032860.jpg,OK,,600,450,RGB
HAM10000_images_part_2\ISIC_0032861.jpg,OK,,600,450,RGB
HAM10000_images_part_2\ISIC_0032862.jpg,OK,,600,450,RGB
HAM10000_images_part_2\ISIC_0032863.jpg,OK,,600,450,RGB
HAM10000_images_part_2\ISIC_0032864.jpg,OK,,600,450,RGB
HAM10000_images_part_2\ISIC_0032865.jpg,OK,,600,450,RGB
HAM10000_images_part_2\ISIC_0032866.jpg,OK,,600,450,RGB
HAM10000_images_part_2\ISIC_0032867.jpg,OK,,600,450,RGB
HAM10000_images_part_2\ISIC_0032868.jpg,OK,,600,450,RGB
HAM10000_images_part_2\ISIC_0032869.jpg,OK,,600,450,RGB
HAM10000_images_part_2\ISIC_0032870.jpg,OK,,600,450,RGB
HAM10000_images_part_2\ISIC_0032871.jpg,OK,,600,450,RGB
HAM10000_images_part_2\ISIC_0032872.jpg,OK,,600,450,RGB
HAM10000_images_part_2\ISIC_0032873.jpg,OK,,600,450,RGB
HAM10000_images_part_2\ISIC_0032874.jpg,OK,,600,450,RGB
HAM10000_images_part_2\ISIC_0032875.jpg,OK,,600,450,RGB
HAM10000_images_part_2\ISIC_0032876.jpg,OK,,600,450,RGB
HAM10000_images_part_2\ISIC_0032877.jpg,OK,,600,450,RGB
HAM10000_images_part_2\ISIC_0032878.jpg,OK,,600,450,RGB
HAM10000_images_part_2\ISIC_0032879.jpg,OK,,600,450,RGB
HAM10000_images_part_2\ISIC_0032880.jpg,OK,,600,450,RGB
HAM10000_images_part_2\ISIC_0032881.jpg,OK,,600,450,RGB
HAM10000_images_part_2\ISIC_0032882.jpg,OK,,600,450,RGB
HAM10000_images_part_2\ISIC_0032883.jpg,OK,,600,450,RGB
HAM10000_images_part_2\ISIC_0032884.jpg,OK,,600,450,RGB
HAM10000_images_part_2\ISIC_0032885.jpg,OK,,600,450,RGB
HAM10000_images_part_2\ISIC_0032886.jpg,OK,,600,450,RGB
HAM10000_images_part_2\ISIC_0032887.jpg,OK,,600,450,RGB
HAM10000_images_part_2\ISIC_0032888.jpg,OK,,600,450,RGB
HAM10000_images_part_2\ISIC_0032889.jpg,OK,,600,450,RGB
HAM10000_images_part_2\ISIC_0032890.jpg,OK,,600,450,RGB
HAM10000_images_part_2\ISIC_0032891.jpg,OK,,600,450,RGB
HAM10000_images_part_2\ISIC_0032892.jpg,OK,,600,450,RGB
HAM10000_images_part_2\ISIC_0032893.jpg,OK,,600,450,RGB
HAM10000_images_part_2\ISIC_0032894.jpg,OK,,600,450,RGB
HAM10000_images_part_2\ISIC_0032895.jpg,OK,,600,450,RGB
HAM10000_images_part_2\ISIC_0032896.jpg,OK,,600,450,RGB
HAM10000_images_part_2\ISIC_0032897.jpg,OK,,600,450,RGB
HAM10000_images_part_2\ISIC_0032898.jpg,OK,,600,450,RGB
HAM10000_images_part_2\ISIC_0032899.jpg,OK,,600,450,RGB
HAM10000_images_part_2\ISIC_0032900.jpg,OK,,600,450,RGB
HAM10000_images_part_2\ISIC_0032901.jpg,OK,,600,450,RGB
HAM10000_images_part_2\ISIC_0032902.jpg,OK,,600,450,RGB
HAM10000_images_part_2\ISIC_0032903.jpg,OK,,600,450,RGB
HAM10000_images_part_2\ISIC_0032904.jpg,OK,,600,450,RGB
HAM10000_images_part_2\ISIC_0032905.jpg,OK,,600,450,RGB
HAM10000_images_part_2\ISIC_0032906.jpg,OK,,600,450,RGB
HAM10000_images_part_2\ISIC_0032907.jpg,OK,,600,450,RGB
HAM10000_images_part_2\ISIC_0032908.jpg,OK,,600,450,RGB
HAM10000_images_part_2\ISIC_0032909.jpg,OK,,600,450,RGB
HAM10000_images_part_2\ISIC_0032910.jpg,OK,,600,450,RGB
HAM10000_images_part_2\ISIC_0032911.jpg,OK,,600,450,RGB
HAM10000_images_part_2\ISIC_0032912.jpg,OK,,600,450,RGB
HAM10000_images_part_2\ISIC_0032913.jpg,OK,,600,450,RGB
HAM10000_images_part_2\ISIC_0032914.jpg,OK,,600,450,RGB
HAM10000_images_part_2\ISIC_0032915.jpg,OK,,600,450,RGB
HAM10000_images_part_2\ISIC_0032916.jpg,OK,,600,450,RGB
HAM10000_images_part_2\ISIC_0032917.jpg,OK,,600,450,RGB
HAM10000_images_part_2\ISIC_0032918.jpg,OK,,600,450,RGB
HAM10000_images_part_2\ISIC_0032919.jpg,OK,,600,450,RGB
HAM10000_images_part_2\ISIC_0032920.jpg,OK,,600,450,RGB
HAM10000_images_part_2\ISIC_0032921.jpg,OK,,600,450,RGB
HAM10000_images_part_2\ISIC_0032922.jpg,OK,,600,450,RGB
HAM10000_images_part_2\ISIC_0032923.jpg,OK,,600,450,RGB
HAM10000_images_part_2\ISIC_0032924.jpg,OK,,600,450,RGB
HAM10000_images_part_2\ISIC_0032925.jpg,OK,,600,450,RGB
HAM10000_images_part_2\ISIC_0032926.jpg,OK,,600,450,RGB
HAM10000_images_part_2\ISIC_0032927.jpg,OK,,600,450,RGB
HAM10000_images_part_2\ISIC_0032928.jpg,OK,,600,450,RGB
HAM10000_images_part_2\ISIC_0032929.jpg,OK,,600,450,RGB
HAM10000_images_part_2\ISIC_0032930.jpg,OK,,600,450,RGB
HAM10000_images_part_2\ISIC_0032931.jpg,OK,,600,450,RGB
HAM10000_images_part_2\ISIC_0032932.jpg,OK,,600,450,RGB
HAM10000_images_part_2\ISIC_0032933.jpg,OK,,600,450,RGB
HAM10000_images_part_2\ISIC_0032934.jpg,OK,,600,450,RGB
HAM10000_images_part_2\ISIC_0032935.jpg,OK,,600,450,RGB
HAM10000_images_part_2\ISIC_0032936.jpg,OK,,600,450,RGB
HAM10000_images_part_2\ISIC_0032937.jpg,OK,,600,450,RGB
HAM10000_images_part_2\ISIC_0032938.jpg,OK,,600,450,RGB
HAM10000_images_part_2\ISIC_0032939.jpg,OK,,600,450,RGB
HAM10000_images_part_2\ISIC_0032940.jpg,OK,,600,450,RGB
HAM10000_images_part_2\ISIC_0032941.jpg,OK,,600,450,RGB
HAM10000_images_part_2\ISIC_0032942.jpg,OK,,600,450,RGB
HAM10000_images_part_2\ISIC_0032943.jpg,OK,,600,450,RGB
HAM10000_images_part_2\ISIC_0032944.jpg,OK,,600,450,RGB
HAM10000_images_part_2\ISIC_0032945.jpg,OK,,600,450,RGB
HAM10000_images_part_2\ISIC_0032946.jpg,OK,,600,450,RGB
HAM10000_images_part_2\ISIC_0032947.jpg,OK,,600,450,RGB
HAM10000_images_part_2\ISIC_0032948.jpg,OK,,600,450,RGB
HAM10000_images_part_2\ISIC_0032949.jpg,OK,,600,450,RGB
HAM10000_images_part_2\ISIC_0032950.jpg,OK,,600,450,RGB
HAM10000_images_part_2\ISIC_0032951.jpg,OK,,600,450,RGB
HAM10000_images_part_2\ISIC_0032952.jpg,OK,,600,450,RGB
HAM10000_images_part_2\ISIC_0032953.jpg,OK,,600,450,RGB
HAM10000_images_part_2\ISIC_0032954.jpg,OK,,600,450,RGB
HAM10000_images_part_2\ISIC_0032955.jpg,OK,,600,450,RGB
HAM10000_images_part_2\ISIC_0032956.jpg,OK,,600,450,RGB
HAM10000_images_part_2\ISIC_0032957.jpg,OK,,600,450,RGB
HAM10000_images_part_2\ISIC_0032958.jpg,OK,,600,450,RGB
HAM10000_images_part_2\ISIC_0032959.jpg,OK,,600,450,RGB
HAM10000_images_part_2\ISIC_0032960.jpg,OK,,600,450,RGB
HAM10000_images_part_2\ISIC_0032961.jpg,OK,,600,450,RGB
HAM10000_images_part_2\ISIC_0032962.jpg,OK,,600,450,RGB
HAM10000_images_part_2\ISIC_0032963.jpg,OK,,600,450,RGB
HAM10000_images_part_2\ISIC_0032964.jpg,OK,,600,450,RGB
HAM10000_images_part_2\ISIC_0032965.jpg,OK,,600,450,RGB
HAM10000_images_part_2\ISIC_0032966.jpg,OK,,600,450,RGB
HAM10000_images_part_2\ISIC_0032967.jpg,OK,,600,450,RGB
HAM10000_images_part_2\ISIC_0032968.jpg,OK,,600,450,RGB
HAM10000_images_part_2\ISIC_0032969.jpg,OK,,600,450,RGB
HAM10000_images_part_2\ISIC_0032970.jpg,OK,,600,450,RGB
HAM10000_images_part_2\ISIC_0032971.jpg,OK,,600,450,RGB
HAM10000_images_part_2\ISIC_0032972.jpg,OK,,600,450,RGB
HAM10000_images_part_2\ISIC_0032973.jpg,OK,,600,450,RGB
HAM10000_images_part_2\ISIC_0032974.jpg,OK,,600,450,RGB
HAM10000_images_part_2\ISIC_0032975.jpg,OK,,600,450,RGB
HAM10000_images_part_2\ISIC_0032976.jpg,OK,,600,450,RGB
HAM10000_images_part_2\ISIC_0032977.jpg,OK,,600,450,RGB
HAM10000_images_part_2\ISIC_0032978.jpg,OK,,600,450,RGB
HAM10000_images_part_2\ISIC_0032979.jpg,OK,,600,450,RGB
HAM10000_images_part_2\ISIC_0032980.jpg,OK,,600,450,RGB
HAM10000_images_part_2\ISIC_0032981.jpg,OK,,600,450,RGB
HAM10000_images_part_2\ISIC_0032982.jpg,OK,,600,450,RGB
HAM10000_images_part_2\ISIC_0032983.jpg,OK,,600,450,RGB
HAM10000_images_part_2\ISIC_0032984.jpg,OK,,600,450,RGB
HAM10000_images_part_2\ISIC_0032985.jpg,OK,,600,450,RGB
HAM10000_images_part_2\ISIC_0032986.jpg,OK,,600,450,RGB
HAM10000_images_part_2\ISIC_0032987.jpg,OK,,600,450,RGB
HAM10000_images_part_2\ISIC_0032988.jpg,OK,,600,450,RGB
HAM10000_images_part_2\ISIC_0032989.jpg,OK,,600,450,RGB
HAM10000_images_part_2\ISIC_0032990.jpg,OK,,600,450,RGB
HAM10000_images_part_2\ISIC_0032991.jpg,OK,,600,450,RGB
HAM10000_images_part_2\ISIC_0032992.jpg,OK,,600,450,RGB
HAM10000_images_part_2\ISIC_0032993.jpg,OK,,600,450,RGB
HAM10000_images_part_2\ISIC_0032994.jpg,OK,,600,450,RGB
HAM10000_images_part_2\ISIC_0032995.jpg,OK,,600,450,RGB
HAM10000_images_part_2\ISIC_0032996.jpg,OK,,600,450,RGB
HAM10000_images_part_2\ISIC_0032997.jpg,OK,,600,450,RGB
HAM10000_images_part_2\ISIC_0032998.jpg,OK,,600,450,RGB
HAM10000_images_part_2\ISIC_0032999.jpg,OK,,600,450,RGB
HAM10000_images_part_2\ISIC_0033000.jpg,OK,,600,450,RGB
HAM10000_images_part_2\ISIC_0033001.jpg,OK,,600,450,RGB
HAM10000_images_part_2\ISIC_0033002.jpg,OK,,600,450,RGB
HAM10000_images_part_2\ISIC_0033003.jpg,OK,,600,450,RGB
HAM10000_images_part_2\ISIC_0033004.jpg,OK,,600,450,RGB
HAM10000_images_part_2\ISIC_0033005.jpg,OK,,600,450,RGB
HAM10000_images_part_2\ISIC_0033006.jpg,OK,,600,450,RGB
HAM10000_images_part_2\ISIC_0033007.jpg,OK,,600,450,RGB
HAM10000_images_part_2\ISIC_0033008.jpg,OK,,600,450,RGB
HAM10000_images_part_2\ISIC_0033009.jpg,OK,,600,450,RGB
HAM10000_images_part_2\ISIC_0033010.jpg,OK,,600,450,RGB
HAM10000_images_part_2\ISIC_0033011.jpg,OK,,600,450,RGB
HAM10000_images_part_2\ISIC_0033012.jpg,OK,,600,450,RGB
HAM10000_images_part_2\ISIC_0033013.jpg,OK,,600,450,RGB
HAM10000_images_part_2\ISIC_0033014.jpg,OK,,600,450,RGB
HAM10000_images_part_2\ISIC_0033015.jpg,OK,,600,450,RGB
HAM10000_images_part_2\ISIC_0033016.jpg,OK,,600,450,RGB
HAM10000_images_part_2\ISIC_0033017.jpg,OK,,600,450,RGB
HAM10000_images_part_2\ISIC_0033018.jpg,OK,,600,450,RGB
HAM10000_images_part_2\ISIC_0033019.jpg,OK,,600,450,RGB
HAM10000_images_part_2\ISIC_0033020.jpg,OK,,600,450,RGB
HAM10000_images_part_2\ISIC_0033021.jpg,OK,,600,450,RGB
HAM10000_images_part_2\ISIC_0033022.jpg,OK,,600,450,RGB
HAM10000_images_part_2\ISIC_0033023.jpg,OK,,600,450,RGB
HAM10000_images_part_2\ISIC_0033024.jpg,OK,,600,450,RGB
HAM10000_images_part_2\ISIC_0033025.jpg,OK,,600,450,RGB
HAM10000_images_part_2\ISIC_0033026.jpg,OK,,600,450,RGB
HAM10000_images_part_2\ISIC_0033027.jpg,OK,,600,450,RGB
HAM10000_images_part_2\ISIC_0033028.jpg,OK,,600,450,RGB
HAM10000_images_part_2\ISIC_0033029.jpg,OK,,600,450,RGB
HAM10000_images_part_2\ISIC_0033030.jpg,OK,,600,450,RGB
HAM10000_images_part_2\ISIC_0033031.jpg,OK,,600,450,RGB
HAM10000_images_part_2\ISIC_0033032.jpg,OK,,600,450,RGB
HAM10000_images_part_2\ISIC_0033033.jpg,OK,,600,450,RGB
HAM10000_images_part_2\ISIC_0033034.jpg,OK,,600,450,RGB
HAM10000_images_part_2\ISIC_0033035.jpg,OK,,600,450,RGB
HAM10000_images_part_2\ISIC_0033036.jpg,OK,,600,450,RGB
HAM10000_images_part_2\ISIC_0033037.jpg,OK,,600,450,RGB
HAM10000_images_part_2\ISIC_0033038.jpg,OK,,600,450,RGB
HAM10000_images_part_2\ISIC_0033039.jpg,OK,,600,450,RGB
HAM10000_images_part_2\ISIC_0033040.jpg,OK,,600,450,RGB
HAM10000_images_part_2\ISIC_0033041.jpg,OK,,600,450,RGB
HAM10000_images_part_2\ISIC_0033042.jpg,OK,,600,450,RGB
HAM10000_images_part_2\ISIC_0033043.jpg,OK,,600,450,RGB
HAM10000_images_part_2\ISIC_0033044.jpg,OK,,600,450,RGB
HAM10000_images_part_2\ISIC_0033045.jpg,OK,,600,450,RGB
HAM10000_images_part_2\ISIC_0033046.jpg,OK,,600,450,RGB
HAM10000_images_part_2\ISIC_0033047.jpg,OK,,600,450,RGB
HAM10000_images_part_2\ISIC_0033048.jpg,OK,,600,450,RGB
HAM10000_images_part_2\ISIC_0033049.jpg,OK,,600,450,RGB
HAM10000_images_part_2\ISIC_0033050.jpg,OK,,600,450,RGB
HAM10000_images_part_2\ISIC_0033051.jpg,OK,,600,450,RGB
HAM10000_images_part_2\ISIC_0033052.jpg,OK,,600,450,RGB
HAM10000_images_part_2\ISIC_0033053.jpg,OK,,600,450,RGB
HAM10000_images_part_2\ISIC_0033054.jpg,OK,,600,450,RGB
HAM10000_images_part_2\ISIC_0033055.jpg,OK,,600,450,RGB
HAM10000_images_part_2\ISIC_0033056.jpg,OK,,600,450,RGB
HAM10000_images_part_2\ISIC_0033057.jpg,OK,,600,450,RGB
HAM10000_images_part_2\ISIC_0033058.jpg,OK,,600,450,RGB
HAM10000_images_part_2\ISIC_0033059.jpg,OK,,600,450,RGB
HAM10000_images_part_2\ISIC_0033060.jpg,OK,,600,450,RGB
HAM10000_images_part_2\ISIC_0033061.jpg,OK,,600,450,RGB
HAM10000_images_part_2\ISIC_0033062.jpg,OK,,600,450,RGB
HAM10000_images_part_2\ISIC_0033063.jpg,OK,,600,450,RGB
HAM10000_images_part_2\ISIC_0033064.jpg,OK,,600,450,RGB
HAM10000_images_part_2\ISIC_0033065.jpg,OK,,600,450,RGB
HAM10000_images_part_2\ISIC_0033066.jpg,OK,,600,450,RGB
HAM10000_images_part_2\ISIC_0033067.jpg,OK,,600,450,RGB
HAM10000_images_part_2\ISIC_0033068.jpg,OK,,600,450,RGB
HAM10000_images_part_2\ISIC_0033069.jpg,OK,,600,450,RGB
HAM10000_images_part_2\ISIC_0033070.jpg,OK,,600,450,RGB
HAM10000_images_part_2\ISIC_0033071.jpg,OK,,600,450,RGB
HAM10000_images_part_2\ISIC_0033072.jpg,OK,,600,450,RGB
HAM10000_images_part_2\ISIC_0033073.jpg,OK,,600,450,RGB
HAM10000_images_part_2\ISIC_0033074.jpg,OK,,600,450,RGB
HAM10000_images_part_2\ISIC_0033075.jpg,OK,,600,450,RGB
HAM10000_images_part_2\ISIC_0033076.jpg,OK,,600,450,RGB
HAM10000_images_part_2\ISIC_0033077.jpg,OK,,600,450,RGB
HAM10000_images_part_2\ISIC_0033078.jpg,OK,,600,450,RGB
HAM10000_images_part_2\ISIC_0033079.jpg,OK,,600,450,RGB
HAM10000_images_part_2\ISIC_0033080.jpg,OK,,600,450,RGB
HAM10000_images_part_2\ISIC_0033081.jpg,OK,,600,450,RGB
HAM10000_images_part_2\ISIC_0033082.jpg,OK,,600,450,RGB
HAM10000_images_part_2\ISIC_0033083.jpg,OK,,600,450,RGB
HAM10000_images_part_2\ISIC_0033084.jpg,OK,,600,450,RGB
HAM10000_images_part_2\ISIC_0033085.jpg,OK,,600,450,RGB
HAM10000_images_part_2\ISIC_0033086.jpg,OK,,600,450,RGB
HAM10000_images_part_2\ISIC_0033087.jpg,OK,,600,450,RGB
HAM10000_images_part_2\ISIC_0033088.jpg,OK,,600,450,RGB
HAM10000_images_part_2\ISIC_0033089.jpg,OK,,600,450,RGB
HAM10000_images_part_2\ISIC_0033090.jpg,OK,,600,450,RGB
HAM10000_images_part_2\ISIC_0033091.jpg,OK,,600,450,RGB
HAM10000_images_part_2\ISIC_0033092.jpg,OK,,600,450,RGB
HAM10000_images_part_2\ISIC_0033093.jpg,OK,,600,450,RGB
HAM10000_images_part_2\ISIC_0033094.jpg,OK,,600,450,RGB
HAM10000_images_part_2\ISIC_0033095.jpg,OK,,600,450,RGB
HAM10000_images_part_2\ISIC_0033096.jpg,OK,,600,450,RGB
HAM10000_images_part_2\ISIC_0033097.jpg,OK,,600,450,RGB
HAM10000_images_part_2\ISIC_0033098.jpg,OK,,600,450,RGB
HAM10000_images_part_2\ISIC_0033099.jpg,OK,,600,450,RGB
HAM10000_images_part_2\ISIC_0033100.jpg,OK,,600,450,RGB
HAM10000_images_part_2\ISIC_0033101.jpg,OK,,600,450,RGB
HAM10000_images_part_2\ISIC_0033102.jpg,OK,,600,450,RGB
HAM10000_images_part_2\ISIC_0033103.jpg,OK,,600,450,RGB
HAM10000_images_part_2\ISIC_0033104.jpg,OK,,600,450,RGB
HAM10000_images_part_2\ISIC_0033105.jpg,OK,,600,450,RGB
HAM10000_images_part_2\ISIC_0033106.jpg,OK,,600,450,RGB
HAM10000_images_part_2\ISIC_0033107.jpg,OK,,600,450,RGB
HAM10000_images_part_2\ISIC_0033108.jpg,OK,,600,450,RGB
HAM10000_images_part_2\ISIC_0033109.jpg,OK,,600,450,RGB
HAM10000_images_part_2\ISIC_0033110.jpg,OK,,600,450,RGB
HAM10000_images_part_2\ISIC_0033111.jpg,OK,,600,450,RGB
HAM10000_images_part_2\ISIC_0033112.jpg,OK,,600,450,RGB
HAM10000_images_part_2\ISIC_0033113.jpg,OK,,600,450,RGB
HAM10000_images_part_2\ISIC_0033114.jpg,OK,,600,450,RGB
HAM10000_images_part_2\ISIC_0033115.jpg,OK,,600,450,RGB
HAM10000_images_part_2\ISIC_0033116.jpg,OK,,600,450,RGB
HAM10000_images_part_2\ISIC_0033117.jpg,OK,,600,450,RGB
HAM10000_images_part_2\ISIC_0033118.jpg,OK,,600,450,RGB
HAM10000_images_part_2\ISIC_0033119.jpg,OK,,600,450,RGB
HAM10000_images_part_2\ISIC_0033120.jpg,OK,,600,450,RGB
HAM10000_images_part_2\ISIC_0033121.jpg,OK,,600,450,RGB
HAM10000_images_part_2\ISIC_0033122.jpg,OK,,600,450,RGB
HAM10000_images_part_2\ISIC_0033123.jpg,OK,,600,450,RGB
HAM10000_images_part_2\ISIC_0033124.jpg,OK,,600,450,RGB
HAM10000_images_part_2\ISIC_0033125.jpg,OK,,600,450,RGB
HAM10000_images_part_2\ISIC_0033126.jpg,OK,,600,450,RGB
HAM10000_images_part_2\ISIC_0033127.jpg,OK,,600,450,RGB
HAM10000_images_part_2\ISIC_0033128.jpg,OK,,600,450,RGB
HAM10000_images_part_2\ISIC_0033129.jpg,OK,,600,450,RGB
HAM10000_images_part_2\ISIC_0033130.jpg,OK,,600,450,RGB
HAM10000_images_part_2\ISIC_0033131.jpg,OK,,600,450,RGB
HAM10000_images_part_2\ISIC_0033132.jpg,OK,,600,450,RGB
HAM10000_images_part_2\ISIC_0033133.jpg,OK,,600,450,RGB
HAM10000_images_part_2\ISIC_0033134.jpg,OK,,600,450,RGB
HAM10000_images_part_2\ISIC_0033135.jpg,OK,,600,450,RGB
HAM10000_images_part_2\ISIC_0033136.jpg,OK,,600,450,RGB
HAM10000_images_part_2\ISIC_0033137.jpg,OK,,600,450,RGB
HAM10000_images_part_2\ISIC_0033138.jpg,OK,,600,450,RGB
HAM10000_images_part_2\ISIC_0033139.jpg,OK,,600,450,RGB
HAM10000_images_part_2\ISIC_0033140.jpg,OK,,600,450,RGB
HAM10000_images_part_2\ISIC_0033141.jpg,OK,,600,450,RGB
HAM10000_images_part_2\ISIC_0033142.jpg,OK,,600,450,RGB
HAM10000_images_part_2\ISIC_0033143.jpg,OK,,600,450,RGB
HAM10000_images_part_2\ISIC_0033144.jpg,OK,,600,450,RGB
HAM10000_images_part_2\ISIC_0033145.jpg,OK,,600,450,RGB
HAM10000_images_part_2\ISIC_0033146.jpg,OK,,600,450,RGB
HAM10000_images_part_2\ISIC_0033147.jpg,OK,,600,450,RGB
HAM10000_images_part_2\ISIC_0033148.jpg,OK,,600,450,RGB
HAM10000_images_part_2\ISIC_0033149.jpg,OK,,600,450,RGB
HAM10000_images_part_2\ISIC_0033150.jpg,OK,,600,450,RGB
HAM10000_images_part_2\ISIC_0033151.jpg,OK,,600,450,RGB
HAM10000_images_part_2\ISIC_0033152.jpg,OK,,600,450,RGB
HAM10000_images_part_2\ISIC_0033153.jpg,OK,,600,450,RGB
HAM10000_images_part_2\ISIC_0033154.jpg,OK,,600,450,RGB
HAM10000_images_part_2\ISIC_0033155.jpg,OK,,600,450,RGB
HAM10000_images_part_2\ISIC_0033156.jpg,OK,,600,450,RGB
HAM10000_images_part_2\ISIC_0033157.jpg,OK,,600,450,RGB
HAM10000_images_part_2\ISIC_0033158.jpg,OK,,600,450,RGB
HAM10000_images_part_2\ISIC_0033159.jpg,OK,,600,450,RGB
HAM10000_images_part_2\ISIC_0033160.jpg,OK,,600,450,RGB
HAM10000_images_part_2\ISIC_0033161.jpg,OK,,600,450,RGB
HAM10000_images_part_2\ISIC_0033162.jpg,OK,,600,450,RGB
HAM10000_images_part_2\ISIC_0033163.jpg,OK,,600,450,RGB
HAM10000_images_part_2\ISIC_0033164.jpg,OK,,600,450,RGB
HAM10000_images_part_2\ISIC_0033165.jpg,OK,,600,450,RGB
HAM10000_images_part_2\ISIC_0033166.jpg,OK,,600,450,RGB
HAM10000_images_part_2\ISIC_0033167.jpg,OK,,600,450,RGB
HAM10000_images_part_2\ISIC_0033168.jpg,OK,,600,450,RGB
HAM10000_images_part_2\ISIC_0033169.jpg,OK,,600,450,RGB
HAM10000_images_part_2\ISIC_0033170.jpg,OK,,600,450,RGB
HAM10000_images_part_2\ISIC_0033171.jpg,OK,,600,450,RGB
HAM10000_images_part_2\ISIC_0033172.jpg,OK,,600,450,RGB
HAM10000_images_part_2\ISIC_0033173.jpg,OK,,600,450,RGB
HAM10000_images_part_2\ISIC_0033174.jpg,OK,,600,450,RGB
HAM10000_images_part_2\ISIC_0033175.jpg,OK,,600,450,RGB
HAM10000_images_part_2\ISIC_0033176.jpg,OK,,600,450,RGB
HAM10000_images_part_2\ISIC_0033177.jpg,OK,,600,450,RGB
HAM10000_images_part_2\ISIC_0033178.jpg,OK,,600,450,RGB
HAM10000_images_part_2\ISIC_0033179.jpg,OK,,600,450,RGB
HAM10000_images_part_2\ISIC_0033180.jpg,OK,,600,450,RGB
HAM10000_images_part_2\ISIC_0033181.jpg,OK,,600,450,RGB
HAM10000_images_part_2\ISIC_0033182.jpg,OK,,600,450,RGB
HAM10000_images_part_2\ISIC_0033183.jpg,OK,,600,450,RGB
HAM10000_images_part_2\ISIC_0033184.jpg,OK,,600,450,RGB
HAM10000_images_part_2\ISIC_0033185.jpg,OK,,600,450,RGB
HAM10000_images_part_2\ISIC_0033186.jpg,OK,,600,450,RGB
HAM10000_images_part_2\ISIC_0033187.jpg,OK,,600,450,RGB
HAM10000_images_part_2\ISIC_0033188.jpg,OK,,600,450,RGB
HAM10000_images_part_2\ISIC_0033189.jpg,OK,,600,450,RGB
HAM10000_images_part_2\ISIC_0033190.jpg,OK,,600,450,RGB
HAM10000_images_part_2\ISIC_0033191.jpg,OK,,600,450,RGB
HAM10000_images_part_2\ISIC_0033192.jpg,OK,,600,450,RGB
HAM10000_images_part_2\ISIC_0033193.jpg,OK,,600,450,RGB
HAM10000_images_part_2\ISIC_0033194.jpg,OK,,600,450,RGB
HAM10000_images_part_2\ISIC_0033195.jpg,OK,,600,450,RGB
HAM10000_images_part_2\ISIC_0033196.jpg,OK,,600,450,RGB
HAM10000_images_part_2\ISIC_0033197.jpg,OK,,600,450,RGB
HAM10000_images_part_2\ISIC_0033198.jpg,OK,,600,450,RGB
HAM10000_images_part_2\ISIC_0033199.jpg,OK,,600,450,RGB
HAM10000_images_part_2\ISIC_0033200.jpg,OK,,600,450,RGB
HAM10000_images_part_2\ISIC_0033201.jpg,OK,,600,450,RGB
HAM10000_images_part_2\ISIC_0033202.jpg,OK,,600,450,RGB
HAM10000_images_part_2\ISIC_0033203.jpg,OK,,600,450,RGB
HAM10000_images_part_2\ISIC_0033204.jpg,OK,,600,450,RGB
HAM10000_images_part_2\ISIC_0033205.jpg,OK,,600,450,RGB
HAM10000_images_part_2\ISIC_0033206.jpg,OK,,600,450,RGB
HAM10000_images_part_2\ISIC_0033207.jpg,OK,,600,450,RGB
HAM10000_images_part_2\ISIC_0033208.jpg,OK,,600,450,RGB
HAM10000_images_part_2\ISIC_0033209.jpg,OK,,600,450,RGB
HAM10000_images_part_2\ISIC_0033210.jpg,OK,,600,450,RGB
HAM10000_images_part_2\ISIC_0033211.jpg,OK,,600,450,RGB
HAM10000_images_part_2\ISIC_0033212.jpg,OK,,600,450,RGB
HAM10000_images_part_2\ISIC_0033213.jpg,OK,,600,450,RGB
HAM10000_images_part_2\ISIC_0033214.jpg,OK,,600,450,RGB
HAM10000_images_part_2\ISIC_0033215.jpg,OK,,600,450,RGB
HAM10000_images_part_2\ISIC_0033216.jpg,OK,,600,450,RGB
HAM10000_images_part_2\ISIC_0033217.jpg,OK,,600,450,RGB
HAM10000_images_part_2\ISIC_0033218.jpg,OK,,600,450,RGB
HAM10000_images_part_2\ISIC_0033219.jpg,OK,,600,450,RGB
HAM10000_images_part_2\ISIC_0033220.jpg,OK,,600,450,RGB
HAM10000_images_part_2\ISIC_0033221.jpg,OK,,600,450,RGB
HAM10000_images_part_2\ISIC_0033222.jpg,OK,,600,450,RGB
HAM10000_images_part_2\ISIC_0033223.jpg,OK,,600,450,RGB
HAM10000_images_part_2\ISIC_0033224.jpg,OK,,600,450,RGB
HAM10000_images_part_2\ISIC_0033225.jpg,OK,,600,450,RGB
HAM10000_images_part_2\ISIC_0033226.jpg,OK,,600,450,RGB
HAM10000_images_part_2\ISIC_0033227.jpg,OK,,600,450,RGB
HAM10000_images_part_2\ISIC_0033228.jpg,OK,,600,450,RGB
HAM10000_images_part_2\ISIC_0033229.jpg,OK,,600,450,RGB
HAM10000_images_part_2\ISIC_0033230.jpg,OK,,600,450,RGB
HAM10000_images_part_2\ISIC_0033231.jpg,OK,,600,450,RGB
HAM10000_images_part_2\ISIC_0033232.jpg,OK,,600,450,RGB
HAM10000_images_part_2\ISIC_0033233.jpg,OK,,600,450,RGB
HAM10000_images_part_2\ISIC_0033234.jpg,OK,,600,450,RGB
HAM10000_images_part_2\ISIC_0033235.jpg,OK,,600,450,RGB
HAM10000_images_part_2\ISIC_0033236.jpg,OK,,600,450,RGB
HAM10000_images_part_2\ISIC_0033237.jpg,OK,,600,450,RGB
HAM10000_images_part_2\ISIC_0033238.jpg,OK,,600,450,RGB
HAM10000_images_part_2\ISIC_0033239.jpg,OK,,600,450,RGB
HAM10000_images_part_2\ISIC_0033240.jpg,OK,,600,450,RGB
HAM10000_images_part_2\ISIC_0033241.jpg,OK,,600,450,RGB
HAM10000_images_part_2\ISIC_0033242.jpg,OK,,600,450,RGB
HAM10000_images_part_2\ISIC_0033243.jpg,OK,,600,450,RGB
HAM10000_images_part_2\ISIC_0033244.jpg,OK,,600,450,RGB
HAM10000_images_part_2\ISIC_0033245.jpg,OK,,600,450,RGB
HAM10000_images_part_2\ISIC_0033246.jpg,OK,,600,450,RGB
HAM10000_images_part_2\ISIC_0033247.jpg,OK,,600,450,RGB
HAM10000_images_part_2\ISIC_0033248.jpg,OK,,600,450,RGB
HAM10000_images_part_2\ISIC_0033249.jpg,OK,,600,450,RGB
HAM10000_images_part_2\ISIC_0033250.jpg,OK,,600,450,RGB
HAM10000_images_part_2\ISIC_0033251.jpg,OK,,600,450,RGB
HAM10000_images_part_2\ISIC_0033252.jpg,OK,,600,450,RGB
HAM10000_images_part_2\ISIC_0033253.jpg,OK,,600,450,RGB
HAM10000_images_part_2\ISIC_0033254.jpg,OK,,600,450,RGB
HAM10000_images_part_2\ISIC_0033255.jpg,OK,,600,450,RGB
HAM10000_images_part_2\ISIC_0033256.jpg,OK,,600,450,RGB
HAM10000_images_part_2\ISIC_0033257.jpg,OK,,600,450,RGB
HAM10000_images_part_2\ISIC_0033258.jpg,OK,,600,450,RGB
HAM10000_images_part_2\ISIC_0033259.jpg,OK,,600,450,RGB
HAM10000_images_part_2\ISIC_0033260.jpg,OK,,600,450,RGB
HAM10000_images_part_2\ISIC_0033261.jpg,OK,,600,450,RGB
HAM10000_images_part_2\ISIC_0033262.jpg,OK,,600,450,RGB
HAM10000_images_part_2\ISIC_0033263.jpg,OK,,600,450,RGB
HAM10000_images_part_2\ISIC_0033264.jpg,OK,,600,450,RGB
HAM10000_images_part_2\ISIC_0033265.jpg,OK,,600,450,RGB
HAM10000_images_part_2\ISIC_0033266.jpg,OK,,600,450,RGB
HAM10000_images_part_2\ISIC_0033267.jpg,OK,,600,450,RGB
HAM10000_images_part_2\ISIC_0033268.jpg,OK,,600,450,RGB
HAM10000_images_part_2\ISIC_0033269.jpg,OK,,600,450,RGB
HAM10000_images_part_2\ISIC_0033270.jpg,OK,,600,450,RGB
HAM10000_images_part_2\ISIC_0033271.jpg,OK,,600,450,RGB
HAM10000_images_part_2\ISIC_0033272.jpg,OK,,600,450,RGB
HAM10000_images_part_2\ISIC_0033273.jpg,OK,,600,450,RGB
HAM10000_images_part_2\ISIC_0033274.jpg,OK,,600,450,RGB
HAM10000_images_part_2\ISIC_0033275.jpg,OK,,600,450,RGB
HAM10000_images_part_2\ISIC_0033276.jpg,OK,,600,450,RGB
HAM10000_images_part_2\ISIC_0033277.jpg,OK,,600,450,RGB
HAM10000_images_part_2\ISIC_0033278.jpg,OK,,600,450,RGB
HAM10000_images_part_2\ISIC_0033279.jpg,OK,,600,450,RGB
HAM10000_images_part_2\ISIC_0033280.jpg,OK,,600,450,RGB
HAM10000_images_part_2\ISIC_0033281.jpg,OK,,600,450,RGB
HAM10000_images_part_2\ISIC_0033282.jpg,OK,,600,450,RGB
HAM10000_images_part_2\ISIC_0033283.jpg,OK,,600,450,RGB
HAM10000_images_part_2\ISIC_0033284.jpg,OK,,600,450,RGB
HAM10000_images_part_2\ISIC_0033285.jpg,OK,,600,450,RGB
HAM10000_images_part_2\ISIC_0033286.jpg,OK,,600,450,RGB
HAM10000_images_part_2\ISIC_0033287.jpg,OK,,600,450,RGB
HAM10000_images_part_2\ISIC_0033288.jpg,OK,,600,450,RGB
HAM10000_images_part_2\ISIC_0033289.jpg,OK,,600,450,RGB
HAM10000_images_part_2\ISIC_0033290.jpg,OK,,600,450,RGB
HAM10000_images_part_2\ISIC_0033291.jpg,OK,,600,450,RGB
HAM10000_images_part_2\ISIC_0033292.jpg,OK,,600,450,RGB
HAM10000_images_part_2\ISIC_0033293.jpg,OK,,600,450,RGB
HAM10000_images_part_2\ISIC_0033294.jpg,OK,,600,450,RGB
HAM10000_images_part_2\ISIC_0033295.jpg,OK,,600,450,RGB
HAM10000_images_part_2\ISIC_0033296.jpg,OK,,600,450,RGB
HAM10000_images_part_2\ISIC_0033297.jpg,OK,,600,450,RGB
HAM10000_images_part_2\ISIC_0033298.jpg,OK,,600,450,RGB
HAM10000_images_part_2\ISIC_0033299.jpg,OK,,600,450,RGB
HAM10000_images_part_2\ISIC_0033300.jpg,OK,,600,450,RGB
HAM10000_images_part_2\ISIC_0033301.jpg,OK,,600,450,RGB
HAM10000_images_part_2\ISIC_0033302.jpg,OK,,600,450,RGB
HAM10000_images_part_2\ISIC_0033303.jpg,OK,,600,450,RGB
HAM10000_images_part_2\ISIC_0033304.jpg,OK,,600,450,RGB
HAM10000_images_part_2\ISIC_0033305.jpg,OK,,600,450,RGB
HAM10000_images_part_2\ISIC_0033306.jpg,OK,,600,450,RGB
HAM10000_images_part_2\ISIC_0033307.jpg,OK,,600,450,RGB
HAM10000_images_part_2\ISIC_0033308.jpg,OK,,600,450,RGB
HAM10000_images_part_2\ISIC_0033309.jpg,OK,,600,450,RGB
HAM10000_images_part_2\ISIC_0033310.jpg,OK,,600,450,RGB
HAM10000_images_part_2\ISIC_0033311.jpg,OK,,600,450,RGB
HAM10000_images_part_2\ISIC_0033312.jpg,OK,,600,450,RGB
HAM10000_images_part_2\ISIC_0033313.jpg,OK,,600,450,RGB
HAM10000_images_part_2\ISIC_0033314.jpg,OK,,600,450,RGB
HAM10000_images_part_2\ISIC_0033315.jpg,OK,,600,450,RGB
HAM10000_images_part_2\ISIC_0033316.jpg,OK,,600,450,RGB
HAM10000_images_part_2\ISIC_0033317.jpg,OK,,600,450,RGB
HAM10000_images_part_2\ISIC_0033318.jpg,OK,,600,450,RGB
HAM10000_images_part_2\ISIC_0033319.jpg,OK,,600,450,RGB
HAM10000_images_part_2\ISIC_0033320.jpg,OK,,600,450,RGB
HAM10000_images_part_2\ISIC_0033321.jpg,OK,,600,450,RGB
HAM10000_images_part_2\ISIC_0033322.jpg,OK,,600,450,RGB
HAM10000_images_part_2\ISIC_0033323.jpg,OK,,600,450,RGB
HAM10000_images_part_2\ISIC_0033324.jpg,OK,,600,450,RGB
HAM10000_images_part_2\ISIC_0033325.jpg,OK,,600,450,RGB
HAM10000_images_part_2\ISIC_0033326.jpg,OK,,600,450,RGB
HAM10000_images_part_2\ISIC_0033327.jpg,OK,,600,450,RGB
HAM10000_images_part_2\ISIC_0033328.jpg,OK,,600,450,RGB
HAM10000_images_part_2\ISIC_0033329.jpg,OK,,600,450,RGB
HAM10000_images_part_2\ISIC_0033330.jpg,OK,,600,450,RGB
HAM10000_images_part_2\ISIC_0033331.jpg,OK,,600,450,RGB
HAM10000_images_part_2\ISIC_0033332.jpg,OK,,600,450,RGB
HAM10000_images_part_2\ISIC_0033333.jpg,OK,,600,450,RGB
HAM10000_images_part_2\ISIC_0033334.jpg,OK,,600,450,RGB
HAM10000_images_part_2\ISIC_0033335.jpg,OK,,600,450,RGB
HAM10000_images_part_2\ISIC_0033336.jpg,OK,,600,450,RGB
HAM10000_images_part_2\ISIC_0033337.jpg,OK,,600,450,RGB
HAM10000_images_part_2\ISIC_0033338.jpg,OK,,600,450,RGB
HAM10000_images_part_2\ISIC_0033339.jpg,OK,,600,450,RGB
HAM10000_images_part_2\ISIC_0033340.jpg,OK,,600,450,RGB
HAM10000_images_part_2\ISIC_0033341.jpg,OK,,600,450,RGB
HAM10000_images_part_2\ISIC_0033342.jpg,OK,,600,450,RGB
HAM10000_images_part_2\ISIC_0033343.jpg,OK,,600,450,RGB
HAM10000_images_part_2\ISIC_0033344.jpg,OK,,600,450,RGB
HAM10000_images_part_2\ISIC_0033345.jpg,OK,,600,450,RGB
HAM10000_images_part_2\ISIC_0033346.jpg,OK,,600,450,RGB
HAM10000_images_part_2\ISIC_0033347.jpg,OK,,600,450,RGB
HAM10000_images_part_2\ISIC_0033348.jpg,OK,,600,450,RGB
HAM10000_images_part_2\ISIC_0033349.jpg,OK,,600,450,RGB
HAM10000_images_part_2\ISIC_0033350.jpg,OK,,600,450,RGB
HAM10000_images_part_2\ISIC_0033351.jpg,OK,,600,450,RGB
HAM10000_images_part_2\ISIC_0033352.jpg,OK,,600,450,RGB
HAM10000_images_part_2\ISIC_0033353.jpg,OK,,600,450,RGB
HAM10000_images_part_2\ISIC_0033354.jpg,OK,,600,450,RGB
HAM10000_images_part_2\ISIC_0033355.jpg,OK,,600,450,RGB
HAM10000_images_part_2\ISIC_0033356.jpg,OK,,600,450,RGB
HAM10000_images_part_2\ISIC_0033357.jpg,OK,,600,450,RGB
HAM10000_images_part_2\ISIC_0033358.jpg,OK,,600,450,RGB
HAM10000_images_part_2\ISIC_0033359.jpg,OK,,600,450,RGB
HAM10000_images_part_2\ISIC_0033360.jpg,OK,,600,450,RGB
HAM10000_images_part_2\ISIC_0033361.jpg,OK,,600,450,RGB
HAM10000_images_part_2\ISIC_0033362.jpg,OK,,600,450,RGB
HAM10000_images_part_2\ISIC_0033363.jpg,OK,,600,450,RGB
HAM10000_images_part_2\ISIC_0033364.jpg,OK,,600,450,RGB
HAM10000_images_part_2\ISIC_0033365.jpg,OK,,600,450,RGB
HAM10000_images_part_2\ISIC_0033366.jpg,OK,,600,450,RGB
HAM10000_images_part_2\ISIC_0033367.jpg,OK,,600,450,RGB
HAM10000_images_part_2\ISIC_0033368.jpg,OK,,600,450,RGB
HAM10000_images_part_2\ISIC_0033369.jpg,OK,,600,450,RGB
HAM10000_images_part_2\ISIC_0033370.jpg,OK,,600,450,RGB
HAM10000_images_part_2\ISIC_0033371.jpg,OK,,600,450,RGB
HAM10000_images_part_2\ISIC_0033372.jpg,OK,,600,450,RGB
HAM10000_images_part_2\ISIC_0033373.jpg,OK,,600,450,RGB
HAM10000_images_part_2\ISIC_0033374.jpg,OK,,600,450,RGB
HAM10000_images_part_2\ISIC_0033375.jpg,OK,,600,450,RGB
HAM10000_images_part_2\ISIC_0033376.jpg,OK,,600,450,RGB
HAM10000_images_part_2\ISIC_0033377.jpg,OK,,600,450,RGB
HAM10000_images_part_2\ISIC_0033378.jpg,OK,,600,450,RGB
HAM10000_images_part_2\ISIC_0033379.jpg,OK,,600,450,RGB
HAM10000_images_part_2\ISIC_0033380.jpg,OK,,600,450,RGB
HAM10000_images_part_2\ISIC_0033381.jpg,OK,,600,450,RGB
HAM10000_images_part_2\ISIC_0033382.jpg,OK,,600,450,RGB
HAM10000_images_part_2\ISIC_0033383.jpg,OK,,600,450,RGB
HAM10000_images_part_2\ISIC_0033384.jpg,OK,,600,450,RGB
HAM10000_images_part_2\ISIC_0033385.jpg,OK,,600,450,RGB
HAM10000_images_part_2\ISIC_0033386.jpg,OK,,600,450,RGB
HAM10000_images_part_2\ISIC_0033387.jpg,OK,,600,450,RGB
HAM10000_images_part_2\ISIC_0033388.jpg,OK,,600,450,RGB
HAM10000_images_part_2\ISIC_0033389.jpg,OK,,600,450,RGB
HAM10000_images_part_2\ISIC_0033390.jpg,OK,,600,450,RGB
HAM10000_images_part_2\ISIC_0033391.jpg,OK,,600,450,RGB
HAM10000_images_part_2\ISIC_0033392.jpg,OK,,600,450,RGB
HAM10000_images_part_2\ISIC_0033393.jpg,OK,,600,450,RGB
HAM10000_images_part_2\ISIC_0033394.jpg,OK,,600,450,RGB
HAM10000_images_part_2\ISIC_0033395.jpg,OK,,600,450,RGB
HAM10000_images_part_2\ISIC_0033396.jpg,OK,,600,450,RGB
HAM10000_images_part_2\ISIC_0033397.jpg,OK,,600,450,RGB
HAM10000_images_part_2\ISIC_0033398.jpg,OK,,600,450,RGB
HAM10000_images_part_2\ISIC_0033399.jpg,OK,,600,450,RGB
HAM10000_images_part_2\ISIC_0033400.jpg,OK,,600,450,RGB
HAM10000_images_part_2\ISIC_0033401.jpg,OK,,600,450,RGB
HAM10000_images_part_2\ISIC_0033402.jpg,OK,,600,450,RGB
HAM10000_images_part_2\ISIC_0033403.jpg,OK,,600,450,RGB
HAM10000_images_part_2\ISIC_0033404.jpg,OK,,600,450,RGB
HAM10000_images_part_2\ISIC_0033405.jpg,OK,,600,450,RGB
HAM10000_images_part_2\ISIC_0033406.jpg,OK,,600,450,RGB
HAM10000_images_part_2\ISIC_0033407.jpg,OK,,600,450,RGB
HAM10000_images_part_2\ISIC_0033408.jpg,OK,,600,450,RGB
HAM10000_images_part_2\ISIC_0033409.jpg,OK,,600,450,RGB
HAM10000_images_part_2\ISIC_0033410.jpg,OK,,600,450,RGB
HAM10000_images_part_2\ISIC_0033411.jpg,OK,,600,450,RGB
HAM10000_images_part_2\ISIC_0033412.jpg,OK,,600,450,RGB
HAM10000_images_part_2\ISIC_0033413.jpg,OK,,600,450,RGB
HAM10000_images_part_2\ISIC_0033414.jpg,OK,,600,450,RGB
HAM10000_images_part_2\ISIC_0033415.jpg,OK,,600,450,RGB
HAM10000_images_part_2\ISIC_0033416.jpg,OK,,600,450,RGB
HAM10000_images_part_2\ISIC_0033417.jpg,OK,,600,450,RGB
HAM10000_images_part_2\ISIC_0033418.jpg,OK,,600,450,RGB
HAM10000_images_part_2\ISIC_0033419.jpg,OK,,600,450,RGB
HAM10000_images_part_2\ISIC_0033420.jpg,OK,,600,450,RGB
HAM10000_images_part_2\ISIC_0033421.jpg,OK,,600,450,RGB
HAM10000_images_part_2\ISIC_0033422.jpg,OK,,600,450,RGB
HAM10000_images_part_2\ISIC_0033423.jpg,OK,,600,450,RGB
HAM10000_images_part_2\ISIC_0033424.jpg,OK,,600,450,RGB
HAM10000_images_part_2\ISIC_0033425.jpg,OK,,600,450,RGB
HAM10000_images_part_2\ISIC_0033426.jpg,OK,,600,450,RGB
HAM10000_images_part_2\ISIC_0033427.jpg,OK,,600,450,RGB
HAM10000_images_part_2\ISIC_0033428.jpg,OK,,600,450,RGB
HAM10000_images_part_2\ISIC_0033429.jpg,OK,,600,450,RGB
HAM10000_images_part_2\ISIC_0033430.jpg,OK,,600,450,RGB
HAM10000_images_part_2\ISIC_0033431.jpg,OK,,600,450,RGB
HAM10000_images_part_2\ISIC_0033432.jpg,OK,,600,450,RGB
HAM10000_images_part_2\ISIC_0033433.jpg,OK,,600,450,RGB
HAM10000_images_part_2\ISIC_0033434.jpg,OK,,600,450,RGB
HAM10000_images_part_2\ISIC_0033435.jpg,OK,,600,450,RGB
HAM10000_images_part_2\ISIC_0033436.jpg,OK,,600,450,RGB
HAM10000_images_part_2\ISIC_0033437.jpg,OK,,600,450,RGB
HAM10000_images_part_2\ISIC_0033438.jpg,OK,,600,450,RGB
HAM10000_images_part_2\ISIC_0033439.jpg,OK,,600,450,RGB
HAM10000_images_part_2\ISIC_0033440.jpg,OK,,600,450,RGB
HAM10000_images_part_2\ISIC_0033441.jpg,OK,,600,450,RGB
HAM10000_images_part_2\ISIC_0033442.jpg,OK,,600,450,RGB
HAM10000_images_part_2\ISIC_0033443.jpg,OK,,600,450,RGB
HAM10000_images_part_2\ISIC_0033444.jpg,OK,,600,450,RGB
HAM10000_images_part_2\ISIC_0033445.jpg,OK,,600,450,RGB
HAM10000_images_part_2\ISIC_0033446.jpg,OK,,600,450,RGB
HAM10000_images_part_2\ISIC_0033447.jpg,OK,,600,450,RGB
HAM10000_images_part_2\ISIC_0033448.jpg,OK,,600,450,RGB
HAM10000_images_part_2\ISIC_0033449.jpg,OK,,600,450,RGB
HAM10000_images_part_2\ISIC_0033450.jpg,OK,,600,450,RGB
HAM10000_images_part_2\ISIC_0033451.jpg,OK,,600,450,RGB
HAM10000_images_part_2\ISIC_0033452.jpg,OK,,600,450,RGB
HAM10000_images_part_2\ISIC_0033453.jpg,OK,,600,450,RGB
HAM10000_images_part_2\ISIC_0033454.jpg,OK,,600,450,RGB
HAM10000_images_part_2\ISIC_0033455.jpg,OK,,600,450,RGB
HAM10000_images_part_2\ISIC_0033456.jpg,OK,,600,450,RGB
HAM10000_images_part_2\ISIC_0033457.jpg,OK,,600,450,RGB
HAM10000_images_part_2\ISIC_0033458.jpg,OK,,600,450,RGB
HAM10000_images_part_2\ISIC_0033459.jpg,OK,,600,450,RGB
HAM10000_images_part_2\ISIC_0033460.jpg,OK,,600,450,RGB
HAM10000_images_part_2\ISIC_0033461.jpg,OK,,600,450,RGB
HAM10000_images_part_2\ISIC_0033462.jpg,OK,,600,450,RGB
HAM10000_images_part_2\ISIC_0033463.jpg,OK,,600,450,RGB
HAM10000_images_part_2\ISIC_0033464.jpg,OK,,600,450,RGB
HAM10000_images_part_2\ISIC_0033465.jpg,OK,,600,450,RGB
HAM10000_images_part_2\ISIC_0033466.jpg,OK,,600,450,RGB
HAM10000_images_part_2\ISIC_0033467.jpg,OK,,600,450,RGB
HAM10000_images_part_2\ISIC_0033468.jpg,OK,,600,450,RGB
HAM10000_images_part_2\ISIC_0033469.jpg,OK,,600,450,RGB
HAM10000_images_part_2\ISIC_0033470.jpg,OK,,600,450,RGB
HAM10000_images_part_2\ISIC_0033471.jpg,OK,,600,450,RGB
HAM10000_images_part_2\ISIC_0033472.jpg,OK,,600,450,RGB
HAM10000_images_part_2\ISIC_0033473.jpg,OK,,600,450,RGB
HAM10000_images_part_2\ISIC_0033474.jpg,OK,,600,450,RGB
HAM10000_images_part_2\ISIC_0033475.jpg,OK,,600,450,RGB
HAM10000_images_part_2\ISIC_0033476.jpg,OK,,600,450,RGB
HAM10000_images_part_2\ISIC_0033477.jpg,OK,,600,450,RGB
HAM10000_images_part_2\ISIC_0033478.jpg,OK,,600,450,RGB
HAM10000_images_part_2\ISIC_0033479.jpg,OK,,600,450,RGB
HAM10000_images_part_2\ISIC_0033480.jpg,OK,,600,450,RGB
HAM10000_images_part_2\ISIC_0033481.jpg,OK,,600,450,RGB
HAM10000_images_part_2\ISIC_0033482.jpg,OK,,600,450,RGB
HAM10000_images_part_2\ISIC_0033483.jpg,OK,,600,450,RGB
HAM10000_images_part_2\ISIC_0033484.jpg,OK,,600,450,RGB
HAM10000_images_part_2\ISIC_0033485.jpg,OK,,600,450,RGB
HAM10000_images_part_2\ISIC_0033486.jpg,OK,,600,450,RGB
HAM10000_images_part_2\ISIC_0033487.jpg,OK,,600,450,RGB
HAM10000_images_part_2\ISIC_0033488.jpg,OK,,600,450,RGB
HAM10000_images_part_2\ISIC_0033489.jpg,OK,,600,450,RGB
HAM10000_images_part_2\ISIC_0033490.jpg,OK,,600,450,RGB
HAM10000_images_part_2\ISIC_0033491.jpg,OK,,600,450,RGB
HAM10000_images_part_2\ISIC_0033492.jpg,OK,,600,450,RGB
HAM10000_images_part_2\ISIC_0033493.jpg,OK,,600,450,RGB
HAM10000_images_part_2\ISIC_0033494.jpg,OK,,600,450,RGB
HAM10000_images_part_2\ISIC_0033495.jpg,OK,,600,450,RGB
HAM10000_images_part_2\ISIC_0033496.jpg,OK,,600,450,RGB
HAM10000_images_part_2\ISIC_0033497.jpg,OK,,600,450,RGB
HAM10000_images_part_2\ISIC_0033498.jpg,OK,,600,450,RGB
HAM10000_images_part_2\ISIC_0033499.jpg,OK,,600,450,RGB
HAM10000_images_part_2\ISIC_0033500.jpg,OK,,600,450,RGB
HAM10000_images_part_2\ISIC_0033501.jpg,OK,,600,450,RGB
HAM10000_images_part_2\ISIC_0033502.jpg,OK,,600,450,RGB
HAM10000_images_part_2\ISIC_0033503.jpg,OK,,600,450,RGB
HAM10000_images_part_2\ISIC_0033504.jpg,OK,,600,450,RGB
HAM10000_images_part_2\ISIC_0033505.jpg,OK,,600,450,RGB
HAM10000_images_part_2\ISIC_0033506.jpg,OK,,600,450,RGB
HAM10000_images_part_2\ISIC_0033507.jpg,OK,,600,450,RGB
HAM10000_images_part_2\ISIC_0033508.jpg,OK,,600,450,RGB
HAM10000_images_part_2\ISIC_0033509.jpg,OK,,600,450,RGB
HAM10000_images_part_2\ISIC_0033510.jpg,OK,,600,450,RGB
HAM10000_images_part_2\ISIC_0033511.jpg,OK,,600,450,RGB
HAM10000_images_part_2\ISIC_0033512.jpg,OK,,600,450,RGB
HAM10000_images_part_2\ISIC_0033513.jpg,OK,,600,450,RGB
HAM10000_images_part_2\ISIC_0033514.jpg,OK,,600,450,RGB
HAM10000_images_part_2\ISIC_0033515.jpg,OK,,600,450,RGB
HAM10000_images_part_2\ISIC_0033516.jpg,OK,,600,450,RGB
HAM10000_images_part_2\ISIC_0033517.jpg,OK,,600,450,RGB
HAM10000_images_part_2\ISIC_0033518.jpg,OK,,600,450,RGB
HAM10000_images_part_2\ISIC_0033519.jpg,OK,,600,450,RGB
HAM10000_images_part_2\ISIC_0033520.jpg,OK,,600,450,RGB
HAM10000_images_part_2\ISIC_0033521.jpg,OK,,600,450,RGB
HAM10000_images_part_2\ISIC_0033522.jpg,OK,,600,450,RGB
HAM10000_images_part_2\ISIC_0033523.jpg,OK,,600,450,RGB
HAM10000_images_part_2\ISIC_0033524.jpg,OK,,600,450,RGB
HAM10000_images_part_2\ISIC_0033525.jpg,OK,,600,450,RGB
HAM10000_images_part_2\ISIC_0033526.jpg,OK,,600,450,RGB
HAM10000_images_part_2\ISIC_0033527.jpg,OK,,600,450,RGB
HAM10000_images_part_2\ISIC_0033528.jpg,OK,,600,450,RGB
HAM10000_images_part_2\ISIC_0033529.jpg,OK,,600,450,RGB
HAM10000_images_part_2\ISIC_0033530.jpg,OK,,600,450,RGB
HAM10000_images_part_2\ISIC_0033531.jpg,OK,,600,450,RGB
HAM10000_images_part_2\ISIC_0033532.jpg,OK,,600,450,RGB
HAM10000_images_part_2\ISIC_0033533.jpg,OK,,600,450,RGB
HAM10000_images_part_2\ISIC_0033534.jpg,OK,,600,450,RGB
HAM10000_images_part_2\ISIC_0033535.jpg,OK,,600,450,RGB
HAM10000_images_part_2\ISIC_0033536.jpg,OK,,600,450,RGB
HAM10000_images_part_2\ISIC_0033537.jpg,OK,,600,450,RGB
HAM10000_images_part_2\ISIC_0033538.jpg,OK,,600,450,RGB
HAM10000_images_part_2\ISIC_0033539.jpg,OK,,600,450,RGB
HAM10000_images_part_2\ISIC_0033540.jpg,OK,,600,450,RGB
HAM10000_images_part_2\ISIC_0033541.jpg,OK,,600,450,RGB
HAM10000_images_part_2\ISIC_0033542.jpg,OK,,600,450,RGB
HAM10000_images_part_2\ISIC_0033543.jpg,OK,,600,450,RGB
HAM10000_images_part_2\ISIC_0033544.jpg,OK,,600,450,RGB
HAM10000_images_part_2\ISIC_0033545.jpg,OK,,600,450,RGB
HAM10000_images_part_2\ISIC_0033546.jpg,OK,,600,450,RGB
HAM10000_images_part_2\ISIC_0033547.jpg,OK,,600,450,RGB
HAM10000_images_part_2\ISIC_0033548.jpg,OK,,600,450,RGB
HAM10000_images_part_2\ISIC_0033549.jpg,OK,,600,450,RGB
HAM10000_images_part_2\ISIC_0033550.jpg,OK,,600,450,RGB
HAM10000_images_part_2\ISIC_0033551.jpg,OK,,600,450,RGB
HAM10000_images_part_2\ISIC_0033552.jpg,OK,,600,450,RGB
HAM10000_images_part_2\ISIC_0033553.jpg,OK,,600,450,RGB
HAM10000_images_part_2\ISIC_0033554.jpg,OK,,600,450,RGB
HAM10000_images_part_2\ISIC_0033555.jpg,OK,,600,450,RGB
HAM10000_images_part_2\ISIC_0033556.jpg,OK,,600,450,RGB
HAM10000_images_part_2\ISIC_0033557.jpg,OK,,600,450,RGB
HAM10000_images_part_2\ISIC_0033558.jpg,OK,,600,450,RGB
HAM10000_images_part_2\ISIC_0033559.jpg,OK,,600,450,RGB
HAM10000_images_part_2\ISIC_0033560.jpg,OK,,600,450,RGB
HAM10000_images_part_2\ISIC_0033561.jpg,OK,,600,450,RGB
HAM10000_images_part_2\ISIC_0033562.jpg,OK,,600,450,RGB
HAM10000_images_part_2\ISIC_0033563.jpg,OK,,600,450,RGB
HAM10000_images_part_2\ISIC_0033564.jpg,OK,,600,450,RGB
HAM10000_images_part_2\ISIC_0033565.jpg,OK,,600,450,RGB
HAM10000_images_part_2\ISIC_0033566.jpg,OK,,600,450,RGB
HAM10000_images_part_2\ISIC_0033567.jpg,OK,,600,450,RGB
HAM10000_images_part_2\ISIC_0033568.jpg,OK,,600,450,RGB
HAM10000_images_part_2\ISIC_0033569.jpg,OK,,600,450,RGB
HAM10000_images_part_2\ISIC_0033570.jpg,OK,,600,450,RGB
HAM10000_images_part_2\ISIC_0033571.jpg,OK,,600,450,RGB
HAM10000_images_part_2\ISIC_0033572.jpg,OK,,600,450,RGB
HAM10000_images_part_2\ISIC_0033573.jpg,OK,,600,450,RGB
HAM10000_images_part_2\ISIC_0033574.jpg,OK,,600,450,RGB
HAM10000_images_part_2\ISIC_0033575.jpg,OK,,600,450,RGB
HAM10000_images_part_2\ISIC_0033576.jpg,OK,,600,450,RGB
HAM10000_images_part_2\ISIC_0033577.jpg,OK,,600,450,RGB
HAM10000_images_part_2\ISIC_0033578.jpg,OK,,600,450,RGB
HAM10000_images_part_2\ISIC_0033579.jpg,OK,,600,450,RGB
HAM10000_images_part_2\ISIC_0033580.jpg,OK,,600,450,RGB
HAM10000_images_part_2\ISIC_0033581.jpg,OK,,600,450,RGB
HAM10000_images_part_2\ISIC_0033582.jpg,OK,,600,450,RGB
HAM10000_images_part_2\ISIC_0033583.jpg,OK,,600,450,RGB
HAM10000_images_part_2\ISIC_0033584.jpg,OK,,600,450,RGB
HAM10000_images_part_2\ISIC_0033585.jpg,OK,,600,450,RGB
HAM10000_images_part_2\ISIC_0033586.jpg,OK,,600,450,RGB
HAM10000_images_part_2\ISIC_0033587.jpg,OK,,600,450,RGB
HAM10000_images_part_2\ISIC_0033588.jpg,OK,,600,450,RGB
HAM10000_images_part_2\ISIC_0033589.jpg,OK,,600,450,RGB
HAM10000_images_part_2\ISIC_0033590.jpg,OK,,600,450,RGB
HAM10000_images_part_2\ISIC_0033591.jpg,OK,,600,450,RGB
HAM10000_images_part_2\ISIC_0033592.jpg,OK,,600,450,RGB
HAM10000_images_part_2\ISIC_0033593.jpg,OK,,600,450,RGB
HAM10000_images_part_2\ISIC_0033594.jpg,OK,,600,450,RGB
HAM10000_images_part_2\ISIC_0033595.jpg,OK,,600,450,RGB
HAM10000_images_part_2\ISIC_0033596.jpg,OK,,600,450,RGB
HAM10000_images_part_2\ISIC_0033597.jpg,OK,,600,450,RGB
HAM10000_images_part_2\ISIC_0033598.jpg,OK,,600,450,RGB
HAM10000_images_part_2\ISIC_0033599.jpg,OK,,600,450,RGB
HAM10000_images_part_2\ISIC_0033600.jpg,OK,,600,450,RGB
HAM10000_images_part_2\ISIC_0033601.jpg,OK,,600,450,RGB
HAM10000_images_part_2\ISIC_0033602.jpg,OK,,600,450,RGB
HAM10000_images_part_2\ISIC_0033603.jpg,OK,,600,450,RGB
HAM10000_images_part_2\ISIC_0033604.jpg,OK,,600,450,RGB
HAM10000_images_part_2\ISIC_0033605.jpg,OK,,600,450,RGB
HAM10000_images_part_2\ISIC_0033606.jpg,OK,,600,450,RGB
HAM10000_images_part_2\ISIC_0033607.jpg,OK,,600,450,RGB
HAM10000_images_part_2\ISIC_0033608.jpg,OK,,600,450,RGB
HAM10000_images_part_2\ISIC_0033609.jpg,OK,,600,450,RGB
HAM10000_images_part_2\ISIC_0033610.jpg,OK,,600,450,RGB
HAM10000_images_part_2\ISIC_0033611.jpg,OK,,600,450,RGB
HAM10000_images_part_2\ISIC_0033612.jpg,OK,,600,450,RGB
HAM10000_images_part_2\ISIC_0033613.jpg,OK,,600,450,RGB
HAM10000_images_part_2\ISIC_0033614.jpg,OK,,600,450,RGB
HAM10000_images_part_2\ISIC_0033615.jpg,OK,,600,450,RGB
HAM10000_images_part_2\ISIC_0033616.jpg,OK,,600,450,RGB
HAM10000_images_part_2\ISIC_0033617.jpg,OK,,600,450,RGB
HAM10000_images_part_2\ISIC_0033618.jpg,OK,,600,450,RGB
HAM10000_images_part_2\ISIC_0033619.jpg,OK,,600,450,RGB
HAM10000_images_part_2\ISIC_0033620.jpg,OK,,600,450,RGB
HAM10000_images_part_2\ISIC_0033621.jpg,OK,,600,450,RGB
HAM10000_images_part_2\ISIC_0033622.jpg,OK,,600,450,RGB
HAM10000_images_part_2\ISIC_0033623.jpg,OK,,600,450,RGB
HAM10000_images_part_2\ISIC_0033624.jpg,OK,,600,450,RGB
HAM10000_images_part_2\ISIC_0033625.jpg,OK,,600,450,RGB
HAM10000_images_part_2\ISIC_0033626.jpg,OK,,600,450,RGB
HAM10000_images_part_2\ISIC_0033627.jpg,OK,,600,450,RGB
HAM10000_images_part_2\ISIC_0033628.jpg,OK,,600,450,RGB
HAM10000_images_part_2\ISIC_0033629.jpg,OK,,600,450,RGB
HAM10000_images_part_2\ISIC_0033630.jpg,OK,,600,450,RGB
HAM10000_images_part_2\ISIC_0033631.jpg,OK,,600,450,RGB
HAM10000_images_part_2\ISIC_0033632.jpg,OK,,600,450,RGB
HAM10000_images_part_2\ISIC_0033633.jpg,OK,,600,450,RGB
HAM10000_images_part_2\ISIC_0033634.jpg,OK,,600,450,RGB
HAM10000_images_part_2\ISIC_0033635.jpg,OK,,600,450,RGB
HAM10000_images_part_2\ISIC_0033636.jpg,OK,,600,450,RGB
HAM10000_images_part_2\ISIC_0033637.jpg,OK,,600,450,RGB
HAM10000_images_part_2\ISIC_0033638.jpg,OK,,600,450,RGB
HAM10000_images_part_2\ISIC_0033639.jpg,OK,,600,450,RGB
HAM10000_images_part_2\ISIC_0033640.jpg,OK,,600,450,RGB
HAM10000_images_part_2\ISIC_0033641.jpg,OK,,600,450,RGB
HAM10000_images_part_2\ISIC_0033642.jpg,OK,,600,450,RGB
HAM10000_images_part_2\ISIC_0033643.jpg,OK,,600,450,RGB
HAM10000_images_part_2\ISIC_0033644.jpg,OK,,600,450,RGB
HAM10000_images_part_2\ISIC_0033645.jpg,OK,,600,450,RGB
HAM10000_images_part_2\ISIC_0033646.jpg,OK,,600,450,RGB
HAM10000_images_part_2\ISIC_0033647.jpg,OK,,600,450,RGB
HAM10000_images_part_2\ISIC_0033648.jpg,OK,,600,450,RGB
HAM10000_images_part_2\ISIC_0033649.jpg,OK,,600,450,RGB
HAM10000_images_part_2\ISIC_0033650.jpg,OK,,600,450,RGB
HAM10000_images_part_2\ISIC_0033651.jpg,OK,,600,450,RGB
HAM10000_images_part_2\ISIC_0033652.jpg,OK,,600,450,RGB
HAM10000_images_part_2\ISIC_0033653.jpg,OK,,600,450,RGB
HAM10000_images_part_2\ISIC_0033654.jpg,OK,,600,450,RGB
HAM10000_images_part_2\ISIC_0033655.jpg,OK,,600,450,RGB
HAM10000_images_part_2\ISIC_0033656.jpg,OK,,600,450,RGB
HAM10000_images_part_2\ISIC_0033657.jpg,OK,,600,450,RGB
HAM10000_images_part_2\ISIC_0033658.jpg,OK,,600,450,RGB
HAM10000_images_part_2\ISIC_0033659.jpg,OK,,600,450,RGB
HAM10000_images_part_2\ISIC_0033660.jpg,OK,,600,450,RGB
HAM10000_images_part_2\ISIC_0033661.jpg,OK,,600,450,RGB
HAM10000_images_part_2\ISIC_0033662.jpg,OK,,600,450,RGB
HAM10000_images_part_2\ISIC_0033663.jpg,OK,,600,450,RGB
HAM10000_images_part_2\ISIC_0033664.jpg,OK,,600,450,RGB
HAM10000_images_part_2\ISIC_0033665.jpg,OK,,600,450,RGB
HAM10000_images_part_2\ISIC_0033666.jpg,OK,,600,450,RGB
HAM10000_images_part_2\ISIC_0033667.jpg,OK,,600,450,RGB
HAM10000_images_part_2\ISIC_0033668.jpg,OK,,600,450,RGB
HAM10000_images_part_2\ISIC_0033669.jpg,OK,,600,450,RGB
HAM10000_images_part_2\ISIC_0033670.jpg,OK,,600,450,RGB
HAM10000_images_part_2\ISIC_0033671.jpg,OK,,600,450,RGB
HAM10000_images_part_2\ISIC_0033672.jpg,OK,,600,450,RGB
HAM10000_images_part_2\ISIC_0033673.jpg,OK,,600,450,RGB
HAM10000_images_part_2\ISIC_0033674.jpg,OK,,600,450,RGB
HAM10000_images_part_2\ISIC_0033675.jpg,OK,,600,450,RGB
HAM10000_images_part_2\ISIC_0033676.jpg,OK,,600,450,RGB
HAM10000_images_part_2\ISIC_0033677.jpg,OK,,600,450,RGB
HAM10000_images_part_2\ISIC_0033678.jpg,OK,,600,450,RGB
HAM10000_images_part_2\ISIC_0033679.jpg,OK,,600,450,RGB
HAM10000_images_part_2\ISIC_0033680.jpg,OK,,600,450,RGB
HAM10000_images_part_2\ISIC_0033681.jpg,OK,,600,450,RGB
HAM10000_images_part_2\ISIC_0033682.jpg,OK,,600,450,RGB
HAM10000_images_part_2\ISIC_0033683.jpg,OK,,600,450,RGB
HAM10000_images_part_2\ISIC_0033684.jpg,OK,,600,450,RGB
HAM10000_images_part_2\ISIC_0033685.jpg,OK,,600,450,RGB
HAM10000_images_part_2\ISIC_0033686.jpg,OK,,600,450,RGB
HAM10000_images_part_2\ISIC_0033687.jpg,OK,,600,450,RGB
HAM10000_images_part_2\ISIC_0033688.jpg,OK,,600,450,RGB
HAM10000_images_part_2\ISIC_0033689.jpg,OK,,600,450,RGB
HAM10000_images_part_2\ISIC_0033690.jpg,OK,,600,450,RGB
HAM10000_images_part_2\ISIC_0033691.jpg,OK,,600,450,RGB
HAM10000_images_part_2\ISIC_0033692.jpg,OK,,600,450,RGB
HAM10000_images_part_2\ISIC_0033693.jpg,OK,,600,450,RGB
HAM10000_images_part_2\ISIC_0033694.jpg,OK,,600,450,RGB
HAM10000_images_part_2\ISIC_0033695.jpg,OK,,600,450,RGB
HAM10000_images_part_2\ISIC_0033696.jpg,OK,,600,450,RGB
HAM10000_images_part_2\ISIC_0033697.jpg,OK,,600,450,RGB
HAM10000_images_part_2\ISIC_0033698.jpg,OK,,600,450,RGB
HAM10000_images_part_2\ISIC_0033699.jpg,OK,,600,450,RGB
HAM10000_images_part_2\ISIC_0033700.jpg,OK,,600,450,RGB
HAM10000_images_part_2\ISIC_0033701.jpg,OK,,600,450,RGB
HAM10000_images_part_2\ISIC_0033702.jpg,OK,,600,450,RGB
HAM10000_images_part_2\ISIC_0033703.jpg,OK,,600,450,RGB
HAM10000_images_part_2\ISIC_0033704.jpg,OK,,600,450,RGB
HAM10000_images_part_2\ISIC_0033705.jpg,OK,,600,450,RGB
HAM10000_images_part_2\ISIC_0033706.jpg,OK,,600,450,RGB
HAM10000_images_part_2\ISIC_0033707.jpg,OK,,600,450,RGB
HAM10000_images_part_2\ISIC_0033708.jpg,OK,,600,450,RGB
HAM10000_images_part_2\ISIC_0033709.jpg,OK,,600,450,RGB
HAM10000_images_part_2\ISIC_0033710.jpg,OK,,600,450,RGB
HAM10000_images_part_2\ISIC_0033711.jpg,OK,,600,450,RGB
HAM10000_images_part_2\ISIC_0033712.jpg,OK,,600,450,RGB
HAM10000_images_part_2\ISIC_0033713.jpg,OK,,600,450,RGB
HAM10000_images_part_2\ISIC_0033714.jpg,OK,,600,450,RGB
HAM10000_images_part_2\ISIC_0033715.jpg,OK,,600,450,RGB
HAM10000_images_part_2\ISIC_0033716.jpg,OK,,600,450,RGB
HAM10000_images_part_2\ISIC_0033717.jpg,OK,,600,450,RGB
HAM10000_images_part_2\ISIC_0033718.jpg,OK,,600,450,RGB
HAM10000_images_part_2\ISIC_0033719.jpg,OK,,600,450,RGB
HAM10000_images_part_2\ISIC_0033720.jpg,OK,,600,450,RGB
HAM10000_images_part_2\ISIC_0033721.jpg,OK,,600,450,RGB
HAM10000_images_part_2\ISIC_0033722.jpg,OK,,600,450,RGB
HAM10000_images_part_2\ISIC_0033723.jpg,OK,,600,450,RGB
HAM10000_images_part_2\ISIC_0033724.jpg,OK,,600,450,RGB
HAM10000_images_part_2\ISIC_0033725.jpg,OK,,600,450,RGB
HAM10000_images_part_2\ISIC_0033726.jpg,OK,,600,450,RGB
HAM10000_images_part_2\ISIC_0033727.jpg,OK,,600,450,RGB
HAM10000_images_part_2\ISIC_0033728.jpg,OK,,600,450,RGB
HAM10000_images_part_2\ISIC_0033729.jpg,OK,,600,450,RGB
HAM10000_images_part_2\ISIC_0033730.jpg,OK,,600,450,RGB
HAM10000_images_part_2\ISIC_0033731.jpg,OK,,600,450,RGB
HAM10000_images_part_2\ISIC_0033732.jpg,OK,,600,450,RGB
HAM10000_images_part_2\ISIC_0033733.jpg,OK,,600,450,RGB
HAM10000_images_part_2\ISIC_0033734.jpg,OK,,600,450,RGB
HAM10000_images_part_2\ISIC_0033735.jpg,OK,,600,450,RGB
HAM10000_images_part_2\ISIC_0033736.jpg,OK,,600,450,RGB
HAM10000_images_part_2\ISIC_0033737.jpg,OK,,600,450,RGB
HAM10000_images_part_2\ISIC_0033738.jpg,OK,,600,450,RGB
HAM10000_images_part_2\ISIC_0033739.jpg,OK,,600,450,RGB
HAM10000_images_part_2\ISIC_0033740.jpg,OK,,600,450,RGB
HAM10000_images_part_2\ISIC_0033741.jpg,OK,,600,450,RGB
HAM10000_images_part_2\ISIC_0033742.jpg,OK,,600,450,RGB
HAM10000_images_part_2\ISIC_0033743.jpg,OK,,600,450,RGB
HAM10000_images_part_2\ISIC_0033744.jpg,OK,,600,450,RGB
HAM10000_images_part_2\ISIC_0033745.jpg,OK,,600,450,RGB
HAM10000_images_part_2\ISIC_0033746.jpg,OK,,600,450,RGB
HAM10000_images_part_2\ISIC_0033747.jpg,OK,,600,450,RGB
HAM10000_images_part_2\ISIC_0033748.jpg,OK,,600,450,RGB
HAM10000_images_part_2\ISIC_0033749.jpg,OK,,600,450,RGB
HAM10000_images_part_2\ISIC_0033750.jpg,OK,,600,450,RGB
HAM10000_images_part_2\ISIC_0033751.jpg,OK,,600,450,RGB
HAM10000_images_part_2\ISIC_0033752.jpg,OK,,600,450,RGB
HAM10000_images_part_2\ISIC_0033753.jpg,OK,,600,450,RGB
HAM10000_images_part_2\ISIC_0033754.jpg,OK,,600,450,RGB
HAM10000_images_part_2\ISIC_0033755.jpg,OK,,600,450,RGB
HAM10000_images_part_2\ISIC_0033756.jpg,OK,,600,450,RGB
HAM10000_images_part_2\ISIC_0033757.jpg,OK,,600,450,RGB
HAM10000_images_part_2\ISIC_0033758.jpg,OK,,600,450,RGB
HAM10000_images_part_2\ISIC_0033759.jpg,OK,,600,450,RGB
HAM10000_images_part_2\ISIC_0033760.jpg,OK,,600,450,RGB
HAM10000_images_part_2\ISIC_0033761.jpg,OK,,600,450,RGB
HAM10000_images_part_2\ISIC_0033762.jpg,OK,,600,450,RGB
HAM10000_images_part_2\ISIC_0033763.jpg,OK,,600,450,RGB
HAM10000_images_part_2\ISIC_0033764.jpg,OK,,600,450,RGB
HAM10000_images_part_2\ISIC_0033765.jpg,OK,,600,450,RGB
HAM10000_images_part_2\ISIC_0033766.jpg,OK,,600,450,RGB
HAM10000_images_part_2\ISIC_0033767.jpg,OK,,600,450,RGB
HAM10000_images_part_2\ISIC_0033768.jpg,OK,,600,450,RGB
HAM10000_images_part_2\ISIC_0033769.jpg,OK,,600,450,RGB
HAM10000_images_part_2\ISIC_0033770.jpg,OK,,600,450,RGB
HAM10000_images_part_2\ISIC_0033771.jpg,OK,,600,450,RGB
HAM10000_images_part_2\ISIC_0033772.jpg,OK,,600,450,RGB
HAM10000_images_part_2\ISIC_0033773.jpg,OK,,600,450,RGB
HAM10000_images_part_2\ISIC_0033774.jpg,OK,,600,450,RGB
HAM10000_images_part_2\ISIC_0033775.jpg,OK,,600,450,RGB
HAM10000_images_part_2\ISIC_0033776.jpg,OK,,600,450,RGB
HAM10000_images_part_2\ISIC_0033777.jpg,OK,,600,450,RGB
HAM10000_images_part_2\ISIC_0033778.jpg,OK,,600,450,RGB
HAM10000_images_part_2\ISIC_0033779.jpg,OK,,600,450,RGB
HAM10000_images_part_2\ISIC_0033780.jpg,OK,,600,450,RGB
HAM10000_images_part_2\ISIC_0033781.jpg,OK,,600,450,RGB
HAM10000_images_part_2\ISIC_0033782.jpg,OK,,600,450,RGB
HAM10000_images_part_2\ISIC_0033783.jpg,OK,,600,450,RGB
HAM10000_images_part_2\ISIC_0033784.jpg,OK,,600,450,RGB
HAM10000_images_part_2\ISIC_0033785.jpg,OK,,600,450,RGB
HAM10000_images_part_2\ISIC_0033786.jpg,OK,,600,450,RGB
HAM10000_images_part_2\ISIC_0033787.jpg,OK,,600,450,RGB
HAM10000_images_part_2\ISIC_0033788.jpg,OK,,600,450,RGB
HAM10000_images_part_2\ISIC_0033789.jpg,OK,,600,450,RGB
HAM10000_images_part_2\ISIC_0033790.jpg,OK,,600,450,RGB
HAM10000_images_part_2\ISIC_0033791.jpg,OK,,600,450,RGB
HAM10000_images_part_2\ISIC_0033792.jpg,OK,,600,450,RGB
HAM10000_images_part_2\ISIC_0033793.jpg,OK,,600,450,RGB
HAM10000_images_part_2\ISIC_0033794.jpg,OK,,600,450,RGB
HAM10000_images_part_2\ISIC_0033795.jpg,OK,,600,450,RGB
HAM10000_images_part_2\ISIC_0033796.jpg,OK,,600,450,RGB
HAM10000_images_part_2\ISIC_0033797.jpg,OK,,600,450,RGB
HAM10000_images_part_2\ISIC_0033798.jpg,OK,,600,450,RGB
HAM10000_images_part_2\ISIC_0033799.jpg,OK,,600,450,RGB
HAM10000_images_part_2\ISIC_0033800.jpg,OK,,600,450,RGB
HAM10000_images_part_2\ISIC_0033801.jpg,OK,,600,450,RGB
HAM10000_images_part_2\ISIC_0033802.jpg,OK,,600,450,RGB
HAM10000_images_part_2\ISIC_0033803.jpg,OK,,600,450,RGB
HAM10000_images_part_2\ISIC_0033804.jpg,OK,,600,450,RGB
HAM10000_images_part_2\ISIC_0033805.jpg,OK,,600,450,RGB
HAM10000_images_part_2\ISIC_0033806.jpg,OK,,600,450,RGB
HAM10000_images_part_2\ISIC_0033807.jpg,OK,,600,450,RGB
HAM10000_images_part_2\ISIC_0033808.jpg,OK,,600,450,RGB
HAM10000_images_part_2\ISIC_0033809.jpg,OK,,600,450,RGB
HAM10000_images_part_2\ISIC_0033810.jpg,OK,,600,450,RGB
HAM10000_images_part_2\ISIC_0033811.jpg,OK,,600,450,RGB
HAM10000_images_part_2\ISIC_0033812.jpg,OK,,600,450,RGB
HAM10000_images_part_2\ISIC_0033813.jpg,OK,,600,450,RGB
HAM10000_images_part_2\ISIC_0033814.jpg,OK,,600,450,RGB
HAM10000_images_part_2\ISIC_0033815.jpg,OK,,600,450,RGB
HAM10000_images_part_2\ISIC_0033816.jpg,OK,,600,450,RGB
HAM10000_images_part_2\ISIC_0033817.jpg,OK,,600,450,RGB
HAM10000_images_part_2\ISIC_0033818.jpg,OK,,600,450,RGB
HAM10000_images_part_2\ISIC_0033819.jpg,OK,,600,450,RGB
HAM10000_images_part_2\ISIC_0033820.jpg,OK,,600,450,RGB
HAM10000_images_part_2\ISIC_0033821.jpg,OK,,600,450,RGB
HAM10000_images_part_2\ISIC_0033822.jpg,OK,,600,450,RGB
HAM10000_images_part_2\ISIC_0033823.jpg,OK,,600,450,RGB
HAM10000_images_part_2\ISIC_0033824.jpg,OK,,600,450,RGB
HAM10000_images_part_2\ISIC_0033825.jpg,OK,,600,450,RGB
HAM10000_images_part_2\ISIC_0033826.jpg,OK,,600,450,RGB
HAM10000_images_part_2\ISIC_0033827.jpg,OK,,600,450,RGB
HAM10000_images_part_2\ISIC_0033828.jpg,OK,,600,450,RGB
HAM10000_images_part_2\ISIC_0033829.jpg,OK,,600,450,RGB
HAM10000_images_part_2\ISIC_0033830.jpg,OK,,600,450,RGB
HAM10000_images_part_2\ISIC_0033831.jpg,OK,,600,450,RGB
HAM10000_images_part_2\ISIC_0033832.jpg,OK,,600,450,RGB
HAM10000_images_part_2\ISIC_0033833.jpg,OK,,600,450,RGB
HAM10000_images_part_2\ISIC_0033834.jpg,OK,,600,450,RGB
HAM10000_images_part_2\ISIC_0033835.jpg,OK,,600,450,RGB
HAM10000_images_part_2\ISIC_0033836.jpg,OK,,600,450,RGB
HAM10000_images_part_2\ISIC_0033837.jpg,OK,,600,450,RGB
HAM10000_images_part_2\ISIC_0033838.jpg,OK,,600,450,RGB
HAM10000_images_part_2\ISIC_0033839.jpg,OK,,600,450,RGB
HAM10000_images_part_2\ISIC_0033840.jpg,OK,,600,450,RGB
HAM10000_images_part_2\ISIC_0033841.jpg,OK,,600,450,RGB
HAM10000_images_part_2\ISIC_0033842.jpg,OK,,600,450,RGB
HAM10000_images_part_2\ISIC_0033843.jpg,OK,,600,450,RGB
HAM10000_images_part_2\ISIC_0033844.jpg,OK,,600,450,RGB
HAM10000_images_part_2\ISIC_0033845.jpg,OK,,600,450,RGB
HAM10000_images_part_2\ISIC_0033846.jpg,OK,,600,450,RGB
HAM10000_images_part_2\ISIC_0033847.jpg,OK,,600,450,RGB
HAM10000_images_part_2\ISIC_0033848.jpg,OK,,600,450,RGB
HAM10000_images_part_2\ISIC_0033849.jpg,OK,,600,450,RGB
HAM10000_images_part_2\ISIC_0033850.jpg,OK,,600,450,RGB
HAM10000_images_part_2\ISIC_0033851.jpg,OK,,600,450,RGB
HAM10000_images_part_2\ISIC_0033852.jpg,OK,,600,450,RGB
HAM10000_images_part_2\ISIC_0033853.jpg,OK,,600,450,RGB
HAM10000_images_part_2\ISIC_0033854.jpg,OK,,600,450,RGB
HAM10000_images_part_2\ISIC_0033855.jpg,OK,,600,450,RGB
HAM10000_images_part_2\ISIC_0033856.jpg,OK,,600,450,RGB
HAM10000_images_part_2\ISIC_0033857.jpg,OK,,600,450,RGB
HAM10000_images_part_2\ISIC_0033858.jpg,OK,,600,450,RGB
HAM10000_images_part_2\ISIC_0033859.jpg,OK,,600,450,RGB
HAM10000_images_part_2\ISIC_0033860.jpg,OK,,600,450,RGB
HAM10000_images_part_2\ISIC_0033861.jpg,OK,,600,450,RGB
HAM10000_images_part_2\ISIC_0033862.jpg,OK,,600,450,RGB
HAM10000_images_part_2\ISIC_0033863.jpg,OK,,600,450,RGB
HAM10000_images_part_2\ISIC_0033864.jpg,OK,,600,450,RGB
HAM10000_images_part_2\ISIC_0033865.jpg,OK,,600,450,RGB
HAM10000_images_part_2\ISIC_0033866.jpg,OK,,600,450,RGB
HAM10000_images_part_2\ISIC_0033867.jpg,OK,,600,450,RGB
HAM10000_images_part_2\ISIC_0033868.jpg,OK,,600,450,RGB
HAM10000_images_part_2\ISIC_0033869.jpg,OK,,600,450,RGB
HAM10000_images_part_2\ISIC_0033870.jpg,OK,,600,450,RGB
HAM10000_images_part_2\ISIC_0033871.jpg,OK,,600,450,RGB
HAM10000_images_part_2\ISIC_0033872.jpg,OK,,600,450,RGB
HAM10000_images_part_2\ISIC_0033873.jpg,OK,,600,450,RGB
HAM10000_images_part_2\ISIC_0033874.jpg,OK,,600,450,RGB
HAM10000_images_part_2\ISIC_0033875.jpg,OK,,600,450,RGB
HAM10000_images_part_2\ISIC_0033876.jpg,OK,,600,450,RGB
HAM10000_images_part_2\ISIC_0033877.jpg,OK,,600,450,RGB
HAM10000_images_part_2\ISIC_0033878.jpg,OK,,600,450,RGB
HAM10000_images_part_2\ISIC_0033879.jpg,OK,,600,450,RGB
HAM10000_images_part_2\ISIC_0033880.jpg,OK,,600,450,RGB
HAM10000_images_part_2\ISIC_0033881.jpg,OK,,600,450,RGB
HAM10000_images_part_2\ISIC_0033882.jpg,OK,,600,450,RGB
HAM10000_images_part_2\ISIC_0033883.jpg,OK,,600,450,RGB
HAM10000_images_part_2\ISIC_0033884.jpg,OK,,600,450,RGB
HAM10000_images_part_2\ISIC_0033885.jpg,OK,,600,450,RGB
HAM10000_images_part_2\ISIC_0033886.jpg,OK,,600,450,RGB
HAM10000_images_part_2\ISIC_0033887.jpg,OK,,600,450,RGB
HAM10000_images_part_2\ISIC_0033888.jpg,OK,,600,450,RGB
HAM10000_images_part_2\ISIC_0033889.jpg,OK,,600,450,RGB
HAM10000_images_part_2\ISIC_0033890.jpg,OK,,600,450,RGB
HAM10000_images_part_2\ISIC_0033891.jpg,OK,,600,450,RGB
HAM10000_images_part_2\ISIC_0033892.jpg,OK,,600,450,RGB
HAM10000_images_part_2\ISIC_0033893.jpg,OK,,600,450,RGB
HAM10000_images_part_2\ISIC_0033894.jpg,OK,,600,450,RGB
HAM10000_images_part_2\ISIC_0033895.jpg,OK,,600,450,RGB
HAM10000_images_part_2\ISIC_0033896.jpg,OK,,600,450,RGB
HAM10000_images_part_2\ISIC_0033897.jpg,OK,,600,450,RGB
HAM10000_images_part_2\ISIC_0033898.jpg,OK,,600,450,RGB
HAM10000_images_part_2\ISIC_0033899.jpg,OK,,600,450,RGB
HAM10000_images_part_2\ISIC_0033900.jpg,OK,,600,450,RGB
HAM10000_images_part_2\ISIC_0033901.jpg,OK,,600,450,RGB
HAM10000_images_part_2\ISIC_0033902.jpg,OK,,600,450,RGB
HAM10000_images_part_2\ISIC_0033903.jpg,OK,,600,450,RGB
HAM10000_images_part_2\ISIC_0033904.jpg,OK,,600,450,RGB
HAM10000_images_part_2\ISIC_0033905.jpg,OK,,600,450,RGB
HAM10000_images_part_2\ISIC_0033906.jpg,OK,,600,450,RGB
HAM10000_images_part_2\ISIC_0033907.jpg,OK,,600,450,RGB
HAM10000_images_part_2\ISIC_0033908.jpg,OK,,600,450,RGB
HAM10000_images_part_2\ISIC_0033909.jpg,OK,,600,450,RGB
HAM10000_images_part_2\ISIC_0033910.jpg,OK,,600,450,RGB
HAM10000_images_part_2\ISIC_0033911.jpg,OK,,600,450,RGB
HAM10000_images_part_2\ISIC_0033912.jpg,OK,,600,450,RGB
HAM10000_images_part_2\ISIC_0033913.jpg,OK,,600,450,RGB
HAM10000_images_part_2\ISIC_0033914.jpg,OK,,600,450,RGB
HAM10000_images_part_2\ISIC_0033915.jpg,OK,,600,450,RGB
HAM10000_images_part_2\ISIC_0033916.jpg,OK,,600,450,RGB
HAM10000_images_part_2\ISIC_0033917.jpg,OK,,600,450,RGB
HAM10000_images_part_2\ISIC_0033918.jpg,OK,,600,450,RGB
HAM10000_images_part_2\ISIC_0033919.jpg,OK,,600,450,RGB
HAM10000_images_part_2\ISIC_0033920.jpg,OK,,600,450,RGB
HAM10000_images_part_2\ISIC_0033921.jpg,OK,,600,450,RGB
HAM10000_images_part_2\ISIC_0033922.jpg,OK,,600,450,RGB
HAM10000_images_part_2\ISIC_0033923.jpg,OK,,600,450,RGB
HAM10000_images_part_2\ISIC_0033924.jpg,OK,,600,450,RGB
HAM10000_images_part_2\ISIC_0033925.jpg,OK,,600,450,RGB
HAM10000_images_part_2\ISIC_0033926.jpg,OK,,600,450,RGB
HAM10000_images_part_2\ISIC_0033927.jpg,OK,,600,450,RGB
HAM10000_images_part_2\ISIC_0033928.jpg,OK,,600,450,RGB
HAM10000_images_part_2\ISIC_0033929.jpg,OK,,600,450,RGB
HAM10000_images_part_2\ISIC_0033930.jpg,OK,,600,450,RGB
HAM10000_images_part_2\ISIC_0033931.jpg,OK,,600,450,RGB
HAM10000_images_part_2\ISIC_0033932.jpg,OK,,600,450,RGB
HAM10000_images_part_2\ISIC_0033933.jpg,OK,,600,450,RGB
HAM10000_images_part_2\ISIC_0033934.jpg,OK,,600,450,RGB
HAM10000_images_part_2\ISIC_0033935.jpg,OK,,600,450,RGB
HAM10000_images_part_2\ISIC_0033936.jpg,OK,,600,450,RGB
HAM10000_images_part_2\ISIC_0033937.jpg,OK,,600,450,RGB
HAM10000_images_part_2\ISIC_0033938.jpg,OK,,600,450,RGB
HAM10000_images_part_2\ISIC_0033939.jpg,OK,,600,450,RGB
HAM10000_images_part_2\ISIC_0033940.jpg,OK,,600,450,RGB
HAM10000_images_part_2\ISIC_0033941.jpg,OK,,600,450,RGB
HAM10000_images_part_2\ISIC_0033942.jpg,OK,,600,450,RGB
HAM10000_images_part_2\ISIC_0033943.jpg,OK,,600,450,RGB
HAM10000_images_part_2\ISIC_0033944.jpg,OK,,600,450,RGB
HAM10000_images_part_2\ISIC_0033945.jpg,OK,,600,450,RGB
HAM10000_images_part_2\ISIC_0033946.jpg,OK,,600,450,RGB
HAM10000_images_part_2\ISIC_0033947.jpg,OK,,600,450,RGB
HAM10000_images_part_2\ISIC_0033948.jpg,OK,,600,450,RGB
HAM10000_images_part_2\ISIC_0033949.jpg,OK,,600,450,RGB
HAM10000_images_part_2\ISIC_0033950.jpg,OK,,600,450,RGB
HAM10000_images_part_2\ISIC_0033951.jpg,OK,,600,450,RGB
HAM10000_images_part_2\ISIC_0033952.jpg,OK,,600,450,RGB
HAM10000_images_part_2\ISIC_0033953.jpg,OK,,600,450,RGB
HAM10000_images_part_2\ISIC_0033954.jpg,OK,,600,450,RGB
HAM10000_images_part_2\ISIC_0033955.jpg,OK,,600,450,RGB
HAM10000_images_part_2\ISIC_0033956.jpg,OK,,600,450,RGB
HAM10000_images_part_2\ISIC_0033957.jpg,OK,,600,450,RGB
HAM10000_images_part_2\ISIC_0033958.jpg,OK,,600,450,RGB
HAM10000_images_part_2\ISIC_0033959.jpg,OK,,600,450,RGB
HAM10000_images_part_2\ISIC_0033960.jpg,OK,,600,450,RGB
HAM10000_images_part_2\ISIC_0033961.jpg,OK,,600,450,RGB
HAM10000_images_part_2\ISIC_0033962.jpg,OK,,600,450,RGB
HAM10000_images_part_2\ISIC_0033963.jpg,OK,,600,450,RGB
HAM10000_images_part_2\ISIC_0033964.jpg,OK,,600,450,RGB
HAM10000_images_part_2\ISIC_0033965.jpg,OK,,600,450,RGB
HAM10000_images_part_2\ISIC_0033966.jpg,OK,,600,450,RGB
HAM10000_images_part_2\ISIC_0033967.jpg,OK,,600,450,RGB
HAM10000_images_part_2\ISIC_0033968.jpg,OK,,600,450,RGB
HAM10000_images_part_2\ISIC_0033969.jpg,OK,,600,450,RGB
HAM10000_images_part_2\ISIC_0033970.jpg,OK,,600,450,RGB
HAM10000_images_part_2\ISIC_0033971.jpg,OK,,600,450,RGB
HAM10000_images_part_2\ISIC_0033972.jpg,OK,,600,450,RGB
HAM10000_images_part_2\ISIC_0033973.jpg,OK,,600,450,RGB
HAM10000_images_part_2\ISIC_0033974.jpg,OK,,600,450,RGB
HAM10000_images_part_2\ISIC_0033975.jpg,OK,,600,450,RGB
HAM10000_images_part_2\ISIC_0033976.jpg,OK,,600,450,RGB
HAM10000_images_part_2\ISIC_0033977.jpg,OK,,600,450,RGB
HAM10000_images_part_2\ISIC_0033978.jpg,OK,,600,450,RGB
HAM10000_images_part_2\ISIC_0033979.jpg,OK,,600,450,RGB
HAM10000_images_part_2\ISIC_0033980.jpg,OK,,600,450,RGB
HAM10000_images_part_2\ISIC_0033981.jpg,OK,,600,450,RGB
HAM10000_images_part_2\ISIC_0033982.jpg,OK,,600,450,RGB
HAM10000_images_part_2\ISIC_0033983.jpg,OK,,600,450,RGB
HAM10000_images_part_2\ISIC_0033984.jpg,OK,,600,450,RGB
HAM10000_images_part_2\ISIC_0033985.jpg,OK,,600,450,RGB
HAM10000_images_part_2\ISIC_0033986.jpg,OK,,600,450,RGB
HAM10000_images_part_2\ISIC_0033987.jpg,OK,,600,450,RGB
HAM10000_images_part_2\ISIC_0033988.jpg,OK,,600,450,RGB
HAM10000_images_part_2\ISIC_0033989.jpg,OK,,600,450,RGB
HAM10000_images_part_2\ISIC_0033990.jpg,OK,,600,450,RGB
HAM10000_images_part_2\ISIC_0033991.jpg,OK,,600,450,RGB
HAM10000_images_part_2\ISIC_0033992.jpg,OK,,600,450,RGB
HAM10000_images_part_2\ISIC_0033993.jpg,OK,,600,450,RGB
HAM10000_images_part_2\ISIC_0033994.jpg,OK,,600,450,RGB
HAM10000_images_part_2\ISIC_0033995.jpg,OK,,600,450,RGB
HAM10000_images_part_2\ISIC_0033996.jpg,OK,,600,450,RGB
HAM10000_images_part_2\ISIC_0033997.jpg,OK,,600,450,RGB
HAM10000_images_part_2\ISIC_0033998.jpg,OK,,600,450,RGB
HAM10000_images_part_2\ISIC_0033999.jpg,OK,,600,450,RGB
HAM10000_images_part_2\ISIC_0034000.jpg,OK,,600,450,RGB
HAM10000_images_part_2\ISIC_0034001.jpg,OK,,600,450,RGB
HAM10000_images_part_2\ISIC_0034002.jpg,OK,,600,450,RGB
HAM10000_images_part_2\ISIC_0034003.jpg,OK,,600,450,RGB
HAM10000_images_part_2\ISIC_0034004.jpg,OK,,600,450,RGB
HAM10000_images_part_2\ISIC_0034005.jpg,OK,,600,450,RGB
HAM10000_images_part_2\ISIC_0034006.jpg,OK,,600,450,RGB
HAM10000_images_part_2\ISIC_0034007.jpg,OK,,600,450,RGB
HAM10000_images_part_2\ISIC_0034008.jpg,OK,,600,450,RGB
HAM10000_images_part_2\ISIC_0034009.jpg,OK,,600,450,RGB
HAM10000_images_part_2\ISIC_0034010.jpg,OK,,600,450,RGB
HAM10000_images_part_2\ISIC_0034011.jpg,OK,,600,450,RGB
HAM10000_images_part_2\ISIC_0034012.jpg,OK,,600,450,RGB
HAM10000_images_part_2\ISIC_0034013.jpg,OK,,600,450,RGB
HAM10000_images_part_2\ISIC_0034014.jpg,OK,,600,450,RGB
HAM10000_images_part_2\ISIC_0034015.jpg,OK,,600,450,RGB
HAM10000_images_part_2\ISIC_0034016.jpg,OK,,600,450,RGB
HAM10000_images_part_2\ISIC_0034017.jpg,OK,,600,450,RGB
HAM10000_images_part_2\ISIC_0034018.jpg,OK,,600,450,RGB
HAM10000_images_part_2\ISIC_0034019.jpg,OK,,600,450,RGB
HAM10000_images_part_2\ISIC_0034020.jpg,OK,,600,450,RGB
HAM10000_images_part_2\ISIC_0034021.jpg,OK,,600,450,RGB
HAM10000_images_part_2\ISIC_0034022.jpg,OK,,600,450,RGB
HAM10000_images_part_2\ISIC_0034023.jpg,OK,,600,450,RGB
HAM10000_images_part_2\ISIC_0034024.jpg,OK,,600,450,RGB
HAM10000_images_part_2\ISIC_0034025.jpg,OK,,600,450,RGB
HAM10000_images_part_2\ISIC_0034026.jpg,OK,,600,450,RGB
HAM10000_images_part_2\ISIC_0034027.jpg,OK,,600,450,RGB
HAM10000_images_part_2\ISIC_0034028.jpg,OK,,600,450,RGB
HAM10000_images_part_2\ISIC_0034029.jpg,OK,,600,450,RGB
HAM10000_images_part_2\ISIC_0034030.jpg,OK,,600,450,RGB
HAM10000_images_part_2\ISIC_0034031.jpg,OK,,600,450,RGB
HAM10000_images_part_2\ISIC_0034032.jpg,OK,,600,450,RGB
HAM10000_images_part_2\ISIC_0034033.jpg,OK,,600,450,RGB
HAM10000_images_part_2\ISIC_0034034.jpg,OK,,600,450,RGB
HAM10000_images_part_2\ISIC_0034035.jpg,OK,,600,450,RGB
HAM10000_images_part_2\ISIC_0034036.jpg,OK,,600,450,RGB
HAM10000_images_part_2\ISIC_0034037.jpg,OK,,600,450,RGB
HAM10000_images_part_2\ISIC_0034038.jpg,OK,,600,450,RGB
HAM10000_images_part_2\ISIC_0034039.jpg,OK,,600,450,RGB
HAM10000_images_part_2\ISIC_0034040.jpg,OK,,600,450,RGB
HAM10000_images_part_2\ISIC_0034041.jpg,OK,,600,450,RGB
HAM10000_images_part_2\ISIC_0034042.jpg,OK,,600,450,RGB
HAM10000_images_part_2\ISIC_0034043.jpg,OK,,600,450,RGB
HAM10000_images_part_2\ISIC_0034044.jpg,OK,,600,450,RGB
HAM10000_images_part_2\ISIC_0034045.jpg,OK,,600,450,RGB
HAM10000_images_part_2\ISIC_0034046.jpg,OK,,600,450,RGB
HAM10000_images_part_2\ISIC_0034047.jpg,OK,,600,450,RGB
HAM10000_images_part_2\ISIC_0034048.jpg,OK,,600,450,RGB
HAM10000_images_part_2\ISIC_0034049.jpg,OK,,600,450,RGB
HAM10000_images_part_2\ISIC_0034050.jpg,OK,,600,450,RGB
HAM10000_images_part_2\ISIC_0034051.jpg,OK,,600,450,RGB
HAM10000_images_part_2\ISIC_0034052.jpg,OK,,600,450,RGB
HAM10000_images_part_2\ISIC_0034053.jpg,OK,,600,450,RGB
HAM10000_images_part_2\ISIC_0034054.jpg,OK,,600,450,RGB
HAM10000_images_part_2\ISIC_0034055.jpg,OK,,600,450,RGB
HAM10000_images_part_2\ISIC_0034056.jpg,OK,,600,450,RGB
HAM10000_images_part_2\ISIC_0034057.jpg,OK,,600,450,RGB
HAM10000_images_part_2\ISIC_0034058.jpg,OK,,600,450,RGB
HAM10000_images_part_2\ISIC_0034059.jpg,OK,,600,450,RGB
HAM10000_images_part_2\ISIC_0034060.jpg,OK,,600,450,RGB
HAM10000_images_part_2\ISIC_0034061.jpg,OK,,600,450,RGB
HAM10000_images_part_2\ISIC_0034062.jpg,OK,,600,450,RGB
HAM10000_images_part_2\ISIC_0034063.jpg,OK,,600,450,RGB
HAM10000_images_part_2\ISIC_0034064.jpg,OK,,600,450,RGB
HAM10000_images_part_2\ISIC_0034065.jpg,OK,,600,450,RGB
HAM10000_images_part_2\ISIC_0034066.jpg,OK,,600,450,RGB
HAM10000_images_part_2\ISIC_0034067.jpg,OK,,600,450,RGB
HAM10000_images_part_2\ISIC_0034068.jpg,OK,,600,450,RGB
HAM10000_images_part_2\ISIC_0034069.jpg,OK,,600,450,RGB
HAM10000_images_part_2\ISIC_0034070.jpg,OK,,600,450,RGB
HAM10000_images_part_2\ISIC_0034071.jpg,OK,,600,450,RGB
HAM10000_images_part_2\ISIC_0034072.jpg,OK,,600,450,RGB
HAM10000_images_part_2\ISIC_0034073.jpg,OK,,600,450,RGB
HAM10000_images_part_2\ISIC_0034074.jpg,OK,,600,450,RGB
HAM10000_images_part_2\ISIC_0034075.jpg,OK,,600,450,RGB
HAM10000_images_part_2\ISIC_0034076.jpg,OK,,600,450,RGB
HAM10000_images_part_2\ISIC_0034077.jpg,OK,,600,450,RGB
HAM10000_images_part_2\ISIC_0034078.jpg,OK,,600,450,RGB
HAM10000_images_part_2\ISIC_0034079.jpg,OK,,600,450,RGB
HAM10000_images_part_2\ISIC_0034080.jpg,OK,,600,450,RGB
HAM10000_images_part_2\ISIC_0034081.jpg,OK,,600,450,RGB
HAM10000_images_part_2\ISIC_0034082.jpg,OK,,600,450,RGB
HAM10000_images_part_2\ISIC_0034083.jpg,OK,,600,450,RGB
HAM10000_images_part_2\ISIC_0034084.jpg,OK,,600,450,RGB
HAM10000_images_part_2\ISIC_0034085.jpg,OK,,600,450,RGB
HAM10000_images_part_2\ISIC_0034086.jpg,OK,,600,450,RGB
HAM10000_images_part_2\ISIC_0034087.jpg,OK,,600,450,RGB
HAM10000_images_part_2\ISIC_0034088.jpg,OK,,600,450,RGB
HAM10000_images_part_2\ISIC_0034089.jpg,OK,,600,450,RGB
HAM10000_images_part_2\ISIC_0034090.jpg,OK,,600,450,RGB
HAM10000_images_part_2\ISIC_0034091.jpg,OK,,600,450,RGB
HAM10000_images_part_2\ISIC_0034092.jpg,OK,,600,450,RGB
HAM10000_images_part_2\ISIC_0034093.jpg,OK,,600,450,RGB
HAM10000_images_part_2\ISIC_0034094.jpg,OK,,600,450,RGB
HAM10000_images_part_2\ISIC_0034095.jpg,OK,,600,450,RGB
HAM10000_images_part_2\ISIC_0034096.jpg,OK,,600,450,RGB
HAM10000_images_part_2\ISIC_0034097.jpg,OK,,600,450,RGB
HAM10000_images_part_2\ISIC_0034098.jpg,OK,,600,450,RGB
HAM10000_images_part_2\ISIC_0034099.jpg,OK,,600,450,RGB
HAM10000_images_part_2\ISIC_0034100.jpg,OK,,600,450,RGB
HAM10000_images_part_2\ISIC_0034101.jpg,OK,,600,450,RGB
HAM10000_images_part_2\ISIC_0034102.jpg,OK,,600,450,RGB
HAM10000_images_part_2\ISIC_0034103.jpg,OK,,600,450,RGB
HAM10000_images_part_2\ISIC_0034104.jpg,OK,,600,450,RGB
HAM10000_images_part_2\ISIC_0034105.jpg,OK,,600,450,RGB
HAM10000_images_part_2\ISIC_0034106.jpg,OK,,600,450,RGB
HAM10000_images_part_2\ISIC_0034107.jpg,OK,,600,450,RGB
HAM10000_images_part_2\ISIC_0034108.jpg,OK,,600,450,RGB
HAM10000_images_part_2\ISIC_0034109.jpg,OK,,600,450,RGB
HAM10000_images_part_2\ISIC_0034110.jpg,OK,,600,450,RGB
HAM10000_images_part_2\ISIC_0034111.jpg,OK,,600,450,RGB
HAM10000_images_part_2\ISIC_0034112.jpg,OK,,600,450,RGB
HAM10000_images_part_2\ISIC_0034113.jpg,OK,,600,450,RGB
HAM10000_images_part_2\ISIC_0034114.jpg,OK,,600,450,RGB
HAM10000_images_part_2\ISIC_0034115.jpg,OK,,600,450,RGB
HAM10000_images_part_2\ISIC_0034116.jpg,OK,,600,450,RGB
HAM10000_images_part_2\ISIC_0034117.jpg,OK,,600,450,RGB
HAM10000_images_part_2\ISIC_0034118.jpg,OK,,600,450,RGB
HAM10000_images_part_2\ISIC_0034119.jpg,OK,,600,450,RGB
HAM10000_images_part_2\ISIC_0034120.jpg,OK,,600,450,RGB
HAM10000_images_part_2\ISIC_0034121.jpg,OK,,600,450,RGB
HAM10000_images_part_2\ISIC_0034122.jpg,OK,,600,450,RGB
HAM10000_images_part_2\ISIC_0034123.jpg,OK,,600,450,RGB
HAM10000_images_part_2\ISIC_0034124.jpg,OK,,600,450,RGB
HAM10000_images_part_2\ISIC_0034125.jpg,OK,,600,450,RGB
HAM10000_images_part_2\ISIC_0034126.jpg,OK,,600,450,RGB
HAM10000_images_part_2\ISIC_0034127.jpg,OK,,600,450,RGB
HAM10000_images_part_2\ISIC_0034128.jpg,OK,,600,450,RGB
HAM10000_images_part_2\ISIC_0034129.jpg,OK,,600,450,RGB
HAM10000_images_part_2\ISIC_0034130.jpg,OK,,600,450,RGB
HAM10000_images_part_2\ISIC_0034131.jpg,OK,,600,450,RGB
HAM10000_images_part_2\ISIC_0034132.jpg,OK,,600,450,RGB
HAM10000_images_part_2\ISIC_0034133.jpg,OK,,600,450,RGB
HAM10000_images_part_2\ISIC_0034134.jpg,OK,,600,450,RGB
HAM10000_images_part_2\ISIC_0034135.jpg,OK,,600,450,RGB
HAM10000_images_part_2\ISIC_0034136.jpg,OK,,600,450,RGB
HAM10000_images_part_2\ISIC_0034137.jpg,OK,,600,450,RGB
HAM10000_images_part_2\ISIC_0034138.jpg,OK,,600,450,RGB
HAM10000_images_part_2\ISIC_0034139.jpg,OK,,600,450,RGB
HAM10000_images_part_2\ISIC_0034140.jpg,OK,,600,450,RGB
HAM10000_images_part_2\ISIC_0034141.jpg,OK,,600,450,RGB
HAM10000_images_part_2\ISIC_0034142.jpg,OK,,600,450,RGB
HAM10000_images_part_2\ISIC_0034143.jpg,OK,,600,450,RGB
HAM10000_images_part_2\ISIC_0034144.jpg,OK,,600,450,RGB
HAM10000_images_part_2\ISIC_0034145.jpg,OK,,600,450,RGB
HAM10000_images_part_2\ISIC_0034146.jpg,OK,,600,450,RGB
HAM10000_images_part_2\ISIC_0034147.jpg,OK,,600,450,RGB
HAM10000_images_part_2\ISIC_0034148.jpg,OK,,600,450,RGB
HAM10000_images_part_2\ISIC_0034149.jpg,OK,,600,450,RGB
HAM10000_images_part_2\ISIC_0034150.jpg,OK,,600,450,RGB
HAM10000_images_part_2\ISIC_0034151.jpg,OK,,600,450,RGB
HAM10000_images_part_2\ISIC_0034152.jpg,OK,,600,450,RGB
HAM10000_images_part_2\ISIC_0034153.jpg,OK,,600,450,RGB
HAM10000_images_part_2\ISIC_0034154.jpg,OK,,600,450,RGB
HAM10000_images_part_2\ISIC_0034155.jpg,OK,,600,450,RGB
HAM10000_images_part_2\ISIC_0034156.jpg,OK,,600,450,RGB
HAM10000_images_part_2\ISIC_0034157.jpg,OK,,600,450,RGB
HAM10000_images_part_2\ISIC_0034158.jpg,OK,,600,450,RGB
HAM10000_images_part_2\ISIC_0034159.jpg,OK,,600,450,RGB
HAM10000_images_part_2\ISIC_0034160.jpg,OK,,600,450,RGB
HAM10000_images_part_2\ISIC_0034161.jpg,OK,,600,450,RGB
HAM10000_images_part_2\ISIC_0034162.jpg,OK,,600,450,RGB
HAM10000_images_part_2\ISIC_0034163.jpg,OK,,600,450,RGB
HAM10000_images_part_2\ISIC_0034164.jpg,OK,,600,450,RGB
HAM10000_images_part_2\ISIC_0034165.jpg,OK,,600,450,RGB
HAM10000_images_part_2\ISIC_0034166.jpg,OK,,600,450,RGB
HAM10000_images_part_2\ISIC_0034167.jpg,OK,,600,450,RGB
HAM10000_images_part_2\ISIC_0034168.jpg,OK,,600,450,RGB
HAM10000_images_part_2\ISIC_0034169.jpg,OK,,600,450,RGB
HAM10000_images_part_2\ISIC_0034170.jpg,OK,,600,450,RGB
HAM10000_images_part_2\ISIC_0034171.jpg,OK,,600,450,RGB
HAM10000_images_part_2\ISIC_0034172.jpg,OK,,600,450,RGB
HAM10000_images_part_2\ISIC_0034173.jpg,OK,,600,450,RGB
HAM10000_images_part_2\ISIC_0034174.jpg,OK,,600,450,RGB
HAM10000_images_part_2\ISIC_0034175.jpg,OK,,600,450,RGB
HAM10000_images_part_2\ISIC_0034176.jpg,OK,,600,450,RGB
HAM10000_images_part_2\ISIC_0034177.jpg,OK,,600,450,RGB
HAM10000_images_part_2\ISIC_0034178.jpg,OK,,600,450,RGB
HAM10000_images_part_2\ISIC_0034179.jpg,OK,,600,450,RGB
HAM10000_images_part_2\ISIC_0034180.jpg,OK,,600,450,RGB
HAM10000_images_part_2\ISIC_0034181.jpg,OK,,600,450,RGB
HAM10000_images_part_2\ISIC_0034182.jpg,OK,,600,450,RGB
HAM10000_images_part_2\ISIC_0034183.jpg,OK,,600,450,RGB
HAM10000_images_part_2\ISIC_0034184.jpg,OK,,600,450,RGB
HAM10000_images_part_2\ISIC_0034185.jpg,OK,,600,450,RGB
HAM10000_images_part_2\ISIC_0034186.jpg,OK,,600,450,RGB
HAM10000_images_part_2\ISIC_0034187.jpg,OK,,600,450,RGB
HAM10000_images_part_2\ISIC_0034188.jpg,OK,,600,450,RGB
HAM10000_images_part_2\ISIC_0034189.jpg,OK,,600,450,RGB
HAM10000_images_part_2\ISIC_0034190.jpg,OK,,600,450,RGB
HAM10000_images_part_2\ISIC_0034191.jpg,OK,,600,450,RGB
HAM10000_images_part_2\ISIC_0034192.jpg,OK,,600,450,RGB
HAM10000_images_part_2\ISIC_0034193.jpg,OK,,600,450,RGB
HAM10000_images_part_2\ISIC_0034194.jpg,OK,,600,450,RGB
HAM10000_images_part_2\ISIC_0034195.jpg,OK,,600,450,RGB
HAM10000_images_part_2\ISIC_0034196.jpg,OK,,600,450,RGB
HAM10000_images_part_2\ISIC_0034197.jpg,OK,,600,450,RGB
HAM10000_images_part_2\ISIC_0034198.jpg,OK,,600,450,RGB
HAM10000_images_part_2\ISIC_0034199.jpg,OK,,600,450,RGB
HAM10000_images_part_2\ISIC_0034200.jpg,OK,,600,450,RGB
HAM10000_images_part_2\ISIC_0034201.jpg,OK,,600,450,RGB
HAM10000_images_part_2\ISIC_0034202.jpg,OK,,600,450,RGB
HAM10000_images_part_2\ISIC_0034203.jpg,OK,,600,450,RGB
HAM10000_images_part_2\ISIC_0034204.jpg,OK,,600,450,RGB
HAM10000_images_part_2\ISIC_0034205.jpg,OK,,600,450,RGB
HAM10000_images_part_2\ISIC_0034206.jpg,OK,,600,450,RGB
HAM10000_images_part_2\ISIC_0034207.jpg,OK,,600,450,RGB
HAM10000_images_part_2\ISIC_0034208.jpg,OK,,600,450,RGB
HAM10000_images_part_2\ISIC_0034209.jpg,OK,,600,450,RGB
HAM10000_images_part_2\ISIC_0034210.jpg,OK,,600,450,RGB
HAM10000_images_part_2\ISIC_0034211.jpg,OK,,600,450,RGB
HAM10000_images_part_2\ISIC_0034212.jpg,OK,,600,450,RGB
HAM10000_images_part_2\ISIC_0034213.jpg,OK,,600,450,RGB
HAM10000_images_part_2\ISIC_0034214.jpg,OK,,600,450,RGB
HAM10000_images_part_2\ISIC_0034215.jpg,OK,,600,450,RGB
HAM10000_images_part_2\ISIC_0034216.jpg,OK,,600,450,RGB
HAM10000_images_part_2\ISIC_0034217.jpg,OK,,600,450,RGB
HAM10000_images_part_2\ISIC_0034218.jpg,OK,,600,450,RGB
HAM10000_images_part_2\ISIC_0034219.jpg,OK,,600,450,RGB
HAM10000_images_part_2\ISIC_0034220.jpg,OK,,600,450,RGB
HAM10000_images_part_2\ISIC_0034221.jpg,OK,,600,450,RGB
HAM10000_images_part_2\ISIC_0034222.jpg,OK,,600,450,RGB
HAM10000_images_part_2\ISIC_0034223.jpg,OK,,600,450,RGB
HAM10000_images_part_2\ISIC_0034224.jpg,OK,,600,450,RGB
HAM10000_images_part_2\ISIC_0034225.jpg,OK,,600,450,RGB
HAM10000_images_part_2\ISIC_0034226.jpg,OK,,600,450,RGB
HAM10000_images_part_2\ISIC_0034227.jpg,OK,,600,450,RGB
HAM10000_images_part_2\ISIC_0034228.jpg,OK,,600,450,RGB
HAM10000_images_part_2\ISIC_0034229.jpg,OK,,600,450,RGB
HAM10000_images_part_2\ISIC_0034230.jpg,OK,,600,450,RGB
HAM10000_images_part_2\ISIC_0034231.jpg,OK,,600,450,RGB
HAM10000_images_part_2\ISIC_0034232.jpg,OK,,600,450,RGB
HAM10000_images_part_2\ISIC_0034233.jpg,OK,,600,450,RGB
HAM10000_images_part_2\ISIC_0034234.jpg,OK,,600,450,RGB
HAM10000_images_part_2\ISIC_0034235.jpg,OK,,600,450,RGB
HAM10000_images_part_2\ISIC_0034236.jpg,OK,,600,450,RGB
HAM10000_images_part_2\ISIC_0034237.jpg,OK,,600,450,RGB
HAM10000_images_part_2\ISIC_0034238.jpg,OK,,600,450,RGB
HAM10000_images_part_2\ISIC_0034239.jpg,OK,,600,450,RGB
HAM10000_images_part_2\ISIC_0034240.jpg,OK,,600,450,RGB
HAM10000_images_part_2\ISIC_0034241.jpg,OK,,600,450,RGB
HAM10000_images_part_2\ISIC_0034242.jpg,OK,,600,450,RGB
HAM10000_images_part_2\ISIC_0034243.jpg,OK,,600,450,RGB
HAM10000_images_part_2\ISIC_0034244.jpg,OK,,600,450,RGB
HAM10000_images_part_2\ISIC_0034245.jpg,OK,,600,450,RGB
HAM10000_images_part_2\ISIC_0034246.jpg,OK,,600,450,RGB
HAM10000_images_part_2\ISIC_0034247.jpg,OK,,600,450,RGB
HAM10000_images_part_2\ISIC_0034248.jpg,OK,,600,450,RGB
HAM10000_images_part_2\ISIC_0034249.jpg,OK,,600,450,RGB
HAM10000_images_part_2\ISIC_0034250.jpg,OK,,600,450,RGB
HAM10000_images_part_2\ISIC_0034251.jpg,OK,,600,450,RGB
HAM10000_images_part_2\ISIC_0034252.jpg,OK,,600,450,RGB
HAM10000_images_part_2\ISIC_0034253.jpg,OK,,600,450,RGB
HAM10000_images_part_2\ISIC_0034254.jpg,OK,,600,450,RGB
HAM10000_images_part_2\ISIC_0034255.jpg,OK,,600,450,RGB
HAM10000_images_part_2\ISIC_0034256.jpg,OK,,600,450,RGB
HAM10000_images_part_2\ISIC_0034257.jpg,OK,,600,450,RGB
HAM10000_images_part_2\ISIC_0034258.jpg,OK,,600,450,RGB
HAM10000_images_part_2\ISIC_0034259.jpg,OK,,600,450,RGB
HAM10000_images_part_2\ISIC_0034260.jpg,OK,,600,450,RGB
HAM10000_images_part_2\ISIC_0034261.jpg,OK,,600,450,RGB
HAM10000_images_part_2\ISIC_0034262.jpg,OK,,600,450,RGB
HAM10000_images_part_2\ISIC_0034263.jpg,OK,,600,450,RGB
HAM10000_images_part_2\ISIC_0034264.jpg,OK,,600,450,RGB
HAM10000_images_part_2\ISIC_0034265.jpg,OK,,600,450,RGB
HAM10000_images_part_2\ISIC_0034266.jpg,OK,,600,450,RGB
HAM10000_images_part_2\ISIC_0034267.jpg,OK,,600,450,RGB
HAM10000_images_part_2\ISIC_0034268.jpg,OK,,600,450,RGB
HAM10000_images_part_2\ISIC_0034269.jpg,OK,,600,450,RGB
HAM10000_images_part_2\ISIC_0034270.jpg,OK,,600,450,RGB
HAM10000_images_part_2\ISIC_0034271.jpg,OK,,600,450,RGB
HAM10000_images_part_2\ISIC_0034272.jpg,OK,,600,450,RGB
HAM10000_images_part_2\ISIC_0034273.jpg,OK,,600,450,RGB
HAM10000_images_part_2\ISIC_0034274.jpg,OK,,600,450,RGB
HAM10000_images_part_2\ISIC_0034275.jpg,OK,,600,450,RGB
HAM10000_images_part_2\ISIC_0034276.jpg,OK,,600,450,RGB
HAM10000_images_part_2\ISIC_0034277.jpg,OK,,600,450,RGB
HAM10000_images_part_2\ISIC_0034278.jpg,OK,,600,450,RGB
HAM10000_images_part_2\ISIC_0034279.jpg,OK,,600,450,RGB
HAM10000_images_part_2\ISIC_0034280.jpg,OK,,600,450,RGB
HAM10000_images_part_2\ISIC_0034281.jpg,OK,,600,450,RGB
HAM10000_images_part_2\ISIC_0034282.jpg,OK,,600,450,RGB
HAM10000_images_part_2\ISIC_0034283.jpg,OK,,600,450,RGB
HAM10000_images_part_2\ISIC_0034284.jpg,OK,,600,450,RGB
HAM10000_images_part_2\ISIC_0034285.jpg,OK,,600,450,RGB
HAM10000_images_part_2\ISIC_0034286.jpg,OK,,600,450,RGB
HAM10000_images_part_2\ISIC_0034287.jpg,OK,,600,450,RGB
HAM10000_images_part_2\ISIC_0034288.jpg,OK,,600,450,RGB
HAM10000_images_part_2\ISIC_0034289.jpg,OK,,600,450,RGB
HAM10000_images_part_2\ISIC_0034290.jpg,OK,,600,450,RGB
HAM10000_images_part_2\ISIC_0034291.jpg,OK,,600,450,RGB
HAM10000_images_part_2\ISIC_0034292.jpg,OK,,600,450,RGB
HAM10000_images_part_2\ISIC_0034293.jpg,OK,,600,450,RGB
HAM10000_images_part_2\ISIC_0034294.jpg,OK,,600,450,RGB
HAM10000_images_part_2\ISIC_0034295.jpg,OK,,600,450,RGB
HAM10000_images_part_2\ISIC_0034296.jpg,OK,,600,450,RGB
HAM10000_images_part_2\ISIC_0034297.jpg,OK,,600,450,RGB
HAM10000_images_part_2\ISIC_0034298.jpg,OK,,600,450,RGB
HAM10000_images_part_2\ISIC_0034299.jpg,OK,,600,450,RGB
HAM10000_images_part_2\ISIC_0034300.jpg,OK,,600,450,RGB
HAM10000_images_part_2\ISIC_0034301.jpg,OK,,600,450,RGB
HAM10000_images_part_2\ISIC_0034302.jpg,OK,,600,450,RGB
HAM10000_images_part_2\ISIC_0034303.jpg,OK,,600,450,RGB
HAM10000_images_part_2\ISIC_0034304.jpg,OK,,600,450,RGB
HAM10000_images_part_2\ISIC_0034305.jpg,OK,,600,450,RGB
HAM10000_images_part_2\ISIC_0034306.jpg,OK,,600,450,RGB
HAM10000_images_part_2\ISIC_0034307.jpg,OK,,600,450,RGB
HAM10000_images_part_2\ISIC_0034308.jpg,OK,,600,450,RGB
HAM10000_images_part_2\ISIC_0034309.jpg,OK,,600,450,RGB
HAM10000_images_part_2\ISIC_0034310.jpg,OK,,600,450,RGB
HAM10000_images_part_2\ISIC_0034311.jpg,OK,,600,450,RGB
HAM10000_images_part_2\ISIC_0034312.jpg,OK,,600,450,RGB
HAM10000_images_part_2\ISIC_0034313.jpg,OK,,600,450,RGB
HAM10000_images_part_2\ISIC_0034314.jpg,OK,,600,450,RGB
HAM10000_images_part_2\ISIC_0034315.jpg,OK,,600,450,RGB
HAM10000_images_part_2\ISIC_0034316.jpg,OK,,600,450,RGB
HAM10000_images_part_2\ISIC_0034317.jpg,OK,,600,450,RGB
HAM10000_images_part_2\ISIC_0034318.jpg,OK,,600,450,RGB
HAM10000_images_part_2\ISIC_0034319.jpg,OK,,600,450,RGB
HAM10000_images_part_2\ISIC_0034320.jpg,OK,,600,450,RGB
